{
  "data": [
    {
      "id": "a9a6f72",
      "name": "Ephron 1",
      "imageTitle": "m90275b.i070117.jpg",
      "isModern": false,
      "stereo": "parent",
      "description": "A settlement mentioned as a point on the boundary between the tribes of Judah and Benjamin, specifically marking the border line near the Waters of Nephtoah. This geographical reference helps to delineate the tribal territories after the conquest of Canaan.",
      "koreanDescription": "요단 동편 지역이 아닌 서편 가나안 땅에서, 유다 지파와 베냐민 지파의 경계선에 위치했던 성읍 중 하나입니다.\n**여호수아** 시대에 지파별 경계를 정할 때 언급되었으며, '느도아 물' 근처의 경계 지점을 나타내는 데 사용되었습니다.",
      "verses": ["Josh.18.15"],
      "placeUrl": "/geo/ancient/a9a6f72/ephron-1",
      "identificationPaths": ["/geo/modern/m90275b", "/geo/modern/m590c60"],
      "types": ["settlement"],
      "unknownPlacePossibility": null,
      "geojsonText": "{\"bbox\":[35.141905,31.794654,35.300278,31.954444],\"features\":[{\"geometry\":{\"coordinates\":[[[35.143034,31.797562],[35.142595,31.797624],[35.142523,31.797588],[35.142407,31.797515],[35.142274,31.797355],[35.142055,31.797023],[35.141965,31.796804],[35.141905,31.796582],[35.141968,31.79628],[35.142308,31.795539],[35.142504,31.795241],[35.142753,31.794996],[35.143024,31.79484],[35.14389,31.794654],[35.1443,31.79474],[35.144467,31.794762],[35.144643,31.79467],[35.145154,31.794904],[35.14542,31.795101],[35.145055,31.795655],[35.145175,31.795706],[35.145287,31.795637],[35.145583,31.795323],[35.145721,31.795294],[35.146119,31.794926],[35.146193,31.79501],[35.146248,31.79509],[35.146186,31.795365],[35.145637,31.796532],[35.145454,31.796563],[35.145167,31.796768],[35.144699,31.797154],[35.144107,31.797446],[35.143837,31.797508],[35.143661,31.797413],[35.143506,31.79742],[35.143238,31.797501],[35.143034,31.797562]]],\"type\":\"Polygon\"},\"properties\":{\"id\":\"gf336e6.geometry\",\"land_or_water\":\"land\"},\"type\":\"Feature\"},{\"geometry\":{\"coordinates\":[35.300278,31.954444],\"type\":\"Point\"},\"properties\":{\"id\":\"m590c60.point\"},\"type\":\"Feature\"},{\"geometry\":{\"coordinates\":[35.144167,31.796944],\"type\":\"Point\"},\"properties\":{\"id\":\"m90275b.point\"},\"type\":\"Feature\"}],\"metadata\":{\"geometry_credit\":\"Some data © OpenStreetMap contributors\",\"name\":\"Ephron 1\"},\"type\":\"FeatureCollection\"}",
      "anotherNames": null,
      "koreanName": "에브론 1",
      "anotherKoreanNames": null
    },
    {
      "id": "a1230e5",
      "name": "Ephron 2",
      "imageTitle": "m590c60.i49c6ac.jpg",
      "isModern": false,
      "stereo": "parent",
      "description": "A town captured by King Abijah of Judah from King Jeroboam of Israel. This event is part of the account detailing the conflict between the divided kingdoms of Judah and Israel. It suggests a fortified or strategically important settlement.",
      "koreanDescription": "분열 왕국 시대에 남유다의 **아비야 왕**이 북이스라엘의 **여로보암 왕**으로부터 빼앗은 성읍 중 하나입니다.\n이 성읍은 남북 왕국 간의 영토 분쟁과 전쟁의 역사를 보여주며, 전략적으로 중요한 요충지였음을 시사합니다.",
      "verses": ["2Chr.13.19"],
      "placeUrl": "/geo/ancient/a1230e5/ephron-2",
      "identificationPaths": ["/geo/modern/m590c60"],
      "types": ["settlement"],
      "unknownPlacePossibility": null,
      "geojsonText": "{\"features\":[{\"geometry\":{\"coordinates\":[35.300278,31.954444],\"type\":\"Point\"},\"properties\":{\"id\":\"m590c60.point\"},\"type\":\"Feature\"}],\"metadata\":{\"name\":\"Ephron 2\"},\"type\":\"FeatureCollection\"}",
      "anotherNames": null,
      "koreanName": "에브론 2",
      "anotherKoreanNames": null
    },
    {
      "id": "a5db1a6",
      "name": "Erech",
      "imageTitle": "me2d27e.ia80d4e.jpg",
      "isModern": false,
      "stereo": "parent",
      "description": "One of the most important cities of ancient **Mesopotamia** (Sumer). In Genesis, it is named as the second city of **Nimrod's** kingdom.\nLater, in the Book of Ezra, it refers to a group of people, the 'men of Erech,' who opposed the rebuilding of the Jerusalem temple.",
      "koreanDescription": "고대 메소포타미아(수메르)의 핵심 도시 중 하나로, **창세기**에서는 **니므롯**이 세운 초기 왕국의 주요 성읍으로 언급됩니다.\n**에스라** 시대에는 바벨론 포로에서 돌아온 유대인들이 예루살렘 성전을 재건하려는 것을 방해했던 무리인 '에렉 사람들'의 고향으로 다시 언급됩니다.",
      "verses": ["Gen.10.10", "Ezra.4.9"],
      "placeUrl": "/geo/ancient/a5db1a6/erech",
      "identificationPaths": ["/geo/modern/me2d27e"],
      "types": ["settlement"],
      "unknownPlacePossibility": null,
      "geojsonText": "{\"features\":[{\"geometry\":{\"coordinates\":[45.636111,31.322222],\"type\":\"Point\"},\"properties\":{\"id\":\"me2d27e.point\"},\"type\":\"Feature\"}],\"metadata\":{\"name\":\"Erech\"},\"type\":\"FeatureCollection\"}",
      "anotherNames": null,
      "koreanName": "에렉",
      "anotherKoreanNames": null
    },
    {
      "id": "a43608b",
      "name": "Esek",
      "imageTitle": "maa73c2.i8040bb.jpg",
      "isModern": false,
      "stereo": "parent",
      "description": "A **well** dug by the servants of **Isaac** in the Valley of Gerar. The well was named 'Esek,' meaning **\"contention\" or \"dispute,\"** because the herdsmen of Gerar quarreled with Isaac's herdsmen over the water rights.",
      "koreanDescription": "아브라함의 아들 **이삭**이 그랄 골짜기에서 판 우물 중 하나입니다.\n그랄 목자들이 우물에 대해 다투었기 때문에 이삭이 그 이름을 **'다툼'**이라는 뜻의 **'에섹'**이라고 불렀습니다. 이는 이삭이 블레셋 사람들의 시기로 인해 겪었던 물 문제와 평화로운 해결 과정을 보여주는 성경의 지명입니다.",
      "verses": ["Gen.26.20"],
      "placeUrl": "/geo/ancient/a43608b/esek",
      "identificationPaths": ["/geo/modern/maa73c2", "/geo/modern/m59af06"],
      "types": ["well"],
      "unknownPlacePossibility": null,
      "geojsonText": "{\"bbox\":[34.436157,31.192504,34.869915,31.43478],\"features\":[{\"geometry\":{\"coordinates\":[[[34.708204,31.192504],[34.869915,31.259891],[34.666456,31.43478],[34.481841,31.417769],[34.708204,31.192504]]],\"type\":\"Polygon\"},\"properties\":{\"id\":\"g5a2290.geometry\",\"land_or_water\":\"land\"},\"type\":\"Feature\"},{\"geometry\":{\"coordinates\":[[34.598984,31.373509],[34.598199,31.372497],[34.597889,31.372428],[34.597691,31.372381],[34.597395,31.372177],[34.597083,31.371813],[34.594697,31.371173],[34.594079,31.370766],[34.593951,31.370569],[34.593886,31.370061],[34.593961,31.369637],[34.5938,31.369296],[34.593757,31.369072],[34.593417,31.36894],[34.593108,31.36909],[34.592556,31.369168],[34.591993,31.369193],[34.590912,31.369404],[34.58989,31.369649],[34.589399,31.369724],[34.589165,31.369711],[34.588441,31.369514],[34.587958,31.369333],[34.587484,31.369019],[34.587216,31.368648],[34.587079,31.368375],[34.586918,31.367979],[34.586894,31.367608],[34.587157,31.367249],[34.587513,31.367054],[34.587988,31.366935],[34.588243,31.366703],[34.588345,31.366447],[34.588231,31.366019],[34.587887,31.365671],[34.587654,31.365503],[34.587404,31.365366],[34.586936,31.365253],[34.586576,31.365274],[34.586292,31.365356],[34.585694,31.365306],[34.585173,31.365045],[34.584797,31.364745],[34.583951,31.364311],[34.582976,31.363119],[34.582915,31.362574],[34.583054,31.362223],[34.583474,31.36178],[34.583568,31.361502],[34.583617,31.361258],[34.583505,31.361048],[34.583197,31.361078],[34.58299,31.361069],[34.582784,31.360943],[34.582258,31.360436],[34.581955,31.360315],[34.581284,31.360254],[34.580193,31.360018],[34.579034,31.359555],[34.57799,31.359392],[34.577698,31.359065],[34.5774,31.358856],[34.576958,31.358776],[34.576255,31.358726],[34.575904,31.358834],[34.574984,31.358815],[34.574385,31.35898],[34.573734,31.359569],[34.573211,31.359825],[34.572766,31.359903],[34.572256,31.360105],[34.571832,31.360423],[34.571549,31.360756],[34.571497,31.361051],[34.57136,31.361188],[34.570754,31.361666],[34.570148,31.361814],[34.56944,31.361845],[34.569075,31.361768],[34.568182,31.361809],[34.567499,31.361894],[34.567444,31.361976],[34.567436,31.362223],[34.567573,31.362365],[34.567519,31.362478],[34.567334,31.36267],[34.566841,31.362901],[34.565733,31.363552],[34.564526,31.364241],[34.563946,31.364619],[34.563362,31.365162],[34.563,31.365508],[34.562385,31.365904],[34.56194,31.36613],[34.561337,31.366435],[34.561133,31.366513],[34.560824,31.366401],[34.560649,31.366406],[34.560098,31.366481],[34.559537,31.366417],[34.55892,31.365895],[34.557407,31.365269],[34.556635,31.364646],[34.556042,31.36439],[34.555739,31.364413],[34.555033,31.3645],[34.554333,31.364408],[34.553362,31.364113],[34.552488,31.363891],[34.552214,31.3639],[34.55153,31.363788],[34.551077,31.36363],[34.55079,31.363623],[34.550264,31.3636],[34.549739,31.363792],[34.549468,31.363925],[34.548411,31.363904],[34.548033,31.363902],[34.547209,31.364255],[34.546619,31.364353],[34.54597,31.364589],[34.545206,31.36477],[34.544189,31.364914],[34.543838,31.364946],[34.543478,31.364736],[34.542907,31.364575],[34.541845,31.364452],[34.541346,31.364303],[34.540928,31.364289],[34.540606,31.364333],[34.539871,31.364569],[34.539179,31.364871],[34.538642,31.365125],[34.537959,31.36569],[34.537786,31.365973],[34.537505,31.366203],[34.537141,31.366334],[34.536697,31.366392],[34.535355,31.366271],[34.53493,31.366263],[34.534705,31.366169],[34.534179,31.366041],[34.533605,31.365828],[34.532849,31.36565],[34.532591,31.365588],[34.532181,31.365524],[34.531926,31.365524],[34.531604,31.365759],[34.531238,31.366347],[34.531205,31.366694],[34.531725,31.36761],[34.531663,31.367883],[34.531431,31.368476],[34.530668,31.369105],[34.530092,31.36944],[34.529512,31.3701],[34.528882,31.371025],[34.528595,31.371329],[34.528324,31.371661],[34.528002,31.371803],[34.527721,31.372018],[34.527565,31.372106],[34.527393,31.372078],[34.527007,31.371892],[34.526436,31.371654],[34.525999,31.371389],[34.525865,31.371205],[34.52532,31.371057],[34.525164,31.371006],[34.524971,31.371057],[34.524333,31.37129],[34.523968,31.371748],[34.523863,31.371764],[34.52367,31.371879],[34.523526,31.371897],[34.523193,31.371725],[34.522836,31.371606],[34.521576,31.371061],[34.520653,31.370567],[34.519836,31.370281],[34.519607,31.370388],[34.51951,31.370603],[34.519516,31.370942],[34.519234,31.371628],[34.519076,31.371844],[34.518915,31.371941],[34.518598,31.371945],[34.518208,31.371906],[34.517501,31.372297],[34.517204,31.372417],[34.516705,31.372719],[34.515766,31.373223],[34.514827,31.373823],[34.513915,31.374533],[34.513186,31.374913],[34.511614,31.375426],[34.510176,31.376196],[34.509178,31.37669],[34.508454,31.376901],[34.507489,31.376947],[34.506834,31.376855],[34.506448,31.376773],[34.506249,31.376507],[34.505777,31.376017],[34.505347,31.375626],[34.505118,31.37549],[34.50457,31.375518],[34.504254,31.375454],[34.503862,31.375504],[34.503621,31.375573],[34.503347,31.375797],[34.502875,31.376529],[34.502338,31.376959],[34.502208,31.377015],[34.501427,31.376809],[34.500949,31.376736],[34.500381,31.377024],[34.499683,31.377185],[34.49933,31.377181],[34.498702,31.377284],[34.497696,31.377704],[34.497049,31.378261],[34.496363,31.378774],[34.495596,31.379292],[34.495429,31.379466],[34.495188,31.379502],[34.494845,31.379429],[34.493849,31.379694],[34.493085,31.380015],[34.492452,31.380111],[34.48931,31.380345],[34.488772,31.380505],[34.487989,31.381252],[34.487491,31.382457],[34.487147,31.383285],[34.486954,31.38361],[34.486621,31.383606],[34.486353,31.383505],[34.485921,31.383183],[34.485441,31.382974],[34.484727,31.382845],[34.484176,31.38297],[34.483771,31.383286],[34.483656,31.383964],[34.483044,31.384467],[34.482344,31.385113],[34.481624,31.385927],[34.481412,31.386278],[34.481283,31.386569],[34.481182,31.387028],[34.481326,31.387432],[34.481646,31.38778],[34.48184,31.387999],[34.482164,31.388369],[34.482069,31.388636],[34.481876,31.388776],[34.481654,31.388827],[34.481001,31.389273],[34.480114,31.389387],[34.479578,31.389646],[34.47947,31.389928],[34.479477,31.390224],[34.479654,31.390463],[34.479838,31.390611],[34.480069,31.390812],[34.480238,31.391011],[34.480064,31.391585],[34.479864,31.392031],[34.480072,31.392199],[34.480278,31.392486],[34.480526,31.393056],[34.480562,31.393531],[34.480529,31.393855],[34.48016,31.394502],[34.479789,31.3948],[34.479505,31.395071],[34.478897,31.395015],[34.47858,31.394832],[34.478188,31.394784],[34.477693,31.394816],[34.476899,31.394999],[34.476245,31.395246],[34.475951,31.395674],[34.475871,31.395745],[34.475889,31.396148],[34.475881,31.396777],[34.475871,31.396777],[34.47561,31.39704],[34.475647,31.397471],[34.475825,31.397766],[34.47615,31.398019],[34.476227,31.398223],[34.47619,31.398403],[34.476126,31.398534],[34.475983,31.398703],[34.475763,31.398829],[34.475554,31.399017],[34.47538,31.399511],[34.475155,31.400069],[34.474907,31.40032],[34.474814,31.400414],[34.474345,31.40078],[34.473667,31.401514],[34.473385,31.401814],[34.473299,31.401906],[34.472633,31.402235],[34.472473,31.402256],[34.471893,31.402334],[34.471644,31.402229],[34.471512,31.402076],[34.471509,31.401902],[34.471627,31.401778],[34.471808,31.401736],[34.471829,31.401531],[34.47185,31.401318],[34.471654,31.400885],[34.471418,31.400704],[34.4708,31.400596],[34.470488,31.400478],[34.47015,31.40042],[34.469688,31.400443],[34.469404,31.400352],[34.469184,31.400517],[34.468862,31.400626],[34.468634,31.400881],[34.468288,31.401238],[34.468382,31.401819],[34.468257,31.401936],[34.467883,31.401973],[34.467706,31.401904],[34.467414,31.40178],[34.466829,31.401377],[34.466263,31.401075],[34.465625,31.400507],[34.464613,31.399626],[34.464279,31.399351],[34.463757,31.398826],[34.463541,31.398678],[34.463104,31.398093],[34.462524,31.397869],[34.461947,31.397733],[34.461226,31.397654],[34.460991,31.397661],[34.459386,31.39771],[34.458341,31.397822],[34.457391,31.398409],[34.457099,31.398557],[34.456744,31.39858],[34.456061,31.397927],[34.455302,31.397127],[34.454826,31.396928],[34.454398,31.397127],[34.454111,31.397486],[34.454063,31.397756],[34.454253,31.39812],[34.454384,31.398464],[34.454338,31.398746],[34.454199,31.39894],[34.453883,31.39907],[34.453336,31.399535],[34.453037,31.399635],[34.452397,31.399654],[34.451477,31.399565],[34.450989,31.399833],[34.450466,31.400041],[34.450061,31.399972],[34.4499,31.40005],[34.449221,31.400361],[34.448792,31.400442],[34.448588,31.400469],[34.448138,31.400318],[34.447883,31.400286],[34.44747,31.400215],[34.446751,31.399867],[34.446516,31.399854],[34.446324,31.399936],[34.445851,31.400106],[34.445526,31.400159],[34.445329,31.40019],[34.445005,31.400226],[34.444399,31.400176],[34.443951,31.400133],[34.443296,31.399968],[34.441865,31.399329],[34.439888,31.398409],[34.437544,31.398019],[34.436157,31.398197]],\"type\":\"LineString\"},\"properties\":{\"id\":\"g863954.geometry\",\"land_or_water\":\"water\"},\"type\":\"Feature\"},{\"geometry\":{\"coordinates\":[[34.598984,31.373509],[34.598199,31.372497],[34.597083,31.371813],[34.594079,31.370766],[34.593757,31.369072],[34.589399,31.369724],[34.587484,31.369019],[34.586894,31.367608],[34.588243,31.366703],[34.588231,31.366019],[34.587404,31.365366],[34.585694,31.365306],[34.583951,31.364311],[34.582976,31.363119],[34.583505,31.361048],[34.58299,31.361069],[34.581955,31.360315],[34.57799,31.359392],[34.5774,31.358856],[34.574984,31.358815],[34.572256,31.360105],[34.570754,31.361666],[34.567499,31.361894],[34.567334,31.36267],[34.561133,31.366513],[34.559537,31.366417],[34.556042,31.36439],[34.554333,31.364408],[34.550264,31.3636],[34.543838,31.364946],[34.540606,31.364333],[34.538642,31.365125],[34.537505,31.366203],[34.536697,31.366392],[34.531926,31.365524],[34.531238,31.366347],[34.531725,31.36761],[34.531431,31.368476],[34.530092,31.36944],[34.528324,31.371661],[34.527565,31.372106],[34.525164,31.371006],[34.523526,31.371897],[34.519836,31.370281],[34.518915,31.371941],[34.518208,31.371906],[34.513915,31.374533],[34.509178,31.37669],[34.506448,31.376773],[34.505118,31.37549],[34.503862,31.375504],[34.502338,31.376959],[34.500949,31.376736],[34.498702,31.377284],[34.495429,31.379466],[34.488772,31.380505],[34.487989,31.381252],[34.486954,31.38361],[34.485441,31.382974],[34.484176,31.38297],[34.483771,31.383286],[34.483656,31.383964],[34.481624,31.385927],[34.481182,31.387028],[34.482164,31.388369],[34.482069,31.388636],[34.47947,31.389928],[34.480238,31.391011],[34.479864,31.392031],[34.480526,31.393056],[34.480529,31.393855],[34.479505,31.395071],[34.478188,31.394784],[34.476245,31.395246],[34.47561,31.39704],[34.476126,31.398534],[34.475554,31.399017],[34.475155,31.400069],[34.472633,31.402235],[34.471512,31.402076],[34.47185,31.401318],[34.471418,31.400704],[34.469404,31.400352],[34.468288,31.401238],[34.468257,31.401936],[34.467414,31.40178],[34.462524,31.397869],[34.458341,31.397822],[34.456744,31.39858],[34.454826,31.396928],[34.454111,31.397486],[34.454338,31.398746],[34.453336,31.399535],[34.451477,31.399565],[34.448588,31.400469],[34.446751,31.399867],[34.443951,31.400133],[34.439888,31.398409],[34.437544,31.398019],[34.436157,31.398197]],\"type\":\"LineString\"},\"properties\":{\"id\":\"g863954.simplified\",\"land_or_water\":\"water\"},\"type\":\"Feature\"},{\"geometry\":{\"coordinates\":[34.4362,31.3986],\"type\":\"Point\"},\"properties\":{\"id\":\"m59af06.point\"},\"type\":\"Feature\"},{\"geometry\":{\"coordinates\":[34.6062,31.424497],\"type\":\"Point\"},\"properties\":{\"id\":\"maa73c2.point\"},\"type\":\"Feature\"}],\"metadata\":{\"geometry_credit\":\"Some data © OpenStreetMap contributors\",\"name\":\"Esek\"},\"type\":\"FeatureCollection\"}",
      "anotherNames": null,
      "koreanName": "에섹",
      "anotherKoreanNames": null
    },
    {
      "id": "acd9498",
      "name": "Eshan",
      "imageTitle": "m9dbf94.satellite.jpg",
      "isModern": false,
      "stereo": "parent",
      "description": "A city located in the hill country of Judah, listed among the settlements in the tribal inheritance of Judah. The exact location is debated, with multiple possible identification sites in the Hebron area.",
      "koreanDescription": "**여호수아** 시대에 **유다 지파**에게 분배된 헤브론 산지 지역의 성읍 중 하나입니다.\n성경의 해당 구절에서 이름만 언급될 뿐 자세한 내용은 없으며, 현재는 헤브론 남쪽 지역의 여러 유적지 중 한 곳으로 비정되고 있습니다.",
      "verses": ["Josh.15.52"],
      "placeUrl": "/geo/ancient/acd9498/eshan",
      "identificationPaths": [
        "/geo/modern/m9dbf94",
        "/geo/modern/me836d9",
        "/geo/modern/m61740b"
      ],
      "types": ["settlement"],
      "unknownPlacePossibility": null,
      "geojsonText": "{\"bbox\":[34.977712,31.43329,35.093592,31.55659],\"features\":[{\"geometry\":{\"coordinates\":[35.093592,31.549356],\"type\":\"Point\"},\"properties\":{\"id\":\"m61740b.point\"},\"type\":\"Feature\"},{\"geometry\":{\"coordinates\":[35.03355,31.55659],\"type\":\"Point\"},\"properties\":{\"id\":\"m9dbf94.point\"},\"type\":\"Feature\"},{\"geometry\":{\"coordinates\":[34.977712,31.43329],\"type\":\"Point\"},\"properties\":{\"id\":\"me836d9.point\"},\"type\":\"Feature\"}],\"metadata\":{\"name\":\"Eshan\"},\"type\":\"FeatureCollection\"}",
      "anotherNames": null,
      "koreanName": "에산",
      "anotherKoreanNames": null
    },
    {
      "id": "a355b6e",
      "name": "Eshtaol",
      "imageTitle": "m1dd2b9.satellite.jpg",
      "isModern": false,
      "stereo": "parent",
      "description": "A prominent town that originally belonged to the tribe of Judah but was later allotted to the tribe of Dan. It is most famous as the place where the Spirit of the Lord first began to move **Samson** and was a staging ground for the Danites' migration and raid on Laish.",
      "koreanDescription": "유다 지파와 단 지파의 경계 지역에 위치한 중요한 성읍입니다.\n특히 **삼손**의 이야기와 깊은 연관이 있습니다. '여호와의 영이 그를 움직이기 시작한 곳'이자(삿 13:25), 삼손이 블레셋 사람의 손에 죽은 후 장사된 곳 근처이기도 합니다. 또한 단 지파가 북쪽으로 이주할 때 군대를 보냈던 거점이었습니다.",
      "verses": [
        "Josh.15.33",
        "Josh.19.41",
        "Judg.13.25",
        "Judg.16.31",
        "Judg.18.2",
        "Judg.18.8",
        "Judg.18.11",
        "1Chr.2.53"
      ],
      "placeUrl": "/geo/ancient/a355b6e/eshtaol",
      "identificationPaths": [
        "/geo/modern/m1dd2b9",
        "/geo/modern/mda9727",
        "/geo/modern/me1373f",
        "/geo/modern/m26c176",
        "/geo/modern/m52af08"
      ],
      "types": ["settlement"],
      "unknownPlacePossibility": null,
      "geojsonText": "{\"bbox\":[34.985967,31.767328,35.016015,31.797726],\"features\":[{\"geometry\":{\"coordinates\":[34.985967,31.797726],\"type\":\"Point\"},\"properties\":{\"id\":\"m1dd2b9.point\"},\"type\":\"Feature\"},{\"geometry\":{\"coordinates\":[35.010339,31.785496],\"type\":\"Point\"},\"properties\":{\"id\":\"m26c176.point\"},\"type\":\"Feature\"},{\"geometry\":{\"coordinates\":[35.016015,31.77608],\"type\":\"Point\"},\"properties\":{\"id\":\"m52af08.point\"},\"type\":\"Feature\"},{\"geometry\":{\"coordinates\":[35.0101,31.781097],\"type\":\"Point\"},\"properties\":{\"id\":\"mda9727.point\"},\"type\":\"Feature\"},{\"geometry\":{\"coordinates\":[35.001436,31.767328],\"type\":\"Point\"},\"properties\":{\"id\":\"me1373f.point\"},\"type\":\"Feature\"}],\"metadata\":{\"name\":\"Eshtaol\"},\"type\":\"FeatureCollection\"}",
      "anotherNames": null,
      "koreanName": "에스다올",
      "anotherKoreanNames": null
    },
    {
      "id": "ad68510",
      "name": "Eshtemoa",
      "imageTitle": "m322922.if9001b.jpg",
      "isModern": false,
      "stereo": "parent",
      "description": "A city in the hill country of Judah that was designated as one of the **Levitical cities** for the priests (sons of Aaron/Kohathites).\nIt is also mentioned as one of the places where **David** sent gifts of spoil after his victory over the Amalekites.",
      "koreanDescription": "유다 산지에 위치한 성읍으로, 특히 **레위 지파**의 제사장들에게 할당된 **도피성** 중 하나였습니다.\n**다윗 왕**이 아말렉과의 전투에서 승리한 후, 전리품의 일부를 이곳에 살고 있던 그의 친구들에게 보냈다는 기록이 있어(삼상 30:28), 다윗과도 인연이 있는 곳입니다.",
      "verses": ["Josh.15.50", "Josh.21.14", "1Sam.30.28", "1Chr.6.57"],
      "placeUrl": "/geo/ancient/ad68510/eshtemoa",
      "identificationPaths": ["/geo/modern/m322922"],
      "types": ["settlement"],
      "unknownPlacePossibility": null,
      "geojsonText": "{\"features\":[{\"geometry\":{\"coordinates\":[35.067075,31.400792],\"type\":\"Point\"},\"properties\":{\"id\":\"m322922.point\"},\"type\":\"Feature\"}],\"metadata\":{\"name\":\"Eshtemoa\"},\"type\":\"FeatureCollection\"}",
      "anotherNames": null,
      "koreanName": "에스드모아",
      "anotherKoreanNames": null
    },
    {
      "id": "ae05348",
      "name": "Etam 1",
      "imageTitle": "m825b91.ie411e6.jpg",
      "isModern": false,
      "stereo": "parent",
      "description": "The **Rock of Etam**, a natural stronghold or cleft where **Samson** took refuge after attacking the Philistines.\nThe men of Judah later went to the rock to bind Samson and deliver him to the Philistines.",
      "koreanDescription": "사사 **삼손**의 이야기와 관련된 장소로, 블레셋 사람들과의 충돌 후 삼손이 숨어 지냈던 천연 요새인 **'에담 바위'**를 가리킵니다.\n유다 사람들이 블레셋과의 평화를 위해 이곳으로 올라와 삼손을 결박했던 이야기가 전해집니다.",
      "verses": ["Judg.15.8", "Judg.15.11"],
      "placeUrl": "/geo/ancient/ae05348/etam-1",
      "identificationPaths": [
        "/geo/modern/m825b91",
        "/geo/modern/mc4b280",
        "/geo/modern/mdeec8e"
      ],
      "types": ["settlement"],
      "unknownPlacePossibility": null,
      "geojsonText": "{\"bbox\":[35.025793,31.68478,35.17884,31.763715],\"features\":[{\"geometry\":{\"coordinates\":[[[35.054522,31.734543],[35.054257,31.734979],[35.054636,31.735374],[35.054619,31.735727],[35.054173,31.735924],[35.053942,31.736247],[35.054337,31.736417],[35.055046,31.736545],[35.055079,31.736996],[35.054369,31.737136],[35.053776,31.736924],[35.053314,31.736754],[35.053067,31.736486],[35.053002,31.736148],[35.052342,31.736203],[35.051781,31.736033],[35.051238,31.735483],[35.050744,31.734905],[35.050531,31.734242],[35.050912,31.733354],[35.051424,31.732791],[35.052018,31.732608],[35.052595,31.732708],[35.053155,31.733061],[35.053781,31.733428],[35.054687,31.734064],[35.054522,31.734543]]],\"type\":\"Polygon\"},\"properties\":{\"id\":\"g058450.geometry\",\"land_or_water\":\"land\"},\"type\":\"Feature\"},{\"geometry\":{\"coordinates\":[35.025793,31.763715],\"type\":\"Point\"},\"properties\":{\"id\":\"m825b91.point\"},\"type\":\"Feature\"},{\"geometry\":{\"coordinates\":[35.052967,31.734836],\"type\":\"Point\"},\"properties\":{\"id\":\"mc4b280.point\"},\"type\":\"Feature\"},{\"geometry\":{\"coordinates\":[35.17884,31.68478],\"type\":\"Point\"},\"properties\":{\"id\":\"mdeec8e.point\"},\"type\":\"Feature\"}],\"metadata\":{\"geometry_credit\":\"Some data © OpenStreetMap contributors\",\"name\":\"Etam 1\"},\"type\":\"FeatureCollection\"}",
      "anotherNames": null,
      "koreanName": "에담 1",
      "anotherKoreanNames": null
    },
    {
      "id": "a47f86c",
      "name": "Etam 2",
      "imageTitle": "mdeec8e.satellite.jpg",
      "isModern": false,
      "stereo": "parent",
      "description": "A settlement in the territory allotted to the tribe of **Simeon**. It is listed among the cities near Ziklag. This is likely a different place from the Etam associated with Samson's rock refuge.",
      "koreanDescription": "**시므온 지파**에게 분배된 성읍 중 하나로, 주로 **역대상**에서 시므온 족보와 영토 목록을 설명할 때 언급됩니다.\n사사 삼손과 관련된 '에담 바위'와는 별개의 장소일 가능성이 높습니다.",
      "verses": ["1Chr.4.32"],
      "placeUrl": "/geo/ancient/a47f86c/etam-2",
      "identificationPaths": ["/geo/modern/mdeec8e", "/geo/modern/mc73188"],
      "types": ["settlement"],
      "unknownPlacePossibility": null,
      "geojsonText": "{\"bbox\":[34.928055,31.491813,35.17884,31.68478],\"features\":[{\"geometry\":{\"coordinates\":[34.928055,31.491813],\"type\":\"Point\"},\"properties\":{\"id\":\"mc73188.point\"},\"type\":\"Feature\"},{\"geometry\":{\"coordinates\":[35.17884,31.68478],\"type\":\"Point\"},\"properties\":{\"id\":\"mdeec8e.point\"},\"type\":\"Feature\"}],\"metadata\":{\"name\":\"Etam 2\"},\"type\":\"FeatureCollection\"}",
      "anotherNames": null,
      "koreanName": "에담 2",
      "anotherKoreanNames": null
    },
    {
      "id": "aa21f26",
      "name": "Etam 3",
      "imageTitle": "mdeec8e.satellite.jpg",
      "isModern": false,
      "stereo": "parent",
      "description": "A city in Judah that was rebuilt and **fortified by King Rehoboam** of Judah following the division of the kingdom. This indicates its strategic importance as one of the defensive strongholds.",
      "koreanDescription": "남유다 왕국의 **르호보암 왕**이 왕국을 분할한 후 국방 강화를 위해 건축하거나 재건한 성읍 중 하나입니다.\n이는 유다의 남쪽 국경을 방어하는 데 있어 전략적으로 중요한 요충지였음을 보여줍니다.",
      "verses": ["2Chr.11.6"],
      "placeUrl": "/geo/ancient/aa21f26/etam-3",
      "identificationPaths": ["/geo/modern/mdeec8e"],
      "types": ["settlement"],
      "unknownPlacePossibility": null,
      "geojsonText": "{\"features\":[{\"geometry\":{\"coordinates\":[35.17884,31.68478],\"type\":\"Point\"},\"properties\":{\"id\":\"mdeec8e.point\"},\"type\":\"Feature\"}],\"metadata\":{\"name\":\"Etam 3\"},\"type\":\"FeatureCollection\"}",
      "anotherNames": null,
      "koreanName": "에담 3",
      "anotherKoreanNames": null
    },
    {
      "id": "m90275b",
      "name": "Al Qastal",
      "isModern": true,
      "stereo": "child",
      "description": "A strategic hill and former Arab village located just west of Jerusalem. During the 1948 Arab–Israeli War, it was the site of a fierce battle. It is one of the candidates for the location of the biblical settlement **Ephron 1**.",
      "koreanDescription": "예루살렘 서쪽에 위치한 전략적으로 중요한 언덕이자 현대 정착지입니다.\n1948년 아랍-이스라엘 전쟁에서 격전지였던 곳입니다. 이곳은 성경 속의 고대 정착지 **에브론 1**의 유력한 비정지 중 한 곳입니다.",
      "imageTitle": "m90275b.i070117.jpg",
      "types": ["settlement"],
      "geojsonText": "{\"bbox\":[35.141905,31.794654,35.146248,31.797624],\"features\":[{\"geometry\":{\"coordinates\":[35.144167,31.796944],\"type\":\"Point\"},\"properties\":{\"id\":\"m90275b.point\",\"role\":\"point\"},\"type\":\"Feature\"},{\"geometry\":{\"coordinates\":[[[35.143034,31.797562],[35.142595,31.797624],[35.142523,31.797588],[35.142407,31.797515],[35.142274,31.797355],[35.142055,31.797023],[35.141965,31.796804],[35.141905,31.796582],[35.141968,31.79628],[35.142308,31.795539],[35.142504,31.795241],[35.142753,31.794996],[35.143024,31.79484],[35.14389,31.794654],[35.1443,31.79474],[35.144467,31.794762],[35.144643,31.79467],[35.145154,31.794904],[35.14542,31.795101],[35.145055,31.795655],[35.145175,31.795706],[35.145287,31.795637],[35.145583,31.795323],[35.145721,31.795294],[35.146119,31.794926],[35.146193,31.79501],[35.146248,31.79509],[35.146186,31.795365],[35.145637,31.796532],[35.145454,31.796563],[35.145167,31.796768],[35.144699,31.797154],[35.144107,31.797446],[35.143837,31.797508],[35.143661,31.797413],[35.143506,31.79742],[35.143238,31.797501],[35.143034,31.797562]]],\"type\":\"Polygon\"},\"properties\":{\"id\":\"gf336e6.local\",\"land_or_water\":\"land\",\"role\":\"local\"},\"type\":\"Feature\"},{\"geometry\":{\"coordinates\":[[[35.14417,31.79739],[35.14411,31.79739],[35.14406,31.79738],[35.144,31.79737],[35.14395,31.79735],[35.1439,31.79733],[35.14386,31.79731],[35.14381,31.79728],[35.14377,31.79724],[35.14374,31.79721],[35.14371,31.79717],[35.14368,31.79713],[35.14366,31.79708],[35.14365,31.79704],[35.14364,31.79699],[35.14364,31.79694],[35.14364,31.7969],[35.14365,31.79685],[35.14366,31.79681],[35.14368,31.79676],[35.14371,31.79672],[35.14374,31.79668],[35.14377,31.79664],[35.14381,31.79661],[35.14386,31.79658],[35.1439,31.79655],[35.14395,31.79653],[35.144,31.79652],[35.14406,31.7965],[35.14411,31.7965],[35.14417,31.79649],[35.14422,31.7965],[35.14428,31.7965],[35.14433,31.79652],[35.14438,31.79653],[35.14443,31.79655],[35.14448,31.79658],[35.14452,31.79661],[35.14456,31.79664],[35.1446,31.79668],[35.14463,31.79672],[35.14465,31.79676],[35.14467,31.79681],[35.14468,31.79685],[35.14469,31.7969],[35.1447,31.79694],[35.14469,31.79699],[35.14468,31.79704],[35.14467,31.79708],[35.14465,31.79713],[35.14463,31.79717],[35.1446,31.79721],[35.14456,31.79724],[35.14452,31.79728],[35.14448,31.79731],[35.14443,31.79733],[35.14438,31.79735],[35.14433,31.79737],[35.14428,31.79738],[35.14422,31.79739],[35.14417,31.79739]]],\"type\":\"Polygon\"},\"properties\":{\"id\":\"g96b667.precision_radius\",\"land_or_water\":\"land\",\"role\":\"precision_radius\"},\"type\":\"Feature\"}],\"metadata\":{\"class\":\"human\",\"geometry_credit\":\"Some data © OpenStreetMap contributors\",\"land_or_water\":\"land\",\"name\":\"Al Qastal\",\"type\":\"settlement\"},\"type\":\"FeatureCollection\"}",
      "anotherNames": "Castel, El Qastel, Mevasseret Siyyon",
      "koreanName": "알 카스탈",
      "anotherKoreanNames": "카스텔, 엘 카스텔, 메바세렛 시욘"
    },
    {
      "id": "m590c60",
      "name": "Taybeh",
      "isModern": true,
      "stereo": "child",
      "description": "A Christian Palestinian village located north of Jerusalem near Ramallah, often identified as the site of biblical **Ephraim**. However, it is also a modern candidate location for the biblical places **Ephron 1** and **Ephron 2**.",
      "koreanDescription": "라말라 근처, 예루살렘 북쪽에 위치한 팔레스타인의 기독교 마을입니다.\n성경의 **에브라임** 성읍으로도 자주 비정되지만, 고대 성읍 **에브론 1**과 **에브론 2**의 후보지로도 여겨집니다.",
      "imageTitle": "m590c60.i49c6ac.jpg",
      "types": ["settlement"],
      "geojsonText": "{\"bbox\":[35.29763,31.9522,35.30293,31.95669],\"features\":[{\"geometry\":{\"coordinates\":[35.300278,31.954444],\"type\":\"Point\"},\"properties\":{\"id\":\"m590c60.point\",\"role\":\"point\"},\"type\":\"Feature\"},{\"geometry\":{\"coordinates\":[[[35.30028,31.95669],[35.3,31.95668],[35.29973,31.95664],[35.29946,31.95658],[35.2992,31.9565],[35.29895,31.95639],[35.29872,31.95626],[35.2985,31.95611],[35.29831,31.95595],[35.29813,31.95577],[35.29798,31.95557],[35.29786,31.95536],[35.29776,31.95514],[35.29769,31.95491],[35.29764,31.95468],[35.29763,31.95444],[35.29764,31.95421],[35.29769,31.95398],[35.29776,31.95375],[35.29786,31.95353],[35.29798,31.95332],[35.29813,31.95312],[35.29831,31.95294],[35.2985,31.95277],[35.29872,31.95263],[35.29895,31.9525],[35.2992,31.95239],[35.29946,31.95231],[35.29973,31.95224],[35.3,31.95221],[35.30028,31.9522],[35.30055,31.95221],[35.30083,31.95224],[35.3011,31.95231],[35.30136,31.95239],[35.3016,31.9525],[35.30184,31.95263],[35.30205,31.95277],[35.30225,31.95294],[35.30242,31.95312],[35.30257,31.95332],[35.3027,31.95353],[35.3028,31.95375],[35.30287,31.95398],[35.30291,31.95421],[35.30293,31.95444],[35.30291,31.95468],[35.30287,31.95491],[35.3028,31.95514],[35.3027,31.95536],[35.30257,31.95557],[35.30242,31.95577],[35.30225,31.95595],[35.30205,31.95611],[35.30184,31.95626],[35.3016,31.95639],[35.30136,31.9565],[35.3011,31.95658],[35.30083,31.95664],[35.30055,31.95668],[35.30028,31.95669]]],\"type\":\"Polygon\"},\"properties\":{\"id\":\"gc7fbbd.precision_radius\",\"land_or_water\":\"land\",\"role\":\"precision_radius\"},\"type\":\"Feature\"}],\"metadata\":{\"class\":\"human\",\"land_or_water\":\"land\",\"name\":\"Taybeh\",\"type\":\"settlement\"},\"type\":\"FeatureCollection\"}",
      "anotherNames": "Et Taiyibeh",
      "koreanName": "타이베",
      "anotherKoreanNames": "엣 타이이베"
    },
    {
      "id": "me2d27e",
      "name": "Uruk (ancient name)",
      "isModern": true,
      "stereo": "child",
      "description": "The archaeological site of the ancient Mesopotamian city of **Uruk** (Warka), located in modern-day Iraq. It was one of the largest and most important cities in Sumer, associated with the epic of Gilgamesh and the biblical **Erech**.",
      "koreanDescription": "이라크 남부에 위치한 고대 메소포타미아의 주요 도시 **우루크(Uruk)**의 유적지입니다.\n길가메시 서사시의 배경이기도 하며, 성경 **창세기**에 등장하는 **에렉**과 동일시됩니다. 수메르 문명에서 가장 크고 영향력 있는 도시 중 하나였습니다.",
      "imageTitle": "me2d27e.ia80d4e.jpg",
      "types": ["settlement"],
      "geojsonText": "{\"features\":[{\"geometry\":{\"coordinates\":[45.636111,31.322222],\"type\":\"Point\"},\"properties\":{\"id\":\"me2d27e.point\",\"role\":\"point\"},\"type\":\"Feature\"}],\"metadata\":{\"class\":\"human\",\"land_or_water\":\"land\",\"name\":\"Uruk\",\"type\":\"settlement\"},\"type\":\"FeatureCollection\"}",
      "anotherNames": null,
      "koreanName": "우루크 (고대 지명)",
      "anotherKoreanNames": null
    },
    {
      "id": "maa73c2",
      "name": "Between Gerar and Beersheba",
      "isModern": true,
      "stereo": "child",
      "description": "A geographical region in the **Negev desert** of modern Israel. This is the general area where Isaac dwelt and where the well **Esek** was dug, highlighting the semi-arid environment that led to water disputes.",
      "koreanDescription": "이스라엘 **네게브 사막**에 있는 지역으로, 아브라함의 아들 **이삭**이 거주하며 우물 **에섹**을 팠던 곳의 주변 지역을 포괄합니다.\n고대에는 물을 둘러싼 다툼이 빈번했던 건조한 환경이었습니다.",
      "imageTitle": "maa73c2.i8040bb.jpg",
      "types": ["region"],
      "geojsonText": "{\"bbox\":[34.481841,31.192504,34.869915,31.43478],\"features\":[{\"geometry\":{\"coordinates\":[34.6062,31.424497],\"type\":\"Point\"},\"properties\":{\"id\":\"maa73c2.representative_point\",\"role\":\"representative_point\"},\"type\":\"Feature\"},{\"geometry\":{\"coordinates\":[[[34.708204,31.192504],[34.869915,31.259891],[34.666456,31.43478],[34.481841,31.417769],[34.708204,31.192504]]],\"type\":\"Polygon\"},\"properties\":{\"id\":\"g5a2290.geometry\",\"land_or_water\":\"land\",\"role\":\"geometry\"},\"type\":\"Feature\"}],\"metadata\":{\"class\":\"natural\",\"land_or_water\":\"land\",\"name\":\"between Gerar and Beersheba\",\"type\":\"region\"},\"type\":\"FeatureCollection\"}",
      "anotherNames": null,
      "koreanName": "그랄과 브엘세바 사이",
      "anotherKoreanNames": null
    },
    {
      "id": "m59af06",
      "name": "Nahal Gerar",
      "isModern": true,
      "stereo": "child",
      "description": "A wadi (seasonal riverbed) in the western Negev desert of Israel, also known by its Arabic name, Wadi esh Sheriah. It flows near the area traditionally associated with the Philistine city of Gerar, and is a possible setting for the digging of the well **Esek**.",
      "koreanDescription": "이스라엘 서부 네게브 사막을 가로지르는 계절성 강(와디)으로, 고대 블레셋 도시 그랄 근처를 흐릅니다.\n이곳은 **이삭**의 종들이 우물 **에섹**을 팠던 장소의 후보지로 여겨집니다.",
      "imageTitle": "m59af06.i92ed52.jpg",
      "types": ["river"],
      "geojsonText": "{\"bbox\":[34.43515,31.358726,34.598984,31.402334],\"features\":[{\"geometry\":{\"coordinates\":[34.4362,31.3986],\"type\":\"Point\"},\"properties\":{\"id\":\"m59af06.representative_point\",\"role\":\"representative_point\"},\"type\":\"Feature\"},{\"geometry\":{\"coordinates\":[[34.598984,31.373509],[34.598199,31.372497],[34.597889,31.372428],[34.597691,31.372381],[34.597395,31.372177],[34.597083,31.371813],[34.594697,31.371173],[34.594079,31.370766],[34.593951,31.370569],[34.593886,31.370061],[34.593961,31.369637],[34.5938,31.369296],[34.593757,31.369072],[34.593417,31.36894],[34.593108,31.36909],[34.592556,31.369168],[34.591993,31.369193],[34.590912,31.369404],[34.58989,31.369649],[34.589399,31.369724],[34.589165,31.369711],[34.588441,31.369514],[34.587958,31.369333],[34.587484,31.369019],[34.587216,31.368648],[34.587079,31.368375],[34.586918,31.367979],[34.586894,31.367608],[34.587157,31.367249],[34.587513,31.367054],[34.587988,31.366935],[34.588243,31.366703],[34.588345,31.366447],[34.588231,31.366019],[34.587887,31.365671],[34.587654,31.365503],[34.587404,31.365366],[34.586936,31.365253],[34.586576,31.365274],[34.586292,31.365356],[34.585694,31.365306],[34.585173,31.365045],[34.584797,31.364745],[34.583951,31.364311],[34.582976,31.363119],[34.582915,31.362574],[34.583054,31.362223],[34.583474,31.36178],[34.583568,31.361502],[34.583617,31.361258],[34.583505,31.361048],[34.583197,31.361078],[34.58299,31.361069],[34.582784,31.360943],[34.582258,31.360436],[34.581955,31.360315],[34.581284,31.360254],[34.580193,31.360018],[34.579034,31.359555],[34.57799,31.359392],[34.577698,31.359065],[34.5774,31.358856],[34.576958,31.358776],[34.576255,31.358726],[34.575904,31.358834],[34.574984,31.358815],[34.574385,31.35898],[34.573734,31.359569],[34.573211,31.359825],[34.572766,31.359903],[34.572256,31.360105],[34.571832,31.360423],[34.571549,31.360756],[34.571497,31.361051],[34.57136,31.361188],[34.570754,31.361666],[34.570148,31.361814],[34.56944,31.361845],[34.569075,31.361768],[34.568182,31.361809],[34.567499,31.361894],[34.567444,31.361976],[34.567436,31.362223],[34.567573,31.362365],[34.567519,31.362478],[34.567334,31.36267],[34.566841,31.362901],[34.565733,31.363552],[34.564526,31.364241],[34.563946,31.364619],[34.563362,31.365162],[34.563,31.365508],[34.562385,31.365904],[34.56194,31.36613],[34.561337,31.366435],[34.561133,31.366513],[34.560824,31.366401],[34.560649,31.366406],[34.560098,31.366481],[34.559537,31.366417],[34.55892,31.365895],[34.557407,31.365269],[34.556635,31.364646],[34.556042,31.36439],[34.555739,31.364413],[34.555033,31.3645],[34.554333,31.364408],[34.553362,31.364113],[34.552488,31.363891],[34.552214,31.3639],[34.55153,31.363788],[34.551077,31.36363],[34.55079,31.363623],[34.550264,31.3636],[34.549739,31.363792],[34.549468,31.363925],[34.548411,31.363904],[34.548033,31.363902],[34.547209,31.364255],[34.546619,31.364353],[34.54597,31.364589],[34.545206,31.36477],[34.544189,31.364914],[34.543838,31.364946],[34.543478,31.364736],[34.542907,31.364575],[34.541845,31.364452],[34.541346,31.364303],[34.540928,31.364289],[34.540606,31.364333],[34.539871,31.364569],[34.539179,31.364871],[34.538642,31.365125],[34.537959,31.36569],[34.537786,31.365973],[34.537505,31.366203],[34.537141,31.366334],[34.536697,31.366392],[34.535355,31.366271],[34.53493,31.366263],[34.534705,31.366169],[34.534179,31.366041],[34.533605,31.365828],[34.532849,31.36565],[34.532591,31.365588],[34.532181,31.365524],[34.531926,31.365524],[34.531604,31.365759],[34.531238,31.366347],[34.531205,31.366694],[34.531725,31.36761],[34.531663,31.367883],[34.531431,31.368476],[34.530668,31.369105],[34.530092,31.36944],[34.529512,31.3701],[34.528882,31.371025],[34.528595,31.371329],[34.528324,31.371661],[34.528002,31.371803],[34.527721,31.372018],[34.527565,31.372106],[34.527393,31.372078],[34.527007,31.371892],[34.526436,31.371654],[34.525999,31.371389],[34.525865,31.371205],[34.52532,31.371057],[34.525164,31.371006],[34.524971,31.371057],[34.524333,31.37129],[34.523968,31.371748],[34.523863,31.371764],[34.52367,31.371879],[34.523526,31.371897],[34.523193,31.371725],[34.522836,31.371606],[34.521576,31.371061],[34.520653,31.370567],[34.519836,31.370281],[34.519607,31.370388],[34.51951,31.370603],[34.519516,31.370942],[34.519234,31.371628],[34.519076,31.371844],[34.518915,31.371941],[34.518598,31.371945],[34.518208,31.371906],[34.517501,31.372297],[34.517204,31.372417],[34.516705,31.372719],[34.515766,31.373223],[34.514827,31.373823],[34.513915,31.374533],[34.513186,31.374913],[34.511614,31.375426],[34.510176,31.376196],[34.509178,31.37669],[34.508454,31.376901],[34.507489,31.376947],[34.506834,31.376855],[34.506448,31.376773],[34.506249,31.376507],[34.505777,31.376017],[34.505347,31.375626],[34.505118,31.37549],[34.50457,31.375518],[34.504254,31.375454],[34.503862,31.375504],[34.503621,31.375573],[34.503347,31.375797],[34.502875,31.376529],[34.502338,31.376959],[34.502208,31.377015],[34.501427,31.376809],[34.500949,31.376736],[34.500381,31.377024],[34.499683,31.377185],[34.49933,31.377181],[34.498702,31.377284],[34.497696,31.377704],[34.497049,31.378261],[34.496363,31.378774],[34.495596,31.379292],[34.495429,31.379466],[34.495188,31.379502],[34.494845,31.379429],[34.493849,31.379694],[34.493085,31.380015],[34.492452,31.380111],[34.48931,31.380345],[34.488772,31.380505],[34.487989,31.381252],[34.487491,31.382457],[34.487147,31.383285],[34.486954,31.38361],[34.486621,31.383606],[34.486353,31.383505],[34.485921,31.383183],[34.485441,31.382974],[34.484727,31.382845],[34.484176,31.38297],[34.483771,31.383286],[34.483656,31.383964],[34.483044,31.384467],[34.482344,31.385113],[34.481624,31.385927],[34.481412,31.386278],[34.481283,31.386569],[34.481182,31.387028],[34.481326,31.387432],[34.481646,31.38778],[34.48184,31.387999],[34.482164,31.388369],[34.482069,31.388636],[34.481876,31.388776],[34.481654,31.388827],[34.481001,31.389273],[34.480114,31.389387],[34.479578,31.389646],[34.47947,31.389928],[34.479477,31.390224],[34.479654,31.390463],[34.479838,31.390611],[34.480069,31.390812],[34.480238,31.391011],[34.480064,31.391585],[34.479864,31.392031],[34.480072,31.392199],[34.480278,31.392486],[34.480526,31.393056],[34.480562,31.393531],[34.480529,31.393855],[34.48016,31.394502],[34.479789,31.3948],[34.479505,31.395071],[34.478897,31.395015],[34.47858,31.394832],[34.478188,31.394784],[34.477693,31.394816],[34.476899,31.394999],[34.476245,31.395246],[34.475951,31.395674],[34.475871,31.395745],[34.475889,31.396148],[34.475881,31.396777],[34.475871,31.396777],[34.47561,31.39704],[34.475647,31.397471],[34.475825,31.397766],[34.47615,31.398019],[34.476227,31.398223],[34.47619,31.398403],[34.476126,31.398534],[34.475983,31.398703],[34.475763,31.398829],[34.475554,31.399017],[34.47538,31.399511],[34.475155,31.400069],[34.474907,31.40032],[34.474814,31.400414],[34.474345,31.40078],[34.473667,31.401514],[34.473385,31.401814],[34.473299,31.401906],[34.472633,31.402235],[34.472473,31.402256],[34.471893,31.402334],[34.471644,31.402229],[34.471512,31.402076],[34.471509,31.401902],[34.471627,31.401778],[34.471808,31.401736],[34.471829,31.401531],[34.47185,31.401318],[34.471654,31.400885],[34.471418,31.400704],[34.4708,31.400596],[34.470488,31.400478],[34.47015,31.40042],[34.469688,31.400443],[34.469404,31.400352],[34.469184,31.400517],[34.468862,31.400626],[34.468634,31.400881],[34.468288,31.401238],[34.468382,31.401819],[34.468257,31.401936],[34.467883,31.401973],[34.467706,31.401904],[34.467414,31.40178],[34.466829,31.401377],[34.466263,31.401075],[34.465625,31.400507],[34.464613,31.399626],[34.464279,31.399351],[34.463757,31.398826],[34.463541,31.398678],[34.463104,31.398093],[34.462524,31.397869],[34.461947,31.397733],[34.461226,31.397654],[34.460991,31.397661],[34.459386,31.39771],[34.458341,31.397822],[34.457391,31.398409],[34.457099,31.398557],[34.456744,31.39858],[34.456061,31.397927],[34.455302,31.397127],[34.454826,31.396928],[34.454398,31.397127],[34.454111,31.397486],[34.454063,31.397756],[34.454253,31.39812],[34.454384,31.398464],[34.454338,31.398746],[34.454199,31.39894],[34.453883,31.39907],[34.453336,31.399535],[34.453037,31.399635],[34.452397,31.399654],[34.451477,31.399565],[34.450989,31.399833],[34.450466,31.400041],[34.450061,31.399972],[34.4499,31.40005],[34.449221,31.400361],[34.448792,31.400442],[34.448588,31.400469],[34.448138,31.400318],[34.447883,31.400286],[34.44747,31.400215],[34.446751,31.399867],[34.446516,31.399854],[34.446324,31.399936],[34.445851,31.400106],[34.445526,31.400159],[34.445329,31.40019],[34.445005,31.400226],[34.444399,31.400176],[34.443951,31.400133],[34.443296,31.399968],[34.441865,31.399329],[34.439888,31.398409],[34.437544,31.398019],[34.436157,31.398197]],\"type\":\"LineString\"},\"properties\":{\"id\":\"g863954.precise\",\"land_or_water\":\"water\",\"role\":\"precise\"},\"type\":\"Feature\"},{\"geometry\":{\"coordinates\":[[34.598984,31.373509],[34.598199,31.372497],[34.597083,31.371813],[34.594079,31.370766],[34.593757,31.369072],[34.589399,31.369724],[34.587484,31.369019],[34.586894,31.367608],[34.588243,31.366703],[34.588231,31.366019],[34.587404,31.365366],[34.585694,31.365306],[34.583951,31.364311],[34.582976,31.363119],[34.583505,31.361048],[34.58299,31.361069],[34.581955,31.360315],[34.57799,31.359392],[34.5774,31.358856],[34.574984,31.358815],[34.572256,31.360105],[34.570754,31.361666],[34.567499,31.361894],[34.567334,31.36267],[34.561133,31.366513],[34.559537,31.366417],[34.556042,31.36439],[34.554333,31.364408],[34.550264,31.3636],[34.543838,31.364946],[34.540606,31.364333],[34.538642,31.365125],[34.537505,31.366203],[34.536697,31.366392],[34.531926,31.365524],[34.531238,31.366347],[34.531725,31.36761],[34.531431,31.368476],[34.530092,31.36944],[34.528324,31.371661],[34.527565,31.372106],[34.525164,31.371006],[34.523526,31.371897],[34.519836,31.370281],[34.518915,31.371941],[34.518208,31.371906],[34.513915,31.374533],[34.509178,31.37669],[34.506448,31.376773],[34.505118,31.37549],[34.503862,31.375504],[34.502338,31.376959],[34.500949,31.376736],[34.498702,31.377284],[34.495429,31.379466],[34.488772,31.380505],[34.487989,31.381252],[34.486954,31.38361],[34.485441,31.382974],[34.484176,31.38297],[34.483771,31.383286],[34.483656,31.383964],[34.481624,31.385927],[34.481182,31.387028],[34.482164,31.388369],[34.482069,31.388636],[34.47947,31.389928],[34.480238,31.391011],[34.479864,31.392031],[34.480526,31.393056],[34.480529,31.393855],[34.479505,31.395071],[34.478188,31.394784],[34.476245,31.395246],[34.47561,31.39704],[34.476126,31.398534],[34.475554,31.399017],[34.475155,31.400069],[34.472633,31.402235],[34.471512,31.402076],[34.47185,31.401318],[34.471418,31.400704],[34.469404,31.400352],[34.468288,31.401238],[34.468257,31.401936],[34.467414,31.40178],[34.462524,31.397869],[34.458341,31.397822],[34.456744,31.39858],[34.454826,31.396928],[34.454111,31.397486],[34.454338,31.398746],[34.453336,31.399535],[34.451477,31.399565],[34.448588,31.400469],[34.446751,31.399867],[34.443951,31.400133],[34.439888,31.398409],[34.437544,31.398019],[34.436157,31.398197]],\"type\":\"LineString\"},\"properties\":{\"id\":\"g863954.simplified_precise\",\"land_or_water\":\"water\",\"role\":\"simplified_precise\"},\"type\":\"Feature\"},{\"geometry\":{\"coordinates\":[[[34.4362,31.3995],[34.43609,31.39949],[34.43598,31.39948],[34.43587,31.39946],[34.43577,31.39942],[34.43567,31.39938],[34.43558,31.39933],[34.43549,31.39927],[34.43542,31.3992],[34.43535,31.39913],[34.43529,31.39905],[34.43524,31.39897],[34.4352,31.39888],[34.43517,31.39879],[34.43515,31.39869],[34.43515,31.3986],[34.43515,31.39851],[34.43517,31.39841],[34.4352,31.39832],[34.43524,31.39823],[34.43529,31.39815],[34.43535,31.39807],[34.43542,31.398],[34.4355,31.39793],[34.43558,31.39787],[34.43567,31.39782],[34.43577,31.39778],[34.43587,31.39774],[34.43598,31.39772],[34.43609,31.39771],[34.4362,31.3977],[34.43631,31.39771],[34.43642,31.39772],[34.43653,31.39774],[34.43663,31.39778],[34.43673,31.39782],[34.43682,31.39787],[34.4369,31.39793],[34.43698,31.398],[34.43705,31.39807],[34.43711,31.39815],[34.43716,31.39823],[34.4372,31.39832],[34.43723,31.39841],[34.43725,31.39851],[34.43725,31.3986],[34.43725,31.39869],[34.43723,31.39879],[34.4372,31.39888],[34.43716,31.39897],[34.43711,31.39905],[34.43705,31.39913],[34.43698,31.3992],[34.43691,31.39927],[34.43682,31.39933],[34.43673,31.39938],[34.43663,31.39942],[34.43653,31.39946],[34.43642,31.39948],[34.43631,31.39949],[34.4362,31.3995]]],\"type\":\"Polygon\"},\"properties\":{\"id\":\"g3c0212.precision_radius\",\"land_or_water\":\"land\",\"role\":\"precision_radius\"},\"type\":\"Feature\"}],\"metadata\":{\"class\":\"natural\",\"geometry_credit\":\"Some data © OpenStreetMap contributors\",\"land_or_water\":\"water\",\"name\":\"Nahal Gerar\",\"type\":\"river\"},\"type\":\"FeatureCollection\"}",
      "anotherNames": "Wadi esh Sheriah, Wadi esh Sheri’a",
      "koreanName": "나할 그랄",
      "anotherKoreanNames": "와디 에쉬 쉐리아"
    },
    {
      "id": "m9dbf94",
      "name": "Khirbet et Taiyiba",
      "isModern": true,
      "stereo": "child",
      "description": "An archaeological ruin site (khirbet) in the southern Judean hills near Hebron. Based on geographical and archaeological analysis, it is considered one of the leading candidates for the location of the biblical city **Eshan**.",
      "koreanDescription": "헤브론 근처 유다 산지 남쪽에 위치한 유적지(키르벳)입니다.\n지리학적 및 고고학적 분석을 통해 성경에 언급된 유다 지파의 성읍 **에산**의 주요 후보지로 비정되고 있습니다.",
      "imageTitle": "m9dbf94.satellite.jpg",
      "types": ["settlement"],
      "geojsonText": "{\"bbox\":[35.03302,31.55614,35.03408,31.55704],\"features\":[{\"geometry\":{\"coordinates\":[35.03355,31.55659],\"type\":\"Point\"},\"properties\":{\"id\":\"m9dbf94.point\",\"role\":\"point\"},\"type\":\"Feature\"},{\"geometry\":{\"coordinates\":[[[35.03355,31.55704],[35.03349,31.55704],[35.03344,31.55703],[35.03339,31.55702],[35.03334,31.557],[35.03329,31.55698],[35.03324,31.55695],[35.0332,31.55692],[35.03316,31.55689],[35.03312,31.55685],[35.03309,31.55681],[35.03307,31.55677],[35.03305,31.55673],[35.03303,31.55668],[35.03303,31.55664],[35.03302,31.55659],[35.03303,31.55654],[35.03303,31.5565],[35.03305,31.55645],[35.03307,31.55641],[35.03309,31.55637],[35.03312,31.55633],[35.03316,31.55629],[35.0332,31.55626],[35.03324,31.55623],[35.03329,31.5562],[35.03334,31.55618],[35.03339,31.55616],[35.03344,31.55615],[35.03349,31.55614],[35.03355,31.55614],[35.03361,31.55614],[35.03366,31.55615],[35.03371,31.55616],[35.03376,31.55618],[35.03381,31.5562],[35.03386,31.55623],[35.0339,31.55626],[35.03394,31.55629],[35.03398,31.55633],[35.03401,31.55637],[35.03403,31.55641],[35.03405,31.55645],[35.03407,31.5565],[35.03407,31.55654],[35.03408,31.55659],[35.03407,31.55664],[35.03407,31.55668],[35.03405,31.55673],[35.03403,31.55677],[35.03401,31.55681],[35.03398,31.55685],[35.03394,31.55689],[35.0339,31.55692],[35.03386,31.55695],[35.03381,31.55698],[35.03376,31.557],[35.03371,31.55702],[35.03366,31.55703],[35.03361,31.55704],[35.03355,31.55704]]],\"type\":\"Polygon\"},\"properties\":{\"id\":\"g9c145f.precision_radius\",\"land_or_water\":\"land\",\"role\":\"precision_radius\"},\"type\":\"Feature\"}],\"metadata\":{\"class\":\"human\",\"land_or_water\":\"land\",\"name\":\"Khirbet et Taiyiba\",\"type\":\"settlement\"},\"type\":\"FeatureCollection\"}",
      "anotherNames": "Et Taiyibeh, Et Tajibe, Khirbet eth Thayyibe, Tell Khirbet et Tayyibe",
      "koreanName": "키르벳 엣 타이이바",
      "anotherKoreanNames": "엣 타이이베, 엣 타지베, 키르벳 엣 타이브, 텔 키르벳 엣 타이이베"
    },
    {
      "id": "me836d9",
      "name": "Khirbet Khallat Sam’a",
      "isModern": true,
      "stereo": "child",
      "description": "Another ruin site in the Hebron area of the Judean hill country. This location is considered an alternative or secondary identification for the ancient city of **Eshan** in the territory of Judah.",
      "koreanDescription": "유다 산지의 헤브론 지역에 위치한 또 다른 유적지입니다.\n이 지역은 고대 유다 지파의 성읍 **에산**의 또 다른 비정 후보지 중 하나로 고려되고 있습니다.",
      "imageTitle": "me836d9.satellite.jpg",
      "types": ["settlement"],
      "geojsonText": "{\"bbox\":[34.97666,31.43239,34.97877,31.43419],\"features\":[{\"geometry\":{\"coordinates\":[34.977712,31.43329],\"type\":\"Point\"},\"properties\":{\"id\":\"me836d9.point\",\"role\":\"point\"},\"type\":\"Feature\"},{\"geometry\":{\"coordinates\":[[[34.97771,31.43419],[34.9776,31.43418],[34.97749,31.43417],[34.97739,31.43415],[34.97728,31.43411],[34.97718,31.43407],[34.97709,31.43402],[34.97701,31.43396],[34.97693,31.43389],[34.97686,31.43382],[34.9768,31.43374],[34.97675,31.43366],[34.97671,31.43357],[34.97668,31.43348],[34.97666,31.43338],[34.97666,31.43329],[34.97666,31.4332],[34.97668,31.4331],[34.97671,31.43301],[34.97675,31.43292],[34.9768,31.43284],[34.97686,31.43276],[34.97693,31.43269],[34.97701,31.43262],[34.97709,31.43256],[34.97719,31.43251],[34.97728,31.43247],[34.97739,31.43243],[34.97749,31.43241],[34.9776,31.4324],[34.97771,31.43239],[34.97782,31.4324],[34.97793,31.43241],[34.97804,31.43243],[34.97814,31.43247],[34.97824,31.43251],[34.97833,31.43256],[34.97842,31.43262],[34.9785,31.43269],[34.97856,31.43276],[34.97862,31.43284],[34.97867,31.43292],[34.97871,31.43301],[34.97874,31.4331],[34.97876,31.4332],[34.97877,31.43329],[34.97876,31.43338],[34.97874,31.43348],[34.97871,31.43357],[34.97867,31.43366],[34.97862,31.43374],[34.97856,31.43382],[34.9785,31.43389],[34.97842,31.43396],[34.97833,31.43402],[34.97824,31.43407],[34.97814,31.43411],[34.97804,31.43415],[34.97793,31.43417],[34.97782,31.43418],[34.97771,31.43419]]],\"type\":\"Polygon\"},\"properties\":{\"id\":\"gd81877.precision_radius\",\"land_or_water\":\"land\",\"role\":\"precision_radius\"},\"type\":\"Feature\"}],\"metadata\":{\"class\":\"human\",\"land_or_water\":\"land\",\"name\":\"Khirbet Khallat Sam’a\",\"type\":\"settlement\"},\"type\":\"FeatureCollection\"}",
      "anotherNames": "Khirbet hallat Sama, Khirbet Samah, Khirbet Sama’a",
      "koreanName": "키르벳 칼랏 사마",
      "anotherKoreanNames": "키르벳 할랏 사마, 키르벳 사마"
    },
    {
      "id": "m61740b",
      "name": "Khirbet en Nasara",
      "isModern": true,
      "stereo": "child",
      "description": "A ruin site in the Judean hill country that has also been proposed as a possible location for the biblical city **Eshan**. The variety of candidates highlights the difficulty in pinpointing the exact location of some minor biblical towns.",
      "koreanDescription": "유다 산지에 위치하며 성경 속 성읍 **에산**의 비정지로 제안된 또 다른 유적지입니다.\n여러 후보지가 있다는 것은 고대 소규모 성읍의 정확한 위치를 찾는 것이 어려움을 보여줍니다.",
      "imageTitle": "m61740b.satellite.jpg",
      "types": ["settlement"],
      "geojsonText": "{\"features\":[{\"geometry\":{\"coordinates\":[35.093592,31.549356],\"type\":\"Point\"},\"properties\":{\"geometry_credit\":\"osm\",\"id\":\"m61740b.point\",\"role\":\"point\"},\"type\":\"Feature\"}],\"metadata\":{\"class\":\"human\",\"land_or_water\":\"land\",\"name\":\"Khirbet en Nasara\",\"type\":\"settlement\"},\"type\":\"FeatureCollection\"}",
      "anotherNames": null,
      "koreanName": "키르벳 엔 나사라",
      "anotherKoreanNames": null
    },
    {
      "id": "m1dd2b9",
      "name": "Khirbet Deir Shubeib",
      "isModern": true,
      "stereo": "child",
      "description": "An archaeological site near Bet Shemesh in the Judean foothills. It is considered one of the possible locations for the ancient city of **Eshtaol**, a place closely associated with the early life of the judge Samson.",
      "koreanDescription": "유다 산기슭의 벳세메스 근처에 있는 고고학 유적지입니다.\n사사 **삼손**의 초기 생애와 밀접하게 연관된 고대 성읍 **에스다올**의 잠재적인 위치 후보지 중 하나로 여겨집니다.",
      "imageTitle": "m1dd2b9.satellite.jpg",
      "types": ["settlement"],
      "geojsonText": "{\"features\":[{\"geometry\":{\"coordinates\":[34.985967,31.797726],\"type\":\"Point\"},\"properties\":{\"id\":\"m1dd2b9.point\",\"role\":\"point\"},\"type\":\"Feature\"}],\"metadata\":{\"class\":\"human\",\"land_or_water\":\"land\",\"name\":\"Khirbet Deir Shubeib\",\"type\":\"settlement\"},\"type\":\"FeatureCollection\"}",
      "anotherNames": null,
      "koreanName": "키르벳 데이르 슈베이브",
      "anotherKoreanNames": null
    },
    {
      "id": "mda9727",
      "name": "Eshtaol",
      "isModern": true,
      "stereo": "child",
      "description": "A modern moshav (agricultural community) in the Judean foothills of Israel, established in 1950. The modern community preserves the ancient name and is located near the area historically associated with the biblical city of **Eshtaol**.",
      "koreanDescription": "1950년에 설립된 이스라엘 유다 산기슭의 현대 모샤브(농업 공동체)입니다.\n성경 속 단 지파의 도시였던 고대 **에스다올**의 역사적 지역과 가까우며 그 이름을 계승하고 있습니다.",
      "imageTitle": "mda9727.ie850e2.jpg",
      "types": ["settlement"],
      "geojsonText": "{\"bbox\":[35.00746,31.77885,35.01274,31.78335],\"features\":[{\"geometry\":{\"coordinates\":[35.0101,31.781097],\"type\":\"Point\"},\"properties\":{\"id\":\"mda9727.point\",\"role\":\"point\"},\"type\":\"Feature\"},{\"geometry\":{\"coordinates\":[[[35.0101,31.78335],[35.00982,31.78333],[35.00955,31.7833],[35.00928,31.78324],[35.00902,31.78315],[35.00878,31.78304],[35.00855,31.78292],[35.00833,31.78277],[35.00813,31.7826],[35.00796,31.78242],[35.00781,31.78222],[35.00768,31.78201],[35.00758,31.78179],[35.00751,31.78156],[35.00747,31.78133],[35.00746,31.7811],[35.00747,31.78086],[35.00751,31.78063],[35.00758,31.7804],[35.00768,31.78018],[35.00781,31.77997],[35.00796,31.77978],[35.00813,31.77959],[35.00833,31.77943],[35.00855,31.77928],[35.00878,31.77915],[35.00902,31.77904],[35.00928,31.77896],[35.00955,31.7789],[35.00982,31.77886],[35.0101,31.77885],[35.01038,31.77886],[35.01065,31.7789],[35.01092,31.77896],[35.01118,31.77904],[35.01142,31.77915],[35.01165,31.77928],[35.01187,31.77943],[35.01207,31.77959],[35.01224,31.77978],[35.01239,31.77997],[35.01252,31.78018],[35.01262,31.7804],[35.01269,31.78063],[35.01273,31.78086],[35.01274,31.7811],[35.01273,31.78133],[35.01269,31.78156],[35.01262,31.78179],[35.01252,31.78201],[35.01239,31.78222],[35.01224,31.78242],[35.01207,31.7826],[35.01187,31.78277],[35.01165,31.78292],[35.01142,31.78304],[35.01118,31.78315],[35.01092,31.78324],[35.01065,31.7833],[35.01038,31.78333],[35.0101,31.78335]]],\"type\":\"Polygon\"},\"properties\":{\"id\":\"g27e45e.precision_radius\",\"land_or_water\":\"land\",\"role\":\"precision_radius\"},\"type\":\"Feature\"}],\"metadata\":{\"class\":\"human\",\"land_or_water\":\"land\",\"name\":\"Eshtaol\",\"type\":\"settlement\"},\"type\":\"FeatureCollection\"}",
      "anotherNames": "Eshua, Eshwa, Ishwa",
      "koreanName": "에스다올 (현대 정착촌)",
      "anotherKoreanNames": "에슈아, 에슈와, 이슈와"
    },
    {
      "id": "me1373f",
      "name": "Artuf",
      "isModern": true,
      "stereo": "child",
      "description": "The former site of an Arab village near Bet Shemesh, now an area that includes the Har Tuv industrial park and train station. It is geographically close to other candidates and is thus considered a potential location for the biblical **Eshtaol**.",
      "koreanDescription": "벳세메스 근처에 있던 아랍 마을의 이전 부지로, 현재는 하르 투브 산업 단지와 기차역이 있는 지역입니다.\n지리적으로 고대 **에스다올**의 다른 후보지들과 인접하여 잠재적인 위치로 고려됩니다.",
      "imageTitle": "me1373f.i1cb60a.jpg",
      "types": ["settlement"],
      "geojsonText": "{\"bbox\":[34.99879,31.76508,35.00408,31.76958],\"features\":[{\"geometry\":{\"coordinates\":[35.001436,31.767328],\"type\":\"Point\"},\"properties\":{\"id\":\"me1373f.point\",\"role\":\"point\"},\"type\":\"Feature\"},{\"geometry\":{\"coordinates\":[[[35.00144,31.76958],[35.00116,31.76956],[35.00089,31.76953],[35.00062,31.76947],[35.00036,31.76938],[35.00011,31.76928],[34.99988,31.76915],[34.99967,31.769],[34.99947,31.76883],[34.9993,31.76865],[34.99915,31.76845],[34.99902,31.76824],[34.99892,31.76802],[34.99885,31.7678],[34.99881,31.76756],[34.99879,31.76733],[34.99881,31.76709],[34.99885,31.76686],[34.99892,31.76663],[34.99902,31.76641],[34.99915,31.7662],[34.9993,31.76601],[34.99947,31.76582],[34.99967,31.76566],[34.99988,31.76551],[35.00011,31.76538],[35.00036,31.76527],[35.00062,31.76519],[35.00089,31.76513],[35.00116,31.76509],[35.00144,31.76508],[35.00171,31.76509],[35.00199,31.76513],[35.00225,31.76519],[35.00251,31.76527],[35.00276,31.76538],[35.00299,31.76551],[35.00321,31.76566],[35.0034,31.76582],[35.00358,31.76601],[35.00373,31.7662],[35.00385,31.76641],[35.00395,31.76663],[35.00402,31.76686],[35.00407,31.76709],[35.00408,31.76733],[35.00407,31.76756],[35.00402,31.7678],[35.00395,31.76802],[35.00385,31.76824],[35.00373,31.76845],[35.00358,31.76865],[35.0034,31.76883],[35.00321,31.769],[35.00299,31.76915],[35.00276,31.76928],[35.00251,31.76938],[35.00225,31.76947],[35.00199,31.76953],[35.00171,31.76956],[35.00144,31.76958]]],\"type\":\"Polygon\"},\"properties\":{\"id\":\"g585a88.precision_radius\",\"land_or_water\":\"land\",\"role\":\"precision_radius\"},\"type\":\"Feature\"}],\"metadata\":{\"class\":\"human\",\"land_or_water\":\"land\",\"name\":\"Artuf\",\"type\":\"settlement\"},\"type\":\"FeatureCollection\"}",
      "anotherNames": "Har Tuv, Hartuv, Irtuf",
      "koreanName": "아르투프",
      "anotherKoreanNames": "하르 투브, 하르투브, 이르투프"
    },
    {
      "id": "m26c176",
      "name": "Khirbet Deir Abu Kabus",
      "isModern": true,
      "stereo": "child",
      "description": "Another archaeological ruin site in the Judean foothills that serves as a candidate for the location of the biblical city of **Eshtaol**. Its location in the border region is consistent with the biblical text.",
      "koreanDescription": "유다 산기슭에 있는 또 다른 고고학 유적지로, 성경 속 **에스다올**의 위치 후보지 중 하나입니다.\n지리적으로 유다와 단 지파의 경계 지역에 있어 성경적 맥락과 일치합니다.",
      "imageTitle": "m26c176.iadb338.jpg",
      "types": ["settlement"],
      "geojsonText": "{\"bbox\":[35.00981,31.78505,35.01087,31.78595],\"features\":[{\"geometry\":{\"coordinates\":[35.010339,31.785496],\"type\":\"Point\"},\"properties\":{\"geometry_credit\":\"osm\",\"id\":\"m26c176.point\",\"role\":\"point\"},\"type\":\"Feature\"},{\"geometry\":{\"coordinates\":[[[35.01034,31.78595],[35.01028,31.78594],[35.01023,31.78594],[35.01018,31.78592],[35.01012,31.78591],[35.01007,31.78589],[35.01003,31.78586],[35.00999,31.78583],[35.00995,31.7858],[35.00991,31.78576],[35.00988,31.78572],[35.00986,31.78568],[35.00984,31.78563],[35.00982,31.78559],[35.00981,31.78554],[35.00981,31.7855],[35.00981,31.78545],[35.00982,31.7854],[35.00984,31.78536],[35.00986,31.78531],[35.00988,31.78527],[35.00991,31.78523],[35.00995,31.7852],[35.00999,31.78516],[35.01003,31.78513],[35.01007,31.78511],[35.01012,31.78509],[35.01018,31.78507],[35.01023,31.78506],[35.01028,31.78505],[35.01034,31.78505],[35.01039,31.78505],[35.01045,31.78506],[35.0105,31.78507],[35.01055,31.78509],[35.0106,31.78511],[35.01065,31.78513],[35.01069,31.78516],[35.01073,31.7852],[35.01077,31.78523],[35.0108,31.78527],[35.01082,31.78531],[35.01084,31.78536],[35.01086,31.7854],[35.01087,31.78545],[35.01087,31.7855],[35.01087,31.78554],[35.01086,31.78559],[35.01084,31.78563],[35.01082,31.78568],[35.0108,31.78572],[35.01077,31.78576],[35.01073,31.7858],[35.01069,31.78583],[35.01065,31.78586],[35.0106,31.78589],[35.01055,31.78591],[35.0105,31.78592],[35.01045,31.78594],[35.01039,31.78594],[35.01034,31.78595]]],\"type\":\"Polygon\"},\"properties\":{\"id\":\"g4c7e81.precision_radius\",\"land_or_water\":\"land\",\"role\":\"precision_radius\"},\"type\":\"Feature\"}],\"metadata\":{\"class\":\"human\",\"land_or_water\":\"land\",\"name\":\"Khirbet Deir Abu Kabus\",\"type\":\"settlement\"},\"type\":\"FeatureCollection\"}",
      "anotherNames": null,
      "koreanName": "키르벳 데이르 아부 카부스",
      "anotherKoreanNames": null
    },
    {
      "id": "m52af08",
      "name": "Khirbet esh Sheikh Ibrahim",
      "isModern": true,
      "stereo": "child",
      "description": "A ruin site that is one of the many proposed identifications for the ancient city of **Eshtaol**. These various candidates reflect the complex archaeological debate surrounding the exact location of the town central to the Samson narrative.",
      "koreanDescription": "고대 성읍 **에스다올**의 위치로 제안된 여러 비정지 중 한 곳입니다.\n이처럼 여러 후보지가 있다는 것은 삼손 이야기의 중심이 되는 이 성읍의 정확한 위치를 둘러싼 고고학적 논쟁이 복잡함을 시사합니다.",
      "imageTitle": "m52af08.satellite.jpg",
      "types": ["settlement"],
      "geojsonText": "{\"bbox\":[35.0158,31.7759,35.01623,31.77626],\"features\":[{\"geometry\":{\"coordinates\":[35.016015,31.77608],\"type\":\"Point\"},\"properties\":{\"geometry_credit\":\"osm\",\"id\":\"m52af08.point\",\"role\":\"point\"},\"type\":\"Feature\"},{\"geometry\":{\"coordinates\":[[[35.01602,31.77626],[35.01599,31.77626],[35.01597,31.77626],[35.01595,31.77625],[35.01593,31.77624],[35.01591,31.77624],[35.01589,31.77623],[35.01587,31.77621],[35.01586,31.7762],[35.01584,31.77619],[35.01583,31.77617],[35.01582,31.77615],[35.01581,31.77614],[35.01581,31.77612],[35.0158,31.7761],[35.0158,31.77608],[35.0158,31.77606],[35.01581,31.77604],[35.01581,31.77602],[35.01582,31.77601],[35.01583,31.77599],[35.01584,31.77597],[35.01586,31.77596],[35.01587,31.77595],[35.01589,31.77593],[35.01591,31.77592],[35.01593,31.77592],[35.01595,31.77591],[35.01597,31.7759],[35.01599,31.7759],[35.01602,31.7759],[35.01604,31.7759],[35.01606,31.7759],[35.01608,31.77591],[35.0161,31.77592],[35.01612,31.77592],[35.01614,31.77593],[35.01616,31.77595],[35.01617,31.77596],[35.01619,31.77597],[35.0162,31.77599],[35.01621,31.77601],[35.01622,31.77602],[35.01622,31.77604],[35.01623,31.77606],[35.01623,31.77608],[35.01623,31.7761],[35.01622,31.77612],[35.01622,31.77614],[35.01621,31.77615],[35.0162,31.77617],[35.01619,31.77619],[35.01617,31.7762],[35.01616,31.77621],[35.01614,31.77623],[35.01612,31.77624],[35.0161,31.77624],[35.01608,31.77625],[35.01606,31.77626],[35.01604,31.77626],[35.01602,31.77626]]],\"type\":\"Polygon\"},\"properties\":{\"id\":\"g0a4f45.precision_radius\",\"land_or_water\":\"land\",\"role\":\"precision_radius\"},\"type\":\"Feature\"}],\"metadata\":{\"class\":\"human\",\"land_or_water\":\"land\",\"name\":\"Khirbet esh Sheikh Ibrahim\",\"type\":\"settlement\"},\"type\":\"FeatureCollection\"}",
      "anotherNames": null,
      "koreanName": "키르벳 에쉬 셰이크 이브라힘",
      "anotherKoreanNames": null
    },
    {
      "id": "m322922",
      "name": "As Samu",
      "isModern": true,
      "stereo": "child",
      "description": "A large Palestinian town in the southern Judean hills, widely accepted as the site of the biblical city **Eshtemoa**. Archaeological remains, including ancient foundations, support this identification for the Levitical city.",
      "koreanDescription": "헤브론 남쪽 유다 산지에 위치한 큰 팔레스타인 마을입니다.\n고고학적 유적(고대 성벽 및 건물 기초)을 통해 성경 속 **레위 지파의 성읍 에스드모아**와 동일시되는 곳입니다.",
      "imageTitle": "m322922.if9001b.jpg",
      "types": ["settlement"],
      "geojsonText": "{\"bbox\":[35.06444,31.39854,35.06971,31.40304],\"features\":[{\"geometry\":{\"coordinates\":[35.067075,31.400792],\"type\":\"Point\"},\"properties\":{\"id\":\"m322922.point\",\"role\":\"point\"},\"type\":\"Feature\"},{\"geometry\":{\"coordinates\":[[[35.06708,31.40304],[35.0668,31.40303],[35.06653,31.40299],[35.06626,31.40293],[35.066,31.40285],[35.06576,31.40274],[35.06553,31.40261],[35.06531,31.40246],[35.06512,31.4023],[35.06494,31.40211],[35.06479,31.40192],[35.06467,31.40171],[35.06457,31.40149],[35.0645,31.40126],[35.06446,31.40103],[35.06444,31.40079],[35.06446,31.40056],[35.0645,31.40032],[35.06457,31.4001],[35.06467,31.39988],[35.06479,31.39967],[35.06494,31.39947],[35.06512,31.39929],[35.06531,31.39912],[35.06553,31.39897],[35.06576,31.39884],[35.066,31.39874],[35.06626,31.39865],[35.06653,31.39859],[35.0668,31.39856],[35.06708,31.39854],[35.06735,31.39856],[35.06762,31.39859],[35.06789,31.39865],[35.06815,31.39874],[35.06839,31.39884],[35.06862,31.39897],[35.06884,31.39912],[35.06903,31.39929],[35.06921,31.39947],[35.06936,31.39967],[35.06948,31.39988],[35.06958,31.4001],[35.06965,31.40032],[35.06969,31.40056],[35.06971,31.40079],[35.06969,31.40103],[35.06965,31.40126],[35.06958,31.40149],[35.06948,31.40171],[35.06936,31.40192],[35.06921,31.40211],[35.06903,31.4023],[35.06884,31.40246],[35.06862,31.40261],[35.06839,31.40274],[35.06815,31.40285],[35.06789,31.40293],[35.06762,31.40299],[35.06735,31.40303],[35.06708,31.40304]]],\"type\":\"Polygon\"},\"properties\":{\"id\":\"gfe8d42.precision_radius\",\"land_or_water\":\"land\",\"role\":\"precision_radius\"},\"type\":\"Feature\"}],\"metadata\":{\"class\":\"human\",\"land_or_water\":\"land\",\"name\":\"As Samu\",\"type\":\"settlement\"},\"type\":\"FeatureCollection\"}",
      "anotherNames": "Es Sam, Es Semu, Semua",
      "koreanName": "앗 사므",
      "anotherKoreanNames": "엣 삼, 엣 세무, 세무아"
    },
    {
      "id": "m825b91",
      "name": "Arak Ismain",
      "isModern": true,
      "stereo": "child",
      "description": "A cave or rock formation near the former village of Bayt Itab, considered the most likely identification for the biblical **Rock of Etam (Etam 1)**. This natural stronghold is where Samson took shelter from the Philistines.",
      "koreanDescription": "베이트 이탑 인근에 있는 바위 또는 동굴 지대로, 사사 **삼손**이 블레셋 사람들을 피해 숨었던 성경의 **'에담 바위(에담 1)'**의 가장 유력한 비정지입니다.",
      "imageTitle": "m825b91.ie411e6.jpg",
      "types": ["cave"],
      "geojsonText": "{\"bbox\":[35.0205,31.75922,35.03108,31.76821],\"features\":[{\"geometry\":{\"coordinates\":[35.025793,31.763715],\"type\":\"Point\"},\"properties\":{\"geometry_credit\":\"osm\",\"id\":\"m825b91.point\",\"role\":\"point\"},\"type\":\"Feature\"},{\"geometry\":{\"coordinates\":[[[35.02579,31.76821],[35.02524,31.76819],[35.02469,31.76811],[35.02416,31.76799],[35.02364,31.76782],[35.02315,31.76761],[35.02268,31.76735],[35.02225,31.76706],[35.02186,31.76672],[35.02151,31.76636],[35.02121,31.76596],[35.02096,31.76554],[35.02076,31.7651],[35.02062,31.76465],[35.02053,31.76418],[35.0205,31.76371],[35.02053,31.76324],[35.02062,31.76278],[35.02076,31.76233],[35.02096,31.76189],[35.02121,31.76147],[35.02151,31.76107],[35.02186,31.76071],[35.02225,31.76037],[35.02268,31.76008],[35.02315,31.75982],[35.02364,31.75961],[35.02416,31.75944],[35.02469,31.75932],[35.02524,31.75924],[35.02579,31.75922],[35.02635,31.75924],[35.02689,31.75932],[35.02743,31.75944],[35.02794,31.75961],[35.02844,31.75982],[35.0289,31.76008],[35.02933,31.76037],[35.02972,31.76071],[35.03007,31.76107],[35.03037,31.76147],[35.03062,31.76189],[35.03082,31.76233],[35.03097,31.76278],[35.03105,31.76324],[35.03108,31.76371],[35.03105,31.76418],[35.03097,31.76465],[35.03082,31.7651],[35.03062,31.76554],[35.03037,31.76596],[35.03007,31.76636],[35.02972,31.76672],[35.02933,31.76706],[35.0289,31.76735],[35.02844,31.76761],[35.02794,31.76782],[35.02743,31.76799],[35.02689,31.76811],[35.02635,31.76819],[35.02579,31.76821]]],\"type\":\"Polygon\"},\"properties\":{\"id\":\"g51d2e8.precision_radius\",\"land_or_water\":\"land\",\"role\":\"precision_radius\"},\"type\":\"Feature\"}],\"metadata\":{\"class\":\"natural\",\"land_or_water\":\"land\",\"name\":\"Arak Ismain\",\"type\":\"cave\"},\"type\":\"FeatureCollection\"}",
      "anotherNames": "Arak Ismail, Araq Isma",
      "koreanName": "아락 이스마인",
      "anotherKoreanNames": "아락 이스마일, 아라크 이스마"
    },
    {
      "id": "mc4b280",
      "name": "Bayt Itab",
      "isModern": true,
      "stereo": "child",
      "description": "A former Palestinian village in the Judean hills, whose surrounding area is associated with the location of the biblical **Rock of Etam (Etam 1)**. The village's name may also preserve an ancient toponym.",
      "koreanDescription": "유다 산지에 있던 팔레스타인 마을의 부지로, 이 주변 지역이 성경의 **'에담 바위(에담 1)'**와 관련된 장소로 비정됩니다.\n지명 자체가 고대 지명의 흔적을 담고 있을 수도 있습니다.",
      "imageTitle": "mc4b280.iafe728.jpg",
      "types": ["settlement"],
      "geojsonText": "{\"bbox\":[35.05032,31.73259,35.05561,31.737136],\"features\":[{\"geometry\":{\"coordinates\":[35.052967,31.734836],\"type\":\"Point\"},\"properties\":{\"id\":\"mc4b280.point\",\"role\":\"point\"},\"type\":\"Feature\"},{\"geometry\":{\"coordinates\":[[[35.054522,31.734543],[35.054257,31.734979],[35.054636,31.735374],[35.054619,31.735727],[35.054173,31.735924],[35.053942,31.736247],[35.054337,31.736417],[35.055046,31.736545],[35.055079,31.736996],[35.054369,31.737136],[35.053776,31.736924],[35.053314,31.736754],[35.053067,31.736486],[35.053002,31.736148],[35.052342,31.736203],[35.051781,31.736033],[35.051238,31.735483],[35.050744,31.734905],[35.050531,31.734242],[35.050912,31.733354],[35.051424,31.732791],[35.052018,31.732608],[35.052595,31.732708],[35.053155,31.733061],[35.053781,31.733428],[35.054687,31.734064],[35.054522,31.734543]]],\"type\":\"Polygon\"},\"properties\":{\"id\":\"g058450.local\",\"land_or_water\":\"land\",\"role\":\"local\"},\"type\":\"Feature\"},{\"geometry\":{\"coordinates\":[[[35.05297,31.73708],[35.05269,31.73707],[35.05242,31.73704],[35.05215,31.73697],[35.05189,31.73689],[35.05165,31.73678],[35.05141,31.73665],[35.0512,31.73651],[35.051,31.73634],[35.05083,31.73616],[35.05068,31.73596],[35.05055,31.73575],[35.05045,31.73553],[35.05038,31.7353],[35.05034,31.73507],[35.05032,31.73484],[35.05034,31.7346],[35.05038,31.73437],[35.05045,31.73414],[35.05055,31.73392],[35.05068,31.73371],[35.05083,31.73351],[35.051,31.73333],[35.0512,31.73317],[35.05141,31.73302],[35.05165,31.73289],[35.05189,31.73278],[35.05215,31.7327],[35.05242,31.73264],[35.05269,31.7326],[35.05297,31.73259],[35.05324,31.7326],[35.05352,31.73264],[35.05378,31.7327],[35.05404,31.73278],[35.05429,31.73289],[35.05452,31.73302],[35.05474,31.73317],[35.05493,31.73333],[35.05511,31.73351],[35.05526,31.73371],[35.05538,31.73392],[35.05548,31.73414],[35.05555,31.73437],[35.0556,31.7346],[35.05561,31.73484],[35.0556,31.73507],[35.05555,31.7353],[35.05548,31.73553],[35.05538,31.73575],[35.05526,31.73596],[35.05511,31.73616],[35.05493,31.73634],[35.05474,31.73651],[35.05452,31.73665],[35.05429,31.73678],[35.05404,31.73689],[35.05378,31.73697],[35.05352,31.73704],[35.05324,31.73707],[35.05297,31.73708]]],\"type\":\"Polygon\"},\"properties\":{\"id\":\"g78ccd3.precision_radius\",\"land_or_water\":\"land\",\"role\":\"precision_radius\"},\"type\":\"Feature\"}],\"metadata\":{\"class\":\"human\",\"geometry_credit\":\"Some data © OpenStreetMap contributors\",\"land_or_water\":\"land\",\"name\":\"Bayt Itab\",\"type\":\"settlement\"},\"type\":\"FeatureCollection\"}",
      "anotherNames": "Beit Atab, Beit Itab",
      "koreanName": "바이트 이탑",
      "anotherKoreanNames": "베이트 아탑, 베이트 이탑"
    },
    {
      "id": "mdeec8e",
      "name": "Khirbet el Khokh",
      "isModern": true,
      "stereo": "child",
      "description": "A ruin site that is a possible candidate for all three mentions of **Etam** in the Bible (Samson's refuge, the Simeonite town, and Rehoboam's fortress), suggesting it was a strategically important location throughout various periods.",
      "koreanDescription": "성경에 언급된 세 곳의 **에담** 지명(삼손의 피난처, 시므온 지파 성읍, 르호보암의 요새) 모두의 후보지로 제안되는 유적지입니다.\n이는 이 지역이 고대 여러 시대에 걸쳐 전략적 요충지였음을 시사합니다.",
      "imageTitle": "mdeec8e.satellite.jpg",
      "types": ["settlement"],
      "geojsonText": "{\"bbox\":[35.17778,31.68388,35.1799,31.68568],\"features\":[{\"geometry\":{\"coordinates\":[35.17884,31.68478],\"type\":\"Point\"},\"properties\":{\"id\":\"mdeec8e.point\",\"role\":\"point\"},\"type\":\"Feature\"},{\"geometry\":{\"coordinates\":[[[35.17884,31.68568],[35.17873,31.68567],[35.17862,31.68566],[35.17851,31.68564],[35.17841,31.6856],[35.17831,31.68556],[35.17822,31.68551],[35.17813,31.68545],[35.17805,31.68538],[35.17798,31.68531],[35.17792,31.68523],[35.17787,31.68515],[35.17783,31.68506],[35.17781,31.68497],[35.17779,31.68487],[35.17778,31.68478],[35.17779,31.68469],[35.17781,31.68459],[35.17783,31.6845],[35.17787,31.68441],[35.17792,31.68433],[35.17799,31.68425],[35.17805,31.68418],[35.17813,31.68411],[35.17822,31.68405],[35.17831,31.684],[35.17841,31.68396],[35.17851,31.68392],[35.17862,31.6839],[35.17873,31.68389],[35.17884,31.68388],[35.17895,31.68389],[35.17906,31.6839],[35.17917,31.68392],[35.17927,31.68396],[35.17937,31.684],[35.17946,31.68405],[35.17955,31.68411],[35.17963,31.68418],[35.17969,31.68425],[35.17976,31.68433],[35.17981,31.68441],[35.17985,31.6845],[35.17987,31.68459],[35.17989,31.68469],[35.1799,31.68478],[35.17989,31.68487],[35.17987,31.68497],[35.17985,31.68506],[35.17981,31.68515],[35.17976,31.68523],[35.1797,31.68531],[35.17963,31.68538],[35.17955,31.68545],[35.17946,31.68551],[35.17937,31.68556],[35.17927,31.6856],[35.17917,31.68564],[35.17906,31.68566],[35.17895,31.68567],[35.17884,31.68568]]],\"type\":\"Polygon\"},\"properties\":{\"id\":\"g7fa6b7.precision_radius\",\"land_or_water\":\"land\",\"role\":\"precision_radius\"},\"type\":\"Feature\"}],\"metadata\":{\"class\":\"human\",\"land_or_water\":\"land\",\"name\":\"Khirbet el Khokh\",\"type\":\"settlement\"},\"type\":\"FeatureCollection\"}",
      "anotherNames": "Khirbet al Hoh, Khirbet el Hoh, Khirbet el Khaukh, Khirbet el Khawkh",
      "koreanName": "키르벳 엘 코크",
      "anotherKoreanNames": "키르벳 알 호흐, 키르벳 엘 호흐, 키르벳 엘 카우크"
    },
    {
      "id": "mc73188",
      "name": "Tell Eton",
      "isModern": true,
      "stereo": "child",
      "description": "A prominent tell (archaeological mound) in the Shephelah (Judean foothills), considered a strong candidate for the Simeonite city of **Etam (Etam 2)**. Excavations have revealed remains from various periods, including the Iron Age.",
      "koreanDescription": "쉐펠라(유다 산기슭)에 있는 주요 고고학적 봉분(텔)으로, **시므온 지파의 성읍 에담(에담 2)**의 유력한 비정지입니다.\n발굴을 통해 철기 시대를 포함한 다양한 시대의 유적이 발견되었습니다.",
      "imageTitle": "mc73188.i8ae2ac.jpg",
      "types": ["settlement"],
      "geojsonText": "{\"bbox\":[34.92753,31.49136,34.92858,31.49226],\"features\":[{\"geometry\":{\"coordinates\":[34.928055,31.491813],\"type\":\"Point\"},\"properties\":{\"id\":\"mc73188.point\",\"role\":\"point\"},\"type\":\"Feature\"},{\"geometry\":{\"coordinates\":[[[34.92806,31.49226],[34.928,31.49226],[34.92795,31.49225],[34.92789,31.49224],[34.92784,31.49222],[34.92779,31.4922],[34.92775,31.49218],[34.9277,31.49215],[34.92766,31.49211],[34.92763,31.49208],[34.9276,31.49204],[34.92757,31.492],[34.92755,31.49195],[34.92754,31.49191],[34.92753,31.49186],[34.92753,31.49181],[34.92753,31.49177],[34.92754,31.49172],[34.92755,31.49167],[34.92757,31.49163],[34.9276,31.49159],[34.92763,31.49155],[34.92766,31.49151],[34.9277,31.49148],[34.92775,31.49145],[34.92779,31.49142],[34.92784,31.4914],[34.92789,31.49139],[34.92795,31.49137],[34.928,31.49137],[34.92806,31.49136],[34.92811,31.49137],[34.92816,31.49137],[34.92822,31.49139],[34.92827,31.4914],[34.92832,31.49142],[34.92836,31.49145],[34.92841,31.49148],[34.92845,31.49151],[34.92848,31.49155],[34.92851,31.49159],[34.92854,31.49163],[34.92856,31.49167],[34.92857,31.49172],[34.92858,31.49177],[34.92858,31.49181],[34.92858,31.49186],[34.92857,31.49191],[34.92856,31.49195],[34.92854,31.492],[34.92851,31.49204],[34.92848,31.49208],[34.92845,31.49211],[34.92841,31.49215],[34.92836,31.49218],[34.92832,31.4922],[34.92827,31.49222],[34.92822,31.49224],[34.92816,31.49225],[34.92811,31.49226],[34.92806,31.49226]]],\"type\":\"Polygon\"},\"properties\":{\"id\":\"ge1e6c5.precision_radius\",\"land_or_water\":\"land\",\"role\":\"precision_radius\"},\"type\":\"Feature\"}],\"metadata\":{\"class\":\"human\",\"land_or_water\":\"land\",\"name\":\"Tell Eton\",\"type\":\"settlement\"},\"type\":\"FeatureCollection\"}",
      "anotherNames": "Tall Eitun, Tel Aaton, Tel Eton, Tell Aitun, Tell Eitun, Tell Etun",
      "koreanName": "텔 에톤",
      "anotherKoreanNames": "탈 아이툰, 텔 아아톤, 텔 에톤, 텔 아이툰, 텔 에툰"
    }
  ],
  "relations": [
    { "parentId": "acd9498", "childId": "m9dbf94", "possibility": 25 },
    { "parentId": "acd9498", "childId": "me836d9", "possibility": 20 },
    { "parentId": "acd9498", "childId": "m61740b", "possibility": 10 },
    { "parentId": "a1230e5", "childId": "m590c60", "possibility": 55 },
    { "parentId": "a9a6f72", "childId": "m90275b", "possibility": 65 },
    { "parentId": "a9a6f72", "childId": "m590c60", "possibility": 25 },
    { "parentId": "a5db1a6", "childId": "me2d27e", "possibility": 100 },
    { "parentId": "a43608b", "childId": "maa73c2", "possibility": 50 },
    { "parentId": "a43608b", "childId": "m59af06", "possibility": 30 },
    { "parentId": "ad68510", "childId": "m322922", "possibility": 75 },
    { "parentId": "ae05348", "childId": "m825b91", "possibility": 85 },
    { "parentId": "ae05348", "childId": "mc4b280", "possibility": 10 },
    { "parentId": "ae05348", "childId": "mdeec8e", "possibility": 10 },
    { "parentId": "a47f86c", "childId": "mdeec8e", "possibility": 35 },
    { "parentId": "a47f86c", "childId": "mc73188", "possibility": 25 },
    { "parentId": "a355b6e", "childId": "m1dd2b9", "possibility": 35 },
    { "parentId": "a355b6e", "childId": "mda9727", "possibility": 20 },
    { "parentId": "a355b6e", "childId": "me1373f", "possibility": 10 },
    { "parentId": "a355b6e", "childId": "m26c176", "possibility": 10 },
    { "parentId": "a355b6e", "childId": "m52af08", "possibility": 10 },
    { "parentId": "aa21f26", "childId": "mdeec8e", "possibility": 75 }
  ],
  "total": 28
}
