{"data":[{"id":"a30e967","name":"Mount Gerizim","imageTitle":"m846c1f.ib3cda3.jpg","isModern":false,"stereo":"parent","description":"One of the two mountains (along with Mount Ebal) in the central hill country of Samaria.\nIt is known as the **Mount of Blessing** where, after crossing the Jordan, the Israelites were instructed to stand and pronounce blessings upon those who kept God's law (Deut. 11:29, 27:12).\nIt is the **holiest place for the Samaritans**, who built a temple there and continue to worship there to this day. It is also the location mentioned in the conversation between Jesus and the Samaritan woman at the well (John 4:20).","koreanDescription":"사마리아 중심 산지에 있는 두 산 중 하나(에발 산과 함께).\n이스라엘 백성이 요단강을 건넌 후, 율법을 지키는 자들에게 복을 선포하도록 지정된 **축복의 산**으로 알려져 있습니다(신명기 11:29, 27:12).\n**사마리아인들의 가장 거룩한 장소**이며, 그들은 이곳에 성전을 짓고 오늘날까지 예배를 드리고 있습니다. 예수님과 사마리아 여인의 대화(요한복음 4:20)에서 언급된 장소이기도 합니다.","verses":["Deut.11.29","Deut.27.12","Josh.8.33","Judg.9.7","John.4.20"],"placeUrl":"/geo/ancient/a30e967/mount-gerizim","identificationPaths":["/geo/modern/m846c1f"],"types":["mountain"],"unknownPlacePossibility":null,"geojsonText":"{\"features\":[{\"geometry\":{\"coordinates\":[35.272778,32.199444],\"type\":\"Point\"},\"properties\":{\"id\":\"m846c1f.point\"},\"type\":\"Feature\"}],\"metadata\":{\"name\":\"Mount Gerizim\"},\"type\":\"FeatureCollection\"}","anotherNames":null,"koreanName":"그리심 산","anotherKoreanNames":null},{"id":"acf57c5","name":"Mount Gilboa","imageTitle":"m1232ec.idf4ccb.jpg","isModern":false,"stereo":"parent","description":"A mountain range on the eastern side of the Jezreel Valley.\nIt is primarily known as the site of the **tragic battle** where **King Saul and his son Jonathan were killed** fighting against the Philistines (1 Sam. 31).\nDavid lamented over the death of Saul and Jonathan, famously cursing the mountains of Gilboa so that no rain or dew would fall upon them (2 Sam. 1:21).","koreanDescription":"이스르엘 평야 동쪽에 있는 산맥.\n주로 **사울 왕과 그의 아들 요나단이 블레셋 사람들과의 전투에서 죽임을 당한** 비극적인 **전투 장소**로 알려져 있습니다(사무엘상 31장).\n다윗은 사울과 요나단의 죽음을 애도하며, 길보아 산에 이슬이나 비가 내리지 않기를 저주하는 유명한 애가를 불렀습니다(사무엘하 1:21).","verses":["1Sam.28.4","1Sam.31.1","1Sam.31.8","2Sam.1.6","2Sam.1.21","2Sam.21.12","1Chr.10.1","1Chr.10.8"],"placeUrl":"/geo/ancient/acf57c5/mount-gilboa","identificationPaths":["/geo/modern/m1232ec"],"types":["mountain"],"unknownPlacePossibility":null,"geojsonText":"{\"features\":[{\"geometry\":{\"coordinates\":[35.414444,32.433889],\"type\":\"Point\"},\"properties\":{\"id\":\"m1232ec.point\"},\"type\":\"Feature\"}],\"metadata\":{\"name\":\"Mount Gilboa\"},\"type\":\"FeatureCollection\"}","anotherNames":null,"koreanName":"길보아 산","anotherKoreanNames":null},{"id":"a954735","name":"Mount Gilead","imageTitle":"m1232ec.idf4ccb.jpg","isModern":false,"stereo":"parent","description":"A mountain range in Transjordan (east of the Jordan River), generally associated with the region of Gilead.\nIt is mentioned specifically in the story of Judge **Gideon**, who rallied the Israelites to gather at this location before confronting the Midianites, though the exact mountain referred to is debated (Judg. 7:3).","koreanDescription":"요단강 동쪽(요단 동편)에 있는 산맥으로, 일반적으로 길르앗 지역과 관련이 있습니다.\n특별히 사사 **기드온**이 미디안 사람들과 대결하기 전에 이스라엘 사람들을 모이게 했던 장소로 언급됩니다. 다만, 여기서 언급된 산의 정확한 위치는 논쟁의 여지가 있습니다(사사기 7:3).","verses":["Judg.7.3"],"placeUrl":"/geo/ancient/a954735/mount-gilead","identificationPaths":["/geo/modern/m1232ec"],"types":["mountain"],"unknownPlacePossibility":null,"geojsonText":"{\"features\":[{\"geometry\":{\"coordinates\":[35.414444,32.433889],\"type\":\"Point\"},\"properties\":{\"id\":\"m1232ec.point\"},\"type\":\"Feature\"}],\"metadata\":{\"name\":\"Mount Gilead\"},\"type\":\"FeatureCollection\"}","anotherNames":null,"koreanName":"길르앗 산","anotherKoreanNames":null},{"id":"a11fadd","name":"Mount Halak","imageTitle":"m026471.satellite.jpg","isModern":false,"stereo":"parent","description":"A mountain mentioned as defining the **southern limit of the territory conquered by Joshua** for the Israelites, stretching up to Mount Seir (Josh. 11:17, 12:7).\nThe name 'Halak' means 'smooth' or 'bald,' possibly referring to its barren nature.","koreanDescription":"여호수아가 이스라엘 백성을 위해 **정복한 영토의 남쪽 경계**를 세일 산까지 규정하는 데 언급된 산입니다(여호수아 11:17, 12:7).\n'할락'이라는 이름은 '매끄러운' 또는 '대머리의'라는 뜻으로, 아마도 그 산의 황량한 특성을 나타내는 것일 수 있습니다.","verses":["Josh.11.17","Josh.12.7"],"placeUrl":"/geo/ancient/a11fadd/mount-halak","identificationPaths":["/geo/modern/m026471"],"types":["mountain"],"unknownPlacePossibility":null,"geojsonText":"{\"features\":[{\"geometry\":{\"coordinates\":[34.8287,30.9144],\"type\":\"Point\"},\"properties\":{\"id\":\"m026471.point\"},\"type\":\"Feature\"}],\"metadata\":{\"name\":\"Mount Halak\"},\"type\":\"FeatureCollection\"}","anotherNames":null,"koreanName":"할락 산","anotherKoreanNames":null},{"id":"aeea26d","name":"Mount Heres","imageTitle":"m7c5f02.ie52f36.jpg","isModern":false,"stereo":"parent","description":"A place associated with the tribe of Dan that the Amorites pressed against, not allowing them to come down to the plain (Judg. 1:35).\nThis site is identified by some with the modern Tel Bet Shemesh, a significant tell located in the Judean Shephelah.","koreanDescription":"아모리 사람들이 **단 지파**를 압박하여 평지로 내려오지 못하게 했던 장소입니다(사사기 1:35).\n이곳은 유다 셰펠라(저지대)에 위치한 중요한 텔(언덕)인 현대의 **텔 벳 세메쉬**와 동일시되기도 합니다.","verses":["Judg.1.35"],"placeUrl":"/geo/ancient/aeea26d/mount-heres","identificationPaths":["/geo/modern/m7c5f02","/geo/modern/mb5d722","/geo/modern/mb7457d","/geo/modern/mf620ab"],"types":["settlement"],"unknownPlacePossibility":null,"geojsonText":"{\"bbox\":[34.973443,31.7496,35.14935,31.94478],\"features\":[{\"geometry\":{\"coordinates\":[[[34.974489,31.751336],[34.973825,31.751151],[34.973506,31.750788],[34.973443,31.750495],[34.973583,31.750251],[34.973819,31.750018],[34.9741,31.749795],[34.974502,31.749665],[34.974872,31.7496],[34.975267,31.7496],[34.975656,31.749741],[34.975969,31.749904],[34.97616,31.750115],[34.976269,31.750311],[34.976345,31.750506],[34.97639,31.750761],[34.976269,31.750902],[34.976065,31.751086],[34.975777,31.751233],[34.975624,31.751347],[34.975631,31.75152],[34.975484,31.751607],[34.975203,31.751667],[34.974999,31.751667],[34.974744,31.751618],[34.974629,31.751602],[34.97454,31.751482],[34.974489,31.751336]]],\"type\":\"Polygon\"},\"properties\":{\"id\":\"ge8d2a8.geometry\",\"land_or_water\":\"land\"},\"type\":\"Feature\"},{\"geometry\":{\"coordinates\":[34.974744,31.750621],\"type\":\"Point\"},\"properties\":{\"id\":\"m7c5f02.point\"},\"type\":\"Feature\"},{\"geometry\":{\"coordinates\":[35.024355,31.816813],\"type\":\"Point\"},\"properties\":{\"id\":\"mb5d722.point\"},\"type\":\"Feature\"},{\"geometry\":{\"coordinates\":[35.04917,31.8269],\"type\":\"Point\"},\"properties\":{\"id\":\"mb7457d.point\"},\"type\":\"Feature\"},{\"geometry\":{\"coordinates\":[35.14935,31.94478],\"type\":\"Point\"},\"properties\":{\"id\":\"mf620ab.point\"},\"type\":\"Feature\"}],\"metadata\":{\"geometry_credit\":\"Some data © OpenStreetMap contributors\",\"name\":\"Mount Heres\"},\"type\":\"FeatureCollection\"}","anotherNames":null,"koreanName":"헤레스 산","anotherKoreanNames":null},{"id":"a341fe8","name":"Mount Hermon","imageTitle":"mc78c4d.i2be58f.jpg","isModern":false,"stereo":"parent","description":"A large mountain mass at the **northern extremity of the promised land** and the eastern boundary of Manasseh's territory in Bashan.\nIt is renowned for its **high peaks, heavy dew, and snow-fed streams**, which were seen as a source of blessing and vitality for the land (Ps. 133:3, Song 4:8).\nIts various ancient names are recorded, such as **Sirion** by the Sidonians and **Senir** by the Amorites (Deut. 3:9).","koreanDescription":"약속된 땅의 **북쪽 끝**과 바산에 있는 므낫세 지파 영토의 동쪽 경계를 이루는 거대한 산맥입니다.\n**높은 봉우리, 풍부한 이슬, 눈이 녹아 흐르는 시냇물**로 유명하며, 이스라엘 땅에 축복과 활력을 주는 근원으로 여겨졌습니다(시편 133:3, 아가 4:8).\n시돈 사람들은 **시리온**으로, 아모리 사람들은 **스닐**로 불렀던 다양한 고대 이름이 기록되어 있습니다(신명기 3:9).","verses":["Deut.3.8","Deut.3.9","Deut.4.48","Josh.11.3","Josh.11.17","Josh.12.1","Josh.12.5","Josh.13.5","Josh.13.11","1Chr.5.23","Ps.29.6","Ps.42.6","Ps.89.12","Ps.133.3","Song.4.8","Jer.18.14"],"placeUrl":"/geo/ancient/a341fe8/mount-hermon","identificationPaths":["/geo/modern/mc78c4d"],"types":["mountain"],"unknownPlacePossibility":null,"geojsonText":"{\"features\":[{\"geometry\":{\"coordinates\":[35.85,33.4],\"type\":\"Point\"},\"properties\":{\"id\":\"mc78c4d.point\"},\"type\":\"Feature\"}],\"metadata\":{\"name\":\"Mount Hermon\"},\"type\":\"FeatureCollection\"}","anotherNames":null,"koreanName":"헤르몬 산","anotherKoreanNames":null},{"id":"ad8027f","name":"Mount Hor 1","imageTitle":"m700b87.i3023ba.jpg","isModern":false,"stereo":"parent","description":"A prominent mountain on the border of Edom, located near the wilderness of Zin.\nIt is the place where **Aaron, the brother of Moses, died** and was buried, after Moses and Eleazar stripped him of his priestly garments and Eleazar was vested in them (Num. 20:22-29).","koreanDescription":"신 광야 근처에 위치한 에돔 경계의 중요한 산입니다.\n이곳은 **모세의 형 아론이 죽어 장사된 곳**으로, 아론이 그의 아들 엘르아살에게 제사장 의복을 물려준 후 세상을 떠났습니다(민수기 20:22-29).","verses":["Num.20.22","Num.20.23","Num.20.25","Num.20.27","Num.21.4","Num.33.37","Num.33.38","Num.33.39","Num.33.41","Deut.32.50"],"placeUrl":"/geo/ancient/ad8027f/mount-hor-1","identificationPaths":["/geo/modern/m700b87","/geo/modern/m2564c2","/geo/modern/ma33762","/geo/modern/mabd3be","/geo/modern/m8dec05"],"types":["mountain"],"unknownPlacePossibility":null,"geojsonText":"{\"bbox\":[34.43891,30.317,35.407,30.832057],\"features\":[{\"geometry\":{\"coordinates\":[34.52912,30.76517],\"type\":\"Point\"},\"properties\":{\"id\":\"m2564c2.point\"},\"type\":\"Feature\"},{\"geometry\":{\"coordinates\":[35.056872,30.832057],\"type\":\"Point\"},\"properties\":{\"id\":\"m700b87.point\"},\"type\":\"Feature\"},{\"geometry\":{\"coordinates\":[35.407,30.317],\"type\":\"Point\"},\"properties\":{\"id\":\"m8dec05.point\"},\"type\":\"Feature\"},{\"geometry\":{\"coordinates\":[34.43891,30.74704],\"type\":\"Point\"},\"properties\":{\"id\":\"ma33762.point\"},\"type\":\"Feature\"},{\"geometry\":{\"coordinates\":[34.56261,30.68306],\"type\":\"Point\"},\"properties\":{\"id\":\"mabd3be.point\"},\"type\":\"Feature\"}],\"metadata\":{\"name\":\"Mount Hor 1\"},\"type\":\"FeatureCollection\"}","anotherNames":null,"koreanName":"호르 산 1","anotherKoreanNames":null},{"id":"a62fa2d","name":"Mount Hor 2","imageTitle":"mc78c4d.i2be58f.jpg","isModern":false,"stereo":"parent","description":"A northern mountain mentioned as part of the **northern border of the promised land** in the time of Moses, marking the boundary for the tribes of Israel (Num. 34:7-8).\nThis location is distinct from the southern Mount Hor where Aaron died (Mount Hor 1).","koreanDescription":"모세 시대에 이스라엘 지파들의 경계를 표시하는 **약속된 땅의 북쪽 경계선**의 일부로 언급된 북쪽 산입니다(민수기 34:7-8).\n이곳은 아론이 죽은 남쪽 호르 산(호르 산 1)과는 다른 장소입니다.","verses":["Num.34.7","Num.34.8"],"placeUrl":"/geo/ancient/a62fa2d/mount-hor-2","identificationPaths":["/geo/modern/mc78c4d","/geo/modern/mec700a","/geo/modern/m656236"],"types":["mountain"],"unknownPlacePossibility":null,"geojsonText":"{\"bbox\":[35.69167,33.4,36.216667,34.416667],\"features\":[{\"geometry\":{\"coordinates\":[35.69167,34.3075],\"type\":\"Point\"},\"properties\":{\"id\":\"m656236.point\"},\"type\":\"Feature\"},{\"geometry\":{\"coordinates\":[35.85,33.4],\"type\":\"Point\"},\"properties\":{\"id\":\"mc78c4d.point\"},\"type\":\"Feature\"},{\"geometry\":{\"coordinates\":[36.216667,34.416667],\"type\":\"Point\"},\"properties\":{\"id\":\"mec700a.point\"},\"type\":\"Feature\"}],\"metadata\":{\"name\":\"Mount Hor 2\"},\"type\":\"FeatureCollection\"}","anotherNames":null,"koreanName":"호르 산 2","anotherKoreanNames":null},{"id":"a9bb03e","name":"Mount Horeb","imageTitle":"mb374b4.ia1f6fd.jpg","isModern":false,"stereo":"parent","description":"Also known as **Mount Sinai**, the place where **Moses saw the burning bush** and received his commission (Exod. 3:1).\nIt is most famous as the location where **God gave the Ten Commandments** and the Law to the Israelites after their Exodus from Egypt (Exod. 17:6, Deut. 4:10).\nIt is also called 'the mountain of God' (1 Kgs. 19:8).","koreanDescription":"또한 **시내 산**으로도 알려져 있으며, **모세가 떨기나무 불꽃을 보고** 소명을 받은 장소입니다(출애굽기 3:1).\n가장 유명한 것은 이집트 탈출 후 **하나님께서 이스라엘 백성에게 십계명과 율법을 주신** 장소라는 점입니다(출애굽기 17:6, 신명기 4:10).\n'하나님의 산'이라고도 불립니다(열왕기상 19:8).","verses":["Exod.3.1","Exod.17.6","Exod.33.6","Deut.1.2","Deut.1.6","Deut.1.19","Deut.4.10","Deut.4.15","Deut.5.2","Deut.9.8","Deut.18.16","Deut.29.1","1Kgs.8.9","1Kgs.19.8","2Chr.5.10","Ps.106.19","Mal.4.4"],"placeUrl":"/geo/ancient/a9bb03e/mount-horeb","identificationPaths":["/geo/modern/mb374b4","/geo/modern/m0cc900","/geo/modern/m1bfeb1","/geo/modern/m5e6c65","/geo/modern/mb78572","/geo/modern/me89f58","/geo/modern/m0c2d62","/geo/modern/m91f093","/geo/modern/mad096a","/geo/modern/m582106","/geo/modern/mb43cbb","/geo/modern/m4d1277","/geo/modern/m3cf986","/geo/modern/mee86ac"],"types":["mountain"],"unknownPlacePossibility":null,"geojsonText":"{\"bbox\":[32.961,27.9607,35.6572,30.702222],\"features\":[{\"geometry\":{\"coordinates\":[34.633411,29.669217],\"type\":\"Point\"},\"properties\":{\"id\":\"m0c2d62.point\"},\"type\":\"Feature\"},{\"geometry\":{\"coordinates\":[34.75,30.283333],\"type\":\"Point\"},\"properties\":{\"id\":\"m0cc900.point\"},\"type\":\"Feature\"},{\"geometry\":{\"coordinates\":[32.961,29.671],\"type\":\"Point\"},\"properties\":{\"id\":\"m1bfeb1.point\"},\"type\":\"Feature\"},{\"geometry\":{\"coordinates\":[35.2925,28.3405],\"type\":\"Point\"},\"properties\":{\"id\":\"m3cf986.point\"},\"type\":\"Feature\"},{\"geometry\":{\"coordinates\":[35.305833,28.654167],\"type\":\"Point\"},\"properties\":{\"id\":\"m4d1277.point\"},\"type\":\"Feature\"},{\"geometry\":{\"coordinates\":[33.523056,30.351111],\"type\":\"Point\"},\"properties\":{\"id\":\"m582106.point\"},\"type\":\"Feature\"},{\"geometry\":{\"coordinates\":[33.967222,28.555556],\"type\":\"Point\"},\"properties\":{\"id\":\"m5e6c65.point\"},\"type\":\"Feature\"},{\"geometry\":{\"coordinates\":[34.028889,30.653056],\"type\":\"Point\"},\"properties\":{\"id\":\"m91f093.point\"},\"type\":\"Feature\"},{\"geometry\":{\"coordinates\":[33.376667,30.702222],\"type\":\"Point\"},\"properties\":{\"id\":\"mad096a.point\"},\"type\":\"Feature\"},{\"geometry\":{\"coordinates\":[33.973333,28.539722],\"type\":\"Point\"},\"properties\":{\"id\":\"mb374b4.point\"},\"type\":\"Feature\"},{\"geometry\":{\"coordinates\":[34.7334,30.4265],\"type\":\"Point\"},\"properties\":{\"id\":\"mb43cbb.point\"},\"type\":\"Feature\"},{\"geometry\":{\"coordinates\":[33.651667,28.646389],\"type\":\"Point\"},\"properties\":{\"id\":\"mb78572.point\"},\"type\":\"Feature\"},{\"geometry\":{\"coordinates\":[33.955278,28.510833],\"type\":\"Point\"},\"properties\":{\"id\":\"me89f58.point\"},\"type\":\"Feature\"},{\"geometry\":{\"coordinates\":[35.6572,27.9607],\"type\":\"Point\"},\"properties\":{\"id\":\"mee86ac.point\"},\"type\":\"Feature\"}],\"metadata\":{\"name\":\"Mount Horeb\"},\"type\":\"FeatureCollection\"}","anotherNames":null,"koreanName":"호렙 산","anotherKoreanNames":null},{"id":"a3587ba","name":"Mount Jearim","imageTitle":"mb905e4.satellite.jpg","isModern":false,"stereo":"parent","description":"A mountain located on the **northern border of the territory allocated to the tribe of Judah** (Josh. 15:10).\nIt is mentioned as part of the boundary line stretching from Mount Seir to the north side of Chesalon.","koreanDescription":"**유다 지파에게 할당된 영토의 북쪽 경계**에 위치한 산입니다(여호수아 15:10).\n세일 산에서 그살론 북쪽 경계까지 뻗어 있는 경계선의 일부로 언급됩니다.","verses":["Josh.15.10"],"placeUrl":"/geo/ancient/a3587ba/mount-jearim","identificationPaths":["/geo/modern/mb905e4"],"types":["mountain"],"unknownPlacePossibility":null,"geojsonText":"{\"bbox\":[35.04053,31.77212,35.06169,31.7901],\"features\":[{\"geometry\":{\"coordinates\":[[[35.05111,31.7901],[35.05001,31.79005],[35.04891,31.78991],[35.04784,31.78966],[35.04681,31.78933],[35.04582,31.7889],[35.04489,31.78839],[35.04403,31.78779],[35.04325,31.78713],[35.04255,31.7864],[35.04195,31.78561],[35.04145,31.78477],[35.04105,31.78389],[35.04076,31.78298],[35.04059,31.78205],[35.04053,31.78111],[35.04059,31.78017],[35.04076,31.77924],[35.04105,31.77833],[35.04145,31.77745],[35.04195,31.77661],[35.04255,31.77582],[35.04325,31.77509],[35.04403,31.77443],[35.04489,31.77384],[35.04582,31.77332],[35.04681,31.7729],[35.04784,31.77256],[35.04891,31.77231],[35.05001,31.77217],[35.05111,31.77212],[35.05222,31.77217],[35.05331,31.77231],[35.05438,31.77256],[35.05541,31.7729],[35.0564,31.77332],[35.05733,31.77384],[35.05819,31.77443],[35.05897,31.77509],[35.05967,31.77582],[35.06027,31.77661],[35.06078,31.77745],[35.06117,31.77833],[35.06146,31.77924],[35.06163,31.78017],[35.06169,31.78111],[35.06163,31.78205],[35.06146,31.78298],[35.06117,31.78389],[35.06078,31.78477],[35.06027,31.78561],[35.05967,31.7864],[35.05897,31.78713],[35.05819,31.78779],[35.05733,31.78839],[35.0564,31.7889],[35.05541,31.78933],[35.05438,31.78966],[35.05331,31.78991],[35.05222,31.79005],[35.05111,31.7901]]],\"type\":\"Polygon\"},\"properties\":{\"id\":\"g906b0a.geometry\",\"land_or_water\":\"land\"},\"type\":\"Feature\"},{\"geometry\":{\"coordinates\":[35.051111,31.781111],\"type\":\"Point\"},\"properties\":{\"id\":\"mb905e4.1000m\"},\"type\":\"Feature\"}],\"metadata\":{\"name\":\"Mount Jearim\"},\"type\":\"FeatureCollection\"}","anotherNames":null,"koreanName":"여아림 산","anotherKoreanNames":null},{"id":"m846c1f","name":"Mount Gerizim","isModern":true,"stereo":"child","description":"The modern name for the biblical Mount Gerizim, located near the city of **Nablus** (ancient Shechem) in the West Bank.\nIt is one of the highest peaks in the West Bank (881m) and remains the **holiest site for the Samaritans**, who still live on its ridge.","koreanDescription":"요르단강 서안 지구의 **나블루스** (고대 세겜) 시 근처에 위치한 성경의 그리심 산에 해당하는 현대 지명입니다.\n서안 지구에서 가장 높은 봉우리 중 하나(881m)이며, 능선에 거주하는 **사마리아인들에게는 여전히 가장 거룩한 장소**입니다.","imageTitle":"m846c1f.ib3cda3.jpg","types":["mountain"],"geojsonText":"{\"bbox\":[35.26215,32.19045,35.28341,32.20844],\"features\":[{\"geometry\":{\"coordinates\":[35.272778,32.199444],\"type\":\"Point\"},\"properties\":{\"id\":\"m846c1f.point\",\"role\":\"point\"},\"type\":\"Feature\"},{\"geometry\":{\"coordinates\":[[[35.27278,32.20844],[35.27167,32.20839],[35.27057,32.20824],[35.26949,32.208],[35.26845,32.20766],[35.26746,32.20723],[35.26653,32.20672],[35.26567,32.20613],[35.26488,32.20546],[35.26418,32.20473],[35.26357,32.20394],[35.26307,32.2031],[35.26267,32.20222],[35.26238,32.20131],[35.26221,32.20038],[35.26215,32.19944],[35.26221,32.1985],[35.26238,32.19757],[35.26267,32.19666],[35.26307,32.19579],[35.26357,32.19495],[35.26418,32.19416],[35.26488,32.19343],[35.26567,32.19276],[35.26653,32.19217],[35.26746,32.19166],[35.26846,32.19123],[35.26949,32.19089],[35.27057,32.19065],[35.27167,32.1905],[35.27278,32.19045],[35.27389,32.1905],[35.27499,32.19065],[35.27606,32.19089],[35.2771,32.19123],[35.27809,32.19166],[35.27902,32.19217],[35.27989,32.19276],[35.28068,32.19343],[35.28138,32.19416],[35.28198,32.19495],[35.28249,32.19579],[35.28289,32.19666],[35.28317,32.19757],[35.28335,32.1985],[35.28341,32.19944],[35.28335,32.20038],[35.28317,32.20131],[35.28289,32.20222],[35.28249,32.2031],[35.28198,32.20394],[35.28138,32.20473],[35.28068,32.20546],[35.27989,32.20613],[35.27903,32.20672],[35.27809,32.20723],[35.2771,32.20766],[35.27606,32.208],[35.27499,32.20824],[35.27389,32.20839],[35.27278,32.20844]]],\"type\":\"Polygon\"},\"properties\":{\"id\":\"g5e8e0a.precision_radius\",\"land_or_water\":\"land\",\"role\":\"precision_radius\"},\"type\":\"Feature\"}],\"metadata\":{\"class\":\"natural\",\"land_or_water\":\"land\",\"name\":\"Mount Gerizim\",\"type\":\"mountain\"},\"type\":\"FeatureCollection\"}","anotherNames":"Jabal at Tur, Jebel et Tor, Jebel et Tur","koreanName":"그리심 산","anotherKoreanNames":"자발 앗 투르, 제벨 엣 토르, 제벨 엣 투르"},{"id":"m1232ec","name":"Mount Gilboa","isModern":true,"stereo":"child","description":"The modern name for the biblical Mount Gilboa, a mountain range in Israel's **Lower Galilee**, bordering the Jezreel Valley.\nIt is known today for its **natural reserves and scenic landscapes**, providing a stark contrast to the historical tragedy associated with it in the Bible.","koreanDescription":"이스라엘의 **하부 갈릴리**에 위치하며 이스르엘 평야와 접해 있는 성경 속 길보아 산에 해당하는 현대 지명입니다.\n오늘날은 **자연 보호 구역과 아름다운 경치**로 알려져 있어, 성경에 기록된 비극적인 역사와는 대조적입니다.","imageTitle":"m1232ec.idf4ccb.jpg","types":["mountain"],"geojsonText":"{\"bbox\":[35.40379,32.4249,35.4251,32.44288],\"features\":[{\"geometry\":{\"coordinates\":[35.414444,32.433889],\"type\":\"Point\"},\"properties\":{\"id\":\"m1232ec.point\",\"role\":\"point\"},\"type\":\"Feature\"},{\"geometry\":{\"coordinates\":[[[35.41444,32.44288],[35.41333,32.44283],[35.41223,32.44269],[35.41115,32.44244],[35.41011,32.4421],[35.40912,32.44168],[35.40818,32.44116],[35.40731,32.44057],[35.40653,32.43991],[35.40582,32.43917],[35.40522,32.43839],[35.40471,32.43755],[35.40431,32.43667],[35.40402,32.43576],[35.40385,32.43483],[35.40379,32.43389],[35.40385,32.43295],[35.40402,32.43202],[35.40431,32.43111],[35.40471,32.43023],[35.40522,32.42939],[35.40582,32.4286],[35.40653,32.42787],[35.40731,32.42721],[35.40818,32.42661],[35.40912,32.4261],[35.41011,32.42567],[35.41115,32.42534],[35.41223,32.42509],[35.41333,32.42495],[35.41444,32.4249],[35.41556,32.42495],[35.41666,32.42509],[35.41774,32.42534],[35.41878,32.42567],[35.41977,32.4261],[35.42071,32.42661],[35.42157,32.42721],[35.42236,32.42787],[35.42306,32.4286],[35.42367,32.42939],[35.42418,32.43023],[35.42458,32.43111],[35.42487,32.43202],[35.42504,32.43295],[35.4251,32.43389],[35.42504,32.43483],[35.42487,32.43576],[35.42458,32.43667],[35.42418,32.43755],[35.42367,32.43839],[35.42306,32.43917],[35.42236,32.43991],[35.42157,32.44057],[35.42071,32.44116],[35.41977,32.44168],[35.41878,32.4421],[35.41774,32.44244],[35.41666,32.44269],[35.41556,32.44283],[35.41444,32.44288]]],\"type\":\"Polygon\"},\"properties\":{\"id\":\"g81509f.precision_radius\",\"land_or_water\":\"land\",\"role\":\"precision_radius\"},\"type\":\"Feature\"}],\"metadata\":{\"class\":\"natural\",\"land_or_water\":\"land\",\"name\":\"Mount Gilboa\",\"type\":\"mountain\"},\"type\":\"FeatureCollection\"}","anotherNames":"Jebel Faqqua, Jebel Fuquah","koreanName":"길보아 산","anotherKoreanNames":"제벨 파꾸아, 제벨 푸꾸아"},{"id":"m026471","name":"Jebel Halaq","isModern":true,"stereo":"child","description":"An Arabic name for a ridge in the **central Negev desert of Israel**, southwest of the Arabah.\nIt is a candidate for the biblical Mount Halak, which marked the southern extent of Joshua's conquest.","koreanDescription":"이스라엘 **네게브 사막 중앙부**에 있는 한 능선의 아랍어 이름으로, 아라바 남서쪽에 위치합니다.\n이는 여호수아 정복의 남쪽 경계를 표시했던 성경의 할락 산의 후보지 중 하나입니다.","imageTitle":"m026471.satellite.jpg","types":["mountain"],"geojsonText":"{\"bbox\":[34.81822,30.90541,34.83918,30.92339],\"features\":[{\"geometry\":{\"coordinates\":[34.8287,30.9144],\"type\":\"Point\"},\"properties\":{\"id\":\"m026471.point\",\"role\":\"point\"},\"type\":\"Feature\"},{\"geometry\":{\"coordinates\":[[[34.8287,30.92339],[34.8276,30.92334],[34.82652,30.9232],[34.82546,30.92295],[34.82444,30.92262],[34.82346,30.92219],[34.82254,30.92168],[34.82169,30.92108],[34.82091,30.92042],[34.82022,30.91969],[34.81962,30.9189],[34.81912,30.91806],[34.81873,30.91718],[34.81845,30.91627],[34.81827,30.91534],[34.81822,30.9144],[34.81828,30.91346],[34.81845,30.91253],[34.81873,30.91162],[34.81912,30.91074],[34.81962,30.9099],[34.82022,30.90911],[34.82091,30.90838],[34.82169,30.90772],[34.82254,30.90712],[34.82346,30.90661],[34.82444,30.90618],[34.82546,30.90585],[34.82652,30.9056],[34.8276,30.90546],[34.8287,30.90541],[34.8298,30.90546],[34.83088,30.9056],[34.83194,30.90585],[34.83296,30.90618],[34.83394,30.90661],[34.83486,30.90712],[34.83571,30.90772],[34.83649,30.90838],[34.83718,30.90911],[34.83778,30.9099],[34.83828,30.91074],[34.83867,30.91162],[34.83895,30.91253],[34.83912,30.91346],[34.83918,30.9144],[34.83913,30.91534],[34.83895,30.91627],[34.83867,30.91718],[34.83828,30.91806],[34.83778,30.9189],[34.83718,30.91969],[34.83649,30.92042],[34.83571,30.92108],[34.83486,30.92168],[34.83394,30.92219],[34.83296,30.92262],[34.83194,30.92295],[34.83088,30.9232],[34.8298,30.92334],[34.8287,30.92339]]],\"type\":\"Polygon\"},\"properties\":{\"id\":\"g03647a.precision_radius\",\"land_or_water\":\"land\",\"role\":\"precision_radius\"},\"type\":\"Feature\"}],\"metadata\":{\"class\":\"natural\",\"land_or_water\":\"land\",\"name\":\"Jebel Halaq\",\"type\":\"mountain\"},\"type\":\"FeatureCollection\"}","anotherNames":"Har Haluqim","koreanName":"제벨 할라크","anotherKoreanNames":"하르 할루킴"},{"id":"m7c5f02","name":"Tel Bet Shemesh","isModern":true,"stereo":"child","description":"A significant archaeological tell (mound) in the **Judean Shephelah** (lowlands) in Israel, near the modern city of Beit Shemesh.\nIt is one of the candidates for the biblical Mount Heres (or the town of Heres), a location where the Amorites restricted the tribe of Dan.","koreanDescription":"이스라엘의 **유다 셰펠라** (저지대)에 있는 중요한 고고학적 텔(언덕)로, 현대 도시 벳 셰메쉬 근처에 있습니다.\n아모리 사람들이 단 지파를 막았던 성경의 헤레스 산(또는 헤레스 성읍)의 후보지 중 하나입니다.","imageTitle":"m7c5f02.ie52f36.jpg","types":["settlement"],"geojsonText":"{\"bbox\":[34.973443,31.7496,34.97639,31.751667],\"features\":[{\"geometry\":{\"coordinates\":[34.974744,31.750621],\"type\":\"Point\"},\"properties\":{\"id\":\"m7c5f02.point\",\"role\":\"point\"},\"type\":\"Feature\"},{\"geometry\":{\"coordinates\":[[[34.974489,31.751336],[34.973825,31.751151],[34.973506,31.750788],[34.973443,31.750495],[34.973583,31.750251],[34.973819,31.750018],[34.9741,31.749795],[34.974502,31.749665],[34.974872,31.7496],[34.975267,31.7496],[34.975656,31.749741],[34.975969,31.749904],[34.97616,31.750115],[34.976269,31.750311],[34.976345,31.750506],[34.97639,31.750761],[34.976269,31.750902],[34.976065,31.751086],[34.975777,31.751233],[34.975624,31.751347],[34.975631,31.75152],[34.975484,31.751607],[34.975203,31.751667],[34.974999,31.751667],[34.974744,31.751618],[34.974629,31.751602],[34.97454,31.751482],[34.974489,31.751336]]],\"type\":\"Polygon\"},\"properties\":{\"id\":\"ge8d2a8.local\",\"land_or_water\":\"land\",\"role\":\"local\"},\"type\":\"Feature\"},{\"geometry\":{\"coordinates\":[[[34.97474,31.75107],[34.97469,31.75107],[34.97463,31.75106],[34.97458,31.75105],[34.97453,31.75103],[34.97448,31.75101],[34.97443,31.75098],[34.97439,31.75096],[34.97435,31.75092],[34.97432,31.75089],[34.97429,31.75085],[34.97426,31.7508],[34.97424,31.75076],[34.97423,31.75071],[34.97422,31.75067],[34.97422,31.75062],[34.97422,31.75057],[34.97423,31.75053],[34.97424,31.75048],[34.97426,31.75044],[34.97429,31.7504],[34.97432,31.75036],[34.97435,31.75032],[34.97439,31.75029],[34.97443,31.75026],[34.97448,31.75023],[34.97453,31.75021],[34.97458,31.75019],[34.97463,31.75018],[34.97469,31.75017],[34.97474,31.75017],[34.9748,31.75017],[34.97485,31.75018],[34.97491,31.75019],[34.97496,31.75021],[34.97501,31.75023],[34.97505,31.75026],[34.9751,31.75029],[34.97514,31.75032],[34.97517,31.75036],[34.9752,31.7504],[34.97523,31.75044],[34.97525,31.75048],[34.97526,31.75053],[34.97527,31.75057],[34.97527,31.75062],[34.97527,31.75067],[34.97526,31.75071],[34.97525,31.75076],[34.97523,31.7508],[34.9752,31.75085],[34.97517,31.75089],[34.97514,31.75092],[34.9751,31.75096],[34.97505,31.75098],[34.97501,31.75101],[34.97496,31.75103],[34.97491,31.75105],[34.97485,31.75106],[34.9748,31.75107],[34.97474,31.75107]]],\"type\":\"Polygon\"},\"properties\":{\"id\":\"ga19e4d.precision_radius\",\"land_or_water\":\"land\",\"role\":\"precision_radius\"},\"type\":\"Feature\"}],\"metadata\":{\"class\":\"human\",\"geometry_credit\":\"Some data © OpenStreetMap contributors\",\"land_or_water\":\"land\",\"name\":\"Tel Bet Shemesh\",\"type\":\"settlement\"},\"type\":\"FeatureCollection\"}","anotherNames":"Khirbet Bir er Rumeila, Khirbet Ein Shams, Khirbet Rumeila, Tell er Rumeileh","koreanName":"텔 벳 세메쉬","anotherKoreanNames":"키르벳 비르 에르 루메일라, 키르벳 아인 샴스, 키르벳 루메일라, 텔 에르 루메일레"},{"id":"mb5d722","name":"Khirbet Harsis","isModern":true,"stereo":"child","description":"A ruin site (`Khirbet`) which is one of the minor candidates for the biblical Mount Heres, although its identification is less certain than Tel Bet Shemesh.","koreanDescription":"성경의 헤레스 산 후보지 중 하나인 폐허 유적지(`Khirbet`)입니다. 텔 벳 세메쉬보다 그 동일시 가능성이 낮습니다.","imageTitle":"mb5d722.satellite.jpg","types":["settlement"],"geojsonText":"{\"bbox\":[35.0233,31.81591,35.02541,31.81771],\"features\":[{\"geometry\":{\"coordinates\":[35.024355,31.816813],\"type\":\"Point\"},\"properties\":{\"geometry_credit\":\"osm\",\"id\":\"mb5d722.point\",\"role\":\"point\"},\"type\":\"Feature\"},{\"geometry\":{\"coordinates\":[[[35.02436,31.81771],[35.02424,31.81771],[35.02413,31.81769],[35.02403,31.81767],[35.02392,31.81763],[35.02383,31.81759],[35.02373,31.81754],[35.02365,31.81748],[35.02357,31.81741],[35.0235,31.81734],[35.02344,31.81726],[35.02339,31.81718],[35.02335,31.81709],[35.02332,31.817],[35.0233,31.81691],[35.0233,31.81681],[35.0233,31.81672],[35.02332,31.81663],[35.02335,31.81654],[35.02339,31.81645],[35.02344,31.81636],[35.0235,31.81628],[35.02357,31.81621],[35.02365,31.81614],[35.02373,31.81609],[35.02383,31.81603],[35.02392,31.81599],[35.02403,31.81596],[35.02413,31.81593],[35.02424,31.81592],[35.02436,31.81591],[35.02447,31.81592],[35.02458,31.81593],[35.02468,31.81596],[35.02479,31.81599],[35.02488,31.81603],[35.02498,31.81609],[35.02506,31.81614],[35.02514,31.81621],[35.02521,31.81628],[35.02527,31.81636],[35.02532,31.81645],[35.02536,31.81654],[35.02539,31.81663],[35.02541,31.81672],[35.02541,31.81681],[35.02541,31.81691],[35.02539,31.817],[35.02536,31.81709],[35.02532,31.81718],[35.02527,31.81726],[35.02521,31.81734],[35.02514,31.81741],[35.02506,31.81748],[35.02498,31.81754],[35.02488,31.81759],[35.02479,31.81763],[35.02468,31.81767],[35.02458,31.81769],[35.02447,31.81771],[35.02436,31.81771]]],\"type\":\"Polygon\"},\"properties\":{\"id\":\"g11f559.precision_radius\",\"land_or_water\":\"land\",\"role\":\"precision_radius\"},\"type\":\"Feature\"}],\"metadata\":{\"class\":\"human\",\"land_or_water\":\"land\",\"name\":\"Khirbet Harsis\",\"type\":\"settlement\"},\"type\":\"FeatureCollection\"}","anotherNames":null,"koreanName":"키르벳 하르시스","anotherKoreanNames":null},{"id":"mb7457d","name":"Khirbet Hirsha","isModern":true,"stereo":"child","description":"A ruin site (`Khirbet`) that has been suggested as another possible location for the biblical Mount Heres.","koreanDescription":"성경의 헤레스 산으로 제안된 또 다른 폐허 유적지(`Khirbet`)입니다.","imageTitle":"mb7457d.i864991.jpg","types":["settlement"],"geojsonText":"{\"bbox\":[35.04864,31.82645,35.0497,31.82735],\"features\":[{\"geometry\":{\"coordinates\":[35.04917,31.8269],\"type\":\"Point\"},\"properties\":{\"id\":\"mb7457d.point\",\"role\":\"point\"},\"type\":\"Feature\"},{\"geometry\":{\"coordinates\":[[[35.04917,31.82735],[35.04911,31.82735],[35.04906,31.82734],[35.04901,31.82733],[35.04895,31.82731],[35.04891,31.82729],[35.04886,31.82726],[35.04882,31.82723],[35.04878,31.8272],[35.04874,31.82716],[35.04871,31.82712],[35.04869,31.82708],[35.04867,31.82704],[35.04865,31.82699],[35.04864,31.82695],[35.04864,31.8269],[35.04864,31.82685],[35.04865,31.82681],[35.04867,31.82676],[35.04869,31.82672],[35.04871,31.82668],[35.04874,31.82664],[35.04878,31.8266],[35.04882,31.82657],[35.04886,31.82654],[35.04891,31.82651],[35.04895,31.82649],[35.04901,31.82647],[35.04906,31.82646],[35.04911,31.82645],[35.04917,31.82645],[35.04923,31.82645],[35.04928,31.82646],[35.04933,31.82647],[35.04939,31.82649],[35.04943,31.82651],[35.04948,31.82654],[35.04952,31.82657],[35.04956,31.8266],[35.0496,31.82664],[35.04963,31.82668],[35.04965,31.82672],[35.04967,31.82676],[35.04969,31.82681],[35.0497,31.82685],[35.0497,31.8269],[35.0497,31.82695],[35.04969,31.82699],[35.04967,31.82704],[35.04965,31.82708],[35.04963,31.82712],[35.0496,31.82716],[35.04956,31.8272],[35.04952,31.82723],[35.04948,31.82726],[35.04943,31.82729],[35.04939,31.82731],[35.04933,31.82733],[35.04928,31.82734],[35.04923,31.82735],[35.04917,31.82735]]],\"type\":\"Polygon\"},\"properties\":{\"id\":\"ge9fc3e.precision_radius\",\"land_or_water\":\"land\",\"role\":\"precision_radius\"},\"type\":\"Feature\"}],\"metadata\":{\"class\":\"human\",\"land_or_water\":\"land\",\"name\":\"Khirbet Hirsha\",\"type\":\"settlement\"},\"type\":\"FeatureCollection\"}","anotherNames":"Hirsha, Horbat Horesh","koreanName":"키르벳 히르샤","anotherKoreanNames":"히르샤, 호르바트 호레쉬"},{"id":"mf620ab","name":"Batn Harasheh","isModern":true,"stereo":"child","description":"A prominent hill northeast of Aijalon, considered by some scholars as a candidate for the biblical Mount Heres.","koreanDescription":"아이얄론 북동쪽에 있는 눈에 띄는 언덕으로, 일부 학자들은 이를 성경의 헤레스 산의 후보지로 간주합니다.","imageTitle":"mf620ab.iec2859.jpg","types":["settlement"],"geojsonText":"{\"bbox\":[35.1467,31.94253,35.152,31.94703],\"features\":[{\"geometry\":{\"coordinates\":[35.14935,31.94478],\"type\":\"Point\"},\"properties\":{\"id\":\"mf620ab.point\",\"role\":\"point\"},\"type\":\"Feature\"},{\"geometry\":{\"coordinates\":[[[35.14935,31.94703],[35.14907,31.94702],[35.1488,31.94698],[35.14853,31.94692],[35.14827,31.94683],[35.14803,31.94673],[35.14779,31.9466],[35.14758,31.94645],[35.14738,31.94628],[35.14721,31.9461],[35.14706,31.9459],[35.14693,31.94569],[35.14683,31.94547],[35.14676,31.94525],[35.14671,31.94501],[35.1467,31.94478],[35.14671,31.94454],[35.14676,31.94431],[35.14683,31.94409],[35.14693,31.94387],[35.14706,31.94366],[35.14721,31.94346],[35.14738,31.94328],[35.14758,31.94311],[35.14779,31.94296],[35.14803,31.94283],[35.14827,31.94273],[35.14853,31.94264],[35.1488,31.94258],[35.14907,31.94254],[35.14935,31.94253],[35.14963,31.94254],[35.1499,31.94258],[35.15017,31.94264],[35.15043,31.94273],[35.15067,31.94283],[35.15091,31.94296],[35.15112,31.94311],[35.15132,31.94328],[35.15149,31.94346],[35.15164,31.94366],[35.15177,31.94387],[35.15187,31.94409],[35.15194,31.94431],[35.15199,31.94454],[35.152,31.94478],[35.15199,31.94501],[35.15194,31.94525],[35.15187,31.94547],[35.15177,31.94569],[35.15164,31.9459],[35.15149,31.9461],[35.15132,31.94628],[35.15112,31.94645],[35.15091,31.9466],[35.15067,31.94673],[35.15043,31.94683],[35.15017,31.94692],[35.1499,31.94698],[35.14963,31.94702],[35.14935,31.94703]]],\"type\":\"Polygon\"},\"properties\":{\"id\":\"g2f86fc.precision_radius\",\"land_or_water\":\"land\",\"role\":\"precision_radius\"},\"type\":\"Feature\"}],\"metadata\":{\"class\":\"human\",\"land_or_water\":\"land\",\"name\":\"Batn Harasheh\",\"type\":\"settlement\"},\"type\":\"FeatureCollection\"}","anotherNames":"Bain Harasheh, Khirbet Deir Harrasha","koreanName":"바튼 하라쉐","anotherKoreanNames":"바인 하라쉐, 키르벳 데이르 하라샤"},{"id":"mc78c4d","name":"Mount Hermon","isModern":true,"stereo":"child","description":"A modern designation for the extensive mountain range forming the border between **Syria and Lebanon**, with a peak that is also on the border with Israel.\nIt is the **highest point in the Levant** and retains its biblical significance as the perennial source of water and life for the region.","koreanDescription":"**시리아와 레바논** 국경을 이루는 광활한 산맥의 현대 명칭이며, 한 봉우리는 이스라엘 국경에도 걸쳐 있습니다.\n**레반트 지역에서 가장 높은 지점**이며, 성경에서처럼 이 지역의 끊임없는 물과 생명의 근원으로서 그 중요성을 유지하고 있습니다.","imageTitle":"mc78c4d.i2be58f.jpg","types":["mountain"],"geojsonText":"{\"bbox\":[35.83923,33.39101,35.86077,33.40899],\"features\":[{\"geometry\":{\"coordinates\":[35.85,33.4],\"type\":\"Point\"},\"properties\":{\"id\":\"mc78c4d.point\",\"role\":\"point\"},\"type\":\"Feature\"},{\"geometry\":{\"coordinates\":[[[35.85,33.40899],[35.84887,33.40894],[35.84776,33.4088],[35.84667,33.40855],[35.84562,33.40822],[35.84461,33.40779],[35.84367,33.40728],[35.84279,33.40668],[35.84199,33.40602],[35.84128,33.40529],[35.84067,33.4045],[35.84016,33.40366],[35.83975,33.40278],[35.83946,33.40187],[35.83929,33.40094],[35.83923,33.4],[35.83929,33.39906],[35.83946,33.39813],[35.83976,33.39722],[35.84016,33.39634],[35.84067,33.3955],[35.84129,33.39471],[35.842,33.39398],[35.84279,33.39332],[35.84367,33.39272],[35.84461,33.39221],[35.84562,33.39178],[35.84667,33.39145],[35.84776,33.3912],[35.84887,33.39106],[35.85,33.39101],[35.85113,33.39106],[35.85224,33.3912],[35.85333,33.39145],[35.85438,33.39178],[35.85539,33.39221],[35.85633,33.39272],[35.85721,33.39332],[35.858,33.39398],[35.85871,33.39471],[35.85933,33.3955],[35.85984,33.39634],[35.86024,33.39722],[35.86054,33.39813],[35.86071,33.39906],[35.86077,33.4],[35.86071,33.40094],[35.86054,33.40187],[35.86025,33.40278],[35.85984,33.40366],[35.85933,33.4045],[35.85872,33.40529],[35.85801,33.40602],[35.85721,33.40668],[35.85633,33.40728],[35.85539,33.40779],[35.85438,33.40822],[35.85333,33.40855],[35.85224,33.4088],[35.85113,33.40894],[35.85,33.40899]]],\"type\":\"Polygon\"},\"properties\":{\"id\":\"g5b73f3.precision_radius\",\"land_or_water\":\"land\",\"role\":\"precision_radius\"},\"type\":\"Feature\"}],\"metadata\":{\"class\":\"natural\",\"land_or_water\":\"land\",\"name\":\"Mount Hermon\",\"type\":\"mountain\"},\"type\":\"FeatureCollection\"}","anotherNames":null,"koreanName":"헤르몬 산","anotherKoreanNames":null},{"id":"m700b87","name":"Har Zin","isModern":true,"stereo":"child","description":"A mountain in the **Negev desert of Israel**.\nIt is considered one of the leading candidates for the location of Mount Hor 1, where Aaron died, particularly the peak known as **Jebel el Madra**.","koreanDescription":"이스라엘 **네게브 사막**에 있는 산입니다.\n아론이 죽은 호르 산 1의 주요 후보지 중 하나로, 특히 **제벨 엘 마드라**라는 봉우리가 유력하게 여겨집니다.","imageTitle":"m700b87.i3023ba.jpg","types":["mountain"],"geojsonText":"{\"bbox\":[35.0464,30.82306,35.06735,30.84105],\"features\":[{\"geometry\":{\"coordinates\":[35.056872,30.832057],\"type\":\"Point\"},\"properties\":{\"id\":\"m700b87.point\",\"role\":\"point\"},\"type\":\"Feature\"},{\"geometry\":{\"coordinates\":[[[35.05687,30.84105],[35.05578,30.841],[35.05469,30.84085],[35.05364,30.84061],[35.05261,30.84027],[35.05163,30.83985],[35.05072,30.83933],[35.04986,30.83874],[35.04909,30.83807],[35.0484,30.83734],[35.0478,30.83655],[35.0473,30.83571],[35.04691,30.83484],[35.04663,30.83393],[35.04646,30.833],[35.0464,30.83206],[35.04646,30.83112],[35.04663,30.83019],[35.04691,30.82928],[35.0473,30.8284],[35.0478,30.82756],[35.0484,30.82677],[35.04909,30.82604],[35.04986,30.82537],[35.05072,30.82478],[35.05164,30.82427],[35.05261,30.82384],[35.05364,30.8235],[35.05469,30.82326],[35.05578,30.82311],[35.05687,30.82306],[35.05797,30.82311],[35.05905,30.82326],[35.06011,30.8235],[35.06113,30.82384],[35.06211,30.82427],[35.06303,30.82478],[35.06388,30.82537],[35.06465,30.82604],[35.06534,30.82677],[35.06594,30.82756],[35.06644,30.8284],[35.06683,30.82928],[35.06712,30.83019],[35.06729,30.83112],[35.06735,30.83206],[35.06729,30.833],[35.06712,30.83393],[35.06683,30.83484],[35.06644,30.83571],[35.06594,30.83655],[35.06535,30.83734],[35.06466,30.83807],[35.06388,30.83874],[35.06303,30.83933],[35.06211,30.83985],[35.06113,30.84027],[35.06011,30.84061],[35.05905,30.84085],[35.05797,30.841],[35.05687,30.84105]]],\"type\":\"Polygon\"},\"properties\":{\"id\":\"g1ac27f.precision_radius\",\"land_or_water\":\"land\",\"role\":\"precision_radius\"},\"type\":\"Feature\"}],\"metadata\":{\"class\":\"natural\",\"land_or_water\":\"land\",\"name\":\"Har Zin\",\"type\":\"mountain\"},\"type\":\"FeatureCollection\"}","anotherNames":"Hor HaHar, Jebel el Madra, Jebel el Medhra, Jebel Madeira, Jebel Maderah, Jebel Madrah, Jebel Madurah, Jebel Medra, Mount Zin","koreanName":"하르 친","anotherKoreanNames":"호르 하하르, 제벨 엘 마드라, 제벨 엘 메드라, 제벨 마데이라, 제벨 마데라, 제벨 마드라, 제벨 마두라, 제벨 메드라, 친 산"},{"id":"m2564c2","name":"Imaret el Khureisheh","isModern":true,"stereo":"child","description":"A location identified with a mountain in the Negev desert, often proposed as a less confident candidate for the biblical Mount Hor 1.","koreanDescription":"네게브 사막에 있는 산으로 확인된 장소로, 성경의 호르 산 1의 후보지 중 하나로 제안되지만 그 신뢰도는 낮은 편입니다.","imageTitle":"m2564c2.satellite.jpg","types":["mountain"],"geojsonText":"{\"bbox\":[34.50819,30.74718,34.55005,30.78316],\"features\":[{\"geometry\":{\"coordinates\":[34.52912,30.76517],\"type\":\"Point\"},\"properties\":{\"id\":\"m2564c2.point\",\"role\":\"point\"},\"type\":\"Feature\"},{\"geometry\":{\"coordinates\":[[[34.52912,30.78316],[34.52693,30.78306],[34.52477,30.78276],[34.52265,30.78228],[34.5206,30.7816],[34.51865,30.78075],[34.51681,30.77972],[34.51511,30.77854],[34.51356,30.7772],[34.51218,30.77574],[34.51099,30.77416],[34.51,30.77248],[34.50921,30.77073],[34.50864,30.76891],[34.5083,30.76705],[34.50819,30.76517],[34.5083,30.76329],[34.50865,30.76143],[34.50921,30.75961],[34.51,30.75785],[34.51099,30.75618],[34.51219,30.7546],[34.51357,30.75313],[34.51512,30.7518],[34.51682,30.75062],[34.51866,30.74959],[34.52061,30.74874],[34.52265,30.74806],[34.52477,30.74758],[34.52693,30.74728],[34.52912,30.74718],[34.53131,30.74728],[34.53347,30.74758],[34.53559,30.74806],[34.53763,30.74874],[34.53958,30.74959],[34.54142,30.75062],[34.54312,30.7518],[34.54467,30.75313],[34.54605,30.7546],[34.54725,30.75618],[34.54824,30.75785],[34.54903,30.75961],[34.54959,30.76143],[34.54994,30.76329],[34.55005,30.76517],[34.54994,30.76705],[34.5496,30.76891],[34.54903,30.77073],[34.54824,30.77248],[34.54725,30.77416],[34.54606,30.77574],[34.54468,30.7772],[34.54313,30.77854],[34.54143,30.77972],[34.53959,30.78075],[34.53764,30.7816],[34.53559,30.78228],[34.53347,30.78276],[34.53131,30.78306],[34.52912,30.78316]]],\"type\":\"Polygon\"},\"properties\":{\"id\":\"gc7364c.precision_radius\",\"land_or_water\":\"land\",\"role\":\"precision_radius\"},\"type\":\"Feature\"}],\"metadata\":{\"class\":\"natural\",\"land_or_water\":\"land\",\"name\":\"Imaret el Khureisheh\",\"type\":\"mountain\"},\"type\":\"FeatureCollection\"}","anotherNames":null,"koreanName":"이마렛 엘 쿠레이쉐","anotherKoreanNames":null},{"id":"ma33762","name":"Jebel es Sabha","isModern":true,"stereo":"child","description":"A mountain in the region, suggested as one of the alternative locations for Mount Hor 1.","koreanDescription":"이 지역에 있는 산으로, 호르 산 1의 대체 장소 중 하나로 제안됩니다.","imageTitle":"ma33762.satellite.jpg","types":["mountain"],"geojsonText":"{\"bbox\":[34.42845,30.73805,34.44937,30.75603],\"features\":[{\"geometry\":{\"coordinates\":[34.43891,30.74704],\"type\":\"Point\"},\"properties\":{\"id\":\"ma33762.point\",\"role\":\"point\"},\"type\":\"Feature\"},{\"geometry\":{\"coordinates\":[[[34.43891,30.75603],[34.43782,30.75598],[34.43673,30.75584],[34.43568,30.75559],[34.43465,30.75526],[34.43368,30.75483],[34.43276,30.75432],[34.43191,30.75372],[34.43113,30.75306],[34.43044,30.75233],[34.42985,30.75154],[34.42935,30.7507],[34.42896,30.74982],[34.42867,30.74891],[34.4285,30.74798],[34.42845,30.74704],[34.4285,30.7461],[34.42867,30.74517],[34.42896,30.74426],[34.42935,30.74338],[34.42985,30.74254],[34.43044,30.74175],[34.43113,30.74102],[34.43191,30.74036],[34.43276,30.73976],[34.43368,30.73925],[34.43465,30.73882],[34.43568,30.73849],[34.43673,30.73824],[34.43782,30.7381],[34.43891,30.73805],[34.44,30.7381],[34.44109,30.73824],[34.44214,30.73849],[34.44317,30.73882],[34.44414,30.73925],[34.44506,30.73976],[34.44591,30.74036],[34.44669,30.74102],[34.44738,30.74175],[34.44797,30.74254],[34.44847,30.74338],[34.44886,30.74426],[34.44915,30.74517],[34.44932,30.7461],[34.44937,30.74704],[34.44932,30.74798],[34.44915,30.74891],[34.44886,30.74982],[34.44847,30.7507],[34.44797,30.75154],[34.44738,30.75233],[34.44669,30.75306],[34.44591,30.75372],[34.44506,30.75432],[34.44414,30.75483],[34.44317,30.75526],[34.44214,30.75559],[34.44109,30.75584],[34.44,30.75598],[34.43891,30.75603]]],\"type\":\"Polygon\"},\"properties\":{\"id\":\"g4420ac.precision_radius\",\"land_or_water\":\"land\",\"role\":\"precision_radius\"},\"type\":\"Feature\"}],\"metadata\":{\"class\":\"natural\",\"land_or_water\":\"land\",\"name\":\"Jebel es Sabha\",\"type\":\"mountain\"},\"type\":\"FeatureCollection\"}","anotherNames":"Jabal as Sabha","koreanName":"제벨 에스 사브하","anotherKoreanNames":"자발 앗 사브하"},{"id":"mabd3be","name":"Jebel el Hamrah","isModern":true,"stereo":"child","description":"A mountain that is another candidate location for the biblical Mount Hor 1 in the Negev region.","koreanDescription":"네게브 지역에 있는 성경의 호르 산 1의 또 다른 후보지입니다.","imageTitle":"mabd3be.satellite.jpg","types":["mountain"],"geojsonText":"{\"bbox\":[34.55215,30.67407,34.57307,30.69205],\"features\":[{\"geometry\":{\"coordinates\":[34.56261,30.68306],\"type\":\"Point\"},\"properties\":{\"id\":\"mabd3be.point\",\"role\":\"point\"},\"type\":\"Feature\"},{\"geometry\":{\"coordinates\":[[[34.56261,30.69205],[34.56152,30.692],[34.56044,30.69186],[34.55938,30.69161],[34.55836,30.69128],[34.55738,30.69085],[34.55646,30.69034],[34.55561,30.68974],[34.55484,30.68908],[34.55415,30.68835],[34.55355,30.68756],[34.55306,30.68672],[34.55266,30.68584],[34.55238,30.68493],[34.55221,30.684],[34.55215,30.68306],[34.55221,30.68212],[34.55238,30.68119],[34.55266,30.68028],[34.55306,30.6794],[34.55355,30.67856],[34.55415,30.67777],[34.55484,30.67704],[34.55561,30.67638],[34.55646,30.67578],[34.55738,30.67527],[34.55836,30.67484],[34.55938,30.67451],[34.56044,30.67426],[34.56152,30.67412],[34.56261,30.67407],[34.5637,30.67412],[34.56478,30.67426],[34.56584,30.67451],[34.56686,30.67484],[34.56784,30.67527],[34.56876,30.67578],[34.56961,30.67638],[34.57038,30.67704],[34.57107,30.67777],[34.57167,30.67856],[34.57216,30.6794],[34.57256,30.68028],[34.57284,30.68119],[34.57301,30.68212],[34.57307,30.68306],[34.57301,30.684],[34.57284,30.68493],[34.57256,30.68584],[34.57216,30.68672],[34.57167,30.68756],[34.57107,30.68835],[34.57038,30.68908],[34.56961,30.68974],[34.56876,30.69034],[34.56784,30.69085],[34.56686,30.69128],[34.56584,30.69161],[34.56478,30.69186],[34.5637,30.692],[34.56261,30.69205]]],\"type\":\"Polygon\"},\"properties\":{\"id\":\"g6519b2.precision_radius\",\"land_or_water\":\"land\",\"role\":\"precision_radius\"},\"type\":\"Feature\"}],\"metadata\":{\"class\":\"natural\",\"land_or_water\":\"land\",\"name\":\"Jebel el Hamrah\",\"type\":\"mountain\"},\"type\":\"FeatureCollection\"}","anotherNames":"Har Hamran, Jebel al Hamra","koreanName":"제벨 엘 함라","anotherKoreanNames":"하르 함란, 제벨 알 함라"},{"id":"m8dec05","name":"Jebel Nebi Harun","isModern":true,"stereo":"child","description":"A mountain near Petra in **Jordan**, traditionally identified as the burial place of Aaron (Nebi Harun means 'Prophet Aaron').\nThis site, while traditional, is another candidate for the biblical Mount Hor 1.","koreanDescription":"**요르단** 페트라 근처에 있는 산으로, 전통적으로 아론의 무덤으로 알려져 있습니다(네비 하룬은 '예언자 아론'을 의미).\n이곳은 전통적인 장소이긴 하나, 성경의 호르 산 1의 또 다른 후보지입니다.","imageTitle":"m8dec05.i9fbb69.jpg","types":["mountain"],"geojsonText":"{\"bbox\":[35.39658,30.30801,35.41742,30.32599],\"features\":[{\"geometry\":{\"coordinates\":[35.407,30.317],\"type\":\"Point\"},\"properties\":{\"id\":\"m8dec05.point\",\"role\":\"point\"},\"type\":\"Feature\"},{\"geometry\":{\"coordinates\":[[[35.407,30.32599],[35.40591,30.32594],[35.40483,30.3258],[35.40378,30.32555],[35.40276,30.32522],[35.40179,30.32479],[35.40088,30.32428],[35.40003,30.32368],[35.39926,30.32302],[35.39857,30.32229],[35.39798,30.3215],[35.39748,30.32066],[35.39709,30.31978],[35.39681,30.31887],[35.39664,30.31794],[35.39658,30.317],[35.39664,30.31606],[35.39681,30.31513],[35.39709,30.31422],[35.39748,30.31334],[35.39798,30.3125],[35.39857,30.31171],[35.39926,30.31098],[35.40003,30.31032],[35.40088,30.30972],[35.40179,30.30921],[35.40276,30.30878],[35.40378,30.30845],[35.40483,30.3082],[35.40591,30.30806],[35.407,30.30801],[35.40809,30.30806],[35.40917,30.3082],[35.41022,30.30845],[35.41124,30.30878],[35.41221,30.30921],[35.41312,30.30972],[35.41397,30.31032],[35.41474,30.31098],[35.41543,30.31171],[35.41602,30.3125],[35.41652,30.31334],[35.41691,30.31422],[35.41719,30.31513],[35.41736,30.31606],[35.41742,30.317],[35.41736,30.31794],[35.41719,30.31887],[35.41691,30.31978],[35.41652,30.32066],[35.41602,30.3215],[35.41543,30.32229],[35.41474,30.32302],[35.41397,30.32368],[35.41312,30.32428],[35.41221,30.32479],[35.41124,30.32522],[35.41022,30.32555],[35.40917,30.3258],[35.40809,30.32594],[35.407,30.32599]]],\"type\":\"Polygon\"},\"properties\":{\"id\":\"g785f91.precision_radius\",\"land_or_water\":\"land\",\"role\":\"precision_radius\"},\"type\":\"Feature\"}],\"metadata\":{\"class\":\"natural\",\"land_or_water\":\"land\",\"name\":\"Jebel Nebi Harun\",\"type\":\"mountain\"},\"type\":\"FeatureCollection\"}","anotherNames":"Jebel Nebi Harum, Mount Haroun","koreanName":"제벨 네비 하룬","anotherKoreanNames":"제벨 네비 하룸, 하룬 산"},{"id":"mec700a","name":"Jebel Akkar","isModern":true,"stereo":"child","description":"A mountain in the **Akkar Governorate of Northern Lebanon**, part of the Mount Lebanon range.\nIt is one of the candidates proposed for the northern boundary mountain, Mount Hor 2, mentioned in Numbers 34.","koreanDescription":"**레바논 북부 아카르 주**에 있는 산으로, 레바논 산맥의 일부입니다.\n민수기 34장에 언급된 북쪽 경계 산인 호르 산 2의 후보지 중 하나로 제안됩니다.","imageTitle":"mec700a.satellite.jpg","types":["mountain"],"geojsonText":"{\"bbox\":[36.20577,34.40767,36.22757,34.42566],\"features\":[{\"geometry\":{\"coordinates\":[36.216667,34.416667],\"type\":\"Point\"},\"properties\":{\"id\":\"mec700a.point\",\"role\":\"point\"},\"type\":\"Feature\"},{\"geometry\":{\"coordinates\":[[[36.21667,34.42566],[36.21553,34.42561],[36.2144,34.42546],[36.2133,34.42522],[36.21223,34.42488],[36.21122,34.42446],[36.21026,34.42394],[36.20937,34.42335],[36.20857,34.42268],[36.20785,34.42195],[36.20723,34.42116],[36.20671,34.42032],[36.2063,34.41945],[36.206,34.41854],[36.20583,34.41761],[36.20577,34.41667],[36.20583,34.41573],[36.206,34.4148],[36.2063,34.41389],[36.20671,34.41301],[36.20723,34.41217],[36.20785,34.41138],[36.20857,34.41065],[36.20937,34.40998],[36.21026,34.40939],[36.21122,34.40888],[36.21223,34.40845],[36.2133,34.40811],[36.2144,34.40787],[36.21553,34.40772],[36.21667,34.40767],[36.21781,34.40772],[36.21893,34.40787],[36.22004,34.40811],[36.2211,34.40845],[36.22212,34.40888],[36.22307,34.40939],[36.22396,34.40998],[36.22477,34.41065],[36.22549,34.41138],[36.22611,34.41217],[36.22663,34.41301],[36.22703,34.41389],[36.22733,34.4148],[36.22751,34.41573],[36.22757,34.41667],[36.22751,34.41761],[36.22733,34.41854],[36.22704,34.41945],[36.22663,34.42032],[36.22611,34.42116],[36.22549,34.42195],[36.22477,34.42268],[36.22396,34.42335],[36.22308,34.42394],[36.22212,34.42446],[36.2211,34.42488],[36.22004,34.42522],[36.21893,34.42546],[36.21781,34.42561],[36.21667,34.42566]]],\"type\":\"Polygon\"},\"properties\":{\"id\":\"g65ff26.precision_radius\",\"land_or_water\":\"land\",\"role\":\"precision_radius\"},\"type\":\"Feature\"}],\"metadata\":{\"class\":\"natural\",\"land_or_water\":\"land\",\"name\":\"Jebel Akkar\",\"type\":\"mountain\"},\"type\":\"FeatureCollection\"}","anotherNames":"Jabal Akkar, Jebel ‘Alekar","koreanName":"제벨 아카르","anotherKoreanNames":"자발 아카르, 제벨 알레카르"},{"id":"m656236","name":"Ras Shaqqa","isModern":true,"stereo":"child","description":"A prominent cape on the **Mediterranean coast of Lebanon**, sometimes suggested as an alternative possibility for the location of Mount Hor 2.","koreanDescription":"**레바논의 지중해 연안**에 있는 눈에 띄는 곶으로, 때때로 호르 산 2의 위치에 대한 대안적인 가능성으로 제안됩니다.","imageTitle":"m656236.ibb036a.jpg","types":["mountain"],"geojsonText":"{\"bbox\":[35.68078,34.29851,35.70256,34.31649],\"features\":[{\"geometry\":{\"coordinates\":[35.69167,34.3075],\"type\":\"Point\"},\"properties\":{\"id\":\"m656236.point\",\"role\":\"point\"},\"type\":\"Feature\"},{\"geometry\":{\"coordinates\":[[[35.69167,34.31649],[35.69053,34.31644],[35.68941,34.3163],[35.68831,34.31605],[35.68724,34.31572],[35.68623,34.31529],[35.68527,34.31478],[35.68438,34.31418],[35.68358,34.31352],[35.68286,34.31279],[35.68224,34.312],[35.68172,34.31116],[35.68132,34.31028],[35.68102,34.30937],[35.68084,34.30844],[35.68078,34.3075],[35.68084,34.30656],[35.68102,34.30563],[35.68132,34.30472],[35.68172,34.30384],[35.68224,34.303],[35.68286,34.30221],[35.68358,34.30148],[35.68439,34.30082],[35.68527,34.30022],[35.68623,34.29971],[35.68724,34.29928],[35.68831,34.29895],[35.68941,34.2987],[35.69053,34.29856],[35.69167,34.29851],[35.69281,34.29856],[35.69393,34.2987],[35.69503,34.29895],[35.6961,34.29928],[35.69711,34.29971],[35.69807,34.30022],[35.69895,34.30082],[35.69976,34.30148],[35.70048,34.30221],[35.7011,34.303],[35.70162,34.30384],[35.70202,34.30472],[35.70232,34.30563],[35.7025,34.30656],[35.70256,34.3075],[35.7025,34.30844],[35.70232,34.30937],[35.70202,34.31028],[35.70162,34.31116],[35.7011,34.312],[35.70048,34.31279],[35.69976,34.31352],[35.69896,34.31418],[35.69807,34.31478],[35.69711,34.31529],[35.6961,34.31572],[35.69503,34.31605],[35.69393,34.3163],[35.69281,34.31644],[35.69167,34.31649]]],\"type\":\"Polygon\"},\"properties\":{\"id\":\"g90a161.precision_radius\",\"land_or_water\":\"land\",\"role\":\"precision_radius\"},\"type\":\"Feature\"}],\"metadata\":{\"class\":\"natural\",\"land_or_water\":\"land\",\"name\":\"Ras Shaqqa\",\"type\":\"mountain\"},\"type\":\"FeatureCollection\"}","anotherNames":"Ras ech Chaqaa, Ras Shakkah","koreanName":"라스 샤까","anotherKoreanNames":"라스 에크 차카아, 라스 샤카"},{"id":"mb374b4","name":"Jebel Musa","isModern":true,"stereo":"child","description":"Known as the **'Mountain of Moses'** in the **Sinai Peninsula, Egypt**.\nIt is the **traditional and most widely accepted location for the biblical Mount Sinai** (Mount Horeb), where Moses received the Ten Commandments.","koreanDescription":"**이집트 시나이 반도**에 있는 **'모세의 산'**으로 알려진 산입니다.\n모세가 십계명을 받은 성경의 시내 산(호렙 산)의 **전통적이며 가장 널리 받아들여지는 위치**입니다.","imageTitle":"mb374b4.ia1f6fd.jpg","types":["mountain"],"geojsonText":"{\"bbox\":[33.9631,28.53073,33.98357,28.54872],\"features\":[{\"geometry\":{\"coordinates\":[33.973333,28.539722],\"type\":\"Point\"},\"properties\":{\"id\":\"mb374b4.point\",\"role\":\"point\"},\"type\":\"Feature\"},{\"geometry\":{\"coordinates\":[[[33.97333,28.54872],[33.97226,28.54867],[33.9712,28.54852],[33.97017,28.54828],[33.96917,28.54794],[33.96821,28.54751],[33.96732,28.547],[33.96648,28.54641],[33.96572,28.54574],[33.96505,28.54501],[33.96447,28.54422],[33.96398,28.54338],[33.9636,28.5425],[33.96332,28.54159],[33.96315,28.54066],[33.9631,28.53972],[33.96315,28.53878],[33.96332,28.53785],[33.9636,28.53694],[33.96398,28.53606],[33.96447,28.53523],[33.96505,28.53444],[33.96573,28.5337],[33.96648,28.53304],[33.96732,28.53245],[33.96821,28.53193],[33.96917,28.53151],[33.97017,28.53117],[33.9712,28.53093],[33.97226,28.53078],[33.97333,28.53073],[33.9744,28.53078],[33.97546,28.53093],[33.9765,28.53117],[33.9775,28.53151],[33.97845,28.53193],[33.97935,28.53245],[33.98018,28.53304],[33.98094,28.5337],[33.98161,28.53444],[33.9822,28.53523],[33.98268,28.53606],[33.98307,28.53694],[33.98335,28.53785],[33.98351,28.53878],[33.98357,28.53972],[33.98351,28.54066],[33.98335,28.54159],[33.98307,28.5425],[33.98269,28.54338],[33.9822,28.54422],[33.98162,28.54501],[33.98094,28.54574],[33.98018,28.54641],[33.97935,28.547],[33.97845,28.54751],[33.9775,28.54794],[33.9765,28.54828],[33.97546,28.54852],[33.9744,28.54867],[33.97333,28.54872]]],\"type\":\"Polygon\"},\"properties\":{\"id\":\"g4b5f6a.precision_radius\",\"land_or_water\":\"land\",\"role\":\"precision_radius\"},\"type\":\"Feature\"}],\"metadata\":{\"class\":\"natural\",\"land_or_water\":\"land\",\"name\":\"Jebel Musa\",\"type\":\"mountain\"},\"type\":\"FeatureCollection\"}","anotherNames":null,"koreanName":"제벨 무사","anotherKoreanNames":null},{"id":"m0cc900","name":"Har Karkom","isModern":true,"stereo":"child","description":"A mountain in the **Negev desert of Israel**.\nIt is a candidate proposed by some scholars for the biblical Mount Sinai (Mount Horeb), due to the numerous ancient ritual sites discovered on the plateau nearby.","koreanDescription":"이스라엘 **네게브 사막**에 있는 산입니다.\n주변 고원에서 발견된 수많은 고대 의식 유적지 때문에 일부 학자들에 의해 성경의 시내 산(호렙 산) 후보지로 제안되었습니다.","imageTitle":"m0cc900.iafab88.jpg","types":["mountain"],"geojsonText":"{\"bbox\":[34.73959,30.27434,34.76041,30.29233],\"features\":[{\"geometry\":{\"coordinates\":[34.75,30.283333],\"type\":\"Point\"},\"properties\":{\"id\":\"m0cc900.point\",\"role\":\"point\"},\"type\":\"Feature\"},{\"geometry\":{\"coordinates\":[[[34.75,30.29233],[34.74891,30.29228],[34.74783,30.29213],[34.74678,30.29189],[34.74576,30.29155],[34.74479,30.29112],[34.74388,30.29061],[34.74303,30.29002],[34.74226,30.28935],[34.74157,30.28862],[34.74098,30.28783],[34.74049,30.28699],[34.7401,30.28611],[34.73981,30.2852],[34.73964,30.28427],[34.73959,30.28333],[34.73964,30.28239],[34.73981,30.28146],[34.7401,30.28055],[34.74049,30.27967],[34.74098,30.27884],[34.74158,30.27805],[34.74226,30.27732],[34.74303,30.27665],[34.74388,30.27606],[34.74479,30.27554],[34.74576,30.27512],[34.74678,30.27478],[34.74783,30.27454],[34.74891,30.27439],[34.75,30.27434],[34.75109,30.27439],[34.75217,30.27454],[34.75322,30.27478],[34.75424,30.27512],[34.75521,30.27554],[34.75612,30.27606],[34.75697,30.27665],[34.75774,30.27732],[34.75842,30.27805],[34.75902,30.27884],[34.75951,30.27967],[34.7599,30.28055],[34.76019,30.28146],[34.76036,30.28239],[34.76041,30.28333],[34.76036,30.28427],[34.76019,30.2852],[34.7599,30.28611],[34.75951,30.28699],[34.75902,30.28783],[34.75843,30.28862],[34.75774,30.28935],[34.75697,30.29002],[34.75612,30.29061],[34.75521,30.29112],[34.75424,30.29155],[34.75322,30.29189],[34.75217,30.29213],[34.75109,30.29228],[34.75,30.29233]]],\"type\":\"Polygon\"},\"properties\":{\"id\":\"g244166.precision_radius\",\"land_or_water\":\"land\",\"role\":\"precision_radius\"},\"type\":\"Feature\"}],\"metadata\":{\"class\":\"natural\",\"land_or_water\":\"land\",\"name\":\"Har Karkom\",\"type\":\"mountain\"},\"type\":\"FeatureCollection\"}","anotherNames":null,"koreanName":"하르 카르콤","anotherKoreanNames":null},{"id":"m1bfeb1","name":"Jebel Sin Bishar","isModern":true,"stereo":"child","description":"A mountain located in the **west-central Sinai Peninsula**.\nIt has been proposed as a candidate for Mount Sinai (Mount Horeb) by some biblical geographers, citing its location near the traditional Exodus route and its potential linguistic link to 'Sinai'.","koreanDescription":"**시나이 반도 서부 중앙**에 위치한 산입니다.\n일부 성경 지리학자들은 전통적인 출애굽 경로 근처 위치와 '시나이'와의 잠재적인 언어적 연관성을 들어 시내 산(호렙 산)의 후보지로 제안했습니다.","imageTitle":"m1bfeb1.satellite.jpg","types":["mountain"],"geojsonText":"{\"bbox\":[32.95065,29.66201,32.97135,29.67999],\"features\":[{\"geometry\":{\"coordinates\":[32.961,29.671],\"type\":\"Point\"},\"properties\":{\"id\":\"m1bfeb1.point\",\"role\":\"point\"},\"type\":\"Feature\"},{\"geometry\":{\"coordinates\":[[[32.961,29.67999],[32.95992,29.67994],[32.95885,29.6798],[32.9578,29.67955],[32.95679,29.67922],[32.95582,29.67879],[32.95492,29.67828],[32.95407,29.67768],[32.95331,29.67702],[32.95263,29.67629],[32.95204,29.6755],[32.95154,29.67466],[32.95116,29.67378],[32.95088,29.67287],[32.95071,29.67194],[32.95065,29.671],[32.95071,29.67006],[32.95088,29.66913],[32.95116,29.66822],[32.95154,29.66734],[32.95204,29.6665],[32.95263,29.66571],[32.95331,29.66498],[32.95407,29.66432],[32.95492,29.66372],[32.95583,29.66321],[32.95679,29.66278],[32.9578,29.66245],[32.95885,29.6622],[32.95992,29.66206],[32.961,29.66201],[32.96208,29.66206],[32.96315,29.6622],[32.9642,29.66245],[32.96521,29.66278],[32.96617,29.66321],[32.96708,29.66372],[32.96793,29.66432],[32.96869,29.66498],[32.96937,29.66571],[32.96996,29.6665],[32.97046,29.66734],[32.97084,29.66822],[32.97112,29.66913],[32.97129,29.67006],[32.97135,29.671],[32.97129,29.67194],[32.97112,29.67287],[32.97084,29.67378],[32.97046,29.67466],[32.96996,29.6755],[32.96937,29.67629],[32.96869,29.67702],[32.96793,29.67768],[32.96708,29.67828],[32.96618,29.67879],[32.96521,29.67922],[32.9642,29.67955],[32.96315,29.6798],[32.96208,29.67994],[32.961,29.67999]]],\"type\":\"Polygon\"},\"properties\":{\"id\":\"ga16b2f.precision_radius\",\"land_or_water\":\"land\",\"role\":\"precision_radius\"},\"type\":\"Feature\"}],\"metadata\":{\"class\":\"natural\",\"land_or_water\":\"land\",\"name\":\"Jebel Sin Bishar\",\"type\":\"mountain\"},\"type\":\"FeatureCollection\"}","anotherNames":"Gabal Sin Bishar, Jabal Sinn Bishr, Jebel Sin Bisher","koreanName":"제벨 신 비샤르","anotherKoreanNames":"가발 신 비샤르, 자발 신 비쉬르, 제벨 신 비쉐르"},{"id":"m5e6c65","name":"Ras es Safsafeh","isModern":true,"stereo":"child","description":"A peak in the **Sinai Peninsula, Egypt**, often identified with the biblical Mount Sinai (Mount Horeb) by scholars who favor the traditional Jebel Musa location, as it overlooks a large plain suitable for the Israelite camp.","koreanDescription":"**이집트 시나이 반도**에 있는 봉우리로, 이스라엘 백성의 진영에 적합한 넓은 평야를 내려다볼 수 있어 전통적인 제벨 무사 위치를 선호하는 학자들에 의해 성경의 시내 산(호렙 산)과 동일시되곤 합니다.","imageTitle":"m5e6c65.ief9239.jpg","types":["mountain"],"geojsonText":"{\"bbox\":[33.95698,28.54656,33.97746,28.56455],\"features\":[{\"geometry\":{\"coordinates\":[33.967222,28.555556],\"type\":\"Point\"},\"properties\":{\"id\":\"m5e6c65.point\",\"role\":\"point\"},\"type\":\"Feature\"},{\"geometry\":{\"coordinates\":[[[33.96722,28.56455],[33.96615,28.5645],[33.96509,28.56435],[33.96406,28.56411],[33.96306,28.56377],[33.9621,28.56334],[33.9612,28.56283],[33.96037,28.56224],[33.95961,28.56157],[33.95894,28.56084],[33.95835,28.56005],[33.95787,28.55921],[33.95748,28.55833],[33.95721,28.55743],[33.95704,28.5565],[33.95698,28.55556],[33.95704,28.55462],[33.95721,28.55369],[33.95748,28.55278],[33.95787,28.5519],[33.95836,28.55106],[33.95894,28.55027],[33.95961,28.54954],[33.96037,28.54887],[33.9612,28.54828],[33.9621,28.54777],[33.96306,28.54734],[33.96406,28.547],[33.96509,28.54676],[33.96615,28.54661],[33.96722,28.54656],[33.96829,28.54661],[33.96935,28.54676],[33.97039,28.547],[33.97139,28.54734],[33.97234,28.54777],[33.97324,28.54828],[33.97407,28.54887],[33.97483,28.54954],[33.9755,28.55027],[33.97609,28.55106],[33.97658,28.5519],[33.97696,28.55278],[33.97724,28.55369],[33.9774,28.55462],[33.97746,28.55556],[33.9774,28.5565],[33.97724,28.55743],[33.97696,28.55833],[33.97658,28.55921],[33.97609,28.56005],[33.97551,28.56084],[33.97483,28.56157],[33.97407,28.56224],[33.97324,28.56283],[33.97234,28.56334],[33.97139,28.56377],[33.97039,28.56411],[33.96935,28.56435],[33.96829,28.5645],[33.96722,28.56455]]],\"type\":\"Polygon\"},\"properties\":{\"id\":\"g6110ff.precision_radius\",\"land_or_water\":\"land\",\"role\":\"precision_radius\"},\"type\":\"Feature\"}],\"metadata\":{\"class\":\"natural\",\"land_or_water\":\"land\",\"name\":\"Ras es Safsafeh\",\"type\":\"mountain\"},\"type\":\"FeatureCollection\"}","anotherNames":"Ras Safsafa, Willow Peak","koreanName":"라스 에스 삽사페","anotherKoreanNames":"라스 삽사파, 버드나무 봉우리"},{"id":"mb78572","name":"Jebel Serbal","isModern":true,"stereo":"child","description":"A mountain in the **southern Sinai Peninsula**, considered by some to be the location of the biblical Mount Sinai (Mount Horeb), particularly by early Christian hermits, due to its proximity to the Wadi Feiran oasis, a likely stop for the Israelites.","koreanDescription":"**시나이 반도 남부**에 있는 산으로, 이스라엘 백성이 멈췄을 가능성이 있는 와디 페이란 오아시스와 가깝다는 이유로 일부 초기 기독교 은둔자들을 포함한 학자들에 의해 성경의 시내 산(호렙 산)의 위치로 여겨졌습니다.","imageTitle":"mb78572.i0f212a.jpg","types":["mountain"],"geojsonText":"{\"bbox\":[33.64142,28.6374,33.66191,28.65538],\"features\":[{\"geometry\":{\"coordinates\":[33.651667,28.646389],\"type\":\"Point\"},\"properties\":{\"id\":\"mb78572.point\",\"role\":\"point\"},\"type\":\"Feature\"},{\"geometry\":{\"coordinates\":[[[33.65167,28.65538],[33.6506,28.65533],[33.64954,28.65519],[33.6485,28.65494],[33.6475,28.6546],[33.64654,28.65418],[33.64564,28.65366],[33.64481,28.65307],[33.64405,28.65241],[33.64338,28.65167],[33.64279,28.65089],[33.64231,28.65005],[33.64192,28.64917],[33.64164,28.64826],[33.64148,28.64733],[33.64142,28.64639],[33.64148,28.64545],[33.64164,28.64452],[33.64192,28.64361],[33.64231,28.64273],[33.64279,28.64189],[33.64338,28.6411],[33.64405,28.64037],[33.64481,28.63971],[33.64564,28.63911],[33.64654,28.6386],[33.6475,28.63817],[33.6485,28.63784],[33.64954,28.63759],[33.6506,28.63745],[33.65167,28.6374],[33.65274,28.63745],[33.6538,28.63759],[33.65483,28.63784],[33.65583,28.63817],[33.65679,28.6386],[33.65769,28.63911],[33.65852,28.63971],[33.65928,28.64037],[33.65996,28.6411],[33.66054,28.64189],[33.66103,28.64273],[33.66141,28.64361],[33.66169,28.64452],[33.66186,28.64545],[33.66191,28.64639],[33.66186,28.64733],[33.66169,28.64826],[33.66141,28.64917],[33.66103,28.65005],[33.66054,28.65089],[33.65996,28.65167],[33.65928,28.65241],[33.65852,28.65307],[33.65769,28.65366],[33.65679,28.65418],[33.65584,28.6546],[33.65483,28.65494],[33.6538,28.65519],[33.65274,28.65533],[33.65167,28.65538]]],\"type\":\"Polygon\"},\"properties\":{\"id\":\"gb179c3.precision_radius\",\"land_or_water\":\"land\",\"role\":\"precision_radius\"},\"type\":\"Feature\"}],\"metadata\":{\"class\":\"natural\",\"land_or_water\":\"land\",\"name\":\"Jebel Serbal\",\"type\":\"mountain\"},\"type\":\"FeatureCollection\"}","anotherNames":"Mount Serbal","koreanName":"제벨 세르발","anotherKoreanNames":"세르발 산"},{"id":"me89f58","name":"Jebel Katherina","isModern":true,"stereo":"child","description":"Also known as **Mount Catherine**, it is the **highest mountain in Egypt**, located near Jebel Musa (traditional Mount Sinai) in the **Sinai Peninsula**.\nIt is named after Saint Catherine of Alexandria and is considered a candidate for Mount Sinai by some due to its commanding height.","koreanDescription":"**이집트에서 가장 높은 산**으로, 시나이 반도의 제벨 무사(전통적인 시내 산) 근처에 위치하며 **카타리나 산**으로도 알려져 있습니다.\n알렉산드리아의 성 카타리나의 이름을 따서 명명되었으며, 그 압도적인 높이 때문에 일부 사람들에 의해 시내 산의 후보지로 간주되기도 합니다.","imageTitle":"me89f58.i55eda5.jpg","types":["mountain"],"geojsonText":"{\"bbox\":[33.94504,28.50184,33.96551,28.51983],\"features\":[{\"geometry\":{\"coordinates\":[33.955278,28.510833],\"type\":\"Point\"},\"properties\":{\"id\":\"me89f58.point\",\"role\":\"point\"},\"type\":\"Feature\"},{\"geometry\":{\"coordinates\":[[[33.95528,28.51983],[33.95421,28.51978],[33.95315,28.51963],[33.95212,28.51939],[33.95111,28.51905],[33.95016,28.51862],[33.94926,28.51811],[33.94843,28.51752],[33.94767,28.51685],[33.947,28.51612],[33.94641,28.51533],[33.94593,28.51449],[33.94554,28.51361],[33.94527,28.5127],[33.9451,28.51177],[33.94504,28.51083],[33.9451,28.50989],[33.94527,28.50896],[33.94554,28.50805],[33.94593,28.50717],[33.94642,28.50634],[33.947,28.50555],[33.94767,28.50482],[33.94843,28.50415],[33.94926,28.50356],[33.95016,28.50304],[33.95112,28.50262],[33.95212,28.50228],[33.95315,28.50204],[33.95421,28.50189],[33.95528,28.50184],[33.95635,28.50189],[33.95741,28.50204],[33.95844,28.50228],[33.95944,28.50262],[33.96039,28.50304],[33.96129,28.50356],[33.96213,28.50415],[33.96288,28.50482],[33.96356,28.50555],[33.96414,28.50634],[33.96463,28.50717],[33.96501,28.50805],[33.96529,28.50896],[33.96546,28.50989],[33.96551,28.51083],[33.96546,28.51177],[33.96529,28.5127],[33.96501,28.51361],[33.96463,28.51449],[33.96414,28.51533],[33.96356,28.51612],[33.96288,28.51685],[33.96213,28.51752],[33.96129,28.51811],[33.9604,28.51862],[33.95944,28.51905],[33.95844,28.51939],[33.95741,28.51963],[33.95635,28.51978],[33.95528,28.51983]]],\"type\":\"Polygon\"},\"properties\":{\"id\":\"g6e286a.precision_radius\",\"land_or_water\":\"land\",\"role\":\"precision_radius\"},\"type\":\"Feature\"}],\"metadata\":{\"class\":\"natural\",\"land_or_water\":\"land\",\"name\":\"Jebel Katherina\",\"type\":\"mountain\"},\"type\":\"FeatureCollection\"}","anotherNames":"Jebel Katerina, Mount Catherine","koreanName":"제벨 카테리나","anotherKoreanNames":"제벨 카테리나, 카타리나 산"},{"id":"m0c2d62","name":"Jebel Hashem el Tarif","isModern":true,"stereo":"child","description":"A mountain in the **northeastern Sinai Peninsula**.\nIt is a candidate for Mount Sinai (Mount Horeb), favored by some researchers for its features, including a large plateau at its base, which could have accommodated the Israelites.","koreanDescription":"**시나이 반도 북동부**에 있는 산입니다.\n이스라엘 백성을 수용할 수 있었을 것으로 보이는 기슭의 넓은 고원을 포함한 특징 때문에 일부 연구자들에게 시내 산(호렙 산)의 후보지로 선호됩니다.","imageTitle":"m0c2d62.satellite.jpg","types":["mountain"],"geojsonText":"{\"bbox\":[34.62306,29.66022,34.64376,29.67821],\"features\":[{\"geometry\":{\"coordinates\":[34.633411,29.669217],\"type\":\"Point\"},\"properties\":{\"id\":\"m0c2d62.point\",\"role\":\"point\"},\"type\":\"Feature\"},{\"geometry\":{\"coordinates\":[[[34.63341,29.67821],[34.63233,29.67816],[34.63126,29.67801],[34.63021,29.67777],[34.6292,29.67743],[34.62824,29.67701],[34.62733,29.67649],[34.62648,29.6759],[34.62572,29.67523],[34.62504,29.6745],[34.62445,29.67371],[34.62396,29.67287],[34.62357,29.672],[34.62329,29.67109],[34.62312,29.67016],[34.62306,29.66922],[34.62312,29.66828],[34.62329,29.66735],[34.62357,29.66644],[34.62396,29.66556],[34.62445,29.66472],[34.62504,29.66393],[34.62572,29.6632],[34.62649,29.66253],[34.62733,29.66194],[34.62824,29.66143],[34.6292,29.661],[34.63021,29.66066],[34.63126,29.66042],[34.63233,29.66027],[34.63341,29.66022],[34.63449,29.66027],[34.63556,29.66042],[34.63661,29.66066],[34.63762,29.661],[34.63859,29.66143],[34.63949,29.66194],[34.64034,29.66253],[34.6411,29.6632],[34.64178,29.66393],[34.64237,29.66472],[34.64287,29.66556],[34.64325,29.66644],[34.64353,29.66735],[34.6437,29.66828],[34.64376,29.66922],[34.6437,29.67016],[34.64354,29.67109],[34.64325,29.672],[34.64287,29.67287],[34.64237,29.67371],[34.64178,29.6745],[34.6411,29.67523],[34.64034,29.6759],[34.6395,29.67649],[34.63859,29.67701],[34.63762,29.67743],[34.63661,29.67777],[34.63556,29.67801],[34.63449,29.67816],[34.63341,29.67821]]],\"type\":\"Polygon\"},\"properties\":{\"id\":\"g34de67.precision_radius\",\"land_or_water\":\"land\",\"role\":\"precision_radius\"},\"type\":\"Feature\"}],\"metadata\":{\"class\":\"natural\",\"land_or_water\":\"land\",\"name\":\"Jebel Hashem el Tarif\",\"type\":\"mountain\"},\"type\":\"FeatureCollection\"}","anotherNames":"Jebel Khashm et Tarif","koreanName":"제벨 하셈 엘 타리프","anotherKoreanNames":"제벨 카슈므 엣 타리프"},{"id":"m91f093","name":"Jebel Halal","isModern":true,"stereo":"child","description":"A mountain in the **North Sinai Governorate of Egypt**, with an elevation of 910m.\nIt has been identified by some as a potential location for the biblical Mount Sinai (Mount Horeb), although it is now an area known for security issues.","koreanDescription":"**이집트 북시나이 주**에 있는 산으로, 해발 910m입니다.\n현재는 치안 문제로 알려진 지역이지만, 일부에 의해 성경의 시내 산(호렙 산)의 잠재적 위치로 확인되기도 했습니다.","imageTitle":"m91f093.satellite.jpg","types":["mountain"],"geojsonText":"{\"bbox\":[34.01844,30.64406,34.03934,30.66205],\"features\":[{\"geometry\":{\"coordinates\":[34.028889,30.653056],\"type\":\"Point\"},\"properties\":{\"id\":\"m91f093.point\",\"role\":\"point\"},\"type\":\"Feature\"},{\"geometry\":{\"coordinates\":[[[34.02889,30.66205],[34.0278,30.662],[34.02672,30.66185],[34.02566,30.66161],[34.02464,30.66127],[34.02366,30.66084],[34.02274,30.66033],[34.02189,30.65974],[34.02112,30.65907],[34.02043,30.65834],[34.01984,30.65755],[34.01934,30.65671],[34.01895,30.65583],[34.01866,30.65493],[34.01849,30.654],[34.01844,30.65306],[34.01849,30.65212],[34.01866,30.65119],[34.01895,30.65028],[34.01934,30.6494],[34.01984,30.64856],[34.02043,30.64777],[34.02112,30.64704],[34.02189,30.64637],[34.02274,30.64578],[34.02366,30.64527],[34.02464,30.64484],[34.02566,30.6445],[34.02672,30.64426],[34.0278,30.64411],[34.02889,30.64406],[34.02998,30.64411],[34.03106,30.64426],[34.03212,30.6445],[34.03314,30.64484],[34.03412,30.64527],[34.03503,30.64578],[34.03588,30.64637],[34.03666,30.64704],[34.03735,30.64777],[34.03794,30.64856],[34.03844,30.6494],[34.03883,30.65028],[34.03911,30.65119],[34.03929,30.65212],[34.03934,30.65306],[34.03929,30.654],[34.03911,30.65493],[34.03883,30.65583],[34.03844,30.65671],[34.03794,30.65755],[34.03735,30.65834],[34.03666,30.65907],[34.03588,30.65974],[34.03503,30.66033],[34.03412,30.66084],[34.03314,30.66127],[34.03212,30.66161],[34.03106,30.66185],[34.02998,30.662],[34.02889,30.66205]]],\"type\":\"Polygon\"},\"properties\":{\"id\":\"gd4e4e7.precision_radius\",\"land_or_water\":\"land\",\"role\":\"precision_radius\"},\"type\":\"Feature\"}],\"metadata\":{\"class\":\"natural\",\"land_or_water\":\"land\",\"name\":\"Jebel Halal\",\"type\":\"mountain\"},\"type\":\"FeatureCollection\"}","anotherNames":null,"koreanName":"제벨 할랄","anotherKoreanNames":null},{"id":"mad096a","name":"Jabal al Magharah","isModern":true,"stereo":"child","description":"A mountain that is another candidate location for the biblical Mount Sinai (Mount Horeb), though it is less commonly mentioned in mainstream scholarship.","koreanDescription":"성경의 시내 산(호렙 산)의 또 다른 후보지인 산이지만, 주류 학계에서는 덜 언급됩니다.","imageTitle":"mad096a.satellite.jpg","types":["mountain"],"geojsonText":"{\"bbox\":[33.36621,30.69323,33.38713,30.71122],\"features\":[{\"geometry\":{\"coordinates\":[33.376667,30.702222],\"type\":\"Point\"},\"properties\":{\"id\":\"mad096a.point\",\"role\":\"point\"},\"type\":\"Feature\"},{\"geometry\":{\"coordinates\":[[[33.37667,30.71122],[33.37557,30.71117],[33.37449,30.71102],[33.37343,30.71078],[33.37241,30.71044],[33.37144,30.71001],[33.37052,30.7095],[33.36967,30.70891],[33.36889,30.70824],[33.3682,30.70751],[33.36761,30.70672],[33.36711,30.70588],[33.36672,30.705],[33.36644,30.70409],[33.36626,30.70316],[33.36621,30.70222],[33.36627,30.70128],[33.36644,30.70035],[33.36672,30.69944],[33.36711,30.69856],[33.36761,30.69773],[33.36821,30.69694],[33.36889,30.6962],[33.36967,30.69554],[33.37052,30.69495],[33.37144,30.69443],[33.37241,30.69401],[33.37344,30.69367],[33.37449,30.69343],[33.37557,30.69328],[33.37667,30.69323],[33.37776,30.69328],[33.37884,30.69343],[33.3799,30.69367],[33.38092,30.69401],[33.3819,30.69443],[33.38281,30.69495],[33.38367,30.69554],[33.38444,30.6962],[33.38513,30.69694],[33.38572,30.69773],[33.38622,30.69856],[33.38661,30.69944],[33.3869,30.70035],[33.38707,30.70128],[33.38713,30.70222],[33.38707,30.70316],[33.3869,30.70409],[33.38661,30.705],[33.38622,30.70588],[33.38573,30.70672],[33.38513,30.70751],[33.38444,30.70824],[33.38367,30.70891],[33.38282,30.7095],[33.3819,30.71001],[33.38092,30.71044],[33.3799,30.71078],[33.37884,30.71102],[33.37776,30.71117],[33.37667,30.71122]]],\"type\":\"Polygon\"},\"properties\":{\"id\":\"geab6bc.precision_radius\",\"land_or_water\":\"land\",\"role\":\"precision_radius\"},\"type\":\"Feature\"}],\"metadata\":{\"class\":\"natural\",\"land_or_water\":\"land\",\"name\":\"Jabal al Magharah\",\"type\":\"mountain\"},\"type\":\"FeatureCollection\"}","anotherNames":"Jebel Magharah","koreanName":"자발 알 마가라","anotherKoreanNames":"제벨 마가라"},{"id":"m582106","name":"Jebel Yeleq","isModern":true,"stereo":"child","description":"A mountain located in the **central Sinai Peninsula**, considered a candidate for the biblical Mount Sinai (Mount Horeb) by some researchers.","koreanDescription":"**시나이 반도 중앙부**에 위치한 산으로, 일부 연구자들에 의해 성경의 시내 산(호렙 산)의 후보지로 간주됩니다.","imageTitle":"m582106.satellite.jpg","types":["mountain"],"geojsonText":"{\"bbox\":[33.51263,30.34212,33.53348,30.3601],\"features\":[{\"geometry\":{\"coordinates\":[33.523056,30.351111],\"type\":\"Point\"},\"properties\":{\"id\":\"m582106.point\",\"role\":\"point\"},\"type\":\"Feature\"},{\"geometry\":{\"coordinates\":[[[33.52306,30.3601],[33.52197,30.36005],[33.52089,30.35991],[33.51984,30.35966],[33.51882,30.35933],[33.51784,30.3589],[33.51693,30.35839],[33.51608,30.35779],[33.51531,30.35713],[33.51462,30.3564],[33.51403,30.35561],[33.51354,30.35477],[33.51314,30.35389],[33.51286,30.35298],[33.51269,30.35205],[33.51263,30.35111],[33.51269,30.35017],[33.51286,30.34924],[33.51314,30.34833],[33.51354,30.34745],[33.51403,30.34661],[33.51463,30.34582],[33.51531,30.34509],[33.51608,30.34443],[33.51693,30.34384],[33.51785,30.34332],[33.51882,30.3429],[33.51984,30.34256],[33.52089,30.34231],[33.52197,30.34217],[33.52306,30.34212],[33.52415,30.34217],[33.52522,30.34231],[33.52628,30.34256],[33.52729,30.3429],[33.52827,30.34332],[33.52918,30.34384],[33.53003,30.34443],[33.5308,30.34509],[33.53149,30.34582],[33.53208,30.34661],[33.53258,30.34745],[33.53297,30.34833],[33.53325,30.34924],[33.53342,30.35017],[33.53348,30.35111],[33.53342,30.35205],[33.53325,30.35298],[33.53297,30.35389],[33.53258,30.35477],[33.53208,30.35561],[33.53149,30.3564],[33.5308,30.35713],[33.53003,30.35779],[33.52918,30.35839],[33.52827,30.3589],[33.5273,30.35933],[33.52628,30.35966],[33.52522,30.35991],[33.52415,30.36005],[33.52306,30.3601]]],\"type\":\"Polygon\"},\"properties\":{\"id\":\"gc515fb.precision_radius\",\"land_or_water\":\"land\",\"role\":\"precision_radius\"},\"type\":\"Feature\"}],\"metadata\":{\"class\":\"natural\",\"land_or_water\":\"land\",\"name\":\"Jebel Yeleq\",\"type\":\"mountain\"},\"type\":\"FeatureCollection\"}","anotherNames":"Jabal Yalliq, Jebel Ya’allaq, Jebel Yeleg, Ras Abu Qurun","koreanName":"제벨 옐렉","anotherKoreanNames":"자발 얄리끄, 제벨 야알라끄, 제벨 옐렉, 라스 아부 꾸룬"},{"id":"mb43cbb","name":"Har ‘Arif","isModern":true,"stereo":"child","description":"Also known as **Mount Harif**, a mountain in the **Negev desert of Israel** near the border with Egypt.\nIt is one of the candidate locations for the biblical Mount Horeb (Sinai).","koreanDescription":"**하르 하리프**라고도 알려져 있으며, 이집트 국경 근처 이스라엘 **네게브 사막**에 있는 산입니다.\n성경의 호렙 산(시내 산)의 후보지 중 하나입니다.","imageTitle":"mb43cbb.ic61f38.jpg","types":["mountain"],"geojsonText":"{\"bbox\":[34.72297,30.41751,34.74383,30.43549],\"features\":[{\"geometry\":{\"coordinates\":[34.7334,30.4265],\"type\":\"Point\"},\"properties\":{\"id\":\"mb43cbb.point\",\"role\":\"point\"},\"type\":\"Feature\"},{\"geometry\":{\"coordinates\":[[[34.7334,30.43549],[34.73231,30.43544],[34.73123,30.4353],[34.73018,30.43505],[34.72916,30.43472],[34.72818,30.43429],[34.72727,30.43378],[34.72642,30.43318],[34.72565,30.43252],[34.72496,30.43179],[34.72437,30.431],[34.72387,30.43016],[34.72348,30.42928],[34.7232,30.42837],[34.72303,30.42744],[34.72297,30.4265],[34.72303,30.42556],[34.7232,30.42463],[34.72348,30.42372],[34.72387,30.42284],[34.72437,30.422],[34.72496,30.42121],[34.72565,30.42048],[34.72642,30.41982],[34.72727,30.41922],[34.72819,30.41871],[34.72916,30.41828],[34.73018,30.41795],[34.73123,30.4177],[34.73231,30.41756],[34.7334,30.41751],[34.73449,30.41756],[34.73557,30.4177],[34.73662,30.41795],[34.73764,30.41828],[34.73861,30.41871],[34.73953,30.41922],[34.74038,30.41982],[34.74115,30.42048],[34.74184,30.42121],[34.74243,30.422],[34.74293,30.42284],[34.74332,30.42372],[34.7436,30.42463],[34.74377,30.42556],[34.74383,30.4265],[34.74377,30.42744],[34.7436,30.42837],[34.74332,30.42928],[34.74293,30.43016],[34.74243,30.431],[34.74184,30.43179],[34.74115,30.43252],[34.74038,30.43318],[34.73953,30.43378],[34.73862,30.43429],[34.73764,30.43472],[34.73662,30.43505],[34.73557,30.4353],[34.73449,30.43544],[34.7334,30.43549]]],\"type\":\"Polygon\"},\"properties\":{\"id\":\"g13a3d3.precision_radius\",\"land_or_water\":\"land\",\"role\":\"precision_radius\"},\"type\":\"Feature\"}],\"metadata\":{\"class\":\"natural\",\"land_or_water\":\"land\",\"name\":\"Har ‘Arif\",\"type\":\"mountain\"},\"type\":\"FeatureCollection\"}","anotherNames":"Jebel Kharif, Jebel ‘Ureif","koreanName":"하르 아리프","anotherKoreanNames":"제벨 카리프, 제벨 우레이프"},{"id":"m4d1277","name":"Jabal al Lawz","isModern":true,"stereo":"child","description":"A mountain in the **ancient region of Midian in northwest Saudi Arabia**, near the Gulf of Aqaba.\nIt is a prominent, controversial candidate for the biblical Mount Sinai (Mount Horeb) based on the theory that the mountain is located in Arabia, as mentioned by Paul (Galatians 4:25).","koreanDescription":"아카바 만 근처의 **사우디아라비아 북서부 미디안 고대 지역**에 있는 산입니다.\n사도 바울이 언급한(갈라디아서 4:25) 대로 시내 산이 아라비아에 위치한다는 이론에 근거하여 성경의 시내 산(호렙 산)의 유력하지만 논란이 있는 후보지입니다.","imageTitle":"m4d1277.satellite.jpg","types":["mountain"],"geojsonText":"{\"bbox\":[35.29558,28.64517,35.31608,28.66316],\"features\":[{\"geometry\":{\"coordinates\":[35.305833,28.654167],\"type\":\"Point\"},\"properties\":{\"id\":\"m4d1277.point\",\"role\":\"point\"},\"type\":\"Feature\"},{\"geometry\":{\"coordinates\":[[[35.30583,28.66316],[35.30476,28.66311],[35.3037,28.66296],[35.30267,28.66272],[35.30166,28.66238],[35.30071,28.66196],[35.29981,28.66144],[35.29898,28.66085],[35.29822,28.66018],[35.29754,28.65945],[35.29696,28.65866],[35.29647,28.65782],[35.29609,28.65695],[35.29581,28.65604],[35.29564,28.65511],[35.29558,28.65417],[35.29564,28.65323],[35.29581,28.6523],[35.29609,28.65139],[35.29647,28.65051],[35.29696,28.64967],[35.29754,28.64888],[35.29822,28.64815],[35.29898,28.64748],[35.29981,28.64689],[35.30071,28.64638],[35.30166,28.64595],[35.30267,28.64561],[35.3037,28.64537],[35.30476,28.64522],[35.30583,28.64517],[35.3069,28.64522],[35.30796,28.64537],[35.309,28.64561],[35.31,28.64595],[35.31096,28.64638],[35.31186,28.64689],[35.31269,28.64748],[35.31345,28.64815],[35.31412,28.64888],[35.31471,28.64967],[35.31519,28.65051],[35.31558,28.65139],[35.31586,28.6523],[35.31603,28.65323],[35.31608,28.65417],[35.31603,28.65511],[35.31586,28.65604],[35.31558,28.65695],[35.3152,28.65782],[35.31471,28.65866],[35.31412,28.65945],[35.31345,28.66018],[35.31269,28.66085],[35.31186,28.66144],[35.31096,28.66196],[35.31,28.66238],[35.309,28.66272],[35.30796,28.66296],[35.3069,28.66311],[35.30583,28.66316]]],\"type\":\"Polygon\"},\"properties\":{\"id\":\"g92de24.precision_radius\",\"land_or_water\":\"land\",\"role\":\"precision_radius\"},\"type\":\"Feature\"}],\"metadata\":{\"class\":\"natural\",\"land_or_water\":\"land\",\"name\":\"Jabal al Lawz\",\"type\":\"mountain\"},\"type\":\"FeatureCollection\"}","anotherNames":"Gebel al Lawz, Jebel al Lawz","koreanName":"자발 알 라우즈","anotherKoreanNames":"게벨 알 라우즈, 제벨 알 라우즈"},{"id":"m3cf986","name":"Al Manifa","isModern":true,"stereo":"child","description":"A location in the **Saudi Arabian desert** sometimes proposed as a less likely candidate for Mount Horeb (Sinai).","koreanDescription":"**사우디아라비아 사막**의 한 장소로, 때때로 호렙 산(시내 산)의 가능성이 낮은 후보지로 제안됩니다.","imageTitle":"m3cf986.satellite.jpg","types":["mountain"],"geojsonText":"{\"bbox\":[35.28228,28.33151,35.30272,28.34949],\"features\":[{\"geometry\":{\"coordinates\":[35.2925,28.3405],\"type\":\"Point\"},\"properties\":{\"id\":\"m3cf986.point\",\"role\":\"point\"},\"type\":\"Feature\"},{\"geometry\":{\"coordinates\":[[[35.2925,28.34949],[35.29143,28.34944],[35.29038,28.3493],[35.28934,28.34905],[35.28834,28.34872],[35.28739,28.34829],[35.28649,28.34778],[35.28566,28.34718],[35.28491,28.34652],[35.28423,28.34579],[35.28365,28.345],[35.28317,28.34416],[35.28278,28.34328],[35.28251,28.34237],[35.28234,28.34144],[35.28228,28.3405],[35.28234,28.33956],[35.28251,28.33863],[35.28278,28.33772],[35.28317,28.33684],[35.28365,28.336],[35.28423,28.33521],[35.28491,28.33448],[35.28566,28.33382],[35.28649,28.33322],[35.28739,28.33271],[35.28834,28.33228],[35.28934,28.33195],[35.29038,28.3317],[35.29143,28.33156],[35.2925,28.33151],[35.29357,28.33156],[35.29462,28.3317],[35.29566,28.33195],[35.29666,28.33228],[35.29761,28.33271],[35.29851,28.33322],[35.29934,28.33382],[35.30009,28.33448],[35.30077,28.33521],[35.30135,28.336],[35.30183,28.33684],[35.30222,28.33772],[35.30249,28.33863],[35.30266,28.33956],[35.30272,28.3405],[35.30266,28.34144],[35.30249,28.34237],[35.30222,28.34328],[35.30183,28.34416],[35.30135,28.345],[35.30077,28.34579],[35.30009,28.34652],[35.29934,28.34718],[35.29851,28.34778],[35.29761,28.34829],[35.29666,28.34872],[35.29566,28.34905],[35.29462,28.3493],[35.29357,28.34944],[35.2925,28.34949]]],\"type\":\"Polygon\"},\"properties\":{\"id\":\"g99a501.precision_radius\",\"land_or_water\":\"land\",\"role\":\"precision_radius\"},\"type\":\"Feature\"}],\"metadata\":{\"class\":\"natural\",\"land_or_water\":\"land\",\"name\":\"Al Manifa\",\"type\":\"mountain\"},\"type\":\"FeatureCollection\"}","anotherNames":null,"koreanName":"알 마니파","anotherKoreanNames":null},{"id":"mee86ac","name":"Jabal Harb","isModern":true,"stereo":"child","description":"A mountain located in the **Tabūk Region of Saudi Arabia**.\nIt is one of the multiple geographic features considered as potential, albeit less traditional, locations for the biblical Mount Sinai (Mount Horeb).","koreanDescription":"**사우디아라비아 타북 지역**에 위치한 산입니다.\n성경의 시내 산(호렙 산)의 잠재적인 위치로 간주되는 여러 지리적 특징 중 하나이지만, 전통적인 후보는 아닙니다.","imageTitle":"mee86ac.satellite.jpg","types":["mountain"],"geojsonText":"{\"bbox\":[35.64702,27.95171,35.66738,27.96969],\"features\":[{\"geometry\":{\"coordinates\":[35.6572,27.9607],\"type\":\"Point\"},\"properties\":{\"id\":\"mee86ac.point\",\"role\":\"point\"},\"type\":\"Feature\"},{\"geometry\":{\"coordinates\":[[[35.6572,27.96969],[35.65614,27.96964],[35.65508,27.9695],[35.65405,27.96925],[35.65306,27.96892],[35.65211,27.96849],[35.65121,27.96798],[35.65039,27.96738],[35.64963,27.96672],[35.64896,27.96599],[35.64838,27.9652],[35.6479,27.96436],[35.64752,27.96348],[35.64724,27.96257],[35.64707,27.96164],[35.64702,27.9607],[35.64707,27.95976],[35.64724,27.95883],[35.64752,27.95792],[35.6479,27.95704],[35.64838,27.9562],[35.64896,27.95541],[35.64963,27.95468],[35.65039,27.95402],[35.65122,27.95342],[35.65211,27.95291],[35.65306,27.95248],[35.65405,27.95215],[35.65508,27.9519],[35.65614,27.95176],[35.6572,27.95171],[35.65826,27.95176],[35.65932,27.9519],[35.66035,27.95215],[35.66134,27.95248],[35.66229,27.95291],[35.66318,27.95342],[35.66401,27.95402],[35.66477,27.95468],[35.66544,27.95541],[35.66602,27.9562],[35.6665,27.95704],[35.66688,27.95792],[35.66716,27.95883],[35.66733,27.95976],[35.66738,27.9607],[35.66733,27.96164],[35.66716,27.96257],[35.66688,27.96348],[35.6665,27.96436],[35.66602,27.9652],[35.66544,27.96599],[35.66477,27.96672],[35.66401,27.96738],[35.66319,27.96798],[35.66229,27.96849],[35.66134,27.96892],[35.66035,27.96925],[35.65932,27.9695],[35.65826,27.96964],[35.6572,27.96969]]],\"type\":\"Polygon\"},\"properties\":{\"id\":\"g4ae450.precision_radius\",\"land_or_water\":\"land\",\"role\":\"precision_radius\"},\"type\":\"Feature\"}],\"metadata\":{\"class\":\"natural\",\"land_or_water\":\"land\",\"name\":\"Jabal Harb\",\"type\":\"mountain\"},\"type\":\"FeatureCollection\"}","anotherNames":"Jabal Harab, Jebel Harab","koreanName":"자발 하르브","anotherKoreanNames":"자발 하라브, 제벨 하라브"},{"id":"mb905e4","name":"Kesla","isModern":true,"stereo":"child","description":"A modern settlement or ruin site near the area of the biblical Mount Jearim, which was on the border of the tribe of Judah.","koreanDescription":"유다 지파 경계선에 있었던 성경의 여아림 산 지역 근처에 있는 현대 정착지 또는 유적지입니다.","imageTitle":"mb905e4.satellite.jpg","types":["settlement"],"geojsonText":"{\"bbox\":[35.04847,31.77886,35.05376,31.78336],\"features\":[{\"geometry\":{\"coordinates\":[35.051111,31.781111],\"type\":\"Point\"},\"properties\":{\"id\":\"mb905e4.point\",\"role\":\"point\"},\"type\":\"Feature\"},{\"geometry\":{\"coordinates\":[[[35.05111,31.78336],[35.05083,31.78335],[35.05056,31.78331],[35.05029,31.78325],[35.05004,31.78316],[35.04979,31.78306],[35.04956,31.78293],[35.04934,31.78278],[35.04915,31.78262],[35.04897,31.78243],[35.04882,31.78224],[35.04869,31.78203],[35.0486,31.78181],[35.04852,31.78158],[35.04848,31.78135],[35.04847,31.78111],[35.04848,31.78088],[35.04852,31.78064],[35.0486,31.78042],[35.04869,31.7802],[35.04882,31.77999],[35.04897,31.77979],[35.04915,31.77961],[35.04934,31.77944],[35.04956,31.77929],[35.04979,31.77916],[35.05004,31.77906],[35.05029,31.77897],[35.05056,31.77891],[35.05083,31.77888],[35.05111,31.77886],[35.05139,31.77888],[35.05166,31.77891],[35.05193,31.77897],[35.05219,31.77906],[35.05243,31.77916],[35.05267,31.77929],[35.05288,31.77944],[35.05308,31.77961],[35.05325,31.77979],[35.0534,31.77999],[35.05353,31.7802],[35.05363,31.78042],[35.0537,31.78064],[35.05374,31.78088],[35.05376,31.78111],[35.05374,31.78135],[35.0537,31.78158],[35.05363,31.78181],[35.05353,31.78203],[35.0534,31.78224],[35.05325,31.78243],[35.05308,31.78262],[35.05288,31.78278],[35.05267,31.78293],[35.05243,31.78306],[35.05219,31.78316],[35.05193,31.78325],[35.05166,31.78331],[35.05139,31.78335],[35.05111,31.78336]]],\"type\":\"Polygon\"},\"properties\":{\"id\":\"g865967.precision_radius\",\"land_or_water\":\"land\",\"role\":\"precision_radius\"},\"type\":\"Feature\"}],\"metadata\":{\"class\":\"human\",\"land_or_water\":\"land\",\"name\":\"Kesla\",\"type\":\"settlement\"},\"type\":\"FeatureCollection\"}","anotherNames":"Kasla","koreanName":"케슬라","anotherKoreanNames":"카슬라"}],"relations":[{"parentId":"acf57c5","childId":"m1232ec","possibility":100},{"parentId":"a30e967","childId":"m846c1f","possibility":100},{"parentId":"aeea26d","childId":"m7c5f02","possibility":45},{"parentId":"aeea26d","childId":"mb5d722","possibility":20},{"parentId":"aeea26d","childId":"mb7457d","possibility":20},{"parentId":"aeea26d","childId":"mf620ab","possibility":10},{"parentId":"a11fadd","childId":"m026471","possibility":60},{"parentId":"a954735","childId":"m1232ec","possibility":20},{"parentId":"ad8027f","childId":"m700b87","possibility":35},{"parentId":"ad8027f","childId":"m2564c2","possibility":15},{"parentId":"ad8027f","childId":"ma33762","possibility":10},{"parentId":"ad8027f","childId":"mabd3be","possibility":10},{"parentId":"ad8027f","childId":"m8dec05","possibility":10},{"parentId":"a341fe8","childId":"mc78c4d","possibility":100},{"parentId":"a3587ba","childId":"mb905e4","possibility":100},{"parentId":"a62fa2d","childId":"mc78c4d","possibility":30},{"parentId":"a62fa2d","childId":"mec700a","possibility":20},{"parentId":"a62fa2d","childId":"m656236","possibility":10},{"parentId":"a9bb03e","childId":"mb374b4","possibility":100},{"parentId":"a9bb03e","childId":"m0cc900","possibility":100},{"parentId":"a9bb03e","childId":"m1bfeb1","possibility":100},{"parentId":"a9bb03e","childId":"m5e6c65","possibility":100},{"parentId":"a9bb03e","childId":"mb78572","possibility":100},{"parentId":"a9bb03e","childId":"me89f58","possibility":100},{"parentId":"a9bb03e","childId":"m0c2d62","possibility":100},{"parentId":"a9bb03e","childId":"m91f093","possibility":100},{"parentId":"a9bb03e","childId":"mad096a","possibility":100},{"parentId":"a9bb03e","childId":"m582106","possibility":100},{"parentId":"a9bb03e","childId":"mb43cbb","possibility":100},{"parentId":"a9bb03e","childId":"m4d1277","possibility":100},{"parentId":"a9bb03e","childId":"m3cf986","possibility":100},{"parentId":"a9bb03e","childId":"mee86ac","possibility":100}],"total":40}