{"data":[{"id":"afe28fe","name":"Zanoah 2","imageTitle":"m633a44.id56c62.jpg","isModern":false,"stereo":"parent","description":"A settlement in the hill country of Judah, listed among the cities of the tribe of Judah (Josh 15:56). It is often identified with several possible sites today.","koreanDescription":"유다 지파에게 할당된 산지 지역의 성읍 중 하나입니다.\n고대 유다 왕국의 중요한 거점이었으며, 현재는 여러 유적지와 연관되어 추정됩니다.","verses":["Josh.15.56"],"placeUrl":"/geo/ancient/afe28fe/zanoah-2","identificationPaths":["/geo/modern/m633a44","/geo/modern/m86ff07","/geo/modern/mabdf1d","/geo/modern/m4f28ee","/geo/modern/m6494e7"],"types":["settlement"],"unknownPlacePossibility":null,"geojsonText":"{\"bbox\":[34.995,31.3698,35.15154,31.49627],\"features\":[{\"geometry\":{\"coordinates\":[[[35.032702,31.461958],[35.032093,31.462043],[35.031668,31.461692],[35.031215,31.461004],[35.031187,31.460569],[35.031881,31.46005],[35.032503,31.46005],[35.032914,31.460002],[35.033678,31.460799],[35.033721,31.46104],[35.033735,31.461535],[35.033268,31.461789],[35.032702,31.461958]]],\"type\":\"Polygon\"},\"properties\":{\"id\":\"gbb55a9.geometry\",\"land_or_water\":\"land\"},\"type\":\"Feature\"},{\"geometry\":{\"coordinates\":[35.15154,31.49627],\"type\":\"Point\"},\"properties\":{\"id\":\"m4f28ee.point\"},\"type\":\"Feature\"},{\"geometry\":{\"coordinates\":[35.053525,31.45015],\"type\":\"Point\"},\"properties\":{\"id\":\"m633a44.point\"},\"type\":\"Feature\"},{\"geometry\":{\"coordinates\":[34.995,31.3698],\"type\":\"Point\"},\"properties\":{\"id\":\"m6494e7.point\"},\"type\":\"Feature\"},{\"geometry\":{\"coordinates\":[35.045797,31.44309],\"type\":\"Point\"},\"properties\":{\"id\":\"m86ff07.point\"},\"type\":\"Feature\"},{\"geometry\":{\"coordinates\":[35.03348,31.46269],\"type\":\"Point\"},\"properties\":{\"id\":\"mabdf1d.point\"},\"type\":\"Feature\"}],\"metadata\":{\"geometry_credit\":\"Some data © OpenStreetMap contributors\",\"name\":\"Zanoah 2\"},\"type\":\"FeatureCollection\"}","anotherNames":null,"koreanName":"사노아 2","anotherKoreanNames":null},{"id":"ab49753","name":"Zaphon 1","imageTitle":"m99eed8.i239266.jpg","isModern":false,"stereo":"parent","description":"A city in the Jordan Valley, part of the territory allotted to the tribe of Gad (Josh 13:27). It is notably mentioned in the Book of Judges in connection with the story of Jephthah.","koreanDescription":"요단 계곡에 위치했던 성읍으로, 갓 지파의 영토에 속했습니다.\n사사기에서 입다의 이야기와 관련하여 언급되는 중요한 지명입니다.\n주요 비정지(比定地)는 **텔 에스-사이디예**입니다.","verses":["Josh.13.27","Judg.12.1"],"placeUrl":"/geo/ancient/ab49753/zaphon-1","identificationPaths":["/geo/modern/m99eed8","/geo/modern/ma3078f","/geo/modern/mddda6a","/geo/modern/m30e76f"],"types":["settlement"],"unknownPlacePossibility":null,"geojsonText":"{\"bbox\":[35.574287,32.221475,35.62,32.268708],\"features\":[{\"geometry\":{\"coordinates\":[[[35.578782,32.267991],[35.578659,32.268259],[35.578471,32.268454],[35.578009,32.268563],[35.57493,32.268708],[35.574646,32.268599],[35.574405,32.268381],[35.574319,32.268028],[35.574287,32.267692],[35.574405,32.267356],[35.574598,32.26703],[35.574914,32.266889],[35.575188,32.266876],[35.576153,32.26683],[35.576711,32.266794],[35.577645,32.266812],[35.577945,32.26693],[35.57816,32.267048],[35.578503,32.267275],[35.578707,32.267619],[35.578782,32.267991]]],\"type\":\"Polygon\"},\"properties\":{\"id\":\"g4b75bb.geometry\",\"land_or_water\":\"land\"},\"type\":\"Feature\"},{\"geometry\":{\"coordinates\":[[[35.605872,32.222655],[35.605732,32.222557],[35.605609,32.222419],[35.605448,32.222219],[35.6054,32.222037],[35.605443,32.221888],[35.605598,32.221656],[35.605727,32.221543],[35.605867,32.221507],[35.606065,32.221479],[35.606269,32.221475],[35.606473,32.221511],[35.606639,32.221566],[35.606784,32.221638],[35.60695,32.221792],[35.607111,32.221988],[35.607224,32.222201],[35.607235,32.222328],[35.607218,32.222469],[35.607138,32.222632],[35.607058,32.222718],[35.606779,32.222814],[35.606585,32.222832],[35.606403,32.222814],[35.606076,32.222727],[35.605872,32.222655]]],\"type\":\"Polygon\"},\"properties\":{\"id\":\"g90bd14.geometry\",\"land_or_water\":\"land\"},\"type\":\"Feature\"},{\"geometry\":{\"coordinates\":[35.5905,32.2394],\"type\":\"Point\"},\"properties\":{\"id\":\"m30e76f.point\"},\"type\":\"Feature\"},{\"geometry\":{\"coordinates\":[35.577241,32.26769],\"type\":\"Point\"},\"properties\":{\"id\":\"m99eed8.point\"},\"type\":\"Feature\"},{\"geometry\":{\"coordinates\":[35.62,32.2449],\"type\":\"Point\"},\"properties\":{\"id\":\"ma3078f.point\"},\"type\":\"Feature\"},{\"geometry\":{\"coordinates\":[35.6061,32.2222],\"type\":\"Point\"},\"properties\":{\"id\":\"mddda6a.point\"},\"type\":\"Feature\"}],\"metadata\":{\"geometry_credit\":\"Some data © OpenStreetMap contributors\",\"name\":\"Zaphon 1\"},\"type\":\"FeatureCollection\"}","anotherNames":null,"koreanName":"사본 1","anotherKoreanNames":null},{"id":"a78e845","name":"Zaphon 2","imageTitle":"mbfa260.i1e91b5.jpg","isModern":false,"stereo":"parent","description":"A mountain primarily representing the **mythological dwelling place of the gods (like Baal)**, often simply meaning the **\"North.\"** In scripture, it symbolizes the ultimate height or heavenly dwelling (e.g., in Psalm 48:2 and Isaiah 14:13). It is geographically identified with **Jebel Aqra** (Mount Casius) in modern Syria/Turkey.","koreanDescription":"문자적으로 **'북쪽'**을 의미하며, 종종 가나안 신 바알의 신화적 거주지로 알려진 산입니다.\n성경에서는 지리적 위치보다는 **최고의 높이나 하나님의 거처**를 상징하는 영적인 의미로 사용되기도 합니다.\n현대 지명으로는 **제벨 아크라(Jebel Aqra)**로 비정됩니다.","verses":["Job.26.7","Ps.48.2","Isa.14.13"],"placeUrl":"/geo/ancient/a78e845/zaphon-2","identificationPaths":["/geo/modern/mbfa260"],"types":["mountain"],"unknownPlacePossibility":null,"geojsonText":"{\"features\":[{\"geometry\":{\"coordinates\":[35.969306,35.9525],\"type\":\"Point\"},\"properties\":{\"id\":\"mbfa260.point\"},\"type\":\"Feature\"}],\"metadata\":{\"name\":\"Zaphon 2\"},\"type\":\"FeatureCollection\"}","anotherNames":null,"koreanName":"사본 2","anotherKoreanNames":null},{"id":"a6fa2d3","name":"Zarephath","imageTitle":"m5d9754.satellite.jpg","isModern":false,"stereo":"parent","description":"A famous Phoenician city located between Tyre and Sidon. It is most renowned in the Bible as the place where the prophet **Elijah** sought refuge and performed the miracles of multiplying the flour and oil, and raising the widow's son (1 Kings 17).","koreanDescription":"두로와 시돈 사이에 위치했던 유명한 베니게(페니키아)의 성읍입니다.\n**엘리야** 선지자가 머물면서 밀가루 통과 기름병의 기적을 행하고 과부의 아들을 살려낸 이야기로 가장 잘 알려져 있습니다.","verses":["1Kgs.17.9","1Kgs.17.10","Obad.1.20","Luke.4.26"],"placeUrl":"/geo/ancient/a6fa2d3/zarephath","identificationPaths":["/geo/modern/m5d9754"],"types":["settlement"],"unknownPlacePossibility":null,"geojsonText":"{\"features\":[{\"geometry\":{\"coordinates\":[35.295136,33.464227],\"type\":\"Point\"},\"properties\":{\"id\":\"m5d9754.point\"},\"type\":\"Feature\"}],\"metadata\":{\"name\":\"Zarephath\"},\"type\":\"FeatureCollection\"}","anotherNames":null,"koreanName":"사르밧","anotherKoreanNames":null},{"id":"afa84ca","name":"Zarethan","imageTitle":"m99eed8.i239266.jpg","isModern":false,"stereo":"parent","description":"An ancient town situated near the Jordan River in the Jordan Valley. It is noted in the Bible as the place 'beside which' the waters of the Jordan were held back, allowing the Israelites to cross (Joshua 3:16). King Solomon's bronze vessels for the Temple were cast 'in the plain of the Jordan, between Succoth and **Zarethan**' (1 Kings 7:46).","koreanDescription":"요단 계곡의 요단 강 근처에 있던 고대 성읍입니다.\n이스라엘 백성이 요단 강을 건널 때 강물이 멈춰 섰던 사건과 관련하여 언급됩니다.\n솔로몬 성전의 놋 기구들이 숙곳과 **사르단** 사이의 진흙 땅에서 주조되었습니다.","verses":["Josh.3.16","1Kgs.4.12","1Kgs.7.46"],"placeUrl":"/geo/ancient/afa84ca/zarethan","identificationPaths":["/geo/modern/m99eed8","/geo/modern/m63c810","/geo/modern/m0d6ead","/geo/modern/m383ade","/geo/modern/m51d3ee","/geo/modern/me34143","/geo/modern/ma3078f","/geo/modern/m8ce13e","/geo/modern/mb5a99a"],"types":["settlement"],"unknownPlacePossibility":null,"geojsonText":"{\"bbox\":[35.46139,32.09583,35.62,32.457125],\"features\":[{\"geometry\":{\"coordinates\":[[[35.578782,32.267991],[35.578659,32.268259],[35.578471,32.268454],[35.578009,32.268563],[35.57493,32.268708],[35.574646,32.268599],[35.574405,32.268381],[35.574319,32.268028],[35.574287,32.267692],[35.574405,32.267356],[35.574598,32.26703],[35.574914,32.266889],[35.575188,32.266876],[35.576153,32.26683],[35.576711,32.266794],[35.577645,32.266812],[35.577945,32.26693],[35.57816,32.267048],[35.578503,32.267275],[35.578707,32.267619],[35.578782,32.267991]]],\"type\":\"Polygon\"},\"properties\":{\"id\":\"g4b75bb.geometry\",\"land_or_water\":\"land\"},\"type\":\"Feature\"},{\"geometry\":{\"coordinates\":[35.5905,32.4002],\"type\":\"Point\"},\"properties\":{\"id\":\"m0d6ead.point\"},\"type\":\"Feature\"},{\"geometry\":{\"coordinates\":[35.59329,32.32307],\"type\":\"Point\"},\"properties\":{\"id\":\"m383ade.point\"},\"type\":\"Feature\"},{\"geometry\":{\"coordinates\":[35.4878,32.1321],\"type\":\"Point\"},\"properties\":{\"id\":\"m51d3ee.point\"},\"type\":\"Feature\"},{\"geometry\":{\"coordinates\":[35.58147,32.14214],\"type\":\"Point\"},\"properties\":{\"id\":\"m63c810.point\"},\"type\":\"Feature\"},{\"geometry\":{\"coordinates\":[35.498242,32.457125],\"type\":\"Point\"},\"properties\":{\"id\":\"m8ce13e.point\"},\"type\":\"Feature\"},{\"geometry\":{\"coordinates\":[35.577241,32.26769],\"type\":\"Point\"},\"properties\":{\"id\":\"m99eed8.point\"},\"type\":\"Feature\"},{\"geometry\":{\"coordinates\":[35.62,32.2449],\"type\":\"Point\"},\"properties\":{\"id\":\"ma3078f.point\"},\"type\":\"Feature\"},{\"geometry\":{\"coordinates\":[35.46139,32.09583],\"type\":\"Point\"},\"properties\":{\"id\":\"mb5a99a.point\"},\"type\":\"Feature\"},{\"geometry\":{\"coordinates\":[35.546789,32.103933],\"type\":\"Point\"},\"properties\":{\"id\":\"me34143.point\"},\"type\":\"Feature\"}],\"metadata\":{\"geometry_credit\":\"Some data © OpenStreetMap contributors\",\"name\":\"Zarethan\"},\"type\":\"FeatureCollection\"}","anotherNames":null,"koreanName":"사르단","anotherKoreanNames":null},{"id":"abfbfb9","name":"Zeboiim","imageTitle":"m3edbe2.i0213bf.jpg","isModern":false,"stereo":"parent","description":"One of the five infamous **'Cities of the Plain'** (Pentapolis), which included Sodom and Gomorrah. It was destroyed by God for its wickedness, believed to have been located in the region of the Dead Sea (Valley of Siddim).","koreanDescription":"소돔과 고모라를 포함한 다섯 개의 악명 높은 **'평지 성읍'** 중 하나입니다.\n그 죄악으로 인해 하나님께 멸망당했으며, 사해(死海, Dead Sea) 주변의 싯딤 골짜기에 위치했던 것으로 추정됩니다.","verses":["Gen.10.19","Gen.14.2","Gen.14.8","Deut.29.23","Hos.11.8"],"placeUrl":"/geo/ancient/abfbfb9/zeboiim","identificationPaths":["/geo/modern/m3edbe2","/geo/modern/maa94ef","/geo/modern/m56a09d","/geo/modern/m88cf7d","/geo/modern/m843146"],"types":["settlement"],"unknownPlacePossibility":null,"geojsonText":"{\"bbox\":[35.305248,30.87767,35.701387,32.0442],\"features\":[{\"geometry\":{\"coordinates\":[[[35.408824,31.314783],[35.305248,30.924507],[35.479241,30.90329],[35.546828,31.303317],[35.408824,31.314783]]],\"type\":\"Polygon\"},\"properties\":{\"id\":\"g9db00b.geometry\",\"land_or_water\":\"land\"},\"type\":\"Feature\"},{\"geometry\":{\"coordinates\":[[[35.641497,31.738839],[35.701387,31.844513],[35.595213,31.965858],[35.605654,32.028979],[35.473661,32.0442],[35.447941,31.960009],[35.398864,31.951947],[35.377756,31.918242],[35.421166,31.893264],[35.430094,31.847714],[35.454051,31.779867],[35.494221,31.751456],[35.641497,31.738839]]],\"type\":\"Polygon\"},\"properties\":{\"id\":\"gfca720.geometry\",\"land_or_water\":\"land\"},\"type\":\"Feature\"},{\"geometry\":{\"coordinates\":[35.449223,31.20849],\"type\":\"Point\"},\"properties\":{\"id\":\"m3edbe2.point\"},\"type\":\"Feature\"},{\"geometry\":{\"coordinates\":[35.595278,31.795],\"type\":\"Point\"},\"properties\":{\"id\":\"m56a09d.point\"},\"type\":\"Feature\"},{\"geometry\":{\"coordinates\":[35.437069,30.87767],\"type\":\"Point\"},\"properties\":{\"id\":\"m843146.point\"},\"type\":\"Feature\"},{\"geometry\":{\"coordinates\":[35.638489,31.904582],\"type\":\"Point\"},\"properties\":{\"id\":\"m88cf7d.point\"},\"type\":\"Feature\"},{\"geometry\":{\"coordinates\":[35.458842,30.939606],\"type\":\"Point\"},\"properties\":{\"id\":\"maa94ef.point\"},\"type\":\"Feature\"}],\"metadata\":{\"name\":\"Zeboiim\"},\"type\":\"FeatureCollection\"}","anotherNames":null,"koreanName":"스보임","anotherKoreanNames":null},{"id":"a7e3823","name":"Zeboim","imageTitle":"mb7e1e6.ic22d23.jpg","isModern":false,"stereo":"parent","description":"A post-exilic settlement in the territory of the tribe of Benjamin, listed in Nehemiah (Neh 11:34) as one of the places where the returnees lived. It is distinct from the Valley of Zeboiim.","koreanDescription":"바벨론 포로기 이후, 느헤미야 시대에 베냐민 지파의 후손들이 정착했던 성읍 중 하나입니다.\n사무엘상에 언급된 '스보임 골짜기'와는 구별되는 지명입니다.","verses":["Neh.11.34"],"placeUrl":"/geo/ancient/a7e3823/zeboim","identificationPaths":["/geo/modern/mb7e1e6"],"types":["settlement"],"unknownPlacePossibility":null,"geojsonText":"{\"features\":[{\"geometry\":{\"coordinates\":[34.895503,32.002953],\"type\":\"Point\"},\"properties\":{\"id\":\"mb7e1e6.point\"},\"type\":\"Feature\"}],\"metadata\":{\"name\":\"Zeboim\"},\"type\":\"FeatureCollection\"}","anotherNames":null,"koreanName":"스보임","anotherKoreanNames":null},{"id":"aab92ca","name":"Zedad","imageTitle":"m951680.satellite.jpg","isModern":false,"stereo":"parent","description":"A key settlement marking the **northern boundary of the Promised Land** of Israel, as delineated in the geographical specifications given in the Books of Numbers (Num 34:8) and Ezekiel (Ezek 47:15). It is widely identified with the modern village of Sadad.","koreanDescription":"민수기와 에스겔서에 명시된, 이스라엘이 약속받은 땅의 **북쪽 경계를 표시하는** 주요 성읍입니다.\n현재 시리아에 위치한 **사다드(Sadad)** 마을로 널리 비정됩니다.","verses":["Num.34.8","Ezek.47.15"],"placeUrl":"/geo/ancient/aab92ca/zedad","identificationPaths":["/geo/modern/m951680","/geo/modern/mba5378"],"types":["settlement"],"unknownPlacePossibility":null,"geojsonText":"{\"bbox\":[35.594266,33.288864,36.924189,34.313456],\"features\":[{\"geometry\":{\"coordinates\":[36.924189,34.313456],\"type\":\"Point\"},\"properties\":{\"id\":\"m951680.point\"},\"type\":\"Feature\"},{\"geometry\":{\"coordinates\":[35.594266,33.288864],\"type\":\"Point\"},\"properties\":{\"id\":\"mba5378.point\"},\"type\":\"Feature\"}],\"metadata\":{\"name\":\"Zedad\"},\"type\":\"FeatureCollection\"}","anotherNames":null,"koreanName":"스닷","anotherKoreanNames":null},{"id":"a597dd0","name":"Zela","imageTitle":"m934b82.i21a98f.jpg","isModern":false,"stereo":"parent","description":"A city in the territory of the tribe of Benjamin. It is historically significant as the place where the bones of **King Saul** and his family (including his father Kish and son Jonathan) were finally buried after David had them collected (2 Samuel 21:14).","koreanDescription":"베냐민 지파의 영토에 속했던 성읍입니다.\n**사울 왕**과 그의 가족(아버지 기스와 아들 요나단 포함)의 유골이 다윗에 의해 수습되어 최종적으로 매장된 역사적인 장소로 유명합니다.","verses":["Josh.18.28","2Sam.21.14"],"placeUrl":"/geo/ancient/a597dd0/zela","identificationPaths":["/geo/modern/m934b82","/geo/modern/m0431fc","/geo/modern/md02dab"],"types":["settlement"],"unknownPlacePossibility":null,"geojsonText":"{\"bbox\":[35.209636,31.802528,35.236,31.89571],\"features\":[{\"geometry\":{\"coordinates\":[35.236,31.84746],\"type\":\"Point\"},\"properties\":{\"id\":\"m0431fc.point\"},\"type\":\"Feature\"},{\"geometry\":{\"coordinates\":[35.209636,31.802528],\"type\":\"Point\"},\"properties\":{\"id\":\"m934b82.point\"},\"type\":\"Feature\"},{\"geometry\":{\"coordinates\":[35.21805,31.89571],\"type\":\"Point\"},\"properties\":{\"id\":\"md02dab.point\"},\"type\":\"Feature\"}],\"metadata\":{\"name\":\"Zela\"},\"type\":\"FeatureCollection\"}","anotherNames":null,"koreanName":"셀라","anotherKoreanNames":null},{"id":"a44c89d","name":"Zelzah","imageTitle":"m9fb934.i9430f9.jpg","isModern":false,"stereo":"parent","description":"A place mentioned only once in the Bible, associated with the prophecy given to **Saul** by Samuel. It is situated in the territory of Benjamin, near **Rachel's Tomb** (1 Sam 10:2). The exact location is uncertain, with proposals including the area near the modern town of Beit Jala.","koreanDescription":"성경에서 단 한 번 언급된 장소로, 사무엘이 **사울**에게 왕이 될 징조를 예언할 때 거론되었습니다.\n**라헬의 무덤 근처**에 있는 베냐민 지파 영토 내에 위치했습니다.\n현대 **베이트 잘라(Beit Jala)** 근처를 포함하여 여러 비정지가 논의됩니다.","verses":["1Sam.10.2"],"placeUrl":"/geo/ancient/a44c89d/zelzah","identificationPaths":["/geo/modern/m934b82","/geo/modern/m0431fc","/geo/modern/md02dab","/geo/modern/m9fb934","/geo/modern/m60ab56"],"types":["settlement"],"unknownPlacePossibility":null,"geojsonText":"{\"bbox\":[35.10378,31.716667,35.236,31.89571],\"features\":[{\"geometry\":{\"coordinates\":[35.236,31.84746],\"type\":\"Point\"},\"properties\":{\"id\":\"m0431fc.point\"},\"type\":\"Feature\"},{\"geometry\":{\"coordinates\":[35.10378,31.808957],\"type\":\"Point\"},\"properties\":{\"id\":\"m60ab56.point\"},\"type\":\"Feature\"},{\"geometry\":{\"coordinates\":[35.209636,31.802528],\"type\":\"Point\"},\"properties\":{\"id\":\"m934b82.point\"},\"type\":\"Feature\"},{\"geometry\":{\"coordinates\":[35.183333,31.716667],\"type\":\"Point\"},\"properties\":{\"id\":\"m9fb934.point\"},\"type\":\"Feature\"},{\"geometry\":{\"coordinates\":[35.21805,31.89571],\"type\":\"Point\"},\"properties\":{\"id\":\"md02dab.point\"},\"type\":\"Feature\"}],\"metadata\":{\"name\":\"Zelzah\"},\"type\":\"FeatureCollection\"}","anotherNames":null,"koreanName":"셀사","anotherKoreanNames":null},{"id":"m633a44","name":"Khirbet Beit Amra","isModern":true,"stereo":"child","description":"A modern ruin (khirbet) in the Hebron hills area, located in the southern part of the West Bank. It is one of the possible sites identified with the biblical town of **Zanoah 2**.","koreanDescription":"헤브론 산악 지대에 위치한 현대의 유적지(키르벳)입니다.\n성경 속 유다 지파의 성읍인 **사노아 2**의 유력한 비정지 중 하나입니다.","imageTitle":"m633a44.id56c62.jpg","types":["settlement"],"geojsonText":"{\"bbox\":[35.05247,31.44925,35.05458,31.45105],\"features\":[{\"geometry\":{\"coordinates\":[35.053525,31.45015],\"type\":\"Point\"},\"properties\":{\"id\":\"m633a44.point\",\"role\":\"point\"},\"type\":\"Feature\"},{\"geometry\":{\"coordinates\":[[[35.05353,31.45105],[35.05341,31.45104],[35.05331,31.45103],[35.0532,31.45101],[35.0531,31.45097],[35.053,31.45093],[35.05291,31.45088],[35.05282,31.45082],[35.05274,31.45075],[35.05267,31.45068],[35.05261,31.4506],[35.05256,31.45052],[35.05252,31.45043],[35.05249,31.45034],[35.05248,31.45024],[35.05247,31.45015],[35.05248,31.45006],[35.05249,31.44996],[35.05252,31.44987],[35.05256,31.44978],[35.05261,31.4497],[35.05267,31.44962],[35.05274,31.44955],[35.05282,31.44948],[35.05291,31.44942],[35.053,31.44937],[35.0531,31.44933],[35.0532,31.44929],[35.05331,31.44927],[35.05341,31.44926],[35.05353,31.44925],[35.05364,31.44926],[35.05374,31.44927],[35.05385,31.44929],[35.05395,31.44933],[35.05405,31.44937],[35.05414,31.44942],[35.05423,31.44948],[35.05431,31.44955],[35.05438,31.44962],[35.05444,31.4497],[35.05449,31.44978],[35.05453,31.44987],[35.05456,31.44996],[35.05457,31.45006],[35.05458,31.45015],[35.05457,31.45024],[35.05456,31.45034],[35.05453,31.45043],[35.05449,31.45052],[35.05444,31.4506],[35.05438,31.45068],[35.05431,31.45075],[35.05423,31.45082],[35.05414,31.45088],[35.05405,31.45093],[35.05395,31.45097],[35.05385,31.45101],[35.05374,31.45103],[35.05364,31.45104],[35.05353,31.45105]]],\"type\":\"Polygon\"},\"properties\":{\"id\":\"g9a4701.precision_radius\",\"land_or_water\":\"land\",\"role\":\"precision_radius\"},\"type\":\"Feature\"}],\"metadata\":{\"class\":\"human\",\"land_or_water\":\"land\",\"name\":\"Khirbet Beit Amra\",\"type\":\"settlement\"},\"type\":\"FeatureCollection\"}","anotherNames":null,"koreanName":"키르벳 베이트 암라","anotherKoreanNames":null},{"id":"m86ff07","name":"Khirbet Umm el Amad","isModern":true,"stereo":"child","description":"A modern ruin (khirbet) in the southern Hebron hills, also considered a secondary candidate for the biblical town of **Zanoah 2** due to archaeological findings and geographical context.","koreanDescription":"헤브론 남쪽 산지에 있는 현대 유적지입니다.\n고대 성읍 **사노아 2**의 또 다른 비정지 후보로, 지리적 위치와 발굴 결과에 따라 고려되고 있습니다.","imageTitle":"m86ff07.satellite.jpg","types":["settlement"],"geojsonText":"{\"bbox\":[35.04474,31.44219,35.04685,31.44399],\"features\":[{\"geometry\":{\"coordinates\":[35.045797,31.44309],\"type\":\"Point\"},\"properties\":{\"geometry_credit\":\"osm\",\"id\":\"m86ff07.point\",\"role\":\"point\"},\"type\":\"Feature\"},{\"geometry\":{\"coordinates\":[[[35.0458,31.44399],[35.04569,31.44398],[35.04558,31.44397],[35.04547,31.44395],[35.04537,31.44391],[35.04527,31.44387],[35.04518,31.44382],[35.04509,31.44376],[35.04501,31.44369],[35.04494,31.44362],[35.04488,31.44354],[35.04483,31.44346],[35.04479,31.44337],[35.04477,31.44328],[35.04475,31.44318],[35.04474,31.44309],[35.04475,31.443],[35.04477,31.4429],[35.04479,31.44281],[35.04483,31.44272],[35.04488,31.44264],[35.04494,31.44256],[35.04501,31.44249],[35.04509,31.44242],[35.04518,31.44236],[35.04527,31.44231],[35.04537,31.44227],[35.04547,31.44223],[35.04558,31.44221],[35.04569,31.4422],[35.0458,31.44219],[35.04591,31.4422],[35.04602,31.44221],[35.04612,31.44223],[35.04623,31.44227],[35.04632,31.44231],[35.04642,31.44236],[35.0465,31.44242],[35.04658,31.44249],[35.04665,31.44256],[35.04671,31.44264],[35.04676,31.44272],[35.0468,31.44281],[35.04683,31.4429],[35.04685,31.443],[35.04685,31.44309],[35.04685,31.44318],[35.04683,31.44328],[35.0468,31.44337],[35.04676,31.44346],[35.04671,31.44354],[35.04665,31.44362],[35.04658,31.44369],[35.0465,31.44376],[35.04642,31.44382],[35.04632,31.44387],[35.04623,31.44391],[35.04612,31.44395],[35.04602,31.44397],[35.04591,31.44398],[35.0458,31.44399]]],\"type\":\"Polygon\"},\"properties\":{\"id\":\"g1efc76.precision_radius\",\"land_or_water\":\"land\",\"role\":\"precision_radius\"},\"type\":\"Feature\"}],\"metadata\":{\"class\":\"human\",\"land_or_water\":\"land\",\"name\":\"Khirbet Umm el Amad\",\"type\":\"settlement\"},\"type\":\"FeatureCollection\"}","anotherNames":"Khirbet Umm al Amad","koreanName":"키르벳 움 엘 아마드","anotherKoreanNames":"키르벳 움 알 아마드"},{"id":"mabdf1d","name":"Khirbet Bism","isModern":true,"stereo":"child","description":"A modern ruin (khirbet) in the Judean Hills. It is one of the less favored, but still possible, identifications for the biblical town of **Zanoah 2**.","koreanDescription":"유대 산맥에 위치한 현대의 유적지입니다.\n**사노아 2**의 고대 위치에 대한 여러 비정지 중 하나로 여겨집니다.","imageTitle":"mabdf1d.iee3ae4.jpg","types":["settlement"],"geojsonText":"{\"bbox\":[35.031187,31.460002,35.033735,31.46269],\"features\":[{\"geometry\":{\"coordinates\":[35.03348,31.46269],\"type\":\"Point\"},\"properties\":{\"id\":\"mabdf1d.point\",\"role\":\"point\"},\"type\":\"Feature\"},{\"geometry\":{\"coordinates\":[[[35.032702,31.461958],[35.032093,31.462043],[35.031668,31.461692],[35.031215,31.461004],[35.031187,31.460569],[35.031881,31.46005],[35.032503,31.46005],[35.032914,31.460002],[35.033678,31.460799],[35.033721,31.46104],[35.033735,31.461535],[35.033268,31.461789],[35.032702,31.461958]]],\"type\":\"Polygon\"},\"properties\":{\"id\":\"gbb55a9.local\",\"land_or_water\":\"land\",\"role\":\"local\"},\"type\":\"Feature\"}],\"metadata\":{\"class\":\"human\",\"geometry_credit\":\"Some data © OpenStreetMap contributors\",\"land_or_water\":\"land\",\"name\":\"Khirbet Bism\",\"type\":\"settlement\"},\"type\":\"FeatureCollection\"}","anotherNames":null,"koreanName":"키르벳 비슴","anotherKoreanNames":null},{"id":"m4f28ee","name":"Khirbet Bani Dar","isModern":true,"stereo":"child","description":"A modern ruin (khirbet) in the Hebron area. It is one of the many candidates for the biblical site of **Zanoah 2**.","koreanDescription":"헤브론 지역에 위치한 현대 유적지이며, 성경의 **사노아 2**와 연관될 가능성이 제기됩니다.","imageTitle":"m4f28ee.satellite.jpg","types":["settlement"],"geojsonText":"{\"bbox\":[35.15049,31.49537,35.15259,31.49717],\"features\":[{\"geometry\":{\"coordinates\":[35.15154,31.49627],\"type\":\"Point\"},\"properties\":{\"id\":\"m4f28ee.point\",\"role\":\"point\"},\"type\":\"Feature\"},{\"geometry\":{\"coordinates\":[[[35.15154,31.49717],[35.15143,31.49716],[35.15132,31.49715],[35.15121,31.49713],[35.15111,31.49709],[35.15101,31.49705],[35.15092,31.497],[35.15083,31.49694],[35.15076,31.49687],[35.15069,31.4968],[35.15063,31.49672],[35.15058,31.49664],[35.15054,31.49655],[35.15051,31.49646],[35.15049,31.49636],[35.15049,31.49627],[35.15049,31.49618],[35.15051,31.49608],[35.15054,31.49599],[35.15058,31.4959],[35.15063,31.49582],[35.15069,31.49574],[35.15076,31.49567],[35.15083,31.4956],[35.15092,31.49554],[35.15101,31.49549],[35.15111,31.49545],[35.15121,31.49541],[35.15132,31.49539],[35.15143,31.49538],[35.15154,31.49537],[35.15165,31.49538],[35.15176,31.49539],[35.15187,31.49541],[35.15197,31.49545],[35.15207,31.49549],[35.15216,31.49554],[35.15225,31.4956],[35.15232,31.49567],[35.15239,31.49574],[35.15245,31.49582],[35.1525,31.4959],[35.15254,31.49599],[35.15257,31.49608],[35.15259,31.49618],[35.15259,31.49627],[35.15259,31.49636],[35.15257,31.49646],[35.15254,31.49655],[35.1525,31.49664],[35.15245,31.49672],[35.15239,31.4968],[35.15232,31.49687],[35.15225,31.49694],[35.15216,31.497],[35.15207,31.49705],[35.15197,31.49709],[35.15187,31.49713],[35.15176,31.49715],[35.15165,31.49716],[35.15154,31.49717]]],\"type\":\"Polygon\"},\"properties\":{\"id\":\"g1f4e76.precision_radius\",\"land_or_water\":\"land\",\"role\":\"precision_radius\"},\"type\":\"Feature\"}],\"metadata\":{\"class\":\"human\",\"land_or_water\":\"land\",\"name\":\"Khirbet Bani Dar\",\"type\":\"settlement\"},\"type\":\"FeatureCollection\"}","anotherNames":"En Nabi Yaqin, En Nebi Yaqin, Khirbet Yaqin, Khirbet Yukin, Nabi Yaqin","koreanName":"키르벳 바니 다르","anotherKoreanNames":"엔 나비 야킨, 엔 네비 야킨, 키르벳 야킨, 키르벳 유킨, 나비 야킨"},{"id":"m6494e7","name":"Khirbet Zanuta","isModern":true,"stereo":"child","description":"A modern ruin (khirbet) in the southern Judean hills. Due to the phonetic similarity of the name, it is often considered the most likely identification for the biblical town of **Zanoah 2**.","koreanDescription":"유대 산지의 남쪽에 위치한 현대 유적지입니다.\n음운적 유사성으로 인해 성경의 **사노아 2**의 가장 유력한 비정지로 간주됩니다.","imageTitle":"m6494e7.satellite.jpg","types":["settlement"],"geojsonText":"{\"bbox\":[34.99237,31.36755,34.99763,31.37205],\"features\":[{\"geometry\":{\"coordinates\":[34.995,31.3698],\"type\":\"Point\"},\"properties\":{\"id\":\"m6494e7.point\",\"role\":\"point\"},\"type\":\"Feature\"},{\"geometry\":{\"coordinates\":[[[34.995,31.37205],[34.99472,31.37204],[34.99445,31.372],[34.99419,31.37194],[34.99393,31.37185],[34.99368,31.37175],[34.99345,31.37162],[34.99324,31.37147],[34.99304,31.3713],[34.99287,31.37112],[34.99272,31.37092],[34.99259,31.37071],[34.9925,31.37049],[34.99242,31.37027],[34.99238,31.37003],[34.99237,31.3698],[34.99238,31.36956],[34.99242,31.36933],[34.9925,31.36911],[34.99259,31.36889],[34.99272,31.36868],[34.99287,31.36848],[34.99304,31.3683],[34.99324,31.36813],[34.99345,31.36798],[34.99368,31.36785],[34.99393,31.36775],[34.99419,31.36766],[34.99445,31.3676],[34.99472,31.36756],[34.995,31.36755],[34.99528,31.36756],[34.99555,31.3676],[34.99581,31.36766],[34.99607,31.36775],[34.99632,31.36785],[34.99655,31.36798],[34.99676,31.36813],[34.99696,31.3683],[34.99713,31.36848],[34.99728,31.36868],[34.99741,31.36889],[34.9975,31.36911],[34.99758,31.36933],[34.99762,31.36956],[34.99763,31.3698],[34.99762,31.37003],[34.99758,31.37027],[34.9975,31.37049],[34.99741,31.37071],[34.99728,31.37092],[34.99713,31.37112],[34.99696,31.3713],[34.99676,31.37147],[34.99655,31.37162],[34.99632,31.37175],[34.99607,31.37185],[34.99581,31.37194],[34.99555,31.372],[34.99528,31.37204],[34.995,31.37205]]],\"type\":\"Polygon\"},\"properties\":{\"id\":\"ga6dcd8.precision_radius\",\"land_or_water\":\"land\",\"role\":\"precision_radius\"},\"type\":\"Feature\"}],\"metadata\":{\"class\":\"human\",\"land_or_water\":\"land\",\"name\":\"Khirbet Zanuta\",\"type\":\"settlement\"},\"type\":\"FeatureCollection\"}","anotherNames":"Khirbat Zanuta","koreanName":"키르벳 자누타","anotherKoreanNames":"키르밧 자누타"},{"id":"m99eed8","name":"Tell es Sa’idiyeh","isModern":true,"stereo":"child","description":"A large archaeological mound (tell) in the central Jordan Valley, Jordan. It is a major candidate for both the biblical sites of **Zaphon 1** and **Zarethan**, known for significant Bronze and Iron Age finds.","koreanDescription":"요르단 요단 계곡 중앙에 위치한 거대한 고고학적 봉분(텔)입니다.\n성경의 **사본 1**과 **사르단** 모두에 대한 주요 비정지이며, 청동기 및 철기 시대의 중요한 발굴지로 알려져 있습니다.","imageTitle":"m99eed8.i239266.jpg","types":["settlement"],"geojsonText":"{\"bbox\":[35.574287,32.266794,35.578782,32.268708],\"features\":[{\"geometry\":{\"coordinates\":[35.577241,32.26769],\"type\":\"Point\"},\"properties\":{\"id\":\"m99eed8.point\",\"role\":\"point\"},\"type\":\"Feature\"},{\"geometry\":{\"coordinates\":[[[35.578782,32.267991],[35.578659,32.268259],[35.578471,32.268454],[35.578009,32.268563],[35.57493,32.268708],[35.574646,32.268599],[35.574405,32.268381],[35.574319,32.268028],[35.574287,32.267692],[35.574405,32.267356],[35.574598,32.26703],[35.574914,32.266889],[35.575188,32.266876],[35.576153,32.26683],[35.576711,32.266794],[35.577645,32.266812],[35.577945,32.26693],[35.57816,32.267048],[35.578503,32.267275],[35.578707,32.267619],[35.578782,32.267991]]],\"type\":\"Polygon\"},\"properties\":{\"id\":\"g4b75bb.local\",\"land_or_water\":\"land\",\"role\":\"local\"},\"type\":\"Feature\"},{\"geometry\":{\"coordinates\":[[[35.57724,32.26814],[35.57719,32.26814],[35.57713,32.26813],[35.57708,32.26812],[35.57702,32.2681],[35.57698,32.26808],[35.57693,32.26805],[35.57689,32.26802],[35.57685,32.26799],[35.57681,32.26795],[35.57678,32.26791],[35.57676,32.26787],[35.57674,32.26783],[35.57672,32.26778],[35.57671,32.26774],[35.57671,32.26769],[35.57671,32.26764],[35.57672,32.2676],[35.57674,32.26755],[35.57676,32.26751],[35.57678,32.26747],[35.57681,32.26743],[35.57685,32.26739],[35.57689,32.26736],[35.57693,32.26733],[35.57698,32.2673],[35.57702,32.26728],[35.57708,32.26726],[35.57713,32.26725],[35.57719,32.26724],[35.57724,32.26724],[35.5773,32.26724],[35.57735,32.26725],[35.57741,32.26726],[35.57746,32.26728],[35.57751,32.2673],[35.57755,32.26733],[35.5776,32.26736],[35.57764,32.26739],[35.57767,32.26743],[35.5777,32.26747],[35.57773,32.26751],[35.57775,32.26755],[35.57776,32.2676],[35.57777,32.26764],[35.57777,32.26769],[35.57777,32.26774],[35.57776,32.26778],[35.57775,32.26783],[35.57773,32.26787],[35.5777,32.26791],[35.57767,32.26795],[35.57764,32.26799],[35.5776,32.26802],[35.57755,32.26805],[35.57751,32.26808],[35.57746,32.2681],[35.57741,32.26812],[35.57735,32.26813],[35.5773,32.26814],[35.57724,32.26814]]],\"type\":\"Polygon\"},\"properties\":{\"id\":\"gdb4db8.precision_radius\",\"land_or_water\":\"land\",\"role\":\"precision_radius\"},\"type\":\"Feature\"}],\"metadata\":{\"class\":\"human\",\"geometry_credit\":\"Some data © OpenStreetMap contributors\",\"land_or_water\":\"land\",\"name\":\"Tell es Sa’idiyeh\",\"type\":\"settlement\"},\"type\":\"FeatureCollection\"}","anotherNames":"Saidiyeh, Tall as Su’aydiyah","koreanName":"텔 에스-사이디예","anotherKoreanNames":"사이디예, 탈 아스-수아이디야"},{"id":"ma3078f","name":"Tell el Qos","isModern":true,"stereo":"child","description":"A tell (mound) in the Jordan Valley, considered a secondary candidate for the biblical cities of **Zaphon 1** and **Zarethan**.","koreanDescription":"요단 계곡에 위치한 봉분(텔)으로, 성경의 **사본 1**과 **사르단**의 또 다른 비정지 후보 중 하나입니다.","imageTitle":"ma3078f.satellite.jpg","types":["settlement"],"geojsonText":"{\"bbox\":[35.61947,32.24445,35.62053,32.24535],\"features\":[{\"geometry\":{\"coordinates\":[35.62,32.2449],\"type\":\"Point\"},\"properties\":{\"id\":\"ma3078f.point\",\"role\":\"point\"},\"type\":\"Feature\"},{\"geometry\":{\"coordinates\":[[[35.62,32.24535],[35.61994,32.24535],[35.61989,32.24534],[35.61984,32.24533],[35.61978,32.24531],[35.61973,32.24529],[35.61969,32.24526],[35.61964,32.24523],[35.6196,32.2452],[35.61957,32.24516],[35.61954,32.24512],[35.61951,32.24508],[35.61949,32.24504],[35.61948,32.24499],[35.61947,32.24495],[35.61947,32.2449],[35.61947,32.24485],[35.61948,32.24481],[35.61949,32.24476],[35.61951,32.24472],[35.61954,32.24468],[35.61957,32.24464],[35.6196,32.2446],[35.61964,32.24457],[35.61969,32.24454],[35.61973,32.24451],[35.61978,32.24449],[35.61984,32.24447],[35.61989,32.24446],[35.61994,32.24445],[35.62,32.24445],[35.62006,32.24445],[35.62011,32.24446],[35.62016,32.24447],[35.62022,32.24449],[35.62027,32.24451],[35.62031,32.24454],[35.62036,32.24457],[35.6204,32.2446],[35.62043,32.24464],[35.62046,32.24468],[35.62049,32.24472],[35.62051,32.24476],[35.62052,32.24481],[35.62053,32.24485],[35.62053,32.2449],[35.62053,32.24495],[35.62052,32.24499],[35.62051,32.24504],[35.62049,32.24508],[35.62046,32.24512],[35.62043,32.24516],[35.6204,32.2452],[35.62036,32.24523],[35.62031,32.24526],[35.62027,32.24529],[35.62022,32.24531],[35.62016,32.24533],[35.62011,32.24534],[35.62006,32.24535],[35.62,32.24535]]],\"type\":\"Polygon\"},\"properties\":{\"id\":\"gce3f8a.precision_radius\",\"land_or_water\":\"land\",\"role\":\"precision_radius\"},\"type\":\"Feature\"}],\"metadata\":{\"class\":\"human\",\"land_or_water\":\"land\",\"name\":\"Tell el Qos\",\"type\":\"settlement\"},\"type\":\"FeatureCollection\"}","anotherNames":"Tall el Qos","koreanName":"텔 엘 코스","anotherKoreanNames":"탈 엘 코스"},{"id":"mddda6a","name":"Tall el Mazar","isModern":true,"stereo":"child","description":"An archaeological mound (tall) in the Jordan Valley, occasionally considered a possible location for the biblical city of **Zaphon 1**.","koreanDescription":"요단 계곡에 위치한 고고학적 봉분(탈)이며, 성경의 **사본 1**의 위치로 논의되는 곳 중 하나입니다.","imageTitle":"mddda6a.satellite.jpg","types":["settlement"],"geojsonText":"{\"bbox\":[35.6054,32.221475,35.607235,32.222832],\"features\":[{\"geometry\":{\"coordinates\":[35.6061,32.2222],\"type\":\"Point\"},\"properties\":{\"id\":\"mddda6a.point\",\"role\":\"point\"},\"type\":\"Feature\"},{\"geometry\":{\"coordinates\":[[[35.605872,32.222655],[35.605732,32.222557],[35.605609,32.222419],[35.605448,32.222219],[35.6054,32.222037],[35.605443,32.221888],[35.605598,32.221656],[35.605727,32.221543],[35.605867,32.221507],[35.606065,32.221479],[35.606269,32.221475],[35.606473,32.221511],[35.606639,32.221566],[35.606784,32.221638],[35.60695,32.221792],[35.607111,32.221988],[35.607224,32.222201],[35.607235,32.222328],[35.607218,32.222469],[35.607138,32.222632],[35.607058,32.222718],[35.606779,32.222814],[35.606585,32.222832],[35.606403,32.222814],[35.606076,32.222727],[35.605872,32.222655]]],\"type\":\"Polygon\"},\"properties\":{\"id\":\"g90bd14.local\",\"land_or_water\":\"land\",\"role\":\"local\"},\"type\":\"Feature\"},{\"geometry\":{\"coordinates\":[[[35.6061,32.22265],[35.60604,32.22265],[35.60599,32.22264],[35.60594,32.22263],[35.60588,32.22261],[35.60583,32.22259],[35.60579,32.22256],[35.60574,32.22253],[35.60571,32.2225],[35.60567,32.22246],[35.60564,32.22242],[35.60561,32.22238],[35.60559,32.22234],[35.60558,32.22229],[35.60557,32.22225],[35.60557,32.2222],[35.60557,32.22215],[35.60558,32.22211],[35.60559,32.22206],[35.60561,32.22202],[35.60564,32.22198],[35.60567,32.22194],[35.60571,32.2219],[35.60574,32.22187],[35.60579,32.22184],[35.60583,32.22181],[35.60588,32.22179],[35.60594,32.22177],[35.60599,32.22176],[35.60604,32.22175],[35.6061,32.22175],[35.60616,32.22175],[35.60621,32.22176],[35.60626,32.22177],[35.60632,32.22179],[35.60637,32.22181],[35.60641,32.22184],[35.60646,32.22187],[35.60649,32.2219],[35.60653,32.22194],[35.60656,32.22198],[35.60659,32.22202],[35.60661,32.22206],[35.60662,32.22211],[35.60663,32.22215],[35.60663,32.2222],[35.60663,32.22225],[35.60662,32.22229],[35.60661,32.22234],[35.60659,32.22238],[35.60656,32.22242],[35.60653,32.22246],[35.60649,32.2225],[35.60646,32.22253],[35.60641,32.22256],[35.60637,32.22259],[35.60632,32.22261],[35.60626,32.22263],[35.60621,32.22264],[35.60616,32.22265],[35.6061,32.22265]]],\"type\":\"Polygon\"},\"properties\":{\"id\":\"ga9c2ef.precision_radius\",\"land_or_water\":\"land\",\"role\":\"precision_radius\"},\"type\":\"Feature\"}],\"metadata\":{\"class\":\"human\",\"geometry_credit\":\"Some data © OpenStreetMap contributors\",\"land_or_water\":\"land\",\"name\":\"Tall el Mazar\",\"type\":\"settlement\"},\"type\":\"FeatureCollection\"}","anotherNames":"Mazar, Tell el Mazar","koreanName":"탈 엘 마자르","anotherKoreanNames":"마자르, 텔 엘 마자르"},{"id":"m30e76f","name":"Khirbet Buweib","isModern":true,"stereo":"child","description":"A ruin (khirbet) in the Jordan Valley, presented as a possible, though less likely, candidate for the biblical site of **Zaphon 1**.","koreanDescription":"요단 계곡의 유적지(키르벳)로, 성경의 **사본 1**에 대한 보조적인 비정지 후보입니다.","imageTitle":"m30e76f.satellite.jpg","types":["settlement"],"geojsonText":"{\"bbox\":[35.58518,32.2349,35.59582,32.2439],\"features\":[{\"geometry\":{\"coordinates\":[35.5905,32.2394],\"type\":\"Point\"},\"properties\":{\"id\":\"m30e76f.point\",\"role\":\"point\"},\"type\":\"Feature\"},{\"geometry\":{\"coordinates\":[[[35.5905,32.2439],[35.58994,32.24387],[35.58939,32.2438],[35.58886,32.24368],[35.58834,32.24351],[35.58784,32.24329],[35.58738,32.24304],[35.58694,32.24274],[35.58655,32.24241],[35.5862,32.24204],[35.5859,32.24165],[35.58564,32.24123],[35.58544,32.24079],[35.5853,32.24033],[35.58521,32.23987],[35.58518,32.2394],[35.58521,32.23893],[35.5853,32.23846],[35.58544,32.23801],[35.58564,32.23757],[35.5859,32.23715],[35.5862,32.23676],[35.58655,32.23639],[35.58694,32.23606],[35.58738,32.23576],[35.58784,32.23551],[35.58834,32.23529],[35.58886,32.23512],[35.58939,32.235],[35.58994,32.23493],[35.5905,32.2349],[35.59106,32.23493],[35.59161,32.235],[35.59214,32.23512],[35.59266,32.23529],[35.59316,32.23551],[35.59362,32.23576],[35.59406,32.23606],[35.59445,32.23639],[35.5948,32.23676],[35.5951,32.23715],[35.59536,32.23757],[35.59556,32.23801],[35.5957,32.23846],[35.59579,32.23893],[35.59582,32.2394],[35.59579,32.23987],[35.5957,32.24033],[35.59556,32.24079],[35.59536,32.24123],[35.5951,32.24165],[35.5948,32.24204],[35.59445,32.24241],[35.59406,32.24274],[35.59362,32.24304],[35.59316,32.24329],[35.59266,32.24351],[35.59214,32.24368],[35.59161,32.2438],[35.59106,32.24387],[35.5905,32.2439]]],\"type\":\"Polygon\"},\"properties\":{\"id\":\"g378cd1.precision_radius\",\"land_or_water\":\"land\",\"role\":\"precision_radius\"},\"type\":\"Feature\"}],\"metadata\":{\"class\":\"human\",\"land_or_water\":\"land\",\"name\":\"Khirbet Buweib\",\"type\":\"settlement\"},\"type\":\"FeatureCollection\"}","anotherNames":"Khirbet Buwaby","koreanName":"키르벳 부웨이브","anotherKoreanNames":"키르벳 부와비"},{"id":"mbfa260","name":"Jebel Aqra","isModern":true,"stereo":"child","description":"A prominent mountain on the Mediterranean coast near the border of modern Turkey and Syria. It is widely accepted as the geographical location corresponding to the mythical **Mount Zaphon (Zaphon 2)** of the ancient world.","koreanDescription":"현대 터키와 시리아 국경 근처 지중해 연안에 솟아 있는 주요 산입니다.\n고대 세계의 신화적 산인 **사본 산(사본 2)**의 지리적 위치로 널리 받아들여지고 있습니다.","imageTitle":"mbfa260.i1e91b5.jpg","types":["mountain"],"geojsonText":"{\"bbox\":[35.9582,35.94351,35.98042,35.96149],\"features\":[{\"geometry\":{\"coordinates\":[35.969306,35.9525],\"type\":\"Point\"},\"properties\":{\"id\":\"mbfa260.point\",\"role\":\"point\"},\"type\":\"Feature\"},{\"geometry\":{\"coordinates\":[[[35.96931,35.96149],[35.96814,35.96144],[35.967,35.9613],[35.96587,35.96105],[35.96479,35.96072],[35.96375,35.96029],[35.96278,35.95978],[35.96187,35.95918],[35.96105,35.95852],[35.96032,35.95779],[35.95968,35.957],[35.95916,35.95616],[35.95874,35.95528],[35.95844,35.95437],[35.95826,35.95344],[35.9582,35.9525],[35.95826,35.95156],[35.95844,35.95063],[35.95874,35.94972],[35.95916,35.94884],[35.95969,35.948],[35.96032,35.94721],[35.96105,35.94648],[35.96187,35.94582],[35.96278,35.94522],[35.96375,35.94471],[35.96479,35.94428],[35.96587,35.94395],[35.967,35.9437],[35.96814,35.94356],[35.96931,35.94351],[35.97047,35.94356],[35.97162,35.9437],[35.97274,35.94395],[35.97382,35.94428],[35.97486,35.94471],[35.97584,35.94522],[35.97674,35.94582],[35.97756,35.94648],[35.97829,35.94721],[35.97893,35.948],[35.97945,35.94884],[35.97987,35.94972],[35.98017,35.95063],[35.98035,35.95156],[35.98042,35.9525],[35.98035,35.95344],[35.98017,35.95437],[35.97987,35.95528],[35.97946,35.95616],[35.97893,35.957],[35.97829,35.95779],[35.97756,35.95852],[35.97674,35.95918],[35.97584,35.95978],[35.97486,35.96029],[35.97383,35.96072],[35.97274,35.96105],[35.97162,35.9613],[35.97047,35.96144],[35.96931,35.96149]]],\"type\":\"Polygon\"},\"properties\":{\"id\":\"g9b71cd.precision_radius\",\"land_or_water\":\"land\",\"role\":\"precision_radius\"},\"type\":\"Feature\"}],\"metadata\":{\"class\":\"natural\",\"land_or_water\":\"land\",\"name\":\"Jebel Aqra\",\"type\":\"mountain\"},\"type\":\"FeatureCollection\"}","anotherNames":"Jebel al Aqra, Jebel el Aqra, Mount Casius","koreanName":"제벨 아크라","anotherKoreanNames":"제벨 알 아크라, 제벨 엘 아크라, 카시우스 산"},{"id":"m5d9754","name":"Sarepta","isModern":true,"stereo":"child","description":"A modern town and archaeological site on the coast of Lebanon, south of Sidon. It is the nearly certain and widely accepted location of the biblical city of **Zarephath**.","koreanDescription":"레바논 해안, 시돈 남쪽에 위치한 현대 마을이자 고고학 유적지입니다.\n**엘리야** 선지자의 기적으로 유명한 성경의 **사르밧**과 거의 확실하게 동일시되는 장소입니다.","imageTitle":"m5d9754.satellite.jpg","types":["settlement"],"geojsonText":"{\"bbox\":[35.2946,33.46378,35.29568,33.46468],\"features\":[{\"geometry\":{\"coordinates\":[35.295136,33.464227],\"type\":\"Point\"},\"properties\":{\"geometry_credit\":\"osm\",\"id\":\"m5d9754.point\",\"role\":\"point\"},\"type\":\"Feature\"},{\"geometry\":{\"coordinates\":[[[35.29514,33.46468],[35.29508,33.46467],[35.29502,33.46467],[35.29497,33.46465],[35.29492,33.46464],[35.29487,33.46462],[35.29482,33.46459],[35.29478,33.46456],[35.29474,33.46453],[35.2947,33.46449],[35.29467,33.46445],[35.29464,33.46441],[35.29462,33.46437],[35.29461,33.46432],[35.2946,33.46427],[35.2946,33.46423],[35.2946,33.46418],[35.29461,33.46413],[35.29462,33.46409],[35.29464,33.46404],[35.29467,33.464],[35.2947,33.46396],[35.29474,33.46393],[35.29478,33.46389],[35.29482,33.46386],[35.29487,33.46384],[35.29492,33.46382],[35.29497,33.4638],[35.29502,33.46379],[35.29508,33.46378],[35.29514,33.46378],[35.29519,33.46378],[35.29525,33.46379],[35.2953,33.4638],[35.29536,33.46382],[35.29541,33.46384],[35.29545,33.46386],[35.2955,33.46389],[35.29554,33.46393],[35.29557,33.46396],[35.2956,33.464],[35.29563,33.46404],[35.29565,33.46409],[35.29566,33.46413],[35.29567,33.46418],[35.29568,33.46423],[35.29567,33.46427],[35.29566,33.46432],[35.29565,33.46437],[35.29563,33.46441],[35.2956,33.46445],[35.29557,33.46449],[35.29554,33.46453],[35.2955,33.46456],[35.29545,33.46459],[35.29541,33.46462],[35.29536,33.46464],[35.2953,33.46465],[35.29525,33.46467],[35.29519,33.46467],[35.29514,33.46468]]],\"type\":\"Polygon\"},\"properties\":{\"id\":\"g7908fa.precision_radius\",\"land_or_water\":\"land\",\"role\":\"precision_radius\"},\"type\":\"Feature\"}],\"metadata\":{\"class\":\"human\",\"land_or_water\":\"land\",\"name\":\"Sarepta\",\"type\":\"settlement\"},\"type\":\"FeatureCollection\"}","anotherNames":"Sarafand, Sarafend","koreanName":"사렙타","anotherKoreanNames":"사라판드, 사라펜드"},{"id":"m63c810","name":"Tell Umm Hamad","isModern":true,"stereo":"child","description":"An archaeological tell in the Jordan Valley, considered a significant candidate for the biblical town of **Zarethan**.","koreanDescription":"요단 계곡의 고고학적 텔(봉분)로, 성경의 **사르단** 위치에 대한 중요한 비정지 후보 중 하나입니다.","imageTitle":"m63c810.satellite.jpg","types":["settlement"],"geojsonText":"{\"bbox\":[35.57085,32.13315,35.59209,32.15113],\"features\":[{\"geometry\":{\"coordinates\":[35.58147,32.14214],\"type\":\"Point\"},\"properties\":{\"id\":\"m63c810.point\",\"role\":\"point\"},\"type\":\"Feature\"},{\"geometry\":{\"coordinates\":[[[35.58147,32.15113],[35.58036,32.15108],[35.57926,32.15094],[35.57819,32.15069],[35.57715,32.15036],[35.57616,32.14993],[35.57523,32.14942],[35.57436,32.14882],[35.57358,32.14816],[35.57288,32.14743],[35.57227,32.14664],[35.57177,32.1458],[35.57137,32.14492],[35.57108,32.14401],[35.57091,32.14308],[35.57085,32.14214],[35.57091,32.1412],[35.57108,32.14027],[35.57137,32.13936],[35.57177,32.13848],[35.57227,32.13764],[35.57288,32.13685],[35.57358,32.13612],[35.57436,32.13546],[35.57523,32.13486],[35.57616,32.13435],[35.57715,32.13392],[35.57819,32.13359],[35.57926,32.13334],[35.58036,32.1332],[35.58147,32.13315],[35.58258,32.1332],[35.58368,32.13334],[35.58475,32.13359],[35.58579,32.13392],[35.58678,32.13435],[35.58771,32.13486],[35.58858,32.13546],[35.58936,32.13612],[35.59006,32.13685],[35.59067,32.13764],[35.59117,32.13848],[35.59157,32.13936],[35.59186,32.14027],[35.59203,32.1412],[35.59209,32.14214],[35.59203,32.14308],[35.59186,32.14401],[35.59157,32.14492],[35.59117,32.1458],[35.59067,32.14664],[35.59006,32.14743],[35.58936,32.14816],[35.58858,32.14882],[35.58771,32.14942],[35.58678,32.14993],[35.58579,32.15036],[35.58475,32.15069],[35.58368,32.15094],[35.58258,32.15108],[35.58147,32.15113]]],\"type\":\"Polygon\"},\"properties\":{\"id\":\"gf23281.precision_radius\",\"land_or_water\":\"land\",\"role\":\"precision_radius\"},\"type\":\"Feature\"}],\"metadata\":{\"class\":\"human\",\"land_or_water\":\"land\",\"name\":\"Tell Umm Hamad\",\"type\":\"settlement\"},\"type\":\"FeatureCollection\"}","anotherNames":"Tall Umm Hammad, Tell Umm Hamid, Umm Hamad el Sharqi, Umm Hamad esh Sherqi","koreanName":"텔 움 함마드","anotherKoreanNames":"탈 움 함마드, 텔 움 하미드, 움 함마드 엘 샤르키, 움 함마드 에쉬 셰르키"},{"id":"m0d6ead","name":"Tall al Meqbarah","isModern":true,"stereo":"child","description":"An archaeological site in the Jordan Valley, listed as a minor candidate for the biblical town of **Zarethan**.","koreanDescription":"요단 계곡의 고고학 유적지이며, 성경의 **사르단** 위치에 대한 가능한 비정지 후보 중 하나입니다.","imageTitle":"m0d6ead.satellite.jpg","types":["settlement"],"geojsonText":"{\"features\":[{\"geometry\":{\"coordinates\":[35.5905,32.4002],\"type\":\"Point\"},\"properties\":{\"id\":\"m0d6ead.point\",\"role\":\"point\"},\"type\":\"Feature\"}],\"metadata\":{\"class\":\"human\",\"land_or_water\":\"land\",\"name\":\"Tall al Meqbarah\",\"type\":\"settlement\"},\"type\":\"FeatureCollection\"}","anotherNames":"Tall el Maqbara, Tell el Meqbera, Tell el Merkbere","koreanName":"탈 알 메크바라","anotherKoreanNames":"탈 엘 마크바라, 텔 엘 메크베라, 텔 엘 메르크베레"},{"id":"m383ade","name":"Sleikhat","isModern":true,"stereo":"child","description":"A site in the Jordan Valley, listed as a minor candidate for the biblical town of **Zarethan**.","koreanDescription":"요단 계곡의 한 지점으로, 성경의 **사르단**으로 추정되는 여러 장소 중 하나입니다.","imageTitle":"m383ade.satellite.jpg","types":["settlement"],"geojsonText":"{\"bbox\":[35.59276,32.32262,35.59382,32.32352],\"features\":[{\"geometry\":{\"coordinates\":[35.59329,32.32307],\"type\":\"Point\"},\"properties\":{\"id\":\"m383ade.point\",\"role\":\"point\"},\"type\":\"Feature\"},{\"geometry\":{\"coordinates\":[[[35.59329,32.32352],[35.59323,32.32352],[35.59318,32.32351],[35.59313,32.3235],[35.59307,32.32348],[35.59302,32.32346],[35.59298,32.32343],[35.59293,32.3234],[35.59289,32.32337],[35.59286,32.32333],[35.59283,32.32329],[35.5928,32.32325],[35.59278,32.32321],[35.59277,32.32316],[35.59276,32.32312],[35.59276,32.32307],[35.59276,32.32302],[35.59277,32.32298],[35.59278,32.32293],[35.5928,32.32289],[35.59283,32.32285],[35.59286,32.32281],[35.59289,32.32277],[35.59293,32.32274],[35.59298,32.32271],[35.59302,32.32268],[35.59307,32.32266],[35.59313,32.32264],[35.59318,32.32263],[35.59323,32.32262],[35.59329,32.32262],[35.59335,32.32262],[35.5934,32.32263],[35.59345,32.32264],[35.59351,32.32266],[35.59356,32.32268],[35.5936,32.32271],[35.59365,32.32274],[35.59369,32.32277],[35.59372,32.32281],[35.59375,32.32285],[35.59378,32.32289],[35.5938,32.32293],[35.59381,32.32298],[35.59382,32.32302],[35.59382,32.32307],[35.59382,32.32312],[35.59381,32.32316],[35.5938,32.32321],[35.59378,32.32325],[35.59375,32.32329],[35.59372,32.32333],[35.59369,32.32337],[35.59365,32.3234],[35.5936,32.32343],[35.59356,32.32346],[35.59351,32.32348],[35.59345,32.3235],[35.5934,32.32351],[35.59335,32.32352],[35.59329,32.32352]]],\"type\":\"Polygon\"},\"properties\":{\"id\":\"g64ea60.precision_radius\",\"land_or_water\":\"land\",\"role\":\"precision_radius\"},\"type\":\"Feature\"}],\"metadata\":{\"class\":\"human\",\"land_or_water\":\"land\",\"name\":\"Sleikhat\",\"type\":\"settlement\"},\"type\":\"FeatureCollection\"}","anotherNames":"Khirbet Saleikhat, Khirbet Suleikat, Tall as Sulaykhat, Tell Sleihat","koreanName":"슬레이카트","anotherKoreanNames":"키르벳 살레이카트, 키르벳 술레이카트, 탈 아스-술라이카트, 텔 슬레이하트"},{"id":"m51d3ee","name":"Tell Simadi","isModern":true,"stereo":"child","description":"An archaeological tell in the Jordan Valley, considered a minor possibility for the biblical town of **Zarethan**.","koreanDescription":"요단 계곡에 위치한 텔(봉분)로, 성경의 **사르단** 위치에 대한 여러 후보 중 하나입니다.","imageTitle":"m51d3ee.satellite.jpg","types":["settlement"],"geojsonText":"{\"bbox\":[35.48727,32.13165,35.48833,32.13255],\"features\":[{\"geometry\":{\"coordinates\":[35.4878,32.1321],\"type\":\"Point\"},\"properties\":{\"id\":\"m51d3ee.point\",\"role\":\"point\"},\"type\":\"Feature\"},{\"geometry\":{\"coordinates\":[[[35.4878,32.13255],[35.48774,32.13255],[35.48769,32.13254],[35.48764,32.13253],[35.48758,32.13251],[35.48753,32.13249],[35.48749,32.13246],[35.48744,32.13243],[35.48741,32.1324],[35.48737,32.13236],[35.48734,32.13232],[35.48731,32.13228],[35.48729,32.13224],[35.48728,32.13219],[35.48727,32.13215],[35.48727,32.1321],[35.48727,32.13205],[35.48728,32.13201],[35.48729,32.13196],[35.48731,32.13192],[35.48734,32.13188],[35.48737,32.13184],[35.48741,32.1318],[35.48744,32.13177],[35.48749,32.13174],[35.48753,32.13171],[35.48758,32.13169],[35.48764,32.13167],[35.48769,32.13166],[35.48774,32.13165],[35.4878,32.13165],[35.48786,32.13165],[35.48791,32.13166],[35.48796,32.13167],[35.48802,32.13169],[35.48807,32.13171],[35.48811,32.13174],[35.48816,32.13177],[35.48819,32.1318],[35.48823,32.13184],[35.48826,32.13188],[35.48829,32.13192],[35.48831,32.13196],[35.48832,32.13201],[35.48833,32.13205],[35.48833,32.1321],[35.48833,32.13215],[35.48832,32.13219],[35.48831,32.13224],[35.48829,32.13228],[35.48826,32.13232],[35.48823,32.13236],[35.48819,32.1324],[35.48816,32.13243],[35.48811,32.13246],[35.48807,32.13249],[35.48802,32.13251],[35.48796,32.13253],[35.48791,32.13254],[35.48786,32.13255],[35.4878,32.13255]]],\"type\":\"Polygon\"},\"properties\":{\"id\":\"g4c6a2f.precision_radius\",\"land_or_water\":\"land\",\"role\":\"precision_radius\"},\"type\":\"Feature\"}],\"metadata\":{\"class\":\"human\",\"land_or_water\":\"land\",\"name\":\"Tell Simadi\",\"type\":\"settlement\"},\"type\":\"FeatureCollection\"}","anotherNames":"Tell es Samadi, Waqf es Samadi","koreanName":"텔 시마디","anotherKoreanNames":"텔 에스-사마디, 와크프 에스-사마디"},{"id":"me34143","name":"Tell ed Damiyeh","isModern":true,"stereo":"child","description":"An important archaeological mound (tell) located near the modern Damiya bridge over the Jordan River. It is a candidate for the biblical site of **Zarethan**.","koreanDescription":"요단 강 위의 현대적인 다미야 다리 근처에 위치한 중요한 고고학적 봉분(텔)입니다.\n성경의 **사르단** 위치에 대한 비정지 후보 중 하나로 고려됩니다.","imageTitle":"me34143.ia0e340.jpg","types":["settlement"],"geojsonText":"{\"bbox\":[35.54626,32.10348,35.54732,32.10438],\"features\":[{\"geometry\":{\"coordinates\":[35.546789,32.103933],\"type\":\"Point\"},\"properties\":{\"id\":\"me34143.point\",\"role\":\"point\"},\"type\":\"Feature\"},{\"geometry\":{\"coordinates\":[[[35.54679,32.10438],[35.54673,32.10438],[35.54668,32.10437],[35.54662,32.10436],[35.54657,32.10434],[35.54652,32.10432],[35.54648,32.1043],[35.54643,32.10427],[35.54639,32.10423],[35.54636,32.1042],[35.54633,32.10416],[35.5463,32.10412],[35.54628,32.10407],[35.54627,32.10403],[35.54626,32.10398],[35.54626,32.10393],[35.54626,32.10389],[35.54627,32.10384],[35.54628,32.10379],[35.5463,32.10375],[35.54633,32.10371],[35.54636,32.10367],[35.54639,32.10363],[35.54643,32.1036],[35.54648,32.10357],[35.54652,32.10354],[35.54657,32.10352],[35.54662,32.10351],[35.54668,32.10349],[35.54673,32.10349],[35.54679,32.10348],[35.54684,32.10349],[35.5469,32.10349],[35.54695,32.10351],[35.547,32.10352],[35.54705,32.10354],[35.5471,32.10357],[35.54714,32.1036],[35.54718,32.10363],[35.54722,32.10367],[35.54725,32.10371],[35.54727,32.10375],[35.54729,32.10379],[35.54731,32.10384],[35.54732,32.10389],[35.54732,32.10393],[35.54732,32.10398],[35.54731,32.10403],[35.54729,32.10407],[35.54727,32.10412],[35.54725,32.10416],[35.54722,32.1042],[35.54718,32.10423],[35.54714,32.10427],[35.5471,32.1043],[35.54705,32.10432],[35.547,32.10434],[35.54695,32.10436],[35.5469,32.10437],[35.54684,32.10438],[35.54679,32.10438]]],\"type\":\"Polygon\"},\"properties\":{\"id\":\"g9fde08.precision_radius\",\"land_or_water\":\"land\",\"role\":\"precision_radius\"},\"type\":\"Feature\"}],\"metadata\":{\"class\":\"human\",\"land_or_water\":\"land\",\"name\":\"Tell ed Damiyeh\",\"type\":\"settlement\"},\"type\":\"FeatureCollection\"}","anotherNames":"Damia, Damieh, Tall ad Damiyya, Tell ed Damiya","koreanName":"텔 에드-다미예","anotherKoreanNames":"다미아, 다미예, 탈 아드-다미야, 텔 에드-다미야"},{"id":"m8ce13e","name":"Tel Rehov","isModern":true,"stereo":"child","description":"A large archaeological mound (tell) in the Beit She'an Valley of Israel. It is noted as a less likely candidate for the biblical town of **Zarethan**.","koreanDescription":"이스라엘의 벳 스안 계곡에 위치한 대형 고고학적 봉분(텔)입니다.\n성경의 **사르단**으로 비정될 수 있는 후보지 중 하나로 언급되기도 합니다.","imageTitle":"m8ce13e.i679646.jpg","types":["settlement"],"geojsonText":"{\"bbox\":[35.49771,32.45668,35.49877,32.45757],\"features\":[{\"geometry\":{\"coordinates\":[35.498242,32.457125],\"type\":\"Point\"},\"properties\":{\"id\":\"m8ce13e.point\",\"role\":\"point\"},\"type\":\"Feature\"},{\"geometry\":{\"coordinates\":[[[35.49824,32.45757],[35.49819,32.45757],[35.49813,32.45756],[35.49808,32.45755],[35.49803,32.45754],[35.49798,32.45751],[35.49793,32.45749],[35.49789,32.45746],[35.49785,32.45743],[35.49781,32.45739],[35.49778,32.45735],[35.49776,32.45731],[35.49774,32.45726],[35.49772,32.45722],[35.49771,32.45717],[35.49771,32.45712],[35.49771,32.45708],[35.49772,32.45703],[35.49774,32.45699],[35.49776,32.45694],[35.49778,32.4569],[35.49781,32.45686],[35.49785,32.45682],[35.49789,32.45679],[35.49793,32.45676],[35.49798,32.45674],[35.49803,32.45671],[35.49808,32.4567],[35.49813,32.45669],[35.49819,32.45668],[35.49824,32.45668],[35.4983,32.45668],[35.49835,32.45669],[35.49841,32.4567],[35.49846,32.45671],[35.49851,32.45674],[35.49856,32.45676],[35.4986,32.45679],[35.49864,32.45682],[35.49867,32.45686],[35.4987,32.4569],[35.49873,32.45694],[35.49875,32.45699],[35.49876,32.45703],[35.49877,32.45708],[35.49877,32.45712],[35.49877,32.45717],[35.49876,32.45722],[35.49875,32.45726],[35.49873,32.45731],[35.4987,32.45735],[35.49867,32.45739],[35.49864,32.45743],[35.4986,32.45746],[35.49856,32.45749],[35.49851,32.45751],[35.49846,32.45754],[35.49841,32.45755],[35.49835,32.45756],[35.4983,32.45757],[35.49824,32.45757]]],\"type\":\"Polygon\"},\"properties\":{\"id\":\"gcdae3a.precision_radius\",\"land_or_water\":\"land\",\"role\":\"precision_radius\"},\"type\":\"Feature\"}],\"metadata\":{\"class\":\"human\",\"land_or_water\":\"land\",\"name\":\"Tel Rehov\",\"type\":\"settlement\"},\"type\":\"FeatureCollection\"}","anotherNames":"Tell es Sarem, Tell es Sarim","koreanName":"텔 레홉","anotherKoreanNames":"텔 에스-사렘, 텔 에스-사림"},{"id":"mb5a99a","name":"Qarn Sartaba","isModern":true,"stereo":"child","description":"A prominent hill and fortress ruin in the Jordan Valley, best known for the Hellenistic/Hasmonean fortress of Alexandreion. It is listed as a potential, though unlikely, candidate for the biblical town of **Zarethan**.","koreanDescription":"요단 계곡에 위치한 돌출된 언덕이자 요새 유적지입니다.\n헬레니즘 시대의 알렉산드레이온 요새로 가장 잘 알려져 있으며, 성경의 **사르단**으로 비정되는 후보지 중 하나입니다.","imageTitle":"mb5a99a.i369993.jpg","types":["settlement"],"geojsonText":"{\"features\":[{\"geometry\":{\"coordinates\":[35.46139,32.09583],\"type\":\"Point\"},\"properties\":{\"id\":\"mb5a99a.point\",\"role\":\"point\"},\"type\":\"Feature\"}],\"metadata\":{\"class\":\"human\",\"land_or_water\":\"land\",\"name\":\"Qarn Sartaba\",\"type\":\"settlement\"},\"type\":\"FeatureCollection\"}","anotherNames":"Alexandreion, Alexandrium","koreanName":"카른 사르타바","anotherKoreanNames":"알렉산드레이온, 알렉산드리움"},{"id":"m3edbe2","name":"South of the Lisan","isModern":true,"stereo":"child","description":"The region south of the Lisan peninsula, which juts into the Dead Sea. This area is considered the likely general region for the 'Cities of the Plain,' including **Zeboiim**, based on geological and archaeological theories.","koreanDescription":"사해(Dead Sea)로 돌출된 리산 반도의 남쪽 지역입니다.\n지질학적 및 고고학적 이론에 따라, **스보임**을 포함한 '평지 성읍'이 위치했을 가능성이 높은 일반적인 지역으로 간주됩니다.","imageTitle":"m3edbe2.i0213bf.jpg","types":["region"],"geojsonText":"{\"bbox\":[35.305248,30.90329,35.546828,31.314783],\"features\":[{\"geometry\":{\"coordinates\":[35.449223,31.20849],\"type\":\"Point\"},\"properties\":{\"id\":\"m3edbe2.representative_point\",\"role\":\"representative_point\"},\"type\":\"Feature\"},{\"geometry\":{\"coordinates\":[[[35.408824,31.314783],[35.305248,30.924507],[35.479241,30.90329],[35.546828,31.303317],[35.408824,31.314783]]],\"type\":\"Polygon\"},\"properties\":{\"id\":\"g9db00b.geometry\",\"land_or_water\":\"land\",\"role\":\"geometry\"},\"type\":\"Feature\"}],\"metadata\":{\"class\":\"natural\",\"land_or_water\":\"land\",\"name\":\"south of the Lisan\",\"type\":\"region\"},\"type\":\"FeatureCollection\"}","anotherNames":null,"koreanName":"리산 반도 남부","anotherKoreanNames":null},{"id":"maa94ef","name":"Feifa","isModern":true,"stereo":"child","description":"A modern area/site on the southeastern coast of the Dead Sea. It is a candidate location for one of the 'Cities of the Plain,' potentially **Zeboiim**.","koreanDescription":"사해(Dead Sea)의 남동쪽 연안에 있는 현대 지역/유적지입니다.\n**스보임**을 포함한 '평지 성읍' 중 하나의 비정지 후보로 제시됩니다.","imageTitle":"maa94ef.satellite.jpg","types":["settlement"],"geojsonText":"{\"bbox\":[35.45832,30.93916,35.45937,30.94006],\"features\":[{\"geometry\":{\"coordinates\":[35.458842,30.939606],\"type\":\"Point\"},\"properties\":{\"id\":\"maa94ef.point\",\"role\":\"point\"},\"type\":\"Feature\"},{\"geometry\":{\"coordinates\":[[[35.45884,30.94006],[35.45879,30.94005],[35.45873,30.94005],[35.45868,30.94003],[35.45863,30.94002],[35.45858,30.94],[35.45853,30.93997],[35.45849,30.93994],[35.45845,30.93991],[35.45842,30.93987],[35.45839,30.93983],[35.45836,30.93979],[35.45834,30.93974],[35.45833,30.9397],[35.45832,30.93965],[35.45832,30.93961],[35.45832,30.93956],[35.45833,30.93951],[35.45834,30.93947],[35.45836,30.93942],[35.45839,30.93938],[35.45842,30.93934],[35.45845,30.93931],[35.45849,30.93927],[35.45853,30.93924],[35.45858,30.93922],[35.45863,30.9392],[35.45868,30.93918],[35.45873,30.93917],[35.45879,30.93916],[35.45884,30.93916],[35.4589,30.93916],[35.45895,30.93917],[35.459,30.93918],[35.45906,30.9392],[35.4591,30.93922],[35.45915,30.93924],[35.45919,30.93927],[35.45923,30.93931],[35.45927,30.93934],[35.4593,30.93938],[35.45932,30.93942],[35.45934,30.93947],[35.45935,30.93951],[35.45936,30.93956],[35.45937,30.93961],[35.45936,30.93965],[35.45935,30.9397],[35.45934,30.93974],[35.45932,30.93979],[35.4593,30.93983],[35.45927,30.93987],[35.45923,30.93991],[35.45919,30.93994],[35.45915,30.93997],[35.4591,30.94],[35.45906,30.94002],[35.459,30.94003],[35.45895,30.94005],[35.4589,30.94005],[35.45884,30.94006]]],\"type\":\"Polygon\"},\"properties\":{\"id\":\"g9d3ba4.precision_radius\",\"land_or_water\":\"land\",\"role\":\"precision_radius\"},\"type\":\"Feature\"}],\"metadata\":{\"class\":\"human\",\"land_or_water\":\"land\",\"name\":\"Feifa\",\"type\":\"settlement\"},\"type\":\"FeatureCollection\"}","anotherNames":"Fayfa, Feifeh","koreanName":"페이파","anotherKoreanNames":"파이파, 페이페"},{"id":"m56a09d","name":"North of the Dead Sea","isModern":true,"stereo":"child","description":"The general area north of the Dead Sea. It is one of the possible broad regions for the location of the biblical 'Cities of the Plain,' including **Zeboiim**.","koreanDescription":"사해(Dead Sea)의 북쪽 지역 전반을 가리킵니다.\n**스보임**을 포함한 성경 속 '평지 성읍'의 위치를 추정하는 가능한 광범위한 지역 중 하나입니다.","imageTitle":"m56a09d.i7f1cd9.jpg","types":["region"],"geojsonText":"{\"bbox\":[35.377756,31.738839,35.701387,32.0442],\"features\":[{\"geometry\":{\"coordinates\":[35.595278,31.795],\"type\":\"Point\"},\"properties\":{\"id\":\"m56a09d.representative_point\",\"role\":\"representative_point\"},\"type\":\"Feature\"},{\"geometry\":{\"coordinates\":[[[35.641497,31.738839],[35.701387,31.844513],[35.595213,31.965858],[35.605654,32.028979],[35.473661,32.0442],[35.447941,31.960009],[35.398864,31.951947],[35.377756,31.918242],[35.421166,31.893264],[35.430094,31.847714],[35.454051,31.779867],[35.494221,31.751456],[35.641497,31.738839]]],\"type\":\"Polygon\"},\"properties\":{\"id\":\"gfca720.geometry\",\"land_or_water\":\"land\",\"role\":\"geometry\"},\"type\":\"Feature\"}],\"metadata\":{\"class\":\"natural\",\"land_or_water\":\"land\",\"name\":\"north of the Dead Sea\",\"type\":\"region\"},\"type\":\"FeatureCollection\"}","anotherNames":null,"koreanName":"사해 북부","anotherKoreanNames":null},{"id":"m88cf7d","name":"Tall Mustah","isModern":true,"stereo":"child","description":"An archaeological mound (tall) near the Dead Sea, suggested as a potential site for the biblical city of **Zeboiim**.","koreanDescription":"사해 근처에 위치한 고고학적 봉분(탈)으로, 성경의 **스보임**으로 추정되는 장소 중 하나입니다.","imageTitle":"m88cf7d.satellite.jpg","types":["settlement"],"geojsonText":"{\"bbox\":[35.63796,31.90413,35.63902,31.90503],\"features\":[{\"geometry\":{\"coordinates\":[35.638489,31.904582],\"type\":\"Point\"},\"properties\":{\"id\":\"m88cf7d.point\",\"role\":\"point\"},\"type\":\"Feature\"},{\"geometry\":{\"coordinates\":[[[35.63849,31.90503],[35.63843,31.90503],[35.63838,31.90502],[35.63833,31.90501],[35.63827,31.90499],[35.63822,31.90497],[35.63818,31.90495],[35.63813,31.90492],[35.6381,31.90488],[35.63806,31.90485],[35.63803,31.90481],[35.63801,31.90476],[35.63799,31.90472],[35.63797,31.90468],[35.63796,31.90463],[35.63796,31.90458],[35.63796,31.90453],[35.63797,31.90449],[35.63799,31.90444],[35.63801,31.9044],[35.63803,31.90436],[35.63806,31.90432],[35.6381,31.90428],[35.63813,31.90425],[35.63818,31.90422],[35.63822,31.90419],[35.63827,31.90417],[35.63833,31.90415],[35.63838,31.90414],[35.63843,31.90413],[35.63849,31.90413],[35.63854,31.90413],[35.6386,31.90414],[35.63865,31.90415],[35.6387,31.90417],[35.63875,31.90419],[35.6388,31.90422],[35.63884,31.90425],[35.63888,31.90428],[35.63892,31.90432],[35.63895,31.90436],[35.63897,31.9044],[35.63899,31.90444],[35.63901,31.90449],[35.63902,31.90453],[35.63902,31.90458],[35.63902,31.90463],[35.63901,31.90468],[35.63899,31.90472],[35.63897,31.90476],[35.63895,31.90481],[35.63892,31.90485],[35.63888,31.90488],[35.63884,31.90492],[35.6388,31.90495],[35.63875,31.90497],[35.6387,31.90499],[35.63865,31.90501],[35.6386,31.90502],[35.63854,31.90503],[35.63849,31.90503]]],\"type\":\"Polygon\"},\"properties\":{\"id\":\"gb6253b.precision_radius\",\"land_or_water\":\"land\",\"role\":\"precision_radius\"},\"type\":\"Feature\"}],\"metadata\":{\"class\":\"human\",\"land_or_water\":\"land\",\"name\":\"Tall Mustah\",\"type\":\"settlement\"},\"type\":\"FeatureCollection\"}","anotherNames":null,"koreanName":"탈 무스타","anotherKoreanNames":null},{"id":"m843146","name":"Khanazir","isModern":true,"stereo":"child","description":"A modern site near the Dead Sea. It is one of the candidates suggested for the location of the biblical 'City of the Plain,' **Zeboiim**.","koreanDescription":"사해 근처의 현대 유적지/마을입니다.\n성경 속 '평지 성읍'인 **스보임**의 위치에 대한 비정지 후보 중 하나로 제시됩니다.","imageTitle":"m843146.satellite.jpg","types":["settlement"],"geojsonText":"{\"bbox\":[35.43655,30.87722,35.43759,30.87812],\"features\":[{\"geometry\":{\"coordinates\":[35.437069,30.87767],\"type\":\"Point\"},\"properties\":{\"id\":\"m843146.point\",\"role\":\"point\"},\"type\":\"Feature\"},{\"geometry\":{\"coordinates\":[[[35.43707,30.87812],[35.43701,30.87812],[35.43696,30.87811],[35.43691,30.8781],[35.43686,30.87808],[35.43681,30.87806],[35.43676,30.87803],[35.43672,30.878],[35.43668,30.87797],[35.43665,30.87793],[35.43662,30.87789],[35.43659,30.87785],[35.43657,30.87781],[35.43656,30.87776],[35.43655,30.87772],[35.43655,30.87767],[35.43655,30.87762],[35.43656,30.87758],[35.43657,30.87753],[35.43659,30.87749],[35.43662,30.87745],[35.43665,30.87741],[35.43668,30.87737],[35.43672,30.87734],[35.43676,30.87731],[35.43681,30.87728],[35.43686,30.87726],[35.43691,30.87724],[35.43696,30.87723],[35.43701,30.87722],[35.43707,30.87722],[35.43712,30.87722],[35.43718,30.87723],[35.43723,30.87724],[35.43728,30.87726],[35.43733,30.87728],[35.43738,30.87731],[35.43742,30.87734],[35.43746,30.87737],[35.43749,30.87741],[35.43752,30.87745],[35.43755,30.87749],[35.43757,30.87753],[35.43758,30.87758],[35.43759,30.87762],[35.43759,30.87767],[35.43759,30.87772],[35.43758,30.87776],[35.43757,30.87781],[35.43755,30.87785],[35.43752,30.87789],[35.43749,30.87793],[35.43746,30.87797],[35.43742,30.878],[35.43738,30.87803],[35.43733,30.87806],[35.43728,30.87808],[35.43723,30.8781],[35.43718,30.87811],[35.43712,30.87812],[35.43707,30.87812]]],\"type\":\"Polygon\"},\"properties\":{\"id\":\"g4a7337.precision_radius\",\"land_or_water\":\"land\",\"role\":\"precision_radius\"},\"type\":\"Feature\"}],\"metadata\":{\"class\":\"human\",\"land_or_water\":\"land\",\"name\":\"Khanazir\",\"type\":\"settlement\"},\"type\":\"FeatureCollection\"}","anotherNames":null,"koreanName":"카나지르","anotherKoreanNames":null},{"id":"mb7e1e6","name":"Khirbet Sabiyeh","isModern":true,"stereo":"child","description":"A modern ruin (khirbet) in the vicinity of Jerusalem. It is generally accepted as the most likely location for the post-exilic biblical settlement of **Zeboim**.","koreanDescription":"예루살렘 근처에 위치한 현대의 유적지(키르벳)입니다.\n바벨론 포로기 이후의 성읍인 성경의 **스보임**의 가장 유력한 비정지로 널리 인정됩니다.","imageTitle":"mb7e1e6.ic22d23.jpg","types":["settlement"],"geojsonText":"{\"bbox\":[34.82127,31.94,34.96974,32.06591],\"features\":[{\"geometry\":{\"coordinates\":[34.895503,32.002953],\"type\":\"Point\"},\"properties\":{\"id\":\"mb7e1e6.point\",\"role\":\"point\"},\"type\":\"Feature\"},{\"geometry\":{\"coordinates\":[[[34.8955,32.06591],[34.88774,32.06556],[34.88006,32.06453],[34.87255,32.06282],[34.86529,32.06046],[34.85836,32.05747],[34.85184,32.05388],[34.84581,32.04973],[34.84031,32.04506],[34.83542,32.03994],[34.83119,32.03441],[34.82767,32.02854],[34.82489,32.02239],[34.82288,32.01602],[34.82167,32.00951],[34.82127,32.00293],[34.82168,31.99635],[34.8229,31.98984],[34.82492,31.98348],[34.82771,31.97733],[34.83124,31.97146],[34.83547,31.96594],[34.84036,31.96082],[34.84586,31.95616],[34.85189,31.95202],[34.85841,31.94843],[34.86533,31.94544],[34.87258,31.94308],[34.88008,31.94138],[34.88775,31.94035],[34.8955,31.94],[34.90326,31.94035],[34.91093,31.94138],[34.91843,31.94308],[34.92568,31.94544],[34.9326,31.94843],[34.93911,31.95202],[34.94515,31.95616],[34.95064,31.96082],[34.95554,31.96594],[34.95977,31.97146],[34.9633,31.97733],[34.96609,31.98348],[34.9681,31.98984],[34.96933,31.99635],[34.96974,32.00293],[34.96934,32.00951],[34.96813,32.01602],[34.96612,32.02239],[34.96334,32.02854],[34.95981,32.03441],[34.95558,32.03994],[34.9507,32.04506],[34.9452,32.04973],[34.93916,32.05388],[34.93264,32.05747],[34.92572,32.06046],[34.91846,32.06282],[34.91095,32.06453],[34.90327,32.06556],[34.8955,32.06591]]],\"type\":\"Polygon\"},\"properties\":{\"id\":\"g19ae50.precision_radius\",\"land_or_water\":\"land\",\"role\":\"precision_radius\"},\"type\":\"Feature\"}],\"metadata\":{\"class\":\"human\",\"land_or_water\":\"land\",\"name\":\"Khirbet Sabiyeh\",\"type\":\"settlement\"},\"type\":\"FeatureCollection\"}","anotherNames":"Khirbet Sabieh, Khirbet Sabije, Khirbet Sabiya, Khirbet Sabiyah","koreanName":"키르벳 사비예","anotherKoreanNames":"키르벳 사비에, 키르벳 사비제, 키르벳 사비야, 키르벳 사비야"},{"id":"m951680","name":"Sadad","isModern":true,"stereo":"child","description":"A modern village in central Syria, north of Damascus. It is the widely accepted identification for the biblical border town of **Zedad**.","koreanDescription":"시리아 중부, 다마스쿠스 북쪽에 위치한 현대 마을입니다.\n성경에서 약속의 땅의 **북쪽 경계를 표시했던** 성읍인 **스닷**과 널리 동일시됩니다.","imageTitle":"m951680.satellite.jpg","types":["settlement"],"geojsonText":"{\"bbox\":[36.92147,34.31121,36.92691,34.3157],\"features\":[{\"geometry\":{\"coordinates\":[36.924189,34.313456],\"type\":\"Point\"},\"properties\":{\"id\":\"m951680.point\",\"role\":\"point\"},\"type\":\"Feature\"},{\"geometry\":{\"coordinates\":[[[36.92419,34.3157],[36.9239,34.31569],[36.92362,34.31566],[36.92335,34.31559],[36.92308,34.31551],[36.92283,34.3154],[36.92259,34.31527],[36.92237,34.31513],[36.92217,34.31496],[36.92199,34.31478],[36.92183,34.31458],[36.9217,34.31437],[36.9216,34.31415],[36.92153,34.31392],[36.92148,34.31369],[36.92147,34.31346],[36.92148,34.31322],[36.92153,34.31299],[36.9216,34.31276],[36.9217,34.31254],[36.92183,34.31233],[36.92199,34.31213],[36.92217,34.31195],[36.92237,34.31179],[36.92259,34.31164],[36.92283,34.31151],[36.92308,34.3114],[36.92335,34.31132],[36.92362,34.31126],[36.9239,34.31122],[36.92419,34.31121],[36.92447,34.31122],[36.92475,34.31126],[36.92503,34.31132],[36.9253,34.3114],[36.92555,34.31151],[36.92579,34.31164],[36.92601,34.31179],[36.92621,34.31195],[36.92639,34.31213],[36.92655,34.31233],[36.92668,34.31254],[36.92678,34.31276],[36.92685,34.31299],[36.9269,34.31322],[36.92691,34.31346],[36.9269,34.31369],[36.92685,34.31392],[36.92678,34.31415],[36.92668,34.31437],[36.92655,34.31458],[36.92639,34.31478],[36.92621,34.31496],[36.92601,34.31513],[36.92579,34.31527],[36.92555,34.3154],[36.9253,34.31551],[36.92503,34.31559],[36.92475,34.31566],[36.92447,34.31569],[36.92419,34.3157]]],\"type\":\"Polygon\"},\"properties\":{\"id\":\"g3fb96a.precision_radius\",\"land_or_water\":\"land\",\"role\":\"precision_radius\"},\"type\":\"Feature\"}],\"metadata\":{\"class\":\"human\",\"land_or_water\":\"land\",\"name\":\"Sadad\",\"type\":\"settlement\"},\"type\":\"FeatureCollection\"}","anotherNames":null,"koreanName":"사다드","anotherKoreanNames":null},{"id":"mba5378","name":"Khirbet Serada","isModern":true,"stereo":"child","description":"A modern ruin (khirbet) near Sadad, listed as an alternative or related site to the biblical border town of **Zedad**.","koreanDescription":"사다드 근처에 위치한 현대의 유적지(키르벳)로, 성경의 **스닷**의 보조적인 비정지로 언급됩니다.","imageTitle":"mba5378.satellite.jpg","types":["settlement"],"geojsonText":"{\"bbox\":[35.58889,33.28437,35.59965,33.29336],\"features\":[{\"geometry\":{\"coordinates\":[35.594266,33.288864],\"type\":\"Point\"},\"properties\":{\"id\":\"mba5378.point\",\"role\":\"point\"},\"type\":\"Feature\"},{\"geometry\":{\"coordinates\":[[[35.59427,33.29336],[35.5937,33.29334],[35.59315,33.29326],[35.5926,33.29314],[35.59208,33.29297],[35.59158,33.29276],[35.5911,33.2925],[35.59067,33.29221],[35.59027,33.29187],[35.58991,33.29151],[35.58961,33.29111],[35.58935,33.29069],[35.58915,33.29025],[35.589,33.2898],[35.58892,33.28933],[35.58889,33.28886],[35.58892,33.28839],[35.589,33.28793],[35.58915,33.28747],[35.58935,33.28703],[35.58961,33.28662],[35.58991,33.28622],[35.59027,33.28586],[35.59067,33.28552],[35.5911,33.28523],[35.59158,33.28497],[35.59208,33.28476],[35.5926,33.28459],[35.59315,33.28447],[35.5937,33.28439],[35.59427,33.28437],[35.59483,33.28439],[35.59538,33.28447],[35.59593,33.28459],[35.59645,33.28476],[35.59696,33.28497],[35.59743,33.28523],[35.59787,33.28552],[35.59826,33.28586],[35.59862,33.28622],[35.59892,33.28662],[35.59918,33.28703],[35.59938,33.28747],[35.59953,33.28793],[35.59962,33.28839],[35.59965,33.28886],[35.59962,33.28933],[35.59953,33.2898],[35.59938,33.29025],[35.59918,33.29069],[35.59892,33.29111],[35.59862,33.29151],[35.59826,33.29187],[35.59787,33.29221],[35.59743,33.2925],[35.59696,33.29276],[35.59645,33.29297],[35.59593,33.29314],[35.59538,33.29326],[35.59483,33.29334],[35.59427,33.29336]]],\"type\":\"Polygon\"},\"properties\":{\"id\":\"g458d82.precision_radius\",\"land_or_water\":\"land\",\"role\":\"precision_radius\"},\"type\":\"Feature\"}],\"metadata\":{\"class\":\"human\",\"land_or_water\":\"land\",\"name\":\"Khirbet Serada\",\"type\":\"settlement\"},\"type\":\"FeatureCollection\"}","anotherNames":null,"koreanName":"키르벳 세라다","anotherKoreanNames":null},{"id":"m934b82","name":"Khirbet Salah","isModern":true,"stereo":"child","description":"A modern ruin (khirbet) located northwest of Jerusalem. It is a strong candidate for the biblical town of **Zela**, the burial place of King Saul, and is also considered a possible site for **Zelzah**.","koreanDescription":"예루살렘 북서쪽에 위치한 현대의 유적지(키르벳)입니다.\n**사울 왕**의 매장지인 성경의 **셀라**의 유력한 비정지이며, **셀사**의 후보지로도 고려됩니다.","imageTitle":"m934b82.i21a98f.jpg","types":["settlement"],"geojsonText":"{\"bbox\":[35.20646,31.79983,35.21281,31.80523],\"features\":[{\"geometry\":{\"coordinates\":[35.209636,31.802528],\"type\":\"Point\"},\"properties\":{\"id\":\"m934b82.point\",\"role\":\"point\"},\"type\":\"Feature\"},{\"geometry\":{\"coordinates\":[[[35.20964,31.80523],[35.2093,31.80521],[35.20898,31.80517],[35.20865,31.80509],[35.20834,31.80499],[35.20805,31.80486],[35.20777,31.80471],[35.20751,31.80453],[35.20728,31.80433],[35.20707,31.80411],[35.20689,31.80388],[35.20674,31.80363],[35.20662,31.80336],[35.20653,31.80309],[35.20648,31.80281],[35.20646,31.80253],[35.20648,31.80225],[35.20653,31.80197],[35.20662,31.80169],[35.20674,31.80143],[35.20689,31.80118],[35.20707,31.80094],[35.20728,31.80072],[35.20751,31.80052],[35.20777,31.80035],[35.20805,31.80019],[35.20834,31.80006],[35.20866,31.79996],[35.20898,31.79989],[35.2093,31.79984],[35.20964,31.79983],[35.20997,31.79984],[35.2103,31.79989],[35.21062,31.79996],[35.21093,31.80006],[35.21122,31.80019],[35.2115,31.80035],[35.21176,31.80052],[35.212,31.80072],[35.2122,31.80094],[35.21239,31.80118],[35.21254,31.80143],[35.21266,31.80169],[35.21274,31.80197],[35.21279,31.80225],[35.21281,31.80253],[35.21279,31.80281],[35.21274,31.80309],[35.21266,31.80336],[35.21254,31.80363],[35.21239,31.80388],[35.2122,31.80411],[35.212,31.80433],[35.21176,31.80453],[35.2115,31.80471],[35.21122,31.80486],[35.21093,31.80499],[35.21062,31.80509],[35.2103,31.80517],[35.20997,31.80521],[35.20964,31.80523]]],\"type\":\"Polygon\"},\"properties\":{\"id\":\"g418b68.precision_radius\",\"land_or_water\":\"land\",\"role\":\"precision_radius\"},\"type\":\"Feature\"}],\"metadata\":{\"class\":\"human\",\"land_or_water\":\"land\",\"name\":\"Khirbet Salah\",\"type\":\"settlement\"},\"type\":\"FeatureCollection\"}","anotherNames":"Har Hotzvim, Khirbet es Salah, Khirbet Salih","koreanName":"키르벳 살라","anotherKoreanNames":"하르 홋츠빔, 키르벳 에스-살라, 키르벳 살리"},{"id":"m0431fc","name":"Khirbet Erha","isModern":true,"stereo":"child","description":"A modern ruin (khirbet) in the area northwest of Jerusalem, considered an alternate candidate for the biblical towns of **Zela** and **Zelzah**.","koreanDescription":"예루살렘 북서부 지역의 현대 유적지(키르벳)로, 성경의 **셀라**와 **셀사**의 또 다른 비정지 후보로 언급됩니다.","imageTitle":"m0431fc.satellite.jpg","types":["settlement"],"geojsonText":"{\"features\":[{\"geometry\":{\"coordinates\":[35.236,31.84746],\"type\":\"Point\"},\"properties\":{\"id\":\"m0431fc.point\",\"role\":\"point\"},\"type\":\"Feature\"}],\"metadata\":{\"class\":\"human\",\"land_or_water\":\"land\",\"name\":\"Khirbet Erha\",\"type\":\"settlement\"},\"type\":\"FeatureCollection\"}","anotherNames":"Khirbet Erhah, Khirbet Irha, Khirbet Irhah","koreanName":"키르벳 에르하","anotherKoreanNames":"키르벳 에르하, 키르벳 이르하, 키르벳 이르하"},{"id":"md02dab","name":"Khirbet Shab Salah","isModern":true,"stereo":"child","description":"A modern ruin (khirbet) in the region of Benjamin's territory, listed as a possible site for the biblical towns of **Zela** and **Zelzah**.","koreanDescription":"베냐민 지파 영토 지역의 현대 유적지(키르벳)입니다.\n성경의 **셀라** 및 **셀사**의 고대 위치에 대한 비정지 후보 중 하나입니다.","imageTitle":"md02dab.satellite.jpg","types":["settlement"],"geojsonText":"{\"bbox\":[35.2154,31.89346,35.2207,31.89796],\"features\":[{\"geometry\":{\"coordinates\":[35.21805,31.89571],\"type\":\"Point\"},\"properties\":{\"id\":\"md02dab.point\",\"role\":\"point\"},\"type\":\"Feature\"},{\"geometry\":{\"coordinates\":[[[35.21805,31.89796],[35.21777,31.89795],[35.2175,31.89791],[35.21723,31.89785],[35.21697,31.89776],[35.21673,31.89766],[35.21649,31.89753],[35.21628,31.89738],[35.21608,31.89721],[35.21591,31.89703],[35.21576,31.89683],[35.21563,31.89662],[35.21553,31.8964],[35.21546,31.89618],[35.21542,31.89594],[35.2154,31.89571],[35.21542,31.89547],[35.21546,31.89524],[35.21553,31.89502],[35.21563,31.8948],[35.21576,31.89459],[35.21591,31.89439],[35.21608,31.89421],[35.21628,31.89404],[35.21649,31.89389],[35.21673,31.89376],[35.21697,31.89366],[35.21723,31.89357],[35.2175,31.89351],[35.21777,31.89347],[35.21805,31.89346],[35.21833,31.89347],[35.2186,31.89351],[35.21887,31.89357],[35.21913,31.89366],[35.21937,31.89376],[35.21961,31.89389],[35.21982,31.89404],[35.22002,31.89421],[35.22019,31.89439],[35.22034,31.89459],[35.22047,31.8948],[35.22057,31.89502],[35.22064,31.89524],[35.22068,31.89547],[35.2207,31.89571],[35.22068,31.89594],[35.22064,31.89618],[35.22057,31.8964],[35.22047,31.89662],[35.22034,31.89683],[35.22019,31.89703],[35.22002,31.89721],[35.21982,31.89738],[35.21961,31.89753],[35.21937,31.89766],[35.21913,31.89776],[35.21887,31.89785],[35.2186,31.89791],[35.21833,31.89795],[35.21805,31.89796]]],\"type\":\"Polygon\"},\"properties\":{\"id\":\"g97a5f3.precision_radius\",\"land_or_water\":\"land\",\"role\":\"precision_radius\"},\"type\":\"Feature\"}],\"metadata\":{\"class\":\"human\",\"land_or_water\":\"land\",\"name\":\"Khirbet Shab Salah\",\"type\":\"settlement\"},\"type\":\"FeatureCollection\"}","anotherNames":"Sheikh Salah","koreanName":"키르벳 샤브 살라","anotherKoreanNames":"셰이크 살라"},{"id":"m9fb934","name":"Beit Jala","isModern":true,"stereo":"child","description":"A Christian town just northwest of Bethlehem. It is often proposed as the location of the biblical **Zelzah**, near Rachel's Tomb.","koreanDescription":"베들레헴 바로 북서쪽에 위치한 기독교 마을입니다.\n**라헬의 무덤** 근처에 있는 성경의 **셀사**의 유력한 비정지로 자주 제안됩니다.","imageTitle":"m9fb934.i9430f9.jpg","types":["settlement"],"geojsonText":"{\"bbox\":[35.18069,31.71442,35.18598,31.71892],\"features\":[{\"geometry\":{\"coordinates\":[35.183333,31.716667],\"type\":\"Point\"},\"properties\":{\"id\":\"m9fb934.point\",\"role\":\"point\"},\"type\":\"Feature\"},{\"geometry\":{\"coordinates\":[[[35.18333,31.71892],[35.18306,31.7189],[35.18278,31.71887],[35.18252,31.71881],[35.18226,31.71872],[35.18201,31.71861],[35.18178,31.71849],[35.18156,31.71834],[35.18137,31.71817],[35.18119,31.71799],[35.18104,31.71779],[35.18092,31.71758],[35.18082,31.71736],[35.18075,31.71713],[35.1807,31.7169],[35.18069,31.71667],[35.1807,31.71643],[35.18075,31.7162],[35.18082,31.71597],[35.18092,31.71575],[35.18104,31.71554],[35.18119,31.71535],[35.18137,31.71516],[35.18156,31.715],[35.18178,31.71485],[35.18201,31.71472],[35.18226,31.71461],[35.18252,31.71453],[35.18278,31.71447],[35.18306,31.71443],[35.18333,31.71442],[35.18361,31.71443],[35.18388,31.71447],[35.18415,31.71453],[35.18441,31.71461],[35.18465,31.71472],[35.18489,31.71485],[35.1851,31.715],[35.1853,31.71516],[35.18547,31.71535],[35.18562,31.71554],[35.18575,31.71575],[35.18585,31.71597],[35.18592,31.7162],[35.18596,31.71643],[35.18598,31.71667],[35.18596,31.7169],[35.18592,31.71713],[35.18585,31.71736],[35.18575,31.71758],[35.18562,31.71779],[35.18547,31.71799],[35.1853,31.71817],[35.1851,31.71834],[35.18489,31.71849],[35.18465,31.71861],[35.18441,31.71872],[35.18415,31.71881],[35.18388,31.71887],[35.18361,31.7189],[35.18333,31.71892]]],\"type\":\"Polygon\"},\"properties\":{\"id\":\"g6feabd.precision_radius\",\"land_or_water\":\"land\",\"role\":\"precision_radius\"},\"type\":\"Feature\"}],\"metadata\":{\"class\":\"human\",\"land_or_water\":\"land\",\"name\":\"Beit Jala\",\"type\":\"settlement\"},\"type\":\"FeatureCollection\"}","anotherNames":"Bayt Jala","koreanName":"베이트 잘라","anotherKoreanNames":"바이트 잘라"},{"id":"m60ab56","name":"Deir el Azar","isModern":true,"stereo":"child","description":"A site near Jerusalem, considered a potential candidate for the biblical town of **Zelzah**.","koreanDescription":"예루살렘 근처의 유적지로, 성경의 **셀사**의 위치로 비정되는 후보지 중 하나입니다.","imageTitle":"m60ab56.ieaffc3.jpg","types":["settlement"],"geojsonText":"{\"bbox\":[35.10325,31.80851,35.10431,31.80941],\"features\":[{\"geometry\":{\"coordinates\":[35.10378,31.808957],\"type\":\"Point\"},\"properties\":{\"id\":\"m60ab56.point\",\"role\":\"point\"},\"type\":\"Feature\"},{\"geometry\":{\"coordinates\":[[[35.10378,31.80941],[35.10372,31.8094],[35.10367,31.8094],[35.10362,31.80938],[35.10356,31.80937],[35.10352,31.80935],[35.10347,31.80932],[35.10343,31.80929],[35.10339,31.80926],[35.10335,31.80922],[35.10332,31.80918],[35.1033,31.80914],[35.10328,31.8091],[35.10326,31.80905],[35.10325,31.809],[35.10325,31.80896],[35.10325,31.80891],[35.10326,31.80886],[35.10328,31.80882],[35.1033,31.80877],[35.10332,31.80873],[35.10335,31.80869],[35.10339,31.80866],[35.10343,31.80862],[35.10347,31.80859],[35.10352,31.80857],[35.10356,31.80855],[35.10362,31.80853],[35.10367,31.80852],[35.10372,31.80851],[35.10378,31.80851],[35.10384,31.80851],[35.10389,31.80852],[35.10394,31.80853],[35.104,31.80855],[35.10404,31.80857],[35.10409,31.80859],[35.10413,31.80862],[35.10417,31.80866],[35.10421,31.80869],[35.10424,31.80873],[35.10426,31.80877],[35.10428,31.80882],[35.1043,31.80886],[35.10431,31.80891],[35.10431,31.80896],[35.10431,31.809],[35.1043,31.80905],[35.10428,31.8091],[35.10426,31.80914],[35.10424,31.80918],[35.10421,31.80922],[35.10417,31.80926],[35.10413,31.80929],[35.10409,31.80932],[35.10404,31.80935],[35.104,31.80937],[35.10394,31.80938],[35.10389,31.8094],[35.10384,31.8094],[35.10378,31.80941]]],\"type\":\"Polygon\"},\"properties\":{\"id\":\"g38db26.precision_radius\",\"land_or_water\":\"land\",\"role\":\"precision_radius\"},\"type\":\"Feature\"}],\"metadata\":{\"class\":\"human\",\"land_or_water\":\"land\",\"name\":\"Deir el Azar\",\"type\":\"settlement\"},\"type\":\"FeatureCollection\"}","anotherNames":"Tell el Achar, Tell el Azhar","koreanName":"데이르 엘 아자르","anotherKoreanNames":"텔 엘 아차르, 텔 엘 아즈하르"}],"relations":[{"parentId":"afe28fe","childId":"m633a44","possibility":30},{"parentId":"afe28fe","childId":"m86ff07","possibility":10},{"parentId":"afe28fe","childId":"mabdf1d","possibility":10},{"parentId":"afe28fe","childId":"m4f28ee","possibility":10},{"parentId":"afe28fe","childId":"m6494e7","possibility":10},{"parentId":"a78e845","childId":"mbfa260","possibility":100},{"parentId":"afa84ca","childId":"m99eed8","possibility":35},{"parentId":"afa84ca","childId":"m63c810","possibility":25},{"parentId":"afa84ca","childId":"m0d6ead","possibility":10},{"parentId":"afa84ca","childId":"m383ade","possibility":10},{"parentId":"afa84ca","childId":"m51d3ee","possibility":10},{"parentId":"afa84ca","childId":"me34143","possibility":10},{"parentId":"afa84ca","childId":"ma3078f","possibility":10},{"parentId":"afa84ca","childId":"m8ce13e","possibility":10},{"parentId":"afa84ca","childId":"mb5a99a","possibility":10},{"parentId":"a6fa2d3","childId":"m5d9754","possibility":100},{"parentId":"ab49753","childId":"m99eed8","possibility":55},{"parentId":"ab49753","childId":"ma3078f","possibility":10},{"parentId":"ab49753","childId":"mddda6a","possibility":10},{"parentId":"ab49753","childId":"m30e76f","possibility":10},{"parentId":"aab92ca","childId":"m951680","possibility":70},{"parentId":"aab92ca","childId":"mba5378","possibility":10},{"parentId":"abfbfb9","childId":"m3edbe2","possibility":60},{"parentId":"abfbfb9","childId":"maa94ef","possibility":10},{"parentId":"abfbfb9","childId":"m56a09d","possibility":10},{"parentId":"abfbfb9","childId":"m88cf7d","possibility":10},{"parentId":"abfbfb9","childId":"m843146","possibility":10},{"parentId":"a7e3823","childId":"mb7e1e6","possibility":55},{"parentId":"a44c89d","childId":"m934b82","possibility":10},{"parentId":"a44c89d","childId":"m0431fc","possibility":10},{"parentId":"a44c89d","childId":"md02dab","possibility":10},{"parentId":"a44c89d","childId":"m9fb934","possibility":10},{"parentId":"a44c89d","childId":"m60ab56","possibility":10},{"parentId":"a597dd0","childId":"m934b82","possibility":45},{"parentId":"a597dd0","childId":"m0431fc","possibility":10},{"parentId":"a597dd0","childId":"md02dab","possibility":10}],"total":41}