{
  "data": [
    {
      "id": "abff59d",
      "name": "Bethphage",
      "imageTitle": "m6bd6bd.i360a3c.jpg",
      "isModern": false,
      "stereo": "parent",
      "description": "Bethphage, meaning 'House of Unripe Figs' (Aramaic), is a small village mentioned in the New Testament. It was located on the Mount of Olives, near Bethany and Jerusalem.\nIt is significant as the place where Jesus instructed his disciples to find a donkey and a colt for his Triumphal Entry into Jerusalem, fulfilling the prophecy in Zechariah 9:9.",
      "koreanDescription": "벳바게는 '덜 익은 무화과의 집'이라는 뜻(아람어)을 가진 신약 성경에 언급된 작은 마을입니다.\n예루살렘과 가까운 감람산에 위치했으며, 예수님께서 예루살렘으로 입성하시기 위해 제자들에게 나귀와 어린 나귀를 찾아오라고 지시하신 장소로 유명합니다. 이는 스가랴 9장 9절의 예언을 성취한 사건입니다.",
      "verses": ["Matt.21.1", "Mark.11.1", "Luke.19.29"],
      "placeUrl": "/geo/ancient/abff59d/bethphage",
      "identificationPaths": [
        "/geo/modern/m6bd6bd",
        "/geo/modern/m108f0b",
        "/geo/modern/m227592"
      ],
      "types": ["settlement"],
      "unknownPlacePossibility": null,
      "geojsonText": "{\"bbox\":[35.250839,31.7625,35.265833,31.777619],\"features\":[{\"geometry\":{\"coordinates\":[[[35.250975,31.777454],[35.250973,31.777352],[35.251083,31.777349],[35.251084,31.777243],[35.251227,31.777103],[35.251428,31.777349],[35.251235,31.77739],[35.25123,31.777495],[35.251083,31.7775],[35.251077,31.777454],[35.250975,31.777454]]],\"type\":\"Polygon\"},\"properties\":{\"id\":\"gaf4b4b.geometry\",\"land_or_water\":\"land\"},\"type\":\"Feature\"},{\"geometry\":{\"coordinates\":[35.265833,31.7625],\"type\":\"Point\"},\"properties\":{\"id\":\"m108f0b.point\"},\"type\":\"Feature\"},{\"geometry\":{\"coordinates\":[35.255903,31.771661],\"type\":\"Point\"},\"properties\":{\"id\":\"m227592.point\"},\"type\":\"Feature\"},{\"geometry\":{\"coordinates\":[35.250839,31.777619],\"type\":\"Point\"},\"properties\":{\"id\":\"m6bd6bd.point\"},\"type\":\"Feature\"}],\"metadata\":{\"geometry_credit\":\"Some data © OpenStreetMap contributors\",\"name\":\"Bethphage\"},\"type\":\"FeatureCollection\"}",
      "anotherNames": null,
      "koreanName": "벳바게",
      "anotherKoreanNames": null
    },
    {
      "id": "a91b732",
      "name": "Bethsaida 1",
      "imageTitle": "m1ec77e.ib5b933.jpg",
      "isModern": false,
      "stereo": "parent",
      "description": "Bethsaida, meaning 'House of Fishing' (Aramaic), is a city on the shore of the Sea of Galilee. This Bethsaida is identified as the hometown of the apostles Peter, Andrew, and Philip (John 1:44).\nJesus pronounced a woe upon this city because, despite the miracles performed there, the people did not repent.",
      "koreanDescription": "벳새다는 '어부의 집' 또는 '낚시하는 곳'이라는 뜻(아람어)을 가진 갈릴리 호수 근처의 도시입니다. 이 벳새다는 사도 베드로, 안드레, 빌립의 고향으로 알려져 있습니다(요 1:44).\n예수님께서 이곳에서 행하신 많은 기적에도 불구하고 사람들이 회개하지 않아 화를 선언하신 장소 중 하나입니다.",
      "verses": ["Matt.11.21", "Luke.10.13", "John.1.44", "John.12.21"],
      "placeUrl": "/geo/ancient/a91b732/bethsaida-1",
      "identificationPaths": [
        "/geo/modern/m1ec77e",
        "/geo/modern/m00b3ac",
        "/geo/modern/mc1b445",
        "/geo/modern/mbbfbf9"
      ],
      "types": ["settlement"],
      "unknownPlacePossibility": null,
      "geojsonText": "{\"bbox\":[35.548975,32.873658,35.631234,32.911543],\"features\":[{\"geometry\":{\"coordinates\":[[[35.631234,32.910246],[35.631148,32.910285],[35.631221,32.9108],[35.631098,32.911216],[35.630827,32.911543],[35.630373,32.911487],[35.630111,32.911289],[35.630006,32.911104],[35.630027,32.910496],[35.629928,32.910084],[35.629964,32.909858],[35.630086,32.909597],[35.630301,32.909255],[35.630513,32.909059],[35.630719,32.909039],[35.6312,32.909827],[35.631234,32.910246]]],\"type\":\"Polygon\"},\"properties\":{\"id\":\"g21dc25.geometry\",\"land_or_water\":\"land\"},\"type\":\"Feature\"},{\"geometry\":{\"coordinates\":[35.619,32.893528],\"type\":\"Point\"},\"properties\":{\"id\":\"m00b3ac.point\"},\"type\":\"Feature\"},{\"geometry\":{\"coordinates\":[35.63096,32.91038],\"type\":\"Point\"},\"properties\":{\"id\":\"m1ec77e.point\"},\"type\":\"Feature\"},{\"geometry\":{\"coordinates\":[35.548975,32.873658],\"type\":\"Point\"},\"properties\":{\"id\":\"mbbfbf9.point\"},\"type\":\"Feature\"},{\"geometry\":{\"coordinates\":[35.630772,32.884217],\"type\":\"Point\"},\"properties\":{\"id\":\"mc1b445.point\"},\"type\":\"Feature\"}],\"metadata\":{\"geometry_credit\":\"Some data © OpenStreetMap contributors\",\"name\":\"Bethsaida 1\"},\"type\":\"FeatureCollection\"}",
      "anotherNames": null,
      "koreanName": "벳새다 1",
      "anotherKoreanNames": null
    },
    {
      "id": "a9fc13a",
      "name": "Bethsaida 2",
      "imageTitle": "m1ec77e.ib5b933.jpg",
      "isModern": false,
      "stereo": "parent",
      "description": "A possible second city named Bethsaida, located on the eastern side of the Jordan River near its entry into the Sea of Galilee, or possibly a reference to a district or nearby area.\nThis location is associated with the feeding of the five thousand and the healing of a blind man by Jesus.",
      "koreanDescription": "갈릴리 호수로 들어가는 요단강 근처 동쪽에 위치했을 가능성이 있는 두 번째 도시 벳새다로 여겨집니다. 혹은 벳새다 지역이나 인근 지역을 통칭하는 것일 수도 있습니다.\n예수님께서 오천 명을 먹이신 사건과 맹인을 고치신 사건이 이 지역과 관련되어 있습니다.",
      "verses": ["Mark.6.45", "Mark.8.22", "Luke.9.10"],
      "placeUrl": "/geo/ancient/a9fc13a/bethsaida-2",
      "identificationPaths": [
        "/geo/modern/m1ec77e",
        "/geo/modern/m00b3ac",
        "/geo/modern/mbbfbf9",
        "/geo/modern/mc1b445"
      ],
      "types": ["settlement"],
      "unknownPlacePossibility": null,
      "geojsonText": "{\"bbox\":[35.548975,32.873658,35.631234,32.911543],\"features\":[{\"geometry\":{\"coordinates\":[[[35.631234,32.910246],[35.631148,32.910285],[35.631221,32.9108],[35.631098,32.911216],[35.630827,32.911543],[35.630373,32.911487],[35.630111,32.911289],[35.630006,32.911104],[35.630027,32.910496],[35.629928,32.910084],[35.629964,32.909858],[35.630086,32.909597],[35.630301,32.909255],[35.630513,32.909059],[35.630719,32.909039],[35.6312,32.909827],[35.631234,32.910246]]],\"type\":\"Polygon\"},\"properties\":{\"id\":\"g21dc25.geometry\",\"land_or_water\":\"land\"},\"type\":\"Feature\"},{\"geometry\":{\"coordinates\":[35.619,32.893528],\"type\":\"Point\"},\"properties\":{\"id\":\"m00b3ac.point\"},\"type\":\"Feature\"},{\"geometry\":{\"coordinates\":[35.63096,32.91038],\"type\":\"Point\"},\"properties\":{\"id\":\"m1ec77e.point\"},\"type\":\"Feature\"},{\"geometry\":{\"coordinates\":[35.548975,32.873658],\"type\":\"Point\"},\"properties\":{\"id\":\"mbbfbf9.point\"},\"type\":\"Feature\"},{\"geometry\":{\"coordinates\":[35.630772,32.884217],\"type\":\"Point\"},\"properties\":{\"id\":\"mc1b445.point\"},\"type\":\"Feature\"}],\"metadata\":{\"geometry_credit\":\"Some data © OpenStreetMap contributors\",\"name\":\"Bethsaida 2\"},\"type\":\"FeatureCollection\"}",
      "anotherNames": null,
      "koreanName": "벳새다 2",
      "anotherKoreanNames": null
    },
    {
      "id": "a55cec0",
      "name": "Bethuel",
      "imageTitle": "m53aaf8.satellite.jpg",
      "isModern": false,
      "stereo": "parent",
      "description": "Bethuel (or Bethul, Bethel in other verses), meaning 'House of God' or possibly 'Dweller in God', is a city in the territory of Simeon, located in the southern part of Judah (1 Chron. 4:30).\nIt is also possibly identified with the town mentioned in Joshua 19:4 (as Bethul) and perhaps 1 Samuel 30:27 (as Bethel).",
      "koreanDescription": "브두엘('하나님의 집' 또는 '하나님 안에 거하는 자'라는 뜻)은 유다 남부 지역, 시므온 지파의 경내에 속한 성읍입니다(대상 4:30).\n다른 성경 구절에서는 브둘(수 19:4) 또는 벧엘(삼상 30:27)과 동일한 곳으로 여겨지기도 합니다.",
      "verses": ["1Chr.4.30"],
      "placeUrl": "/geo/ancient/a55cec0/bethuel",
      "identificationPaths": [
        "/geo/modern/mf10950",
        "/geo/modern/m1b2999",
        "/geo/modern/m48c2f6",
        "/geo/modern/m53aaf8",
        "/geo/modern/m7aee43",
        "/geo/modern/m77a636"
      ],
      "types": ["settlement"],
      "unknownPlacePossibility": null,
      "geojsonText": "{\"bbox\":[34.828611,31.280247,35.124376,31.589383],\"features\":[{\"geometry\":{\"coordinates\":[35.094155,31.589383],\"type\":\"Point\"},\"properties\":{\"id\":\"m1b2999.point\"},\"type\":\"Feature\"},{\"geometry\":{\"coordinates\":[34.877114,31.280247],\"type\":\"Point\"},\"properties\":{\"id\":\"m48c2f6.point\"},\"type\":\"Feature\"},{\"geometry\":{\"coordinates\":[34.87847,31.327312],\"type\":\"Point\"},\"properties\":{\"id\":\"m53aaf8.point\"},\"type\":\"Feature\"},{\"geometry\":{\"coordinates\":[34.9078,31.30992],\"type\":\"Point\"},\"properties\":{\"id\":\"m77a636.point\"},\"type\":\"Feature\"},{\"geometry\":{\"coordinates\":[34.828611,31.476944],\"type\":\"Point\"},\"properties\":{\"id\":\"m7aee43.point\"},\"type\":\"Feature\"},{\"geometry\":{\"coordinates\":[35.124376,31.344952],\"type\":\"Point\"},\"properties\":{\"id\":\"mf10950.point\"},\"type\":\"Feature\"}],\"metadata\":{\"name\":\"Bethuel\"},\"type\":\"FeatureCollection\"}",
      "anotherNames": null,
      "koreanName": "브두엘",
      "anotherKoreanNames": null
    },
    {
      "id": "a92de65",
      "name": "Bethul",
      "imageTitle": "m53aaf8.satellite.jpg",
      "isModern": false,
      "stereo": "parent",
      "description": "Bethul, a town mentioned in the territory allotted to the tribe of Simeon in the south of Judah (Joshua 19:4).\nIt is generally considered to be the same city as Bethuel (1 Chronicles 4:30), suggesting a variation in spelling or pronunciation.",
      "koreanDescription": "브둘은 유다 남부에 위치한 시므온 지파에게 할당된 성읍 중 하나로 언급됩니다(수 19:4).\n대부분의 학자들은 브두엘(대상 4:30)과 동일한 성읍으로 간주하며, 이는 철자나 발음상의 차이로 보입니다.",
      "verses": ["Josh.19.4"],
      "placeUrl": "/geo/ancient/a92de65/bethul",
      "identificationPaths": [
        "/geo/modern/m53aaf8",
        "/geo/modern/mf10950",
        "/geo/modern/m1b2999",
        "/geo/modern/m48c2f6",
        "/geo/modern/m7aee43",
        "/geo/modern/m77a636"
      ],
      "types": ["settlement"],
      "unknownPlacePossibility": null,
      "geojsonText": "{\"bbox\":[34.828611,31.280247,35.124376,31.589383],\"features\":[{\"geometry\":{\"coordinates\":[35.094155,31.589383],\"type\":\"Point\"},\"properties\":{\"id\":\"m1b2999.point\"},\"type\":\"Feature\"},{\"geometry\":{\"coordinates\":[34.877114,31.280247],\"type\":\"Point\"},\"properties\":{\"id\":\"m48c2f6.point\"},\"type\":\"Feature\"},{\"geometry\":{\"coordinates\":[34.87847,31.327312],\"type\":\"Point\"},\"properties\":{\"id\":\"m53aaf8.point\"},\"type\":\"Feature\"},{\"geometry\":{\"coordinates\":[34.9078,31.30992],\"type\":\"Point\"},\"properties\":{\"id\":\"m77a636.point\"},\"type\":\"Feature\"},{\"geometry\":{\"coordinates\":[34.828611,31.476944],\"type\":\"Point\"},\"properties\":{\"id\":\"m7aee43.point\"},\"type\":\"Feature\"},{\"geometry\":{\"coordinates\":[35.124376,31.344952],\"type\":\"Point\"},\"properties\":{\"id\":\"mf10950.point\"},\"type\":\"Feature\"}],\"metadata\":{\"name\":\"Bethul\"},\"type\":\"FeatureCollection\"}",
      "anotherNames": null,
      "koreanName": "브둘",
      "anotherKoreanNames": null
    },
    {
      "id": "a079478",
      "name": "Betonim",
      "imageTitle": "m5b9e13.satellite.jpg",
      "isModern": false,
      "stereo": "parent",
      "description": "Betonim, possibly meaning 'pistachio nuts', was a town in the territory of the tribe of Gad, located in Gilead east of the Jordan River (Joshua 13:26).\nIt is mentioned in connection with Ramath-mizpeh and Mahanaim.",
      "koreanDescription": "브도님은 '피스타치오 열매'라는 뜻일 수 있으며, 요단 강 동쪽 길르앗 지역, 갓 지파의 경계에 속한 성읍입니다(수 13:26).\n라마스-미스베와 마하나임과 함께 언급됩니다.",
      "verses": ["Josh.13.26"],
      "placeUrl": "/geo/ancient/a079478/betonim",
      "identificationPaths": ["/geo/modern/m5b9e13"],
      "types": ["settlement"],
      "unknownPlacePossibility": null,
      "geojsonText": "{\"features\":[{\"geometry\":{\"coordinates\":[35.710739,32.010571],\"type\":\"Point\"},\"properties\":{\"id\":\"m5b9e13.point\"},\"type\":\"Feature\"}],\"metadata\":{\"name\":\"Betonim\"},\"type\":\"FeatureCollection\"}",
      "anotherNames": null,
      "koreanName": "브도님",
      "anotherKoreanNames": null
    },
    {
      "id": "a88310a",
      "name": "Beyond the River",
      "imageTitle": "a88310a.i0809e7.jpg",
      "isModern": false,
      "stereo": "parent",
      "description": "Beyond the River (Hebrew: 'Avar ha-Nahar) is a geographic and administrative term used in the Old Testament, particularly in the books of Ezra and Nehemiah, to refer to the region west of the Euphrates River.\nDuring the Persian Empire, it was a satrapy (province) that included the area of Syria, Phoenicia, and Judah. The term reflects the perspective of the Persian court, which was located east of the river.",
      "koreanDescription": "유브라데 강 건너편 지역을 의미하는 지리적, 행정적 용어로, 구약 성경, 특히 에스라와 느헤미야서에 등장합니다.\n페르시아 제국 시대에는 유브라데 강 서쪽 지역(시리아, 페니키아, 유대 등)을 포함하는 하나의 사트라피(지방)였습니다. 이는 강 동쪽에 위치한 페르시아 왕궁의 관점에서 명명된 것입니다.",
      "verses": [
        "Ezra.4.10",
        "Ezra.4.11",
        "Ezra.4.16",
        "Ezra.4.17",
        "Ezra.4.20",
        "Ezra.5.3",
        "Ezra.5.6",
        "Ezra.6.6",
        "Ezra.6.8",
        "Ezra.6.13",
        "Ezra.7.21",
        "Ezra.7.25",
        "Ezra.8.36",
        "Neh.2.7",
        "Neh.2.9",
        "Neh.3.7"
      ],
      "placeUrl": "/geo/ancient/a88310a/beyond-the-river",
      "identificationPaths": ["/geo/modern/m66c5b8"],
      "types": ["region"],
      "unknownPlacePossibility": null,
      "geojsonText": "{\"bbox\":[34.97379,31.47189,38.08768,36.54792],\"features\":[{\"geometry\":{\"coordinates\":[[[[35.20444,32.96484],[34.97379,32.26813],[34.97379,32.1686],[34.97379,31.96954],[34.97379,31.87001],[35.89642,31.47189],[36.01175,31.47189],[37.3957,32.26813],[37.74169,32.46719],[37.85702,32.56672],[37.97235,32.66625],[38.08768,35.55262],[37.74169,36.24933],[37.16504,36.54792],[37.04971,36.54792],[36.93439,36.54792],[36.81906,36.54792],[36.70373,36.54792],[36.5884,36.54792],[35.20444,32.96484]]],[[[35.31977,33.06437],[35.08911,32.26813],[35.08911,32.1686],[35.20444,32.1686],[35.31977,32.1686],[35.4351,32.1686],[35.55043,32.1686],[35.66576,32.1686],[35.78109,32.1686],[35.89642,32.1686],[36.01175,32.1686],[36.12708,32.36766],[36.24241,32.56672],[37.74169,35.25403],[37.85702,35.45309],[37.97235,35.65215],[37.74169,35.95074],[37.51103,36.05027],[36.5884,35.75168],[35.31977,33.06437]]],[[[35.20444,32.56672],[35.20444,32.46719],[35.4351,32.1686],[35.55043,32.1686],[35.78109,32.1686],[37.28037,34.65685],[37.3957,34.85591],[37.74169,35.65215],[37.51103,35.75168],[37.3957,35.65215],[36.70373,34.85591],[36.01175,34.05967],[35.4351,33.06437],[35.31977,32.86531],[35.20444,32.56672]]],[[[35.4351,32.96484],[35.4351,32.86531],[35.4351,32.76578],[35.55043,32.36766],[35.66576,32.36766],[36.24241,33.1639],[37.28037,34.85591],[37.28037,34.95544],[37.04971,35.05497],[36.93439,34.95544],[36.81906,34.85591],[36.70373,34.75638],[36.5884,34.65685],[36.01175,34.05967],[35.4351,32.96484]]],[[[35.4351,32.76578],[35.66576,32.46719],[35.89642,32.76578],[37.16504,34.75638],[37.16504,34.85591],[37.04971,34.85591],[36.93439,34.85591],[36.81906,34.85591],[36.70373,34.75638],[36.35774,34.25873],[35.4351,32.86531],[35.4351,32.76578]]],[[[35.78109,33.06437],[35.66576,32.66625],[35.78109,32.76578],[35.89642,32.96484],[37.04971,34.75638],[36.81906,34.75638],[36.70373,34.65685],[36.47307,34.25873],[36.12708,33.66155],[35.78109,33.06437]]]],\"type\":\"MultiPolygon\"},\"properties\":{\"format\":\"isobands\",\"id\":\"ge8859c.isobands\",\"land_or_water\":\"land\",\"max_confidence\":60,\"min_confidence\":10,\"role\":\"isobands\"},\"type\":\"Feature\"},{\"geometry\":{\"coordinates\":[35.234167,31.776667],\"type\":\"Point\"},\"properties\":{\"id\":\"m66c5b8.point\"},\"type\":\"Feature\"}],\"metadata\":{\"name\":\"Beyond the River\"},\"type\":\"FeatureCollection\"}",
      "anotherNames": null,
      "koreanName": "강 건너편",
      "anotherKoreanNames": null
    },
    {
      "id": "af48fdd",
      "name": "Bezek 1",
      "imageTitle": "mf2c1fd.satellite.jpg",
      "isModern": false,
      "stereo": "parent",
      "description": "Bezek, possibly meaning 'lightning', is the city where Adoni-bezek was captured by the tribes of Judah and Simeon (Judges 1:4-7).\nThis location is traditionally placed in the territory of Judah, not far from Jerusalem.",
      "koreanDescription": "베섹('번개'라는 뜻일 수 있음)은 유다와 시므온 지파가 아도니-베섹을 사로잡았던 성읍입니다(삿 1:4-7).\n이곳은 전통적으로 예루살렘과 멀지 않은 유다 지파의 경내에 위치했다고 여겨집니다.",
      "verses": ["Judg.1.4", "Judg.1.5"],
      "placeUrl": "/geo/ancient/af48fdd/bezek-1",
      "identificationPaths": [
        "/geo/modern/mf2c1fd",
        "/geo/modern/me867d9",
        "/geo/modern/m93008b"
      ],
      "types": ["settlement"],
      "unknownPlacePossibility": null,
      "geojsonText": "{\"bbox\":[34.964918,31.880322,35.39736,32.36884],\"features\":[{\"geometry\":{\"coordinates\":[34.964918,31.880322],\"type\":\"Point\"},\"properties\":{\"id\":\"m93008b.point\"},\"type\":\"Feature\"},{\"geometry\":{\"coordinates\":[35.3725,32.354167],\"type\":\"Point\"},\"properties\":{\"id\":\"me867d9.point\"},\"type\":\"Feature\"},{\"geometry\":{\"coordinates\":[35.39736,32.36884],\"type\":\"Point\"},\"properties\":{\"id\":\"mf2c1fd.point\"},\"type\":\"Feature\"}],\"metadata\":{\"name\":\"Bezek 1\"},\"type\":\"FeatureCollection\"}",
      "anotherNames": null,
      "koreanName": "베섹 1",
      "anotherKoreanNames": null
    },
    {
      "id": "a206291",
      "name": "Bezek 2",
      "imageTitle": "mf2c1fd.satellite.jpg",
      "isModern": false,
      "stereo": "parent",
      "description": "Bezek, the rallying point where Saul numbered the people of Israel and Judah before marching to relieve Jabesh-gilead (1 Samuel 11:8).\nThis location is generally identified with a site further north, in the central region of the country near the Jordan Valley.",
      "koreanDescription": "베섹은 사울이 암몬 사람들의 위협을 받고 있는 길르앗 야베스를 구원하기 위해 이스라엘과 유다의 군대를 소집하고 점호한 장소입니다(삼상 11:8).\n이곳은 일반적으로 요단 계곡 근처, 나라의 중앙 지역에 위치한 북쪽의 다른 장소와 동일시됩니다.",
      "verses": ["1Sam.11.8"],
      "placeUrl": "/geo/ancient/a206291/bezek-2",
      "identificationPaths": [
        "/geo/modern/mf2c1fd",
        "/geo/modern/me867d9",
        "/geo/modern/m93008b"
      ],
      "types": ["settlement"],
      "unknownPlacePossibility": null,
      "geojsonText": "{\"bbox\":[34.964918,31.880322,35.39736,32.36884],\"features\":[{\"geometry\":{\"coordinates\":[34.964918,31.880322],\"type\":\"Point\"},\"properties\":{\"id\":\"m93008b.point\"},\"type\":\"Feature\"},{\"geometry\":{\"coordinates\":[35.3725,32.354167],\"type\":\"Point\"},\"properties\":{\"id\":\"me867d9.point\"},\"type\":\"Feature\"},{\"geometry\":{\"coordinates\":[35.39736,32.36884],\"type\":\"Point\"},\"properties\":{\"id\":\"mf2c1fd.point\"},\"type\":\"Feature\"}],\"metadata\":{\"name\":\"Bezek 2\"},\"type\":\"FeatureCollection\"}",
      "anotherNames": null,
      "koreanName": "베섹 2",
      "anotherKoreanNames": null
    },
    {
      "id": "a0cd098",
      "name": "Bezer",
      "imageTitle": "m7e1954.satellite.jpg",
      "isModern": false,
      "stereo": "parent",
      "description": "Bezer was one of the three Cities of Refuge appointed by Moses east of the Jordan River (Deuteronomy 4:43).\nIt was a Levitical city in the desert plateau (Mishor) of Reuben's territory, established to offer safe haven for those who accidentally killed someone.",
      "koreanDescription": "베셀은 모세가 요단 강 동쪽에 지정한 세 개의 도피성 중 하나입니다(신 4:43).\n르우벤 지파의 미숄(광야 평원) 지역에 위치한 레위인의 성읍이었으며, 부지중에 살인한 자가 보복을 피해 피할 수 있도록 마련된 곳입니다.",
      "verses": ["Deut.4.43", "Josh.20.8", "Josh.21.36", "1Chr.6.78"],
      "placeUrl": "/geo/ancient/a0cd098/bezer",
      "identificationPaths": ["/geo/modern/m7e1954", "/geo/modern/ma96621"],
      "types": ["settlement"],
      "unknownPlacePossibility": null,
      "geojsonText": "{\"bbox\":[35.856843,31.71663,35.90168,31.78603],\"features\":[{\"geometry\":{\"coordinates\":[35.90168,31.78603],\"type\":\"Point\"},\"properties\":{\"id\":\"m7e1954.point\"},\"type\":\"Feature\"},{\"geometry\":{\"coordinates\":[35.856843,31.71663],\"type\":\"Point\"},\"properties\":{\"id\":\"ma96621.point\"},\"type\":\"Feature\"}],\"metadata\":{\"name\":\"Bezer\"},\"type\":\"FeatureCollection\"}",
      "anotherNames": null,
      "koreanName": "베셀",
      "anotherKoreanNames": null
    },
    {
      "id": "m6bd6bd",
      "name": "Et Tur",
      "isModern": true,
      "stereo": "child",
      "description": "Et Tur (Arabic: 'The Hill') is a modern village on the Mount of Olives in East Jerusalem, traditionally identified as the site of ancient Bethphage, where the Catholic Church of Bethphage is located.\nThe village's name is derived from the Aramaic word for 'the hill' or 'the mountain'.",
      "koreanDescription": "에트-투르('언덕'이라는 뜻의 아람어에서 유래)는 동예루살렘의 감람산에 위치한 현대 마을입니다. 전통적으로 고대 벳바게가 있던 자리로 여겨지며, 벳바게 교회가 이곳에 있습니다.",
      "imageTitle": "m6bd6bd.i360a3c.jpg",
      "types": ["settlement"],
      "geojsonText": "{\"bbox\":[35.24819,31.77537,35.25348,31.77987],\"features\":[{\"geometry\":{\"coordinates\":[35.250839,31.777619],\"type\":\"Point\"},\"properties\":{\"id\":\"m6bd6bd.point\",\"role\":\"point\"},\"type\":\"Feature\"},{\"geometry\":{\"coordinates\":[[[35.250975,31.777454],[35.250973,31.777352],[35.251083,31.777349],[35.251084,31.777243],[35.251227,31.777103],[35.251428,31.777349],[35.251235,31.77739],[35.25123,31.777495],[35.251083,31.7775],[35.251077,31.777454],[35.250975,31.777454]]],\"type\":\"Polygon\"},\"properties\":{\"id\":\"gaf4b4b.local\",\"land_or_water\":\"land\",\"role\":\"local\"},\"type\":\"Feature\"},{\"geometry\":{\"coordinates\":[[[35.25084,31.77987],[35.25056,31.77985],[35.25029,31.77982],[35.25002,31.77976],[35.24976,31.77967],[35.24952,31.77957],[35.24928,31.77944],[35.24907,31.77929],[35.24887,31.77912],[35.2487,31.77894],[35.24855,31.77874],[35.24842,31.77853],[35.24832,31.77831],[35.24825,31.77809],[35.24821,31.77785],[35.24819,31.77762],[35.24821,31.77738],[35.24825,31.77715],[35.24832,31.77692],[35.24842,31.7767],[35.24855,31.77649],[35.2487,31.7763],[35.24887,31.77611],[35.24907,31.77595],[35.24928,31.7758],[35.24952,31.77567],[35.24976,31.77557],[35.25002,31.77548],[35.25029,31.77542],[35.25056,31.77538],[35.25084,31.77537],[35.25112,31.77538],[35.25139,31.77542],[35.25166,31.77548],[35.25191,31.77557],[35.25216,31.77567],[35.25239,31.7758],[35.25261,31.77595],[35.2528,31.77611],[35.25298,31.7763],[35.25313,31.77649],[35.25326,31.7767],[35.25335,31.77692],[35.25343,31.77715],[35.25347,31.77738],[35.25348,31.77762],[35.25347,31.77785],[35.25343,31.77809],[35.25335,31.77831],[35.25326,31.77853],[35.25313,31.77874],[35.25298,31.77894],[35.2528,31.77912],[35.25261,31.77929],[35.25239,31.77944],[35.25216,31.77957],[35.25191,31.77967],[35.25166,31.77976],[35.25139,31.77982],[35.25112,31.77985],[35.25084,31.77987]]],\"type\":\"Polygon\"},\"properties\":{\"id\":\"gb5045e.precision_radius\",\"land_or_water\":\"land\",\"role\":\"precision_radius\"},\"type\":\"Feature\"}],\"metadata\":{\"class\":\"human\",\"geometry_credit\":\"Some data © OpenStreetMap contributors\",\"land_or_water\":\"land\",\"name\":\"Et Tur\",\"type\":\"settlement\"},\"type\":\"FeatureCollection\"}",
      "anotherNames": "At Tur, Church of Bethphage",
      "koreanName": "에트-투르",
      "anotherKoreanNames": "앗 투르, 벳바게 교회"
    },
    {
      "id": "m108f0b",
      "name": "Abu Dis",
      "isModern": true,
      "stereo": "child",
      "description": "Abu Dis is a Palestinian village in the West Bank, bordering Jerusalem, in the Jerusalem Governorate.\nIt is one of the proposed locations for the biblical Bethphage, though less probable than Et Tur.",
      "koreanDescription": "아부 디스는 요르단 강 서안 지구, 예루살렘 접경 지역에 위치한 팔레스타인 마을입니다.\n고대 벳바게의 후보지 중 하나로 제안되기도 하지만, 에트-투르보다는 가능성이 낮습니다.",
      "imageTitle": "m108f0b.ibf988e.jpg",
      "types": ["settlement"],
      "geojsonText": "{\"bbox\":[35.26319,31.76025,35.26848,31.76475],\"features\":[{\"geometry\":{\"coordinates\":[35.265833,31.7625],\"type\":\"Point\"},\"properties\":{\"id\":\"m108f0b.point\",\"role\":\"point\"},\"type\":\"Feature\"},{\"geometry\":{\"coordinates\":[[[35.26583,31.76475],[35.26556,31.76474],[35.26528,31.7647],[35.26502,31.76464],[35.26476,31.76455],[35.26451,31.76445],[35.26428,31.76432],[35.26406,31.76417],[35.26387,31.764],[35.26369,31.76382],[35.26354,31.76362],[35.26342,31.76341],[35.26332,31.76319],[35.26325,31.76297],[35.2632,31.76273],[35.26319,31.7625],[35.2632,31.76226],[35.26325,31.76203],[35.26332,31.76181],[35.26342,31.76159],[35.26354,31.76138],[35.26369,31.76118],[35.26387,31.761],[35.26406,31.76083],[35.26428,31.76068],[35.26451,31.76055],[35.26476,31.76045],[35.26502,31.76036],[35.26528,31.7603],[35.26556,31.76026],[35.26583,31.76025],[35.26611,31.76026],[35.26638,31.7603],[35.26665,31.76036],[35.26691,31.76045],[35.26716,31.76055],[35.26739,31.76068],[35.2676,31.76083],[35.2678,31.761],[35.26797,31.76118],[35.26812,31.76138],[35.26825,31.76159],[35.26835,31.76181],[35.26842,31.76203],[35.26846,31.76226],[35.26848,31.7625],[35.26846,31.76273],[35.26842,31.76297],[35.26835,31.76319],[35.26825,31.76341],[35.26812,31.76362],[35.26797,31.76382],[35.2678,31.764],[35.2676,31.76417],[35.26739,31.76432],[35.26716,31.76445],[35.26691,31.76455],[35.26665,31.76464],[35.26638,31.7647],[35.26611,31.76474],[35.26583,31.76475]]],\"type\":\"Polygon\"},\"properties\":{\"id\":\"g770d8e.precision_radius\",\"land_or_water\":\"land\",\"role\":\"precision_radius\"},\"type\":\"Feature\"}],\"metadata\":{\"class\":\"human\",\"land_or_water\":\"land\",\"name\":\"Abu Dis\",\"type\":\"settlement\"},\"type\":\"FeatureCollection\"}",
      "anotherNames": null,
      "koreanName": "아부 디스",
      "anotherKoreanNames": null
    },
    {
      "id": "m227592",
      "name": "Al Eizariya",
      "isModern": true,
      "stereo": "child",
      "description": "Al Eizariya (Arabic for 'Place of Lazarus') is a Palestinian town on the Mount of Olives, traditionally identified as the biblical Bethany, the home of Lazarus, Martha, and Mary.\nIt is sometimes considered a possible location for the broader area of Bethphage and Bethany.",
      "koreanDescription": "알 에이자리야('나사로의 장소'라는 뜻의 아랍어)는 감람산에 위치한 팔레스타인 마을로, 전통적으로 성경 속 나사로와 마르다, 마리아의 고향인 베다니와 동일시됩니다.\n벳바게와 베다니의 광범위한 지역을 포함하는 후보지로 간주되기도 합니다.",
      "imageTitle": "m227592.icedea1.jpg",
      "types": ["settlement"],
      "geojsonText": "{\"bbox\":[35.25326,31.76941,35.25855,31.77391],\"features\":[{\"geometry\":{\"coordinates\":[35.255903,31.771661],\"type\":\"Point\"},\"properties\":{\"id\":\"m227592.point\",\"role\":\"point\"},\"type\":\"Feature\"},{\"geometry\":{\"coordinates\":[[[35.2559,31.77391],[35.25563,31.7739],[35.25535,31.77386],[35.25509,31.7738],[35.25483,31.77371],[35.25458,31.77361],[35.25435,31.77348],[35.25413,31.77333],[35.25394,31.77317],[35.25376,31.77298],[35.25361,31.77279],[35.25349,31.77258],[35.25339,31.77236],[35.25332,31.77213],[35.25327,31.7719],[35.25326,31.77166],[35.25327,31.77143],[35.25332,31.77119],[35.25339,31.77097],[35.25349,31.77075],[35.25361,31.77054],[35.25376,31.77034],[35.25394,31.77016],[35.25413,31.76999],[35.25435,31.76984],[35.25458,31.76971],[35.25483,31.76961],[35.25509,31.76952],[35.25535,31.76946],[35.25563,31.76943],[35.2559,31.76941],[35.25618,31.76943],[35.25645,31.76946],[35.25672,31.76952],[35.25698,31.76961],[35.25723,31.76971],[35.25746,31.76984],[35.25767,31.76999],[35.25787,31.77016],[35.25804,31.77034],[35.25819,31.77054],[35.25832,31.77075],[35.25842,31.77097],[35.25849,31.77119],[35.25853,31.77143],[35.25855,31.77166],[35.25853,31.7719],[35.25849,31.77213],[35.25842,31.77236],[35.25832,31.77258],[35.25819,31.77279],[35.25804,31.77298],[35.25787,31.77317],[35.25767,31.77333],[35.25746,31.77348],[35.25723,31.77361],[35.25698,31.77371],[35.25672,31.7738],[35.25645,31.77386],[35.25618,31.7739],[35.2559,31.77391]]],\"type\":\"Polygon\"},\"properties\":{\"id\":\"g6f3796.precision_radius\",\"land_or_water\":\"land\",\"role\":\"precision_radius\"},\"type\":\"Feature\"}],\"metadata\":{\"class\":\"human\",\"land_or_water\":\"land\",\"name\":\"Al Eizariya\",\"type\":\"settlement\"},\"type\":\"FeatureCollection\"}",
      "anotherNames": null,
      "koreanName": "알 에이자리야",
      "anotherKoreanNames": null
    },
    {
      "id": "m1ec77e",
      "name": "At Tell",
      "isModern": true,
      "stereo": "child",
      "description": "At Tell (Arabic: 'The Mound') is an archaeological site near the northern shore of the Sea of Galilee, a strong candidate for the site of the city of Bethsaida Julias, which was later confused with the Bethsaida of the Gospels.\nThe site contains ruins from the Iron Age, Hellenistic, and Roman periods.",
      "koreanDescription": "앗 텔('언덕'이라는 뜻의 아랍어)은 갈릴리 호수 북쪽 해안 근처에 위치한 고고학 유적지로, 신약 성경의 벳새다 중 하나인 벳새다-줄리아스(Bethsaida Julias)의 유력한 후보지입니다.\n철기 시대, 헬레니즘, 로마 시대의 유적을 포함하고 있습니다.",
      "imageTitle": "m1ec77e.ib5b933.jpg",
      "types": ["settlement"],
      "geojsonText": "{\"bbox\":[35.629928,32.909039,35.6315,32.911543],\"features\":[{\"geometry\":{\"coordinates\":[35.63096,32.91038],\"type\":\"Point\"},\"properties\":{\"id\":\"m1ec77e.point\",\"role\":\"point\"},\"type\":\"Feature\"},{\"geometry\":{\"coordinates\":[[[35.631234,32.910246],[35.631148,32.910285],[35.631221,32.9108],[35.631098,32.911216],[35.630827,32.911543],[35.630373,32.911487],[35.630111,32.911289],[35.630006,32.911104],[35.630027,32.910496],[35.629928,32.910084],[35.629964,32.909858],[35.630086,32.909597],[35.630301,32.909255],[35.630513,32.909059],[35.630719,32.909039],[35.6312,32.909827],[35.631234,32.910246]]],\"type\":\"Polygon\"},\"properties\":{\"id\":\"g21dc25.local\",\"land_or_water\":\"land\",\"role\":\"local\"},\"type\":\"Feature\"},{\"geometry\":{\"coordinates\":[[[35.63096,32.91083],[35.6309,32.91083],[35.63085,32.91082],[35.63079,32.91081],[35.63074,32.91079],[35.63069,32.91077],[35.63065,32.91074],[35.6306,32.91071],[35.63056,32.91068],[35.63053,32.91064],[35.6305,32.9106],[35.63047,32.91056],[35.63045,32.91052],[35.63044,32.91047],[35.63043,32.91043],[35.63042,32.91038],[35.63043,32.91033],[35.63044,32.91029],[35.63045,32.91024],[35.63047,32.9102],[35.6305,32.91016],[35.63053,32.91012],[35.63056,32.91008],[35.6306,32.91005],[35.63065,32.91002],[35.63069,32.90999],[35.63074,32.90997],[35.63079,32.90995],[35.63085,32.90994],[35.6309,32.90993],[35.63096,32.90993],[35.63102,32.90993],[35.63107,32.90994],[35.63113,32.90995],[35.63118,32.90997],[35.63123,32.90999],[35.63127,32.91002],[35.63132,32.91005],[35.63136,32.91008],[35.63139,32.91012],[35.63142,32.91016],[35.63145,32.9102],[35.63147,32.91024],[35.63148,32.91029],[35.63149,32.91033],[35.6315,32.91038],[35.63149,32.91043],[35.63148,32.91047],[35.63147,32.91052],[35.63145,32.91056],[35.63142,32.9106],[35.63139,32.91064],[35.63136,32.91068],[35.63132,32.91071],[35.63127,32.91074],[35.63123,32.91077],[35.63118,32.91079],[35.63113,32.91081],[35.63107,32.91082],[35.63102,32.91083],[35.63096,32.91083]]],\"type\":\"Polygon\"},\"properties\":{\"id\":\"ge05a56.precision_radius\",\"land_or_water\":\"land\",\"role\":\"precision_radius\"},\"type\":\"Feature\"}],\"metadata\":{\"class\":\"human\",\"geometry_credit\":\"Some data © OpenStreetMap contributors\",\"land_or_water\":\"land\",\"name\":\"At Tell\",\"type\":\"settlement\"},\"type\":\"FeatureCollection\"}",
      "anotherNames": "Et Tell",
      "koreanName": "앗 텔",
      "anotherKoreanNames": "에트 텔"
    },
    {
      "id": "m00b3ac",
      "name": "Al Araj",
      "isModern": true,
      "stereo": "child",
      "description": "Al Araj is an archaeological site near the northern shore of the Sea of Galilee and the Jordan River estuary, which archaeologists claim to be the site of biblical Bethsaida.\nExcavations have revealed evidence of a fishing village from the time of Jesus and a later Byzantine-era church.",
      "koreanDescription": "알 아라즈는 갈릴리 호수 북쪽 해안 및 요단강 하구 근처의 고고학 유적지로, 성경 속 벳새다의 또 다른 후보지로 여겨집니다.\n발굴을 통해 예수님 시대의 어촌과 이후 비잔틴 시대 교회의 흔적이 발견되었습니다.",
      "imageTitle": "m00b3ac.iee587e.jpg",
      "types": ["settlement"],
      "geojsonText": "{\"bbox\":[35.61846,32.89308,35.61954,32.89398],\"features\":[{\"geometry\":{\"coordinates\":[35.619,32.893528],\"type\":\"Point\"},\"properties\":{\"id\":\"m00b3ac.point\",\"role\":\"point\"},\"type\":\"Feature\"},{\"geometry\":{\"coordinates\":[[[35.619,32.89398],[35.61894,32.89398],[35.61889,32.89397],[35.61883,32.89396],[35.61878,32.89394],[35.61873,32.89392],[35.61869,32.89389],[35.61864,32.89386],[35.6186,32.89383],[35.61857,32.89379],[35.61854,32.89375],[35.61851,32.89371],[35.61849,32.89367],[35.61848,32.89362],[35.61847,32.89358],[35.61846,32.89353],[35.61847,32.89348],[35.61848,32.89343],[35.61849,32.89339],[35.61851,32.89335],[35.61854,32.8933],[35.61857,32.89326],[35.6186,32.89323],[35.61864,32.89319],[35.61869,32.89316],[35.61873,32.89314],[35.61878,32.89312],[35.61883,32.8931],[35.61889,32.89309],[35.61894,32.89308],[35.619,32.89308],[35.61906,32.89308],[35.61911,32.89309],[35.61917,32.8931],[35.61922,32.89312],[35.61927,32.89314],[35.61931,32.89316],[35.61936,32.89319],[35.6194,32.89323],[35.61943,32.89326],[35.61946,32.8933],[35.61949,32.89335],[35.61951,32.89339],[35.61952,32.89343],[35.61953,32.89348],[35.61954,32.89353],[35.61953,32.89358],[35.61952,32.89362],[35.61951,32.89367],[35.61949,32.89371],[35.61946,32.89375],[35.61943,32.89379],[35.6194,32.89383],[35.61936,32.89386],[35.61931,32.89389],[35.61927,32.89392],[35.61922,32.89394],[35.61917,32.89396],[35.61911,32.89397],[35.61906,32.89398],[35.619,32.89398]]],\"type\":\"Polygon\"},\"properties\":{\"id\":\"g98bdee.precision_radius\",\"land_or_water\":\"land\",\"role\":\"precision_radius\"},\"type\":\"Feature\"}],\"metadata\":{\"class\":\"human\",\"land_or_water\":\"land\",\"name\":\"Al Araj\",\"type\":\"settlement\"},\"type\":\"FeatureCollection\"}",
      "anotherNames": "Beit ha Bek, El Araj",
      "koreanName": "알 아라즈",
      "anotherKoreanNames": "베이트 하 벡, 엘 아라즈"
    },
    {
      "id": "mc1b445",
      "name": "El Mess’adiyye",
      "isModern": true,
      "stereo": "child",
      "description": "El Mess’adiyye is a historical and geographic location near the Sea of Galilee, sometimes considered a possible identification for Bethsaida, though less prominent than At Tell or Al Araj.",
      "koreanDescription": "엘 메스아디예는 갈릴리 호수 근처의 역사적, 지리적 위치로, 앗 텔이나 알 아라즈보다 가능성은 낮지만 벳새다의 후보지 중 하나로 여겨집니다.",
      "imageTitle": "mc1b445.satellite.jpg",
      "types": ["settlement"],
      "geojsonText": "{\"bbox\":[35.62809,32.88197,35.63345,32.88647],\"features\":[{\"geometry\":{\"coordinates\":[35.630772,32.884217],\"type\":\"Point\"},\"properties\":{\"id\":\"mc1b445.point\",\"role\":\"point\"},\"type\":\"Feature\"},{\"geometry\":{\"coordinates\":[[[35.63077,32.88647],[35.63049,32.88645],[35.63022,32.88642],[35.62994,32.88636],[35.62968,32.88627],[35.62943,32.88616],[35.6292,32.88604],[35.62898,32.88589],[35.62878,32.88572],[35.62861,32.88554],[35.62845,32.88534],[35.62833,32.88513],[35.62823,32.88491],[35.62815,32.88468],[35.62811,32.88445],[35.62809,32.88422],[35.62811,32.88398],[35.62815,32.88375],[35.62823,32.88352],[35.62833,32.8833],[35.62845,32.88309],[35.62861,32.8829],[35.62878,32.88271],[35.62898,32.88255],[35.6292,32.8824],[35.62943,32.88227],[35.62968,32.88216],[35.62994,32.88208],[35.63022,32.88202],[35.63049,32.88198],[35.63077,32.88197],[35.63105,32.88198],[35.63133,32.88202],[35.6316,32.88208],[35.63186,32.88216],[35.63211,32.88227],[35.63235,32.8824],[35.63256,32.88255],[35.63276,32.88271],[35.63294,32.8829],[35.63309,32.88309],[35.63322,32.8833],[35.63332,32.88352],[35.63339,32.88375],[35.63343,32.88398],[35.63345,32.88422],[35.63343,32.88445],[35.63339,32.88468],[35.63332,32.88491],[35.63322,32.88513],[35.63309,32.88534],[35.63294,32.88554],[35.63276,32.88572],[35.63256,32.88589],[35.63235,32.88604],[35.63211,32.88616],[35.63186,32.88627],[35.6316,32.88636],[35.63133,32.88642],[35.63105,32.88645],[35.63077,32.88647]]],\"type\":\"Polygon\"},\"properties\":{\"id\":\"g93c0e9.precision_radius\",\"land_or_water\":\"land\",\"role\":\"precision_radius\"},\"type\":\"Feature\"}],\"metadata\":{\"class\":\"human\",\"land_or_water\":\"land\",\"name\":\"El Mess’adiyye\",\"type\":\"settlement\"},\"type\":\"FeatureCollection\"}",
      "anotherNames": "El Mis’adiyye, Mas’udiya, Moussadiye",
      "koreanName": "엘 메스아디예",
      "anotherKoreanNames": "엘 미스아디예, 마스우디야, 무싸디예"
    },
    {
      "id": "mbbfbf9",
      "name": "Tabgha",
      "isModern": true,
      "stereo": "child",
      "description": "Tabgha is a location on the northwest shore of the Sea of Galilee, famed for the Church of the Multiplication of the Loaves and Fishes.\nIt is sometimes proposed as the location of the western Bethsaida mentioned in the Gospels.",
      "koreanDescription": "탑가(Tabgha)는 갈릴리 호수 북서쪽 해안에 위치하며, 오병이어 기적 교회로 유명한 장소입니다.\n성경에 언급된 서쪽 벳새다의 위치로 제안되기도 합니다.",
      "imageTitle": "mbbfbf9.i19254b.jpg",
      "types": ["settlement"],
      "geojsonText": "{\"bbox\":[35.5463,32.87141,35.55165,32.87591],\"features\":[{\"geometry\":{\"coordinates\":[35.548975,32.873658],\"type\":\"Point\"},\"properties\":{\"id\":\"mbbfbf9.point\",\"role\":\"point\"},\"type\":\"Feature\"},{\"geometry\":{\"coordinates\":[[[35.54897,32.87591],[35.5487,32.87589],[35.54842,32.87586],[35.54815,32.8758],[35.54789,32.87571],[35.54764,32.87561],[35.5474,32.87548],[35.54718,32.87533],[35.54699,32.87516],[35.54681,32.87498],[35.54666,32.87478],[35.54653,32.87457],[35.54643,32.87435],[35.54636,32.87413],[35.54631,32.87389],[35.5463,32.87366],[35.54631,32.87342],[35.54636,32.87319],[35.54643,32.87296],[35.54653,32.87274],[35.54666,32.87253],[35.54681,32.87234],[35.54699,32.87215],[35.54718,32.87199],[35.5474,32.87184],[35.54764,32.87171],[35.54789,32.8716],[35.54815,32.87152],[35.54842,32.87146],[35.5487,32.87142],[35.54897,32.87141],[35.54925,32.87142],[35.54953,32.87146],[35.5498,32.87152],[35.55006,32.8716],[35.55031,32.87171],[35.55055,32.87184],[35.55077,32.87199],[35.55096,32.87215],[35.55114,32.87234],[35.55129,32.87253],[35.55142,32.87274],[35.55152,32.87296],[35.55159,32.87319],[35.55164,32.87342],[35.55165,32.87366],[35.55164,32.87389],[35.55159,32.87413],[35.55152,32.87435],[35.55142,32.87457],[35.55129,32.87478],[35.55114,32.87498],[35.55096,32.87516],[35.55077,32.87533],[35.55055,32.87548],[35.55031,32.87561],[35.55006,32.87571],[35.5498,32.8758],[35.54953,32.87586],[35.54925,32.87589],[35.54897,32.87591]]],\"type\":\"Polygon\"},\"properties\":{\"id\":\"g5afbf5.precision_radius\",\"land_or_water\":\"land\",\"role\":\"precision_radius\"},\"type\":\"Feature\"}],\"metadata\":{\"class\":\"human\",\"land_or_water\":\"land\",\"name\":\"Tabgha\",\"type\":\"settlement\"},\"type\":\"FeatureCollection\"}",
      "anotherNames": "Ain et Tabigha, Et Tabigha",
      "koreanName": "탑가",
      "anotherKoreanNames": "아인 엣 타비가, 에트 타비가"
    },
    {
      "id": "mf10950",
      "name": "Khirbet el Qaryatein",
      "isModern": true,
      "stereo": "child",
      "description": "Khirbet el Qaryatein is an archaeological ruin in the southern region, suggested as one of the possible modern identifications for the biblical cities of Bethuel or Bethul.",
      "koreanDescription": "키르벳 엘 카랴테인(Khirbet el Qaryatein)은 남부 지역에 위치한 고고학 유적으로, 성경 속 브두엘 또는 브둘의 현대 후보지 중 하나로 제안됩니다.",
      "imageTitle": "mf10950.satellite.jpg",
      "types": ["settlement"],
      "geojsonText": "{\"bbox\":[35.12016,31.34135,35.12859,31.34855],\"features\":[{\"geometry\":{\"coordinates\":[35.124376,31.344952],\"type\":\"Point\"},\"properties\":{\"id\":\"mf10950.point\",\"role\":\"point\"},\"type\":\"Feature\"},{\"geometry\":{\"coordinates\":[[[35.12438,31.34855],[35.12394,31.34853],[35.1235,31.34847],[35.12307,31.34837],[35.12266,31.34824],[35.12227,31.34807],[35.1219,31.34786],[35.12156,31.34763],[35.12125,31.34736],[35.12097,31.34707],[35.12073,31.34675],[35.12053,31.34642],[35.12037,31.34606],[35.12026,31.3457],[35.12019,31.34533],[35.12016,31.34495],[35.12019,31.34458],[35.12026,31.3442],[35.12037,31.34384],[35.12053,31.34349],[35.12073,31.34315],[35.12097,31.34284],[35.12125,31.34254],[35.12156,31.34228],[35.1219,31.34204],[35.12227,31.34184],[35.12266,31.34167],[35.12307,31.34153],[35.1235,31.34143],[35.12394,31.34137],[35.12438,31.34135],[35.12482,31.34137],[35.12525,31.34143],[35.12568,31.34153],[35.12609,31.34167],[35.12648,31.34184],[35.12685,31.34204],[35.12719,31.34228],[35.12751,31.34254],[35.12778,31.34284],[35.12802,31.34315],[35.12822,31.34349],[35.12838,31.34384],[35.1285,31.3442],[35.12856,31.34458],[35.12859,31.34495],[35.12856,31.34533],[35.1285,31.3457],[35.12838,31.34606],[35.12822,31.34642],[35.12802,31.34675],[35.12778,31.34707],[35.12751,31.34736],[35.12719,31.34763],[35.12685,31.34786],[35.12648,31.34807],[35.12609,31.34824],[35.12568,31.34837],[35.12525,31.34847],[35.12482,31.34853],[35.12438,31.34855]]],\"type\":\"Polygon\"},\"properties\":{\"id\":\"g1c0d8c.precision_radius\",\"land_or_water\":\"land\",\"role\":\"precision_radius\"},\"type\":\"Feature\"}],\"metadata\":{\"class\":\"human\",\"land_or_water\":\"land\",\"name\":\"Khirbet el Qaryatein\",\"type\":\"settlement\"},\"type\":\"FeatureCollection\"}",
      "anotherNames": "Khirbet el Karyathein, Khirbet el Qarjetein, Tel Qeriyot, Tel Qeriyyot",
      "koreanName": "키르벳 엘 카랴테인",
      "anotherKoreanNames": "키르벳 엘 카랴테인, 키르벳 엘 카르제테인, 텔 케리옷, 텔 케리욧"
    },
    {
      "id": "m1b2999",
      "name": "Khirbet et Tubeiqa",
      "isModern": true,
      "stereo": "child",
      "description": "Khirbet et Tubeiqa is an archaeological ruin site in the southern region, another location proposed for the identification of Bethuel or Bethul.",
      "koreanDescription": "키르벳 엣 투베이카(Khirbet et Tubeiqa)는 남부 지역의 고고학 유적지로, 브두엘 또는 브둘의 후보지로 제안되는 또 다른 장소입니다.",
      "imageTitle": "m1b2999.i8ec880.jpg",
      "types": ["settlement"],
      "geojsonText": "{\"features\":[{\"geometry\":{\"coordinates\":[35.094155,31.589383],\"type\":\"Point\"},\"properties\":{\"id\":\"m1b2999.point\",\"role\":\"point\"},\"type\":\"Feature\"}],\"metadata\":{\"class\":\"human\",\"land_or_water\":\"land\",\"name\":\"Khirbet et Tubeiqa\",\"type\":\"settlement\"},\"type\":\"FeatureCollection\"}",
      "anotherNames": "Khirbet et Tubeiqeh, Khirbet Tubeiqa",
      "koreanName": "키르벳 엣 투베이카",
      "anotherKoreanNames": "키르벳 엣 투베이케, 키르벳 투베이카"
    },
    {
      "id": "m48c2f6",
      "name": "Tell Umm Betin",
      "isModern": true,
      "stereo": "child",
      "description": "Tell Umm Betin is a tell (mound) in the southern region that serves as a modern candidate for the biblical city of Bethuel or Bethul, known for its archaeological potential.",
      "koreanDescription": "텔 움 베틴(Tell Umm Betin)은 남부 지역에 위치한 고대 도시 유적 언덕(텔)으로, 고고학적 가능성 때문에 성경 속 브두엘 또는 브둘의 현대 후보지로 간주됩니다.",
      "imageTitle": "m48c2f6.i6cf340.jpg",
      "types": ["settlement"],
      "geojsonText": "{\"bbox\":[34.87448,31.278,34.87974,31.2825],\"features\":[{\"geometry\":{\"coordinates\":[34.877114,31.280247],\"type\":\"Point\"},\"properties\":{\"id\":\"m48c2f6.point\",\"role\":\"point\"},\"type\":\"Feature\"},{\"geometry\":{\"coordinates\":[[[34.87711,31.2825],[34.87684,31.28248],[34.87657,31.28245],[34.8763,31.28239],[34.87604,31.2823],[34.8758,31.28219],[34.87557,31.28207],[34.87535,31.28192],[34.87516,31.28175],[34.87499,31.28157],[34.87484,31.28137],[34.87471,31.28116],[34.87461,31.28094],[34.87454,31.28071],[34.8745,31.28048],[34.87448,31.28025],[34.8745,31.28001],[34.87454,31.27978],[34.87461,31.27955],[34.87471,31.27933],[34.87484,31.27912],[34.87499,31.27893],[34.87516,31.27874],[34.87535,31.27858],[34.87557,31.27843],[34.8758,31.2783],[34.87604,31.27819],[34.8763,31.27811],[34.87657,31.27805],[34.87684,31.27801],[34.87711,31.278],[34.87739,31.27801],[34.87766,31.27805],[34.87793,31.27811],[34.87818,31.27819],[34.87843,31.2783],[34.87866,31.27843],[34.87887,31.27858],[34.87907,31.27874],[34.87924,31.27893],[34.87939,31.27912],[34.87952,31.27933],[34.87962,31.27955],[34.87969,31.27978],[34.87973,31.28001],[34.87974,31.28025],[34.87973,31.28048],[34.87969,31.28071],[34.87962,31.28094],[34.87952,31.28116],[34.87939,31.28137],[34.87924,31.28157],[34.87907,31.28175],[34.87887,31.28192],[34.87866,31.28207],[34.87843,31.28219],[34.87818,31.2823],[34.87793,31.28239],[34.87766,31.28245],[34.87739,31.28248],[34.87711,31.2825]]],\"type\":\"Polygon\"},\"properties\":{\"id\":\"g93fcf4.precision_radius\",\"land_or_water\":\"land\",\"role\":\"precision_radius\"},\"type\":\"Feature\"}],\"metadata\":{\"class\":\"human\",\"land_or_water\":\"land\",\"name\":\"Tell Umm Betin\",\"type\":\"settlement\"},\"type\":\"FeatureCollection\"}",
      "anotherNames": "Tell Umm Butein",
      "koreanName": "텔 움 베틴",
      "anotherKoreanNames": "텔 움 부테인"
    },
    {
      "id": "m53aaf8",
      "name": "Khirbet ar Ras",
      "isModern": true,
      "stereo": "child",
      "description": "Khirbet ar Ras (Arabic: 'Ruin of the Head' or 'Top') is an archaeological ruin in the southern region, considered a possible identification for Bethuel or Bethul.",
      "koreanDescription": "키르벳 아르 라스('머리/정상의 유적'이라는 뜻의 아랍어)는 남부 지역의 고고학 유적으로, 브두엘 또는 브둘의 후보지 중 하나로 여겨집니다.",
      "imageTitle": "m53aaf8.satellite.jpg",
      "types": ["settlement"],
      "geojsonText": "{\"bbox\":[34.87584,31.32506,34.8811,31.32956],\"features\":[{\"geometry\":{\"coordinates\":[34.87847,31.327312],\"type\":\"Point\"},\"properties\":{\"id\":\"m53aaf8.point\",\"role\":\"point\"},\"type\":\"Feature\"},{\"geometry\":{\"coordinates\":[[[34.87847,31.32956],[34.87819,31.32955],[34.87792,31.32951],[34.87766,31.32945],[34.8774,31.32937],[34.87715,31.32926],[34.87692,31.32913],[34.87671,31.32898],[34.87651,31.32882],[34.87634,31.32863],[34.87619,31.32844],[34.87607,31.32823],[34.87597,31.32801],[34.8759,31.32778],[34.87585,31.32755],[34.87584,31.32731],[34.87585,31.32708],[34.8759,31.32684],[34.87597,31.32662],[34.87607,31.3264],[34.87619,31.32619],[34.87634,31.32599],[34.87651,31.32581],[34.87671,31.32564],[34.87692,31.32549],[34.87715,31.32536],[34.8774,31.32526],[34.87766,31.32517],[34.87792,31.32511],[34.87819,31.32508],[34.87847,31.32506],[34.87875,31.32508],[34.87902,31.32511],[34.87928,31.32517],[34.87954,31.32526],[34.87979,31.32536],[34.88002,31.32549],[34.88023,31.32564],[34.88043,31.32581],[34.8806,31.32599],[34.88075,31.32619],[34.88087,31.3264],[34.88097,31.32662],[34.88104,31.32684],[34.88109,31.32708],[34.8811,31.32731],[34.88109,31.32755],[34.88104,31.32778],[34.88097,31.32801],[34.88087,31.32823],[34.88075,31.32844],[34.8806,31.32863],[34.88043,31.32882],[34.88023,31.32898],[34.88002,31.32913],[34.87979,31.32926],[34.87954,31.32937],[34.87928,31.32945],[34.87902,31.32951],[34.87875,31.32955],[34.87847,31.32956]]],\"type\":\"Polygon\"},\"properties\":{\"id\":\"g29402f.precision_radius\",\"land_or_water\":\"land\",\"role\":\"precision_radius\"},\"type\":\"Feature\"}],\"metadata\":{\"class\":\"human\",\"land_or_water\":\"land\",\"name\":\"Khirbet ar Ras\",\"type\":\"settlement\"},\"type\":\"FeatureCollection\"}",
      "anotherNames": "Horbat Rosh, Khirbet er Ras, Tel Rosh",
      "koreanName": "키르벳 아르 라스",
      "anotherKoreanNames": "호르밧 로쉬, 키르벳 에르 라스, 텔 로쉬"
    },
    {
      "id": "m7aee43",
      "name": "Tel Kelekh",
      "isModern": true,
      "stereo": "child",
      "description": "Tel Kelekh is an archaeological site in the southern area, proposed as an alternate location for Bethuel or Bethul.",
      "koreanDescription": "텔 켈레크(Tel Kelekh)는 남부 지역에 위치한 고고학 유적으로, 브두엘 또는 브둘의 또 다른 후보지로 제안됩니다.",
      "imageTitle": "m7aee43.satellite.jpg",
      "types": ["settlement"],
      "geojsonText": "{\"bbox\":[34.82808,31.47649,34.82914,31.47739],\"features\":[{\"geometry\":{\"coordinates\":[34.828611,31.476944],\"type\":\"Point\"},\"properties\":{\"id\":\"m7aee43.point\",\"role\":\"point\"},\"type\":\"Feature\"},{\"geometry\":{\"coordinates\":[[[34.82861,31.47739],[34.82856,31.47739],[34.8285,31.47738],[34.82845,31.47737],[34.8284,31.47735],[34.82835,31.47733],[34.8283,31.47731],[34.82826,31.47728],[34.82822,31.47724],[34.82818,31.47721],[34.82815,31.47717],[34.82813,31.47713],[34.82811,31.47708],[34.8281,31.47704],[34.82809,31.47699],[34.82808,31.47694],[34.82809,31.4769],[34.8281,31.47685],[34.82811,31.47681],[34.82813,31.47676],[34.82815,31.47672],[34.82818,31.47668],[34.82822,31.47664],[34.82826,31.47661],[34.8283,31.47658],[34.82835,31.47655],[34.8284,31.47653],[34.82845,31.47652],[34.8285,31.4765],[34.82856,31.4765],[34.82861,31.47649],[34.82867,31.4765],[34.82872,31.4765],[34.82877,31.47652],[34.82883,31.47653],[34.82887,31.47655],[34.82892,31.47658],[34.82896,31.47661],[34.829,31.47664],[34.82904,31.47668],[34.82907,31.47672],[34.82909,31.47676],[34.82911,31.47681],[34.82913,31.47685],[34.82914,31.4769],[34.82914,31.47694],[34.82914,31.47699],[34.82913,31.47704],[34.82911,31.47708],[34.82909,31.47713],[34.82907,31.47717],[34.82904,31.47721],[34.829,31.47724],[34.82896,31.47728],[34.82892,31.47731],[34.82887,31.47733],[34.82883,31.47735],[34.82877,31.47737],[34.82872,31.47738],[34.82867,31.47739],[34.82861,31.47739]]],\"type\":\"Polygon\"},\"properties\":{\"id\":\"g3df5e7.precision_radius\",\"land_or_water\":\"land\",\"role\":\"precision_radius\"},\"type\":\"Feature\"}],\"metadata\":{\"class\":\"human\",\"land_or_water\":\"land\",\"name\":\"Tel Kelekh\",\"type\":\"settlement\"},\"type\":\"FeatureCollection\"}",
      "anotherNames": "Tall umm Kalkha, Tel Kelah, Tell umm Kalkha",
      "koreanName": "텔 켈레크",
      "anotherKoreanNames": "탈 움 칼카, 텔 켈라, 텔 움 칼카"
    },
    {
      "id": "m77a636",
      "name": "Tell es Saqati",
      "isModern": true,
      "stereo": "child",
      "description": "Tell es Saqati is an archaeological site in the southern region, suggested as a possible location for the biblical city of Bethuel or Bethul.",
      "koreanDescription": "텔 에스 사카티(Tell es Saqati)는 남부 지역에 위치한 고고학 유적으로, 성경 속 브두엘 또는 브둘의 후보지 중 하나로 제안됩니다.",
      "imageTitle": "m77a636.satellite.jpg",
      "types": ["settlement"],
      "geojsonText": "{\"bbox\":[34.90727,31.30947,34.90833,31.31037],\"features\":[{\"geometry\":{\"coordinates\":[34.9078,31.30992],\"type\":\"Point\"},\"properties\":{\"id\":\"m77a636.point\",\"role\":\"point\"},\"type\":\"Feature\"},{\"geometry\":{\"coordinates\":[[[34.9078,31.31037],[34.90774,31.31037],[34.90769,31.31036],[34.90764,31.31035],[34.90759,31.31033],[34.90754,31.31031],[34.90749,31.31028],[34.90745,31.31025],[34.90741,31.31022],[34.90737,31.31018],[34.90734,31.31014],[34.90732,31.3101],[34.9073,31.31006],[34.90729,31.31001],[34.90728,31.30997],[34.90727,31.30992],[34.90728,31.30987],[34.90729,31.30983],[34.9073,31.30978],[34.90732,31.30974],[34.90734,31.3097],[34.90737,31.30966],[34.90741,31.30962],[34.90745,31.30959],[34.90749,31.30956],[34.90754,31.30953],[34.90759,31.30951],[34.90764,31.30949],[34.90769,31.30948],[34.90774,31.30947],[34.9078,31.30947],[34.90786,31.30947],[34.90791,31.30948],[34.90796,31.30949],[34.90801,31.30951],[34.90806,31.30953],[34.90811,31.30956],[34.90815,31.30959],[34.90819,31.30962],[34.90823,31.30966],[34.90826,31.3097],[34.90828,31.30974],[34.9083,31.30978],[34.90831,31.30983],[34.90832,31.30987],[34.90833,31.30992],[34.90832,31.30997],[34.90831,31.31001],[34.9083,31.31006],[34.90828,31.3101],[34.90826,31.31014],[34.90823,31.31018],[34.90819,31.31022],[34.90815,31.31025],[34.90811,31.31028],[34.90806,31.31031],[34.90801,31.31033],[34.90796,31.31035],[34.90791,31.31036],[34.90786,31.31037],[34.9078,31.31037]]],\"type\":\"Polygon\"},\"properties\":{\"id\":\"gdfdca8.precision_radius\",\"land_or_water\":\"land\",\"role\":\"precision_radius\"},\"type\":\"Feature\"}],\"metadata\":{\"class\":\"human\",\"land_or_water\":\"land\",\"name\":\"Tell es Saqati\",\"type\":\"settlement\"},\"type\":\"FeatureCollection\"}",
      "anotherNames": "Tell es Sakaty, Tell es Saqti, Tel Shoqet",
      "koreanName": "텔 에스 사카티",
      "anotherKoreanNames": "텔 에스 사카티, 텔 에스 사크티, 텔 쇼켓"
    },
    {
      "id": "m5b9e13",
      "name": "Khirbet Batneh",
      "isModern": true,
      "stereo": "child",
      "description": "Khirbet Batneh is a ruin in the region east of the Jordan River, identified as the most probable modern location for the biblical town of Betonim.",
      "koreanDescription": "키르벳 바트네(Khirbet Batneh)는 요단 강 동쪽 지역의 유적으로, 성경 속 브도님의 가장 유력한 현대 위치로 확인됩니다.",
      "imageTitle": "m5b9e13.satellite.jpg",
      "types": ["settlement"],
      "geojsonText": "{\"bbox\":[35.70809,32.00832,35.71339,32.01282],\"features\":[{\"geometry\":{\"coordinates\":[35.710739,32.010571],\"type\":\"Point\"},\"properties\":{\"id\":\"m5b9e13.point\",\"role\":\"point\"},\"type\":\"Feature\"},{\"geometry\":{\"coordinates\":[[[35.71074,32.01282],[35.71046,32.01281],[35.71019,32.01277],[35.70992,32.01271],[35.70966,32.01262],[35.70941,32.01252],[35.70918,32.01239],[35.70896,32.01224],[35.70877,32.01208],[35.70859,32.01189],[35.70844,32.0117],[35.70832,32.01149],[35.70822,32.01127],[35.70815,32.01104],[35.7081,32.01081],[35.70809,32.01057],[35.7081,32.01034],[35.70815,32.0101],[35.70822,32.00988],[35.70832,32.00966],[35.70844,32.00945],[35.70859,32.00925],[35.70877,32.00907],[35.70896,32.0089],[35.70918,32.00875],[35.70941,32.00862],[35.70966,32.00852],[35.70992,32.00843],[35.71019,32.00837],[35.71046,32.00834],[35.71074,32.00832],[35.71102,32.00834],[35.71129,32.00837],[35.71156,32.00843],[35.71182,32.00852],[35.71206,32.00862],[35.7123,32.00875],[35.71251,32.0089],[35.71271,32.00907],[35.71288,32.00925],[35.71304,32.00945],[35.71316,32.00966],[35.71326,32.00988],[35.71333,32.0101],[35.71338,32.01034],[35.71339,32.01057],[35.71338,32.01081],[35.71333,32.01104],[35.71326,32.01127],[35.71316,32.01149],[35.71304,32.0117],[35.71288,32.01189],[35.71271,32.01208],[35.71251,32.01224],[35.7123,32.01239],[35.71206,32.01252],[35.71182,32.01262],[35.71156,32.01271],[35.71129,32.01277],[35.71102,32.01281],[35.71074,32.01282]]],\"type\":\"Polygon\"},\"properties\":{\"id\":\"g289b99.precision_radius\",\"land_or_water\":\"land\",\"role\":\"precision_radius\"},\"type\":\"Feature\"}],\"metadata\":{\"class\":\"human\",\"land_or_water\":\"land\",\"name\":\"Khirbet Batneh\",\"type\":\"settlement\"},\"type\":\"FeatureCollection\"}",
      "anotherNames": "Khirbet el Batnah",
      "koreanName": "키르벳 바트네",
      "anotherKoreanNames": "키르벳 엘 바트나"
    },
    {
      "id": "m66c5b8",
      "name": "Jerusalem",
      "isModern": true,
      "stereo": "child",
      "description": "Jerusalem is a major city in the Middle East, located on a plateau in the Judaean Mountains between the Mediterranean and the Dead Sea. It is a holy city for Judaism, Christianity, and Islam.\nIt is linked to the biblical term 'Beyond the River' as the administrative center of the sub-province of Judah within the larger region west of the Euphrates during the Persian period.",
      "koreanDescription": "예루살렘은 지중해와 사해 사이 유대 산지에 위치한 중동의 주요 도시입니다. 유대교, 기독교, 이슬람교의 성지입니다.\n페르시아 시대에 유프라테스 강 서쪽의 광범위한 지역 내 유다 소지방의 행정 중심지였기에, 성경적 용어 '강 건너편'과 관련이 있습니다.",
      "imageTitle": "m66c5b8.i6449a7.jpg",
      "types": ["settlement"],
      "geojsonText": "{\"bbox\":[35.225701,31.772808,35.237558,31.783742],\"features\":[{\"geometry\":{\"coordinates\":[35.234167,31.776667],\"type\":\"Point\"},\"properties\":{\"id\":\"m66c5b8.point\",\"role\":\"point\"},\"type\":\"Feature\"},{\"geometry\":{\"coordinates\":[[[35.227657,31.776599],[35.227747,31.776508],[35.227659,31.776394],[35.227825,31.776289],[35.227753,31.775875],[35.227642,31.775883],[35.227618,31.775624],[35.227772,31.775611],[35.227848,31.775599],[35.227849,31.775535],[35.227847,31.775424],[35.227806,31.774544],[35.227729,31.774545],[35.22773,31.774387],[35.22779,31.774376],[35.227778,31.774048],[35.227782,31.773881],[35.227836,31.773872],[35.227858,31.773486],[35.227791,31.773485],[35.227794,31.77336],[35.227865,31.773336],[35.22787,31.773082],[35.227819,31.773084],[35.22782,31.772896],[35.228621,31.772903],[35.229503,31.772898],[35.229592,31.772872],[35.229638,31.772857],[35.229742,31.772823],[35.229792,31.772808],[35.230644,31.772943],[35.230646,31.772918],[35.230707,31.772927],[35.230773,31.772936],[35.230772,31.772966],[35.231011,31.773026],[35.231003,31.77306],[35.231499,31.773154],[35.231483,31.773234],[35.232293,31.773404],[35.23234,31.773362],[35.232427,31.773437],[35.23238,31.773479],[35.23242,31.773833],[35.232459,31.773913],[35.232517,31.773913],[35.232535,31.774013],[35.233242,31.774283],[35.233551,31.774736],[35.233704,31.774761],[35.233848,31.774781],[35.234179,31.774828],[35.235563,31.775017],[35.235767,31.775046],[35.23572,31.77531],[35.235672,31.775582],[35.235771,31.775594],[35.235759,31.775672],[35.235843,31.775681],[35.235812,31.775846],[35.23624,31.775911],[35.23653,31.775954],[35.237558,31.7761],[35.237298,31.778181],[35.237292,31.778227],[35.237209,31.778892],[35.237235,31.778894],[35.237218,31.779043],[35.237191,31.779041],[35.23719,31.779052],[35.237154,31.779343],[35.23714,31.779461],[35.237062,31.78007],[35.237088,31.780073],[35.237085,31.780094],[35.237056,31.780297],[35.237014,31.780728],[35.236999,31.780797],[35.236976,31.780907],[35.236961,31.780973],[35.236918,31.781381],[35.236999,31.781391],[35.236982,31.781533],[35.236931,31.781529],[35.236915,31.781703],[35.236964,31.781709],[35.236928,31.78197],[35.236965,31.78197],[35.236956,31.782097],[35.236927,31.782096],[35.236907,31.782264],[35.236953,31.782268],[35.236944,31.782362],[35.236895,31.782359],[35.236809,31.783188],[35.236712,31.783628],[35.236817,31.783648],[35.236792,31.783742],[35.236687,31.783722],[35.236691,31.783697],[35.236318,31.783629],[35.236306,31.783671],[35.236225,31.783657],[35.236227,31.78362],[35.235913,31.783553],[35.235908,31.783579],[35.235839,31.783565],[35.235848,31.78354],[35.235445,31.783448],[35.235443,31.783456],[35.235137,31.783383],[35.235125,31.78342],[35.235017,31.783394],[35.23503,31.783353],[35.234933,31.783327],[35.234972,31.783237],[35.234743,31.783195],[35.234724,31.783232],[35.234557,31.78319],[35.234552,31.783152],[35.233739,31.782979],[35.233725,31.783022],[35.233611,31.782996],[35.233626,31.782947],[35.233061,31.782816],[35.233045,31.782862],[35.232924,31.782847],[35.232926,31.782763],[35.232536,31.782697],[35.232511,31.782542],[35.232177,31.782489],[35.231864,31.782508],[35.231792,31.78258],[35.231637,31.782555],[35.231589,31.782585],[35.2313,31.782492],[35.231251,31.782425],[35.23105,31.78231],[35.231087,31.78227],[35.230952,31.782181],[35.230921,31.782215],[35.230846,31.782165],[35.23091,31.78209],[35.230745,31.781977],[35.230771,31.78194],[35.230558,31.781784],[35.230533,31.781808],[35.230496,31.781843],[35.230391,31.781763],[35.230432,31.781724],[35.230393,31.781695],[35.23035,31.781662],[35.230303,31.781627],[35.230276,31.781606],[35.230233,31.781647],[35.230134,31.781572],[35.230196,31.781513],[35.229897,31.781289],[35.229808,31.781363],[35.229702,31.78128],[35.229673,31.781302],[35.2295,31.781176],[35.229568,31.781111],[35.229465,31.781022],[35.229496,31.780984],[35.228562,31.780281],[35.228517,31.780306],[35.228397,31.780217],[35.228425,31.780181],[35.228198,31.77999],[35.228165,31.780013],[35.228074,31.779955],[35.228101,31.779928],[35.22775,31.779661],[35.227458,31.779963],[35.22688,31.779603],[35.226831,31.779646],[35.226419,31.779403],[35.226215,31.77931],[35.226086,31.779249],[35.226044,31.779314],[35.225883,31.779211],[35.226176,31.778899],[35.225701,31.778412],[35.22588,31.778287],[35.225868,31.77815],[35.225926,31.778132],[35.225926,31.778046],[35.227419,31.77679],[35.227578,31.776657],[35.227544,31.776628],[35.227503,31.776595],[35.227574,31.776528],[35.227657,31.776599]]],\"type\":\"Polygon\"},\"properties\":{\"id\":\"g1c795f.local\",\"land_or_water\":\"land\",\"role\":\"local\"},\"type\":\"Feature\"},{\"geometry\":{\"coordinates\":[[[35.227657,31.776599],[35.227747,31.776508],[35.227659,31.776394],[35.227825,31.776289],[35.227753,31.775875],[35.227642,31.775883],[35.227618,31.775624],[35.227848,31.775599],[35.227806,31.774544],[35.227729,31.774545],[35.227858,31.773486],[35.227791,31.773485],[35.227794,31.77336],[35.227865,31.773336],[35.22782,31.772896],[35.229503,31.772898],[35.229792,31.772808],[35.230773,31.772936],[35.231003,31.77306],[35.231499,31.773154],[35.231483,31.773234],[35.232293,31.773404],[35.23234,31.773362],[35.232427,31.773437],[35.23238,31.773479],[35.23242,31.773833],[35.232535,31.774013],[35.233242,31.774283],[35.233551,31.774736],[35.235767,31.775046],[35.235672,31.775582],[35.235843,31.775681],[35.235812,31.775846],[35.237558,31.7761],[35.236918,31.781381],[35.236999,31.781391],[35.236915,31.781703],[35.236964,31.781709],[35.236907,31.782264],[35.236953,31.782268],[35.236712,31.783628],[35.236817,31.783648],[35.236792,31.783742],[35.235017,31.783394],[35.234933,31.783327],[35.234972,31.783237],[35.234724,31.783232],[35.233739,31.782979],[35.233725,31.783022],[35.233611,31.782996],[35.233626,31.782947],[35.233061,31.782816],[35.232924,31.782847],[35.232926,31.782763],[35.232536,31.782697],[35.232511,31.782542],[35.232177,31.782489],[35.231589,31.782585],[35.2313,31.782492],[35.23105,31.78231],[35.231087,31.78227],[35.230846,31.782165],[35.23091,31.78209],[35.230745,31.781977],[35.230771,31.78194],[35.230558,31.781784],[35.230496,31.781843],[35.230276,31.781606],[35.230233,31.781647],[35.230134,31.781572],[35.230196,31.781513],[35.229897,31.781289],[35.229808,31.781363],[35.2295,31.781176],[35.229568,31.781111],[35.229465,31.781022],[35.229496,31.780984],[35.228562,31.780281],[35.228397,31.780217],[35.228425,31.780181],[35.22775,31.779661],[35.227458,31.779963],[35.22688,31.779603],[35.226831,31.779646],[35.226086,31.779249],[35.226044,31.779314],[35.225883,31.779211],[35.226176,31.778899],[35.225701,31.778412],[35.22588,31.778287],[35.225926,31.778046],[35.227578,31.776657],[35.227503,31.776595],[35.227574,31.776528],[35.227657,31.776599]]],\"type\":\"Polygon\"},\"properties\":{\"id\":\"g1c795f.simplified_local\",\"land_or_water\":\"land\",\"role\":\"simplified_local\"},\"type\":\"Feature\"},{\"geometry\":{\"coordinates\":[[[35.23417,31.77892],[35.23389,31.7789],[35.23362,31.77887],[35.23335,31.77881],[35.23309,31.77872],[35.23284,31.77861],[35.23261,31.77849],[35.2324,31.77834],[35.2322,31.77817],[35.23203,31.77799],[35.23188,31.77779],[35.23175,31.77758],[35.23165,31.77736],[35.23158,31.77713],[35.23154,31.7769],[35.23152,31.77667],[35.23154,31.77643],[35.23158,31.7762],[35.23165,31.77597],[35.23175,31.77575],[35.23188,31.77554],[35.23203,31.77535],[35.2322,31.77516],[35.2324,31.775],[35.23261,31.77485],[35.23284,31.77472],[35.23309,31.77461],[35.23335,31.77453],[35.23362,31.77447],[35.23389,31.77443],[35.23417,31.77442],[35.23444,31.77443],[35.23472,31.77447],[35.23498,31.77453],[35.23524,31.77461],[35.23549,31.77472],[35.23572,31.77485],[35.23594,31.775],[35.23613,31.77516],[35.23631,31.77535],[35.23646,31.77554],[35.23658,31.77575],[35.23668,31.77597],[35.23675,31.7762],[35.2368,31.77643],[35.23681,31.77667],[35.2368,31.7769],[35.23675,31.77713],[35.23668,31.77736],[35.23658,31.77758],[35.23646,31.77779],[35.23631,31.77799],[35.23613,31.77817],[35.23594,31.77834],[35.23572,31.77849],[35.23549,31.77861],[35.23524,31.77872],[35.23498,31.77881],[35.23472,31.77887],[35.23444,31.7789],[35.23417,31.77892]]],\"type\":\"Polygon\"},\"properties\":{\"id\":\"gd974ad.precision_radius\",\"land_or_water\":\"land\",\"role\":\"precision_radius\"},\"type\":\"Feature\"}],\"metadata\":{\"class\":\"human\",\"geometry_credit\":\"Some data © OpenStreetMap contributors\",\"land_or_water\":\"land\",\"name\":\"Jerusalem\",\"type\":\"settlement\"},\"type\":\"FeatureCollection\"}",
      "anotherNames": null,
      "koreanName": "예루살렘",
      "anotherKoreanNames": null
    },
    {
      "id": "mf2c1fd",
      "name": "Khirbet Ibziq",
      "isModern": true,
      "stereo": "child",
      "description": "Khirbet Ibziq is an archaeological ruin in the northern West Bank, widely considered to be the most probable location for the biblical Bezek where Saul gathered his army (Bezek 2).\nSome scholars also include it as a candidate for Bezek 1.",
      "koreanDescription": "키르벳 입직(Khirbet Ibziq)은 요르단 강 서안 지구 북부에 위치한 고고학 유적으로, 사울이 군대를 소집했던 성경 속 베섹(베섹 2)의 가장 유력한 위치로 널리 간주됩니다.\n일부 학자들은 베섹 1의 후보지로도 포함시킵니다.",
      "imageTitle": "mf2c1fd.satellite.jpg",
      "types": ["settlement"],
      "geojsonText": "{\"features\":[{\"geometry\":{\"coordinates\":[35.39736,32.36884],\"type\":\"Point\"},\"properties\":{\"id\":\"mf2c1fd.point\",\"role\":\"point\"},\"type\":\"Feature\"}],\"metadata\":{\"class\":\"human\",\"land_or_water\":\"land\",\"name\":\"Khirbet Ibziq\",\"type\":\"settlement\"},\"type\":\"FeatureCollection\"}",
      "anotherNames": "Khirbet Ibzik",
      "koreanName": "키르벳 입직",
      "anotherKoreanNames": "키르벳 입직"
    },
    {
      "id": "me867d9",
      "name": "Khirbet Salhab",
      "isModern": true,
      "stereo": "child",
      "description": "Khirbet Salhab is a Palestinian village in the northern West Bank, proposed as an alternate location for the biblical Bezek where Saul gathered his army (Bezek 2).\nIt is situated on a small tell with ancient ruins, possibly from the Roman or Byzantine era.",
      "koreanDescription": "키르벳 살합(Khirbet Salhab)은 요르단 강 서안 지구 북부에 위치한 팔레스타인 마을로, 사울이 군대를 모았던 성경 속 베섹(베섹 2)의 대안 후보지로 제안됩니다.\n로마 시대나 비잔틴 시대의 고대 유적을 포함한 작은 언덕 위에 자리 잡고 있습니다.",
      "imageTitle": "me867d9.satellite.jpg",
      "types": ["settlement"],
      "geojsonText": "{\"bbox\":[35.37144,32.35327,35.37356,32.35507],\"features\":[{\"geometry\":{\"coordinates\":[35.3725,32.354167],\"type\":\"Point\"},\"properties\":{\"id\":\"me867d9.point\",\"role\":\"point\"},\"type\":\"Feature\"},{\"geometry\":{\"coordinates\":[[[35.3725,32.35507],[35.37239,32.35506],[35.37228,32.35505],[35.37217,32.35502],[35.37207,32.35499],[35.37197,32.35495],[35.37187,32.35489],[35.37179,32.35484],[35.37171,32.35477],[35.37164,32.3547],[35.37158,32.35462],[35.37153,32.35453],[35.37149,32.35444],[35.37146,32.35435],[35.37144,32.35426],[35.37144,32.35417],[35.37144,32.35407],[35.37146,32.35398],[35.37149,32.35389],[35.37153,32.3538],[35.37158,32.35372],[35.37164,32.35364],[35.37171,32.35357],[35.37179,32.3535],[35.37187,32.35344],[35.37197,32.35339],[35.37207,32.35335],[35.37217,32.35331],[35.37228,32.35329],[35.37239,32.35327],[35.3725,32.35327],[35.37261,32.35327],[35.37272,32.35329],[35.37283,32.35331],[35.37293,32.35335],[35.37303,32.35339],[35.37313,32.35344],[35.37321,32.3535],[35.37329,32.35357],[35.37336,32.35364],[35.37342,32.35372],[35.37347,32.3538],[35.37351,32.35389],[35.37354,32.35398],[35.37356,32.35407],[35.37356,32.35417],[35.37356,32.35426],[35.37354,32.35435],[35.37351,32.35444],[35.37347,32.35453],[35.37342,32.35462],[35.37336,32.3547],[35.37329,32.35477],[35.37321,32.35484],[35.37313,32.35489],[35.37303,32.35495],[35.37293,32.35499],[35.37283,32.35502],[35.37272,32.35505],[35.37261,32.35506],[35.3725,32.35507]]],\"type\":\"Polygon\"},\"properties\":{\"id\":\"g31c56b.precision_radius\",\"land_or_water\":\"land\",\"role\":\"precision_radius\"},\"type\":\"Feature\"}],\"metadata\":{\"class\":\"human\",\"land_or_water\":\"land\",\"name\":\"Khirbet Salhab\",\"type\":\"settlement\"},\"type\":\"FeatureCollection\"}",
      "anotherNames": "Salaba (ancient name)",
      "koreanName": "키르벳 살합",
      "anotherKoreanNames": "살라바 (고대 이름)"
    },
    {
      "id": "m93008b",
      "name": "Tell Bezqa",
      "isModern": true,
      "stereo": "child",
      "description": "Tell Bezqa is an archaeological site, a tell (mound) in the northern region, proposed as an alternative identification for the biblical Bezek (Bezek 1 or 2).",
      "koreanDescription": "텔 베즈카(Tell Bezqa)는 북부 지역에 위치한 고고학 유적지(텔)로, 성경 속 베섹(베섹 1 또는 2)의 대체 후보지로 제안됩니다.",
      "imageTitle": "m93008b.satellite.jpg",
      "types": ["settlement"],
      "geojsonText": "{\"bbox\":[34.96439,31.87987,34.96545,31.88077],\"features\":[{\"geometry\":{\"coordinates\":[34.964918,31.880322],\"type\":\"Point\"},\"properties\":{\"id\":\"m93008b.point\",\"role\":\"point\"},\"type\":\"Feature\"},{\"geometry\":{\"coordinates\":[[[34.96492,31.88077],[34.96486,31.88077],[34.96481,31.88076],[34.96475,31.88075],[34.9647,31.88073],[34.96465,31.88071],[34.96461,31.88069],[34.96456,31.88066],[34.96452,31.88062],[34.96449,31.88059],[34.96446,31.88055],[34.96443,31.8805],[34.96441,31.88046],[34.9644,31.88042],[34.96439,31.88037],[34.96439,31.88032],[34.96439,31.88027],[34.9644,31.88023],[34.96441,31.88018],[34.96443,31.88014],[34.96446,31.8801],[34.96449,31.88006],[34.96452,31.88002],[34.96456,31.87999],[34.96461,31.87996],[34.96465,31.87993],[34.9647,31.87991],[34.96475,31.87989],[34.96481,31.87988],[34.96486,31.87987],[34.96492,31.87987],[34.96497,31.87987],[34.96503,31.87988],[34.96508,31.87989],[34.96513,31.87991],[34.96518,31.87993],[34.96523,31.87996],[34.96527,31.87999],[34.96531,31.88002],[34.96535,31.88006],[34.96538,31.8801],[34.9654,31.88014],[34.96542,31.88018],[34.96544,31.88023],[34.96544,31.88027],[34.96545,31.88032],[34.96544,31.88037],[34.96544,31.88042],[34.96542,31.88046],[34.9654,31.8805],[34.96538,31.88055],[34.96535,31.88059],[34.96531,31.88062],[34.96527,31.88066],[34.96523,31.88069],[34.96518,31.88071],[34.96513,31.88073],[34.96508,31.88075],[34.96503,31.88076],[34.96497,31.88077],[34.96492,31.88077]]],\"type\":\"Polygon\"},\"properties\":{\"id\":\"g777a85.precision_radius\",\"land_or_water\":\"land\",\"role\":\"precision_radius\"},\"type\":\"Feature\"}],\"metadata\":{\"class\":\"human\",\"land_or_water\":\"land\",\"name\":\"Tell Bezqa\",\"type\":\"settlement\"},\"type\":\"FeatureCollection\"}",
      "anotherNames": "Horbat Bizqa, Khirbet Bizqa, Khirbet Buzqa",
      "koreanName": "텔 베즈카",
      "anotherKoreanNames": "호르밧 비즈카, 키르벳 비즈카, 키르벳 부즈카"
    },
    {
      "id": "m7e1954",
      "name": "Umm el Amad",
      "isModern": true,
      "stereo": "child",
      "description": "Umm el Amad (Arabic: 'Mother of the Columns') is an archaeological site in the desert plateau east of the Jordan River, considered the most likely location for the biblical City of Refuge, Bezer.",
      "koreanDescription": "움 엘 아마드('기둥들의 어머니'라는 뜻의 아랍어)는 요단 강 동쪽 광야 평원에 위치한 고고학 유적지로, 성경 속 도피성 베셀의 가장 유력한 위치로 간주됩니다.",
      "imageTitle": "m7e1954.satellite.jpg",
      "types": ["settlement"],
      "geojsonText": "{\"bbox\":[35.89904,31.78378,35.90432,31.78828],\"features\":[{\"geometry\":{\"coordinates\":[35.90168,31.78603],\"type\":\"Point\"},\"properties\":{\"id\":\"m7e1954.point\",\"role\":\"point\"},\"type\":\"Feature\"},{\"geometry\":{\"coordinates\":[[[35.90168,31.78828],[35.9014,31.78827],[35.90113,31.78823],[35.90086,31.78817],[35.9006,31.78808],[35.90036,31.78798],[35.90013,31.78785],[35.89991,31.7877],[35.89971,31.78753],[35.89954,31.78735],[35.89939,31.78715],[35.89926,31.78694],[35.89916,31.78672],[35.89909,31.7865],[35.89905,31.78626],[35.89904,31.78603],[35.89905,31.78579],[35.89909,31.78556],[35.89916,31.78534],[35.89926,31.78512],[35.89939,31.78491],[35.89954,31.78471],[35.89971,31.78453],[35.89991,31.78436],[35.90013,31.78421],[35.90036,31.78408],[35.9006,31.78398],[35.90086,31.78389],[35.90113,31.78383],[35.9014,31.78379],[35.90168,31.78378],[35.90196,31.78379],[35.90223,31.78383],[35.9025,31.78389],[35.90276,31.78398],[35.903,31.78408],[35.90323,31.78421],[35.90345,31.78436],[35.90365,31.78453],[35.90382,31.78471],[35.90397,31.78491],[35.9041,31.78512],[35.9042,31.78534],[35.90427,31.78556],[35.90431,31.78579],[35.90432,31.78603],[35.90431,31.78626],[35.90427,31.7865],[35.9042,31.78672],[35.9041,31.78694],[35.90397,31.78715],[35.90382,31.78735],[35.90365,31.78753],[35.90345,31.7877],[35.90323,31.78785],[35.903,31.78798],[35.90276,31.78808],[35.9025,31.78817],[35.90223,31.78823],[35.90196,31.78827],[35.90168,31.78828]]],\"type\":\"Polygon\"},\"properties\":{\"id\":\"g43f056.precision_radius\",\"land_or_water\":\"land\",\"role\":\"precision_radius\"},\"type\":\"Feature\"}],\"metadata\":{\"class\":\"human\",\"land_or_water\":\"land\",\"name\":\"Umm el Amad\",\"type\":\"settlement\"},\"type\":\"FeatureCollection\"}",
      "anotherNames": null,
      "koreanName": "움 엘 아마드",
      "anotherKoreanNames": null
    },
    {
      "id": "ma96621",
      "name": "Tall Jalul",
      "isModern": true,
      "stereo": "child",
      "description": "Tall Jalul is a large tell (mound) in modern Jordan, east of the Dead Sea, suggested as an alternate candidate for the biblical city of Bezer.",
      "koreanDescription": "탈 잘룰(Tall Jalul)은 현대 요르단, 사해 동쪽에 위치한 큰 유적 언덕(텔)으로, 성경 속 베셀의 대체 후보지로 제안됩니다.",
      "imageTitle": "ma96621.satellite.jpg",
      "types": ["settlement"],
      "geojsonText": "{\"bbox\":[35.85631,31.71618,35.85737,31.71708],\"features\":[{\"geometry\":{\"coordinates\":[35.856843,31.71663],\"type\":\"Point\"},\"properties\":{\"id\":\"ma96621.point\",\"role\":\"point\"},\"type\":\"Feature\"},{\"geometry\":{\"coordinates\":[[[35.85684,31.71708],[35.85679,31.71708],[35.85673,31.71707],[35.85668,31.71706],[35.85663,31.71704],[35.85658,31.71702],[35.85653,31.71699],[35.85649,31.71696],[35.85645,31.71693],[35.85642,31.71689],[35.85639,31.71685],[35.85636,31.71681],[35.85634,31.71677],[35.85633,31.71672],[35.85632,31.71668],[35.85631,31.71663],[35.85632,31.71658],[35.85633,31.71654],[35.85634,31.71649],[35.85636,31.71645],[35.85639,31.71641],[35.85642,31.71637],[35.85645,31.71633],[35.85649,31.7163],[35.85653,31.71627],[35.85658,31.71624],[35.85663,31.71622],[35.85668,31.7162],[35.85673,31.71619],[35.85679,31.71618],[35.85684,31.71618],[35.8569,31.71618],[35.85695,31.71619],[35.85701,31.7162],[35.85706,31.71622],[35.85711,31.71624],[35.85715,31.71627],[35.8572,31.7163],[35.85724,31.71633],[35.85727,31.71637],[35.8573,31.71641],[35.85733,31.71645],[35.85735,31.71649],[35.85736,31.71654],[35.85737,31.71658],[35.85737,31.71663],[35.85737,31.71668],[35.85736,31.71672],[35.85735,31.71677],[35.85733,31.71681],[35.8573,31.71685],[35.85727,31.71689],[35.85724,31.71693],[35.8572,31.71696],[35.85715,31.71699],[35.85711,31.71702],[35.85706,31.71704],[35.85701,31.71706],[35.85695,31.71707],[35.8569,31.71708],[35.85684,31.71708]]],\"type\":\"Polygon\"},\"properties\":{\"id\":\"gb7628f.precision_radius\",\"land_or_water\":\"land\",\"role\":\"precision_radius\"},\"type\":\"Feature\"}],\"metadata\":{\"class\":\"human\",\"land_or_water\":\"land\",\"name\":\"Tall Jalul\",\"type\":\"settlement\"},\"type\":\"FeatureCollection\"}",
      "anotherNames": "Jalul",
      "koreanName": "탈 잘룰",
      "anotherKoreanNames": "잘룰"
    }
  ],
  "relations": [
    { "parentId": "a92de65", "childId": "m53aaf8", "possibility": 85 },
    { "parentId": "a92de65", "childId": "mf10950", "possibility": 85 },
    { "parentId": "a92de65", "childId": "m1b2999", "possibility": 85 },
    { "parentId": "a92de65", "childId": "m48c2f6", "possibility": 85 },
    { "parentId": "a92de65", "childId": "m7aee43", "possibility": 85 },
    { "parentId": "a92de65", "childId": "m77a636", "possibility": 85 },
    { "parentId": "a9fc13a", "childId": "m1ec77e", "possibility": 75 },
    { "parentId": "a9fc13a", "childId": "m00b3ac", "possibility": 75 },
    { "parentId": "a9fc13a", "childId": "mbbfbf9", "possibility": 75 },
    { "parentId": "a9fc13a", "childId": "mc1b445", "possibility": 75 },
    { "parentId": "abff59d", "childId": "m6bd6bd", "possibility": 70 },
    { "parentId": "abff59d", "childId": "m108f0b", "possibility": 10 },
    { "parentId": "abff59d", "childId": "m227592", "possibility": 10 },
    { "parentId": "a55cec0", "childId": "mf10950", "possibility": 35 },
    { "parentId": "a55cec0", "childId": "m1b2999", "possibility": 35 },
    { "parentId": "a55cec0", "childId": "m48c2f6", "possibility": 35 },
    { "parentId": "a55cec0", "childId": "m53aaf8", "possibility": 15 },
    { "parentId": "a55cec0", "childId": "m7aee43", "possibility": 10 },
    { "parentId": "a55cec0", "childId": "m77a636", "possibility": 10 },
    { "parentId": "a91b732", "childId": "m1ec77e", "possibility": 50 },
    { "parentId": "a91b732", "childId": "m00b3ac", "possibility": 20 },
    { "parentId": "a91b732", "childId": "mc1b445", "possibility": 10 },
    { "parentId": "a91b732", "childId": "mbbfbf9", "possibility": 10 },
    { "parentId": "a0cd098", "childId": "m7e1954", "possibility": 45 },
    { "parentId": "a0cd098", "childId": "ma96621", "possibility": 10 },
    { "parentId": "a206291", "childId": "mf2c1fd", "possibility": 75 },
    { "parentId": "a206291", "childId": "me867d9", "possibility": 10 },
    { "parentId": "a206291", "childId": "m93008b", "possibility": 10 },
    { "parentId": "a88310a", "childId": "m66c5b8", "possibility": 100 },
    { "parentId": "af48fdd", "childId": "mf2c1fd", "possibility": 55 },
    { "parentId": "af48fdd", "childId": "me867d9", "possibility": 55 },
    { "parentId": "af48fdd", "childId": "m93008b", "possibility": 55 },
    { "parentId": "a079478", "childId": "m5b9e13", "possibility": 65 }
  ],
  "total": 30
}
