{"data":[{"id":"a4bdea7","name":"Amphipolis","imageTitle":"m7aac33.ib42717.jpg","isModern":false,"stereo":"parent","description":"A major city and capital of a district in ancient Macedonia, located on the Strymon River.\nIt was important strategically and commercially.\nPaul and Silas passed through here on their second missionary journey, on their way from Philippi to Thessalonica (Acts 17:1).","koreanDescription":"고대 마케도니아 지역의 주요 도시이자 행정 구역의 중심지로, 스트루몬 강 근처에 위치했습니다.\n전략적, 상업적으로 중요한 도시였습니다.\n사도 바울과 실라가 2차 전도 여행 중 빌립보에서 데살로니가로 가는 길에 이곳을 지나갔습니다 (사도행전 17:1).","verses":["Acts.17.1"],"placeUrl":"/geo/ancient/a4bdea7/amphipolis","identificationPaths":["/geo/modern/m7aac33"],"types":["settlement"],"unknownPlacePossibility":null,"geojsonText":"{\"bbox\":[23.84502,40.819371,23.850011,40.821393],\"features\":[{\"geometry\":{\"coordinates\":[[[23.845191,40.820949],[23.845063,40.820126],[23.845184,40.820027],[23.845195,40.819783],[23.84502,40.819515],[23.846801,40.819371],[23.849024,40.819373],[23.849806,40.81954],[23.849776,40.819792],[23.849848,40.820533],[23.850011,40.821354],[23.848518,40.821393],[23.848217,40.820971],[23.847595,40.821125],[23.846771,40.821218],[23.845924,40.821168],[23.845548,40.821072],[23.845191,40.820949]]],\"type\":\"Polygon\"},\"properties\":{\"id\":\"gb8343f.geometry\",\"land_or_water\":\"land\"},\"type\":\"Feature\"},{\"geometry\":{\"coordinates\":[23.847209,40.820159],\"type\":\"Point\"},\"properties\":{\"id\":\"m7aac33.point\"},\"type\":\"Feature\"}],\"metadata\":{\"geometry_credit\":\"Some data © OpenStreetMap contributors\",\"name\":\"Amphipolis\"},\"type\":\"FeatureCollection\"}","anotherNames":null,"koreanName":"암비볼리","anotherKoreanNames":[]},{"id":"a234727","name":"Anab","imageTitle":"mcffb24.satellite.jpg","isModern":false,"stereo":"parent","description":"An ancient city in the hill country of Judah (Josh. 15:50), one of the places where Joshua destroyed the Anakim, a race of giants (Josh. 11:21).\nIts location suggests it was strategically placed in the southern highlands, near Hebron.","koreanDescription":"유다 산악 지역의 고대 도시 (여호수아 15:50) 중 하나로, 여호수아가 거인 족속인 아낙 자손을 멸한 곳입니다 (여호수아 11:21).\n헤브론 근처 남부 고지대에 전략적으로 위치했던 것으로 보입니다.","verses":["Josh.11.21","Josh.15.50"],"placeUrl":"/geo/ancient/a234727/anab","identificationPaths":["/geo/modern/mcffb24","/geo/modern/md1381e"],"types":["settlement"],"unknownPlacePossibility":null,"geojsonText":"{\"bbox\":[34.9308,31.3959,34.9549,31.4121],\"features\":[{\"geometry\":{\"coordinates\":[34.9549,31.4121],\"type\":\"Point\"},\"properties\":{\"id\":\"mcffb24.point\"},\"type\":\"Feature\"},{\"geometry\":{\"coordinates\":[34.9308,31.3959],\"type\":\"Point\"},\"properties\":{\"id\":\"md1381e.point\"},\"type\":\"Feature\"}],\"metadata\":{\"name\":\"Anab\"},\"type\":\"FeatureCollection\"}","anotherNames":null,"koreanName":"아납","anotherKoreanNames":[]},{"id":"ac07206","name":"Anaharath","imageTitle":"md54909.ie351b0.jpg","isModern":false,"stereo":"parent","description":"A town located in the territory allotted to the tribe of Issachar in the Valley of Jezreel (Josh. 19:19).\nIts exact location is debated, but is generally placed in the eastern part of the Jezreel Valley.","koreanDescription":"이스라엘의 잇사갈 지파에게 분배된 지역, 이스르엘 골짜기에 있던 성읍입니다 (여호수아 19:19).\n정확한 위치는 논란의 여지가 있으나, 보통 이스르엘 골짜기 동쪽에 위치했던 것으로 추정됩니다.","verses":["Josh.19.19"],"placeUrl":"/geo/ancient/ac07206/anaharath","identificationPaths":["/geo/modern/md54909","/geo/modern/m88e0f9","/geo/modern/mc059af"],"types":["settlement"],"unknownPlacePossibility":null,"geojsonText":"{\"bbox\":[34.4041,31.467,35.46614,32.653446],\"features\":[{\"geometry\":{\"coordinates\":[34.4041,31.467],\"type\":\"Point\"},\"properties\":{\"id\":\"m88e0f9.point\"},\"type\":\"Feature\"},{\"geometry\":{\"coordinates\":[35.39336,32.61566],\"type\":\"Point\"},\"properties\":{\"id\":\"mc059af.point\"},\"type\":\"Feature\"},{\"geometry\":{\"coordinates\":[35.46614,32.653446],\"type\":\"Point\"},\"properties\":{\"id\":\"md54909.point\"},\"type\":\"Feature\"}],\"metadata\":{\"name\":\"Anaharath\"},\"type\":\"FeatureCollection\"}","anotherNames":null,"koreanName":"아나하라앗","anotherKoreanNames":[]},{"id":"a79606b","name":"Ananiah","imageTitle":"m227592.icedea1.jpg","isModern":false,"stereo":"parent","description":"A town in the territory of Benjamin, mentioned as one of the places settled by the Benjamites after the return from the Babylonian exile (Neh. 11:32).\nIt was situated near Jerusalem.","koreanDescription":"바벨론 포로 생활에서 돌아온 후 베냐민 지파 사람들이 정착한 곳 중 하나로 언급된 성읍입니다 (느헤미야 11:32).\n예루살렘 근처에 위치했습니다.","verses":["Neh.11.32"],"placeUrl":"/geo/ancient/a79606b/ananiah","identificationPaths":["/geo/modern/m227592","/geo/modern/m5ba7b5"],"types":["settlement"],"unknownPlacePossibility":null,"geojsonText":"{\"bbox\":[35.20801,31.771661,35.255903,31.82988],\"features\":[{\"geometry\":{\"coordinates\":[35.255903,31.771661],\"type\":\"Point\"},\"properties\":{\"id\":\"m227592.point\"},\"type\":\"Feature\"},{\"geometry\":{\"coordinates\":[35.20801,31.82988],\"type\":\"Point\"},\"properties\":{\"id\":\"m5ba7b5.point\"},\"type\":\"Feature\"}],\"metadata\":{\"name\":\"Ananiah\"},\"type\":\"FeatureCollection\"}","anotherNames":null,"koreanName":"아나냐","anotherKoreanNames":[]},{"id":"ab34789","name":"Anathoth","imageTitle":"m780cf1.satellite.jpg","isModern":false,"stereo":"parent","description":"A Levitical city in the territory of Benjamin, located about 3 miles northeast of Jerusalem.\nIt is most famous as the birthplace and home of the prophet Jeremiah (Jer. 1:1).\nJeremiah was persecuted by the people of Anathoth for his prophecies (Jer. 11:21).\nAbiathar the priest was banished here by King Solomon (1 Kgs. 2:26).\nA remnant returned to this city after the Babylonian exile (Ezra 2:23, Neh. 7:27).","koreanDescription":"예루살렘에서 북동쪽으로 약 5km 떨어진 베냐민 지파의 영토에 속한 레위 지파의 성읍입니다.\n가장 유명하게는 선지자 예레미야의 출생지이자 고향입니다 (예레미야 1:1).\n예레미야는 그의 예언 때문에 아나돗 사람들에게 박해를 받았습니다 (예레미야 11:21).\n솔로몬 왕이 제사장 아비아달을 추방한 곳이기도 합니다 (열왕기상 2:26).\n바벨론 포로 생활에서 돌아온 후 남은 자들이 이 성읍에 다시 정착했습니다 (에스라 2:23, 느헤미야 7:27).","verses":["Josh.21.18","2Sam.23.27","1Kgs.2.26","1Chr.6.60","1Chr.11.28","1Chr.12.3","1Chr.27.12","Ezra.2.23","Neh.7.27","Neh.11.32","Isa.10.30","Jer.1.1","Jer.11.21","Jer.11.23","Jer.29.27","Jer.32.7","Jer.32.8","Jer.32.9"],"placeUrl":"/geo/ancient/ab34789/anathoth","identificationPaths":["/geo/modern/m780cf1","/geo/modern/ma76eac","/geo/modern/mc33ba8"],"types":["settlement"],"unknownPlacePossibility":null,"geojsonText":"{\"bbox\":[35.25758,31.80752,35.2756,31.813185],\"features\":[{\"geometry\":{\"coordinates\":[35.25758,31.80752],\"type\":\"Point\"},\"properties\":{\"id\":\"m780cf1.point\"},\"type\":\"Feature\"},{\"geometry\":{\"coordinates\":[35.261872,31.813185],\"type\":\"Point\"},\"properties\":{\"id\":\"ma76eac.point\"},\"type\":\"Feature\"},{\"geometry\":{\"coordinates\":[35.2756,31.81092],\"type\":\"Point\"},\"properties\":{\"id\":\"mc33ba8.point\"},\"type\":\"Feature\"}],\"metadata\":{\"name\":\"Anathoth\"},\"type\":\"FeatureCollection\"}","anotherNames":null,"koreanName":"아나돗","anotherKoreanNames":[]},{"id":"ad13f27","name":"Anem","imageTitle":"m63c688.satellite.jpg","isModern":false,"stereo":"parent","description":"A Levitical city assigned to the Gershonites from the tribe of Issachar, mentioned in 1 Chronicles 6:73.\nIt is believed to be the same as Engannim (Joshua 19:21; 21:29) and is located in the Jezreel Valley.","koreanDescription":"이스라엘의 잇사갈 지파에게서 게르손 자손에게 할당된 레위 성읍으로, 역대상 6장 73절에 언급되어 있습니다.\n엔간님 (여호수아 19:21; 21:29)과 동일한 곳으로 추정되며, 이스르엘 골짜기에 위치했습니다.","verses":["1Chr.6.73"],"placeUrl":"/geo/ancient/ad13f27/anem","identificationPaths":["/geo/modern/mecc3c0","/geo/modern/m0da21a","/geo/modern/m39f75d","/geo/modern/m325c72","/geo/modern/m941775","/geo/modern/m63c688"],"types":["settlement"],"unknownPlacePossibility":null,"geojsonText":"{\"bbox\":[35.297655,32.46079,35.54671,32.713549],\"features\":[{\"geometry\":{\"coordinates\":[[[35.297682,32.461322],[35.297655,32.461211],[35.297666,32.460928],[35.298052,32.460896],[35.298307,32.460898],[35.29883,32.460835],[35.298951,32.461439],[35.298323,32.461555],[35.29828,32.461295],[35.297682,32.461322]]],\"type\":\"Polygon\"},\"properties\":{\"id\":\"g43d9b7.geometry\",\"land_or_water\":\"land\"},\"type\":\"Feature\"},{\"geometry\":{\"coordinates\":[35.537236,32.659741],\"type\":\"Point\"},\"properties\":{\"id\":\"m0da21a.point\"},\"type\":\"Feature\"},{\"geometry\":{\"coordinates\":[35.4863,32.6804],\"type\":\"Point\"},\"properties\":{\"id\":\"m325c72.point\"},\"type\":\"Feature\"},{\"geometry\":{\"coordinates\":[35.29875,32.46079],\"type\":\"Point\"},\"properties\":{\"id\":\"m39f75d.point\"},\"type\":\"Feature\"},{\"geometry\":{\"coordinates\":[35.54671,32.67635],\"type\":\"Point\"},\"properties\":{\"id\":\"m63c688.point\"},\"type\":\"Feature\"},{\"geometry\":{\"coordinates\":[35.499167,32.666389],\"type\":\"Point\"},\"properties\":{\"id\":\"m941775.point\"},\"type\":\"Feature\"},{\"geometry\":{\"coordinates\":[35.495439,32.713549],\"type\":\"Point\"},\"properties\":{\"id\":\"mecc3c0.point\"},\"type\":\"Feature\"}],\"metadata\":{\"geometry_credit\":\"Some data © OpenStreetMap contributors\",\"name\":\"Anem\"},\"type\":\"FeatureCollection\"}","anotherNames":null,"koreanName":"아넴","anotherKoreanNames":[]},{"id":"a2a145b","name":"Aner","imageTitle":"m8e8c6d.ic3e743.jpg","isModern":false,"stereo":"parent","description":"A Levitical city given to the remaining families of the Kohathites from the half-tribe of Manasseh (West) (1 Chr. 6:70).\nThe city is believed to be another name for Taanach or a nearby location.","koreanDescription":"므낫세 반 지파(서쪽)의 땅에서 고핫 자손의 남은 가족들에게 주어진 레위 성읍입니다 (역대상 6:70).\n다아낙과 같은 이름이거나 그 근처의 장소로 추정됩니다.","verses":["1Chr.6.70"],"placeUrl":"/geo/ancient/a2a145b/aner","identificationPaths":["/geo/modern/m8e8c6d"],"types":["settlement"],"unknownPlacePossibility":null,"geojsonText":"{\"features\":[{\"geometry\":{\"coordinates\":[35.219122,32.521526],\"type\":\"Point\"},\"properties\":{\"id\":\"m8e8c6d.point\"},\"type\":\"Feature\"}],\"metadata\":{\"name\":\"Aner\"},\"type\":\"FeatureCollection\"}","anotherNames":null,"koreanName":"아넬","anotherKoreanNames":[]},{"id":"aac6cda","name":"Angle","imageTitle":"m66c5b8.i6449a7.jpg","isModern":false,"stereo":"parent","description":"This term refers to a specific structural feature, likely a **corner tower** or part of the wall fortifications in Jerusalem, built or repaired during the reigns of Uzziah and Nehemiah (2 Chr. 26:9, Neh. 3:19, 20, 24, 25).\nIt signifies the restoration and strengthening of the city's defenses.","koreanDescription":"이 용어는 예루살렘 성벽의 특정 구조물, 아마도 **모퉁이 망대**나 성벽의 일부분을 가리킵니다.\n웃시야 왕 시대에 건축되거나 느헤미야 시대에 보수된 성벽의 한 부분입니다 (역대하 26:9, 느헤미야 3:19, 20, 24, 25).\n이는 도시 방어의 복구와 강화를 상징합니다.","verses":["2Chr.26.9","Neh.3.19","Neh.3.20","Neh.3.24","Neh.3.25"],"placeUrl":"/geo/ancient/aac6cda/angle","identificationPaths":["/geo/modern/m66c5b8"],"types":["structure"],"unknownPlacePossibility":null,"geojsonText":"{\"bbox\":[35.225701,31.772808,35.237558,31.783742],\"features\":[{\"geometry\":{\"coordinates\":[[[35.227657,31.776599],[35.227747,31.776508],[35.227659,31.776394],[35.227825,31.776289],[35.227753,31.775875],[35.227642,31.775883],[35.227618,31.775624],[35.227772,31.775611],[35.227848,31.775599],[35.227849,31.775535],[35.227847,31.775424],[35.227806,31.774544],[35.227729,31.774545],[35.22773,31.774387],[35.22779,31.774376],[35.227778,31.774048],[35.227782,31.773881],[35.227836,31.773872],[35.227858,31.773486],[35.227791,31.773485],[35.227794,31.77336],[35.227865,31.773336],[35.22787,31.773082],[35.227819,31.773084],[35.22782,31.772896],[35.228621,31.772903],[35.229503,31.772898],[35.229592,31.772872],[35.229638,31.772857],[35.229742,31.772823],[35.229792,31.772808],[35.230644,31.772943],[35.230646,31.772918],[35.230707,31.772927],[35.230773,31.772936],[35.230772,31.772966],[35.231011,31.773026],[35.231003,31.77306],[35.231499,31.773154],[35.231483,31.773234],[35.232293,31.773404],[35.23234,31.773362],[35.232427,31.773437],[35.23238,31.773479],[35.23242,31.773833],[35.232459,31.773913],[35.232517,31.773913],[35.232535,31.774013],[35.233242,31.774283],[35.233551,31.774736],[35.233704,31.774761],[35.233848,31.774781],[35.234179,31.774828],[35.235563,31.775017],[35.235767,31.775046],[35.23572,31.77531],[35.235672,31.775582],[35.235771,31.775594],[35.235759,31.775672],[35.235843,31.775681],[35.235812,31.775846],[35.23624,31.775911],[35.23653,31.775954],[35.237558,31.7761],[35.237298,31.778181],[35.237292,31.778227],[35.237209,31.778892],[35.237235,31.778894],[35.237218,31.779043],[35.237191,31.779041],[35.23719,31.779052],[35.237154,31.779343],[35.23714,31.779461],[35.237062,31.78007],[35.237088,31.780073],[35.237085,31.780094],[35.237056,31.780297],[35.237014,31.780728],[35.236999,31.780797],[35.236976,31.780907],[35.236961,31.780973],[35.236918,31.781381],[35.236999,31.781391],[35.236982,31.781533],[35.236931,31.781529],[35.236915,31.781703],[35.236964,31.781709],[35.236928,31.78197],[35.236965,31.78197],[35.236956,31.782097],[35.236927,31.782096],[35.236907,31.782264],[35.236953,31.782268],[35.236944,31.782362],[35.236895,31.782359],[35.236809,31.783188],[35.236712,31.783628],[35.236817,31.783648],[35.236792,31.783742],[35.236687,31.783722],[35.236691,31.783697],[35.236318,31.783629],[35.236306,31.783671],[35.236225,31.783657],[35.236227,31.78362],[35.235913,31.783553],[35.235908,31.783579],[35.235839,31.783565],[35.235848,31.78354],[35.235445,31.783448],[35.235443,31.783456],[35.235137,31.783383],[35.235125,31.78342],[35.235017,31.783394],[35.23503,31.783353],[35.234933,31.783327],[35.234972,31.783237],[35.234743,31.783195],[35.234724,31.783232],[35.234557,31.78319],[35.234552,31.783152],[35.233739,31.782979],[35.233725,31.783022],[35.233611,31.782996],[35.233626,31.782947],[35.233061,31.782816],[35.233045,31.782862],[35.232924,31.782847],[35.232926,31.782763],[35.232536,31.782697],[35.232511,31.782542],[35.232177,31.782489],[35.231864,31.782508],[35.231792,31.78258],[35.231637,31.782555],[35.231589,31.782585],[35.2313,31.782492],[35.231251,31.782425],[35.23105,31.78231],[35.231087,31.78227],[35.230952,31.782181],[35.230921,31.782215],[35.230846,31.782165],[35.23091,31.78209],[35.230745,31.781977],[35.230771,31.78194],[35.230558,31.781784],[35.230533,31.781808],[35.230496,31.781843],[35.230391,31.781763],[35.230432,31.781724],[35.230393,31.781695],[35.23035,31.781662],[35.230303,31.781627],[35.230276,31.781606],[35.230233,31.781647],[35.230134,31.781572],[35.230196,31.781513],[35.229897,31.781289],[35.229808,31.781363],[35.229702,31.78128],[35.229673,31.781302],[35.2295,31.781176],[35.229568,31.781111],[35.229465,31.781022],[35.229496,31.780984],[35.228562,31.780281],[35.228517,31.780306],[35.228397,31.780217],[35.228425,31.780181],[35.228198,31.77999],[35.228165,31.780013],[35.228074,31.779955],[35.228101,31.779928],[35.22775,31.779661],[35.227458,31.779963],[35.22688,31.779603],[35.226831,31.779646],[35.226419,31.779403],[35.226215,31.77931],[35.226086,31.779249],[35.226044,31.779314],[35.225883,31.779211],[35.226176,31.778899],[35.225701,31.778412],[35.22588,31.778287],[35.225868,31.77815],[35.225926,31.778132],[35.225926,31.778046],[35.227419,31.77679],[35.227578,31.776657],[35.227544,31.776628],[35.227503,31.776595],[35.227574,31.776528],[35.227657,31.776599]]],\"type\":\"Polygon\"},\"properties\":{\"id\":\"g1c795f.geometry\",\"land_or_water\":\"land\"},\"type\":\"Feature\"},{\"geometry\":{\"coordinates\":[[[35.227657,31.776599],[35.227747,31.776508],[35.227659,31.776394],[35.227825,31.776289],[35.227753,31.775875],[35.227642,31.775883],[35.227618,31.775624],[35.227848,31.775599],[35.227806,31.774544],[35.227729,31.774545],[35.227858,31.773486],[35.227791,31.773485],[35.227794,31.77336],[35.227865,31.773336],[35.22782,31.772896],[35.229503,31.772898],[35.229792,31.772808],[35.230773,31.772936],[35.231003,31.77306],[35.231499,31.773154],[35.231483,31.773234],[35.232293,31.773404],[35.23234,31.773362],[35.232427,31.773437],[35.23238,31.773479],[35.23242,31.773833],[35.232535,31.774013],[35.233242,31.774283],[35.233551,31.774736],[35.235767,31.775046],[35.235672,31.775582],[35.235843,31.775681],[35.235812,31.775846],[35.237558,31.7761],[35.236918,31.781381],[35.236999,31.781391],[35.236915,31.781703],[35.236964,31.781709],[35.236907,31.782264],[35.236953,31.782268],[35.236712,31.783628],[35.236817,31.783648],[35.236792,31.783742],[35.235017,31.783394],[35.234933,31.783327],[35.234972,31.783237],[35.234724,31.783232],[35.233739,31.782979],[35.233725,31.783022],[35.233611,31.782996],[35.233626,31.782947],[35.233061,31.782816],[35.232924,31.782847],[35.232926,31.782763],[35.232536,31.782697],[35.232511,31.782542],[35.232177,31.782489],[35.231589,31.782585],[35.2313,31.782492],[35.23105,31.78231],[35.231087,31.78227],[35.230846,31.782165],[35.23091,31.78209],[35.230745,31.781977],[35.230771,31.78194],[35.230558,31.781784],[35.230496,31.781843],[35.230276,31.781606],[35.230233,31.781647],[35.230134,31.781572],[35.230196,31.781513],[35.229897,31.781289],[35.229808,31.781363],[35.2295,31.781176],[35.229568,31.781111],[35.229465,31.781022],[35.229496,31.780984],[35.228562,31.780281],[35.228397,31.780217],[35.228425,31.780181],[35.22775,31.779661],[35.227458,31.779963],[35.22688,31.779603],[35.226831,31.779646],[35.226086,31.779249],[35.226044,31.779314],[35.225883,31.779211],[35.226176,31.778899],[35.225701,31.778412],[35.22588,31.778287],[35.225926,31.778046],[35.227578,31.776657],[35.227503,31.776595],[35.227574,31.776528],[35.227657,31.776599]]],\"type\":\"Polygon\"},\"properties\":{\"id\":\"g1c795f.simplified\",\"land_or_water\":\"land\"},\"type\":\"Feature\"},{\"geometry\":{\"coordinates\":[35.234167,31.776667],\"type\":\"Point\"},\"properties\":{\"id\":\"m66c5b8.point\"},\"type\":\"Feature\"}],\"metadata\":{\"geometry_credit\":\"Some data © OpenStreetMap contributors\",\"name\":\"Angle\"},\"type\":\"FeatureCollection\"}","anotherNames":null,"koreanName":"모퉁이","anotherKoreanNames":[]},{"id":"ac22b90","name":"Anim","imageTitle":"macb7a7.id05fdf.jpg","isModern":false,"stereo":"parent","description":"A town in the hill country of Judah, listed alongside Anab and Eshtemoh (Josh. 15:50).\nThe name (plural form) may relate to its water sources, possibly meaning 'springs'.\nIt was one of the southern Judean cities.","koreanDescription":"유다 산악 지대에 위치한 성읍으로, 아납, 에스드모와 함께 언급되었습니다 (여호수아 15:50).\n이름(복수형)은 물의 근원과 관련이 있을 수 있으며, '샘들'을 의미할 가능성이 있습니다.\n유다 남부의 주요 도시 중 하나였습니다.","verses":["Josh.15.50"],"placeUrl":"/geo/ancient/ac22b90/anim","identificationPaths":["/geo/modern/macb7a7","/geo/modern/m3348d5"],"types":["settlement"],"unknownPlacePossibility":null,"geojsonText":"{\"bbox\":[35.063521,31.353601,35.080765,31.363732],\"features\":[{\"geometry\":{\"coordinates\":[[[35.079136,31.363173],[35.078502,31.362813],[35.077778,31.361983],[35.077773,31.361633],[35.07648,31.36043],[35.075914,31.360127],[35.075787,31.35982],[35.07628,31.359431],[35.076859,31.359241],[35.077438,31.359263],[35.078301,31.359915],[35.079003,31.360399],[35.079546,31.360557],[35.079784,31.360971],[35.079865,31.361288],[35.079975,31.361556],[35.080293,31.361775],[35.080203,31.362501],[35.080332,31.362835],[35.080765,31.363442],[35.080264,31.363732],[35.079963,31.363365],[35.079663,31.363121],[35.079136,31.363173]]],\"type\":\"Polygon\"},\"properties\":{\"id\":\"g7695c5.geometry\",\"land_or_water\":\"land\"},\"type\":\"Feature\"},{\"geometry\":{\"coordinates\":[35.07875,31.36038],\"type\":\"Point\"},\"properties\":{\"id\":\"m3348d5.point\"},\"type\":\"Feature\"},{\"geometry\":{\"coordinates\":[35.063521,31.353601],\"type\":\"Point\"},\"properties\":{\"id\":\"macb7a7.point\"},\"type\":\"Feature\"}],\"metadata\":{\"geometry_credit\":\"Some data © OpenStreetMap contributors\",\"name\":\"Anim\"},\"type\":\"FeatureCollection\"}","anotherNames":null,"koreanName":"아님","anotherKoreanNames":[]},{"id":"ae41ab4","name":"Antioch 1","imageTitle":"mbe432b.i748f59.jpg","isModern":false,"stereo":"parent","description":"Refers to **Antioch on the Orontes** (Syrian Antioch), one of the most important cities of the Roman Empire, founded around 300 BC.\nIt became the **launching point for Paul's missionary journeys** and was the place where **believers were first called 'Christians'** (Acts 11:26).\nIt was the location of a major early church (Acts 13:1) and a significant center for the spread of Christianity to the Gentiles.","koreanDescription":"**오론테스 강변의 안디옥** (수리아 안디옥)을 가리킵니다. 기원전 300년경에 건설된 로마 제국의 가장 중요한 도시 중 하나였습니다.\n이곳은 **바울의 선교 여행의 출발점**이 되었고, **신자들이 처음으로 '그리스도인'이라고 불린 곳**입니다 (사도행전 11:26).\n주요 초대 교회 중 하나가 있던 곳이며 (사도행전 13:1), 이방인들에게 기독교가 전파되는 데 중요한 중심지 역할을 했습니다.","verses":["Acts.6.5","Acts.11.19","Acts.11.20","Acts.11.22","Acts.11.26","Acts.11.27","Acts.11.29","Acts.13.1","Acts.14.26","Acts.14.27","Acts.15.1","Acts.15.22","Acts.15.23","Acts.15.30","Acts.15.35","Acts.18.22","Acts.18.23","Gal.2.11"],"placeUrl":"/geo/ancient/ae41ab4/antioch-1","identificationPaths":["/geo/modern/mbe432b"],"types":["settlement"],"unknownPlacePossibility":null,"geojsonText":"{\"features\":[{\"geometry\":{\"coordinates\":[36.171743,36.226691],\"type\":\"Point\"},\"properties\":{\"id\":\"mbe432b.point\"},\"type\":\"Feature\"}],\"metadata\":{\"name\":\"Antioch 1\"},\"type\":\"FeatureCollection\"}","anotherNames":null,"koreanName":"안디옥 1","anotherKoreanNames":[]},{"id":"m7aac33","name":"Amphipolis","isModern":true,"stereo":"child","description":"Modern town and archaeological site in Greece, located on the Struma River (ancient Strymon).\nIt corresponds to the ancient city of Amphipolis through which Paul traveled (Acts 17:1).","koreanDescription":"그리스에 위치한 현대 도시이자 고고학 유적지이며, 스트루마 강(고대 스트루몬 강)에 있습니다.\n바울이 지나갔던 고대 도시 암비볼리와 일치하는 지역입니다 (사도행전 17:1).","imageTitle":"m7aac33.ib42717.jpg","types":["settlement"],"geojsonText":"{\"bbox\":[23.84502,40.819371,23.850011,40.821393],\"features\":[{\"geometry\":{\"coordinates\":[23.847209,40.820159],\"type\":\"Point\"},\"properties\":{\"id\":\"m7aac33.point\",\"role\":\"point\"},\"type\":\"Feature\"},{\"geometry\":{\"coordinates\":[[[23.845191,40.820949],[23.845063,40.820126],[23.845184,40.820027],[23.845195,40.819783],[23.84502,40.819515],[23.846801,40.819371],[23.849024,40.819373],[23.849806,40.81954],[23.849776,40.819792],[23.849848,40.820533],[23.850011,40.821354],[23.848518,40.821393],[23.848217,40.820971],[23.847595,40.821125],[23.846771,40.821218],[23.845924,40.821168],[23.845548,40.821072],[23.845191,40.820949]]],\"type\":\"Polygon\"},\"properties\":{\"id\":\"gb8343f.local\",\"land_or_water\":\"land\",\"role\":\"local\"},\"type\":\"Feature\"}],\"metadata\":{\"class\":\"human\",\"geometry_credit\":\"Some data © OpenStreetMap contributors\",\"land_or_water\":\"land\",\"name\":\"Amphipolis\",\"type\":\"settlement\"},\"type\":\"FeatureCollection\"}","anotherNames":null,"koreanName":"암피폴리스","anotherKoreanNames":[]},{"id":"mcffb24","name":"Khirbet Anab es Seghireh","isModern":true,"stereo":"child","description":"A ruin site (Khirbet) identified as one of the possible locations for the ancient city of Anab (Joshua 11:21, 15:50).\nIt is located in the southern Hebron hills, West Bank.","koreanDescription":"고대 도시 아납 (여호수아 11:21, 15:50)의 가능한 위치 중 하나로 여겨지는 폐허(키르벳) 유적지입니다.\n서안 지구 헤브론 남부 언덕에 위치하고 있습니다.","imageTitle":"mcffb24.satellite.jpg","types":["settlement"],"geojsonText":"{\"bbox\":[34.95437,31.41165,34.95543,31.41255],\"features\":[{\"geometry\":{\"coordinates\":[34.9549,31.4121],\"type\":\"Point\"},\"properties\":{\"id\":\"mcffb24.point\",\"role\":\"point\"},\"type\":\"Feature\"},{\"geometry\":{\"coordinates\":[[[34.9549,31.41255],[34.95484,31.41255],[34.95479,31.41254],[34.95474,31.41253],[34.95469,31.41251],[34.95464,31.41249],[34.95459,31.41246],[34.95455,31.41243],[34.95451,31.4124],[34.95447,31.41236],[34.95444,31.41232],[34.95442,31.41228],[34.9544,31.41224],[34.95438,31.41219],[34.95438,31.41215],[34.95437,31.4121],[34.95438,31.41205],[34.95438,31.41201],[34.9544,31.41196],[34.95442,31.41192],[34.95444,31.41188],[34.95447,31.41184],[34.95451,31.4118],[34.95455,31.41177],[34.95459,31.41174],[34.95464,31.41171],[34.95469,31.41169],[34.95474,31.41167],[34.95479,31.41166],[34.95484,31.41165],[34.9549,31.41165],[34.95496,31.41165],[34.95501,31.41166],[34.95506,31.41167],[34.95511,31.41169],[34.95516,31.41171],[34.95521,31.41174],[34.95525,31.41177],[34.95529,31.4118],[34.95533,31.41184],[34.95536,31.41188],[34.95538,31.41192],[34.9554,31.41196],[34.95542,31.41201],[34.95542,31.41205],[34.95543,31.4121],[34.95542,31.41215],[34.95542,31.41219],[34.9554,31.41224],[34.95538,31.41228],[34.95536,31.41232],[34.95533,31.41236],[34.95529,31.4124],[34.95525,31.41243],[34.95521,31.41246],[34.95516,31.41249],[34.95511,31.41251],[34.95506,31.41253],[34.95501,31.41254],[34.95496,31.41255],[34.9549,31.41255]]],\"type\":\"Polygon\"},\"properties\":{\"id\":\"gdf7801.precision_radius\",\"land_or_water\":\"land\",\"role\":\"precision_radius\"},\"type\":\"Feature\"}],\"metadata\":{\"class\":\"human\",\"land_or_water\":\"land\",\"name\":\"Khirbet Anab es Seghireh\",\"type\":\"settlement\"},\"type\":\"FeatureCollection\"}","anotherNames":"Khirbet Anab es Saghireh, Khirbet Unnab es Saghir, Khirbet Unnab es Seghir, Khirbet Unnab es Shaghir, Khirbet Unnab ets Tsaghir","koreanName":"키르벳 아납 에스 세기레","anotherKoreanNames":["키르벳 아납 에스 사기레","키르벳 운납 에스 사기르","키르벳 운납 에스 세기르","키르벳 운납 에스 샤기르","키르벳 운납 엣스 차기르"]},{"id":"md1381e","name":"Khirbet Anab al Kabir","isModern":true,"stereo":"child","description":"A larger ruin site (Khirbet) also considered a potential location for the ancient city of Anab (Joshua 11:21, 15:50).\nLocated in the southern Hebron hills, West Bank, it features remains of a large Byzantine church and agricultural installations.","koreanDescription":"고대 도시 아납 (여호수아 11:21, 15:50)의 또 다른 잠재적인 위치로 간주되는 더 큰 폐허(키르벳) 유적지입니다.\n서안 지구 헤브론 남부 언덕에 위치하며, 대형 비잔틴 교회와 농업 시설의 잔해가 있습니다.","imageTitle":"md1381e.satellite.jpg","types":["settlement"],"geojsonText":"{\"bbox\":[34.93027,31.39545,34.93133,31.39635],\"features\":[{\"geometry\":{\"coordinates\":[34.9308,31.3959],\"type\":\"Point\"},\"properties\":{\"id\":\"md1381e.point\",\"role\":\"point\"},\"type\":\"Feature\"},{\"geometry\":{\"coordinates\":[[[34.9308,31.39635],[34.93074,31.39635],[34.93069,31.39634],[34.93064,31.39633],[34.93059,31.39631],[34.93054,31.39629],[34.93049,31.39626],[34.93045,31.39623],[34.93041,31.3962],[34.93037,31.39616],[34.93034,31.39612],[34.93032,31.39608],[34.9303,31.39604],[34.93028,31.39599],[34.93028,31.39595],[34.93027,31.3959],[34.93028,31.39585],[34.93028,31.39581],[34.9303,31.39576],[34.93032,31.39572],[34.93034,31.39568],[34.93037,31.39564],[34.93041,31.3956],[34.93045,31.39557],[34.93049,31.39554],[34.93054,31.39551],[34.93059,31.39549],[34.93064,31.39547],[34.93069,31.39546],[34.93074,31.39545],[34.9308,31.39545],[34.93086,31.39545],[34.93091,31.39546],[34.93096,31.39547],[34.93101,31.39549],[34.93106,31.39551],[34.93111,31.39554],[34.93115,31.39557],[34.93119,31.3956],[34.93123,31.39564],[34.93126,31.39568],[34.93128,31.39572],[34.9313,31.39576],[34.93132,31.39581],[34.93132,31.39585],[34.93133,31.3959],[34.93132,31.39595],[34.93132,31.39599],[34.9313,31.39604],[34.93128,31.39608],[34.93126,31.39612],[34.93123,31.39616],[34.93119,31.3962],[34.93115,31.39623],[34.93111,31.39626],[34.93106,31.39629],[34.93101,31.39631],[34.93096,31.39633],[34.93091,31.39634],[34.93086,31.39635],[34.9308,31.39635]]],\"type\":\"Polygon\"},\"properties\":{\"id\":\"g255ca1.precision_radius\",\"land_or_water\":\"land\",\"role\":\"precision_radius\"},\"type\":\"Feature\"}],\"metadata\":{\"class\":\"human\",\"land_or_water\":\"land\",\"name\":\"Khirbet Anab al Kabir\",\"type\":\"settlement\"},\"type\":\"FeatureCollection\"}","anotherNames":"Khirbet Anab el Kabireh","koreanName":"키르벳 아납 알 카비르","anotherKoreanNames":["키르벳 아납 엘 카비레"]},{"id":"md54909","name":"Tell Rekhesh","isModern":true,"stereo":"child","description":"An archaeological tell (mound) in the Jezreel Valley, Israel, considered a strong candidate for the ancient city of Anaharath (Josh. 19:19).\nExcavations reveal occupation from the Early Bronze Age through the Hellenistic period.","koreanDescription":"이스라엘 이스르엘 골짜기에 있는 고고학적 텔(언덕)로, 고대 도시 아나하라앗 (여호수아 19:19)의 유력한 후보지 중 하나입니다.\n발굴 결과 초기 청동기 시대부터 헬레니즘 시대에 이르는 거주 흔적이 발견되었습니다.","imageTitle":"md54909.ie351b0.jpg","types":["settlement"],"geojsonText":"{\"bbox\":[35.46561,32.653,35.46667,32.6539],\"features\":[{\"geometry\":{\"coordinates\":[35.46614,32.653446],\"type\":\"Point\"},\"properties\":{\"id\":\"md54909.point\",\"role\":\"point\"},\"type\":\"Feature\"},{\"geometry\":{\"coordinates\":[[[35.46614,32.6539],[35.46608,32.65389],[35.46603,32.65389],[35.46597,32.65387],[35.46592,32.65386],[35.46587,32.65384],[35.46583,32.65381],[35.46578,32.65378],[35.46574,32.65375],[35.46571,32.65371],[35.46568,32.65367],[35.46565,32.65363],[35.46563,32.65358],[35.46562,32.65354],[35.46561,32.65349],[35.46561,32.65345],[35.46561,32.6534],[35.46562,32.65335],[35.46563,32.65331],[35.46565,32.65326],[35.46568,32.65322],[35.46571,32.65318],[35.46574,32.65315],[35.46578,32.65311],[35.46583,32.65308],[35.46587,32.65306],[35.46592,32.65304],[35.46597,32.65302],[35.46603,32.65301],[35.46608,32.653],[35.46614,32.653],[35.4662,32.653],[35.46625,32.65301],[35.46631,32.65302],[35.46636,32.65304],[35.46641,32.65306],[35.46645,32.65308],[35.4665,32.65311],[35.46654,32.65315],[35.46657,32.65318],[35.4666,32.65322],[35.46663,32.65326],[35.46665,32.65331],[35.46666,32.65335],[35.46667,32.6534],[35.46667,32.65345],[35.46667,32.65349],[35.46666,32.65354],[35.46665,32.65358],[35.46663,32.65363],[35.4666,32.65367],[35.46657,32.65371],[35.46654,32.65375],[35.4665,32.65378],[35.46645,32.65381],[35.46641,32.65384],[35.46636,32.65386],[35.46631,32.65387],[35.46625,32.65389],[35.4662,32.65389],[35.46614,32.6539]]],\"type\":\"Polygon\"},\"properties\":{\"id\":\"gbd9176.precision_radius\",\"land_or_water\":\"land\",\"role\":\"precision_radius\"},\"type\":\"Feature\"}],\"metadata\":{\"class\":\"human\",\"land_or_water\":\"land\",\"name\":\"Tell Rekhesh\",\"type\":\"settlement\"},\"type\":\"FeatureCollection\"}","anotherNames":"Tell el Mukharkhash, Tell el Muqarqash","koreanName":"텔 레케시","anotherKoreanNames":["텔 엘 무카르카쉬","텔 엘 무카르카쉬"]},{"id":"m88e0f9","name":"Tall al Ajjul","isModern":true,"stereo":"child","description":"A large ancient mound (Tell) in the Jezreel Valley, Israel, also proposed as a possible site for Anaharath (Josh. 19:19).\nIt is known for its significant Late Bronze Age remains.","koreanDescription":"이스라엘 이스르엘 골짜기에 있는 고대 대형 언덕(텔)으로, 아나하라앗 (여호수아 19:19)의 가능성 있는 유적지로 제안되기도 합니다.\n주요 후기 청동기 시대 유적으로 알려져 있습니다.","imageTitle":"m88e0f9.i26e893.jpg","types":["settlement"],"geojsonText":"{\"bbox\":[34.40357,31.46655,34.40463,31.46745],\"features\":[{\"geometry\":{\"coordinates\":[34.4041,31.467],\"type\":\"Point\"},\"properties\":{\"id\":\"m88e0f9.point\",\"role\":\"point\"},\"type\":\"Feature\"},{\"geometry\":{\"coordinates\":[[[34.4041,31.46745],[34.40404,31.46745],[34.40399,31.46744],[34.40394,31.46743],[34.40389,31.46741],[34.40384,31.46739],[34.40379,31.46736],[34.40375,31.46733],[34.40371,31.4673],[34.40367,31.46726],[34.40364,31.46722],[34.40362,31.46718],[34.4036,31.46714],[34.40358,31.46709],[34.40358,31.46705],[34.40357,31.467],[34.40358,31.46695],[34.40358,31.46691],[34.4036,31.46686],[34.40362,31.46682],[34.40364,31.46678],[34.40367,31.46674],[34.40371,31.4667],[34.40375,31.46667],[34.40379,31.46664],[34.40384,31.46661],[34.40389,31.46659],[34.40394,31.46657],[34.40399,31.46656],[34.40404,31.46655],[34.4041,31.46655],[34.40416,31.46655],[34.40421,31.46656],[34.40426,31.46657],[34.40431,31.46659],[34.40436,31.46661],[34.40441,31.46664],[34.40445,31.46667],[34.40449,31.4667],[34.40453,31.46674],[34.40456,31.46678],[34.40458,31.46682],[34.4046,31.46686],[34.40462,31.46691],[34.40462,31.46695],[34.40463,31.467],[34.40462,31.46705],[34.40462,31.46709],[34.4046,31.46714],[34.40458,31.46718],[34.40456,31.46722],[34.40453,31.46726],[34.40449,31.4673],[34.40445,31.46733],[34.40441,31.46736],[34.40436,31.46739],[34.40431,31.46741],[34.40426,31.46743],[34.40421,31.46744],[34.40416,31.46745],[34.4041,31.46745]]],\"type\":\"Polygon\"},\"properties\":{\"id\":\"gb6426a.precision_radius\",\"land_or_water\":\"land\",\"role\":\"precision_radius\"},\"type\":\"Feature\"}],\"metadata\":{\"class\":\"human\",\"land_or_water\":\"land\",\"name\":\"Tall al Ajjul\",\"type\":\"settlement\"},\"type\":\"FeatureCollection\"}","anotherNames":"Tell el Ajjul, Tell el Ujul","koreanName":"탈 알 아줄","anotherKoreanNames":["텔 엘 아줄","텔 엘 우줄"]},{"id":"mc059af","name":"Na’ura","isModern":true,"stereo":"child","description":"A modern Arab village in the Jezreel Valley, Israel.\nIt is widely accepted as the modern equivalent of the ancient city of Anaharath (Josh. 19:19) and preserves the original name.","koreanDescription":"이스라엘 이스르엘 골짜기에 있는 현대 아랍 마을입니다.\n고대 도시 아나하라앗 (여호수아 19:19)의 현대판으로 널리 받아들여지고 있으며, 원래 이름을 보존하고 있습니다.","imageTitle":"mc059af.i362961.jpg","types":["settlement"],"geojsonText":"{\"bbox\":[35.39069,32.61341,35.39603,32.61791],\"features\":[{\"geometry\":{\"coordinates\":[35.39336,32.61566],\"type\":\"Point\"},\"properties\":{\"id\":\"mc059af.point\",\"role\":\"point\"},\"type\":\"Feature\"},{\"geometry\":{\"coordinates\":[[[35.39336,32.61791],[35.39308,32.6179],[35.39281,32.61786],[35.39254,32.6178],[35.39227,32.61771],[35.39203,32.61761],[35.39179,32.61748],[35.39157,32.61733],[35.39138,32.61716],[35.3912,32.61698],[35.39105,32.61678],[35.39092,32.61657],[35.39082,32.61635],[35.39075,32.61613],[35.39071,32.61589],[35.39069,32.61566],[35.39071,32.61542],[35.39075,32.61519],[35.39082,32.61497],[35.39092,32.61475],[35.39105,32.61454],[35.3912,32.61434],[35.39138,32.61416],[35.39157,32.61399],[35.39179,32.61384],[35.39203,32.61371],[35.39227,32.61361],[35.39254,32.61352],[35.39281,32.61346],[35.39308,32.61342],[35.39336,32.61341],[35.39364,32.61342],[35.39391,32.61346],[35.39418,32.61352],[35.39445,32.61361],[35.39469,32.61371],[35.39493,32.61384],[35.39515,32.61399],[35.39534,32.61416],[35.39552,32.61434],[35.39567,32.61454],[35.3958,32.61475],[35.3959,32.61497],[35.39597,32.61519],[35.39601,32.61542],[35.39603,32.61566],[35.39601,32.61589],[35.39597,32.61613],[35.3959,32.61635],[35.3958,32.61657],[35.39567,32.61678],[35.39552,32.61698],[35.39534,32.61716],[35.39515,32.61733],[35.39493,32.61748],[35.39469,32.61761],[35.39445,32.61771],[35.39418,32.6178],[35.39391,32.61786],[35.39364,32.6179],[35.39336,32.61791]]],\"type\":\"Polygon\"},\"properties\":{\"id\":\"g748809.precision_radius\",\"land_or_water\":\"land\",\"role\":\"precision_radius\"},\"type\":\"Feature\"}],\"metadata\":{\"class\":\"human\",\"land_or_water\":\"land\",\"name\":\"Na’ura\",\"type\":\"settlement\"},\"type\":\"FeatureCollection\"}","anotherNames":"En Na’urah","koreanName":"나우라","anotherKoreanNames":["엔 나우라"]},{"id":"m227592","name":"Al Eizariya","isModern":true,"stereo":"child","description":"A Palestinian town in the West Bank, often identified with biblical Bethany.\nIt is one of the proposed locations for the biblical Ananiah (Neh. 11:32).\nIts name means '[place] of Lazarus' (al-Eizariya).","koreanDescription":"서안 지구에 있는 팔레스타인 마을로, 종종 성경의 베다니와 동일시됩니다.\n성경의 아나냐 (느헤미야 11:32)의 가능한 위치 중 하나로 제안됩니다.\n이름은 '나사로의 [장소]'를 의미합니다.","imageTitle":"m227592.icedea1.jpg","types":["settlement"],"geojsonText":"{\"bbox\":[35.25326,31.76941,35.25855,31.77391],\"features\":[{\"geometry\":{\"coordinates\":[35.255903,31.771661],\"type\":\"Point\"},\"properties\":{\"id\":\"m227592.point\",\"role\":\"point\"},\"type\":\"Feature\"},{\"geometry\":{\"coordinates\":[[[35.2559,31.77391],[35.25563,31.7739],[35.25535,31.77386],[35.25509,31.7738],[35.25483,31.77371],[35.25458,31.77361],[35.25435,31.77348],[35.25413,31.77333],[35.25394,31.77317],[35.25376,31.77298],[35.25361,31.77279],[35.25349,31.77258],[35.25339,31.77236],[35.25332,31.77213],[35.25327,31.7719],[35.25326,31.77166],[35.25327,31.77143],[35.25332,31.77119],[35.25339,31.77097],[35.25349,31.77075],[35.25361,31.77054],[35.25376,31.77034],[35.25394,31.77016],[35.25413,31.76999],[35.25435,31.76984],[35.25458,31.76971],[35.25483,31.76961],[35.25509,31.76952],[35.25535,31.76946],[35.25563,31.76943],[35.2559,31.76941],[35.25618,31.76943],[35.25645,31.76946],[35.25672,31.76952],[35.25698,31.76961],[35.25723,31.76971],[35.25746,31.76984],[35.25767,31.76999],[35.25787,31.77016],[35.25804,31.77034],[35.25819,31.77054],[35.25832,31.77075],[35.25842,31.77097],[35.25849,31.77119],[35.25853,31.77143],[35.25855,31.77166],[35.25853,31.7719],[35.25849,31.77213],[35.25842,31.77236],[35.25832,31.77258],[35.25819,31.77279],[35.25804,31.77298],[35.25787,31.77317],[35.25767,31.77333],[35.25746,31.77348],[35.25723,31.77361],[35.25698,31.77371],[35.25672,31.7738],[35.25645,31.77386],[35.25618,31.7739],[35.2559,31.77391]]],\"type\":\"Polygon\"},\"properties\":{\"id\":\"g6f3796.precision_radius\",\"land_or_water\":\"land\",\"role\":\"precision_radius\"},\"type\":\"Feature\"}],\"metadata\":{\"class\":\"human\",\"land_or_water\":\"land\",\"name\":\"Al Eizariya\",\"type\":\"settlement\"},\"type\":\"FeatureCollection\"}","anotherNames":null,"koreanName":"알 에이자리야","anotherKoreanNames":[]},{"id":"m5ba7b5","name":"Beit Hanina","isModern":true,"stereo":"child","description":"An Arab Palestinian neighborhood in East Jerusalem, located north of the city center.\nIt is another proposed location for the biblical town of Ananiah (Neh. 11:32).","koreanDescription":"예루살렘 중심부 북쪽에 위치한 동예루살렘의 아랍 팔레스타인 지역입니다.\n성경의 아나냐 (느헤미야 11:32)의 또 다른 제안된 위치입니다.","imageTitle":"m5ba7b5.i088c87.jpg","types":["settlement"],"geojsonText":"{\"bbox\":[35.20536,31.82763,35.21066,31.83213],\"features\":[{\"geometry\":{\"coordinates\":[35.20801,31.82988],\"type\":\"Point\"},\"properties\":{\"id\":\"m5ba7b5.point\",\"role\":\"point\"},\"type\":\"Feature\"},{\"geometry\":{\"coordinates\":[[[35.20801,31.83213],[35.20773,31.83212],[35.20746,31.83208],[35.20719,31.83202],[35.20693,31.83193],[35.20669,31.83183],[35.20645,31.8317],[35.20624,31.83155],[35.20604,31.83138],[35.20587,31.8312],[35.20572,31.831],[35.20559,31.83079],[35.20549,31.83057],[35.20542,31.83035],[35.20538,31.83011],[35.20536,31.82988],[35.20538,31.82964],[35.20542,31.82941],[35.20549,31.82919],[35.20559,31.82897],[35.20572,31.82876],[35.20587,31.82856],[35.20604,31.82838],[35.20624,31.82821],[35.20645,31.82806],[35.20669,31.82793],[35.20693,31.82783],[35.20719,31.82774],[35.20746,31.82768],[35.20773,31.82764],[35.20801,31.82763],[35.20829,31.82764],[35.20856,31.82768],[35.20883,31.82774],[35.20909,31.82783],[35.20933,31.82793],[35.20957,31.82806],[35.20978,31.82821],[35.20998,31.82838],[35.21015,31.82856],[35.2103,31.82876],[35.21043,31.82897],[35.21053,31.82919],[35.2106,31.82941],[35.21064,31.82964],[35.21066,31.82988],[35.21064,31.83011],[35.2106,31.83035],[35.21053,31.83057],[35.21043,31.83079],[35.2103,31.831],[35.21015,31.8312],[35.20998,31.83138],[35.20978,31.83155],[35.20957,31.8317],[35.20933,31.83183],[35.20909,31.83193],[35.20883,31.83202],[35.20856,31.83208],[35.20829,31.83212],[35.20801,31.83213]]],\"type\":\"Polygon\"},\"properties\":{\"id\":\"g7f8324.precision_radius\",\"land_or_water\":\"land\",\"role\":\"precision_radius\"},\"type\":\"Feature\"}],\"metadata\":{\"class\":\"human\",\"land_or_water\":\"land\",\"name\":\"Beit Hanina\",\"type\":\"settlement\"},\"type\":\"FeatureCollection\"}","anotherNames":"Bet Hannina","koreanName":"베이트 하니나","anotherKoreanNames":["벳 한니나"]},{"id":"m780cf1","name":"Ras el Kharruba","isModern":true,"stereo":"child","description":"An archaeological ruin located northeast of Jerusalem in the West Bank.\nIt is one of the sites identified as a possible location for the ancient city of Anathoth, Jeremiah's home (Jer. 1:1).","koreanDescription":"서안 지구 예루살렘 북동쪽에 위치한 고고학적 폐허입니다.\n선지자 예레미야의 고향인 고대 도시 아나돗 (예레미야 1:1)의 가능한 위치 중 하나로 식별됩니다.","imageTitle":"m780cf1.satellite.jpg","types":["settlement"],"geojsonText":"{\"bbox\":[35.25493,31.80527,35.26023,31.80977],\"features\":[{\"geometry\":{\"coordinates\":[35.25758,31.80752],\"type\":\"Point\"},\"properties\":{\"id\":\"m780cf1.point\",\"role\":\"point\"},\"type\":\"Feature\"},{\"geometry\":{\"coordinates\":[[[35.25758,31.80977],[35.2573,31.80976],[35.25703,31.80972],[35.25676,31.80966],[35.2565,31.80957],[35.25626,31.80947],[35.25602,31.80934],[35.25581,31.80919],[35.25561,31.80902],[35.25544,31.80884],[35.25529,31.80864],[35.25516,31.80843],[35.25506,31.80821],[35.25499,31.80799],[35.25495,31.80775],[35.25493,31.80752],[35.25495,31.80728],[35.25499,31.80705],[35.25506,31.80683],[35.25516,31.80661],[35.25529,31.8064],[35.25544,31.8062],[35.25561,31.80602],[35.25581,31.80585],[35.25602,31.8057],[35.25626,31.80557],[35.2565,31.80547],[35.25676,31.80538],[35.25703,31.80532],[35.2573,31.80528],[35.25758,31.80527],[35.25786,31.80528],[35.25813,31.80532],[35.2584,31.80538],[35.25866,31.80547],[35.2589,31.80557],[35.25914,31.8057],[35.25935,31.80585],[35.25955,31.80602],[35.25972,31.8062],[35.25987,31.8064],[35.26,31.80661],[35.2601,31.80683],[35.26017,31.80705],[35.26021,31.80728],[35.26023,31.80752],[35.26021,31.80775],[35.26017,31.80799],[35.2601,31.80821],[35.26,31.80843],[35.25987,31.80864],[35.25972,31.80884],[35.25955,31.80902],[35.25935,31.80919],[35.25914,31.80934],[35.2589,31.80947],[35.25866,31.80957],[35.2584,31.80966],[35.25813,31.80972],[35.25786,31.80976],[35.25758,31.80977]]],\"type\":\"Polygon\"},\"properties\":{\"id\":\"gac7865.precision_radius\",\"land_or_water\":\"land\",\"role\":\"precision_radius\"},\"type\":\"Feature\"}],\"metadata\":{\"class\":\"human\",\"land_or_water\":\"land\",\"name\":\"Ras el Kharruba\",\"type\":\"settlement\"},\"type\":\"FeatureCollection\"}","anotherNames":"Ras el Kharrubeh, Ras Kharruba","koreanName":"라스 엘 카루바","anotherKoreanNames":["라스 엘 카루베","라스 카루바"]},{"id":"ma76eac","name":"Anata","isModern":true,"stereo":"child","description":"A Palestinian town northeast of Jerusalem in the West Bank.\nIt is generally accepted as the site of the ancient city of Anathoth (Jer. 1:1) and preserves the ancient name.","koreanDescription":"서안 지구 예루살렘 북동쪽에 위치한 팔레스타인 마을입니다.\n고대 도시 아나돗 (예레미야 1:1)의 위치로 일반적으로 받아들여지고 있으며, 고대 이름을 보존하고 있습니다.","imageTitle":"ma76eac.i9d61f4.jpg","types":["settlement"],"geojsonText":"{\"bbox\":[35.25923,31.81094,35.26452,31.81543],\"features\":[{\"geometry\":{\"coordinates\":[35.261872,31.813185],\"type\":\"Point\"},\"properties\":{\"id\":\"ma76eac.point\",\"role\":\"point\"},\"type\":\"Feature\"},{\"geometry\":{\"coordinates\":[[[35.26187,31.81543],[35.2616,31.81542],[35.26132,31.81538],[35.26105,31.81532],[35.2608,31.81524],[35.26055,31.81513],[35.26032,31.815],[35.2601,31.81486],[35.25991,31.81469],[35.25973,31.81451],[35.25958,31.81431],[35.25945,31.8141],[35.25936,31.81388],[35.25928,31.81365],[35.25924,31.81342],[35.25923,31.81318],[35.25924,31.81295],[35.25928,31.81272],[35.25936,31.81249],[35.25945,31.81227],[35.25958,31.81206],[35.25973,31.81186],[35.25991,31.81168],[35.2601,31.81151],[35.26032,31.81137],[35.26055,31.81124],[35.2608,31.81113],[35.26105,31.81105],[35.26132,31.81099],[35.2616,31.81095],[35.26187,31.81094],[35.26215,31.81095],[35.26242,31.81099],[35.26269,31.81105],[35.26295,31.81113],[35.26319,31.81124],[35.26343,31.81137],[35.26364,31.81151],[35.26384,31.81168],[35.26401,31.81186],[35.26416,31.81206],[35.26429,31.81227],[35.26439,31.81249],[35.26446,31.81272],[35.2645,31.81295],[35.26452,31.81318],[35.2645,31.81342],[35.26446,31.81365],[35.26439,31.81388],[35.26429,31.8141],[35.26416,31.81431],[35.26401,31.81451],[35.26384,31.81469],[35.26364,31.81486],[35.26343,31.815],[35.26319,31.81513],[35.26295,31.81524],[35.26269,31.81532],[35.26242,31.81538],[35.26215,31.81542],[35.26187,31.81543]]],\"type\":\"Polygon\"},\"properties\":{\"id\":\"g14cdaf.precision_radius\",\"land_or_water\":\"land\",\"role\":\"precision_radius\"},\"type\":\"Feature\"}],\"metadata\":{\"class\":\"human\",\"land_or_water\":\"land\",\"name\":\"Anata\",\"type\":\"settlement\"},\"type\":\"FeatureCollection\"}","anotherNames":null,"koreanName":"아나타","anotherKoreanNames":[]},{"id":"mc33ba8","name":"Khirbet Deir es Sidd","isModern":true,"stereo":"child","description":"A ruin site (Khirbet) near Jerusalem, sometimes suggested as an alternative location for the ancient city of Anathoth (Jer. 1:1).","koreanDescription":"예루살렘 근처의 폐허(키르벳) 유적지로, 때때로 고대 도시 아나돗 (예레미야 1:1)의 대체 위치로 제안됩니다.","imageTitle":"mc33ba8.satellite.jpg","types":["settlement"],"geojsonText":"{\"bbox\":[35.27539,31.81074,35.27581,31.8111],\"features\":[{\"geometry\":{\"coordinates\":[35.2756,31.81092],\"type\":\"Point\"},\"properties\":{\"id\":\"mc33ba8.point\",\"role\":\"point\"},\"type\":\"Feature\"},{\"geometry\":{\"coordinates\":[[[35.2756,31.8111],[35.27558,31.8111],[35.27556,31.8111],[35.27553,31.81109],[35.27551,31.81108],[35.27549,31.81108],[35.27548,31.81107],[35.27546,31.81105],[35.27544,31.81104],[35.27543,31.81103],[35.27542,31.81101],[35.27541,31.81099],[35.2754,31.81098],[35.27539,31.81096],[35.27539,31.81094],[35.27539,31.81092],[35.27539,31.8109],[35.27539,31.81088],[35.2754,31.81086],[35.27541,31.81085],[35.27542,31.81083],[35.27543,31.81081],[35.27544,31.8108],[35.27546,31.81079],[35.27548,31.81077],[35.27549,31.81076],[35.27551,31.81076],[35.27553,31.81075],[35.27556,31.81074],[35.27558,31.81074],[35.2756,31.81074],[35.27562,31.81074],[35.27564,31.81074],[35.27567,31.81075],[35.27569,31.81076],[35.27571,31.81076],[35.27572,31.81077],[35.27574,31.81079],[35.27576,31.8108],[35.27577,31.81081],[35.27578,31.81083],[35.27579,31.81085],[35.2758,31.81086],[35.27581,31.81088],[35.27581,31.8109],[35.27581,31.81092],[35.27581,31.81094],[35.27581,31.81096],[35.2758,31.81098],[35.27579,31.81099],[35.27578,31.81101],[35.27577,31.81103],[35.27576,31.81104],[35.27574,31.81105],[35.27572,31.81107],[35.27571,31.81108],[35.27569,31.81108],[35.27567,31.81109],[35.27564,31.8111],[35.27562,31.8111],[35.2756,31.8111]]],\"type\":\"Polygon\"},\"properties\":{\"id\":\"g36af8d.precision_radius\",\"land_or_water\":\"land\",\"role\":\"precision_radius\"},\"type\":\"Feature\"}],\"metadata\":{\"class\":\"human\",\"land_or_water\":\"land\",\"name\":\"Khirbet Deir es Sidd\",\"type\":\"settlement\"},\"type\":\"FeatureCollection\"}","anotherNames":"Der es Sid","koreanName":"키르벳 데이르 에스 시드","anotherKoreanNames":["데르 에스 시드"]},{"id":"mecc3c0","name":"Khirbet Beit Jann","isModern":true,"stereo":"child","description":"A ruin site (Khirbet) in the Jezreel Valley area.\nIt is one of several possible locations suggested for the Levitical city of Anem (1 Chr. 6:73).","koreanDescription":"이스르엘 골짜기 지역의 폐허(키르벳) 유적지입니다.\n레위 성읍 아넴 (역대상 6:73)의 가능한 위치로 제안되는 여러 곳 중 하나입니다.","imageTitle":"mecc3c0.i7a9301.jpg","types":["settlement"],"geojsonText":"{\"bbox\":[35.4949,32.7131,35.49597,32.714],\"features\":[{\"geometry\":{\"coordinates\":[35.495439,32.713549],\"type\":\"Point\"},\"properties\":{\"id\":\"mecc3c0.point\",\"role\":\"point\"},\"type\":\"Feature\"},{\"geometry\":{\"coordinates\":[[[35.49544,32.714],[35.49538,32.714],[35.49533,32.71399],[35.49527,32.71398],[35.49522,32.71396],[35.49517,32.71394],[35.49512,32.71391],[35.49508,32.71388],[35.49504,32.71385],[35.49501,32.71381],[35.49498,32.71377],[35.49495,32.71373],[35.49493,32.71369],[35.49492,32.71364],[35.49491,32.7136],[35.4949,32.71355],[35.49491,32.7135],[35.49492,32.71346],[35.49493,32.71341],[35.49495,32.71337],[35.49498,32.71332],[35.49501,32.71328],[35.49504,32.71325],[35.49508,32.71321],[35.49512,32.71319],[35.49517,32.71316],[35.49522,32.71314],[35.49527,32.71312],[35.49533,32.71311],[35.49538,32.7131],[35.49544,32.7131],[35.49549,32.7131],[35.49555,32.71311],[35.4956,32.71312],[35.49566,32.71314],[35.49571,32.71316],[35.49575,32.71319],[35.4958,32.71321],[35.49584,32.71325],[35.49587,32.71328],[35.4959,32.71332],[35.49593,32.71337],[35.49595,32.71341],[35.49596,32.71346],[35.49597,32.7135],[35.49597,32.71355],[35.49597,32.7136],[35.49596,32.71364],[35.49595,32.71369],[35.49593,32.71373],[35.4959,32.71377],[35.49587,32.71381],[35.49584,32.71385],[35.4958,32.71388],[35.49575,32.71391],[35.49571,32.71394],[35.49566,32.71396],[35.4956,32.71398],[35.49555,32.71399],[35.49549,32.714],[35.49544,32.714]]],\"type\":\"Polygon\"},\"properties\":{\"id\":\"g216bd5.precision_radius\",\"land_or_water\":\"land\",\"role\":\"precision_radius\"},\"type\":\"Feature\"}],\"metadata\":{\"class\":\"human\",\"land_or_water\":\"land\",\"name\":\"Khirbet Beit Jann\",\"type\":\"settlement\"},\"type\":\"FeatureCollection\"}","anotherNames":"Horbat Beit Jann","koreanName":"키르벳 베이트 잔","anotherKoreanNames":["호르밧 베이트 잔"]},{"id":"m0da21a","name":"Khirbet ed Dir","isModern":true,"stereo":"child","description":"A ruin site (Khirbet) in the Jezreel Valley area, considered a possible location for the ancient city of Anem (1 Chr. 6:73).","koreanDescription":"이스르엘 골짜기 지역의 폐허(키르벳) 유적지로, 고대 도시 아넴 (역대상 6:73)의 가능한 위치로 간주됩니다.","imageTitle":"m0da21a.satellite.jpg","types":["settlement"],"geojsonText":"{\"bbox\":[35.53702,32.65956,35.53745,32.65992],\"features\":[{\"geometry\":{\"coordinates\":[35.537236,32.659741],\"type\":\"Point\"},\"properties\":{\"id\":\"m0da21a.point\",\"role\":\"point\"},\"type\":\"Feature\"},{\"geometry\":{\"coordinates\":[[[35.53724,32.65992],[35.53721,32.65992],[35.53719,32.65992],[35.53717,32.65991],[35.53715,32.65991],[35.53713,32.6599],[35.53711,32.65989],[35.53709,32.65987],[35.53708,32.65986],[35.53706,32.65985],[35.53705,32.65983],[35.53704,32.65981],[35.53703,32.6598],[35.53703,32.65978],[35.53702,32.65976],[35.53702,32.65974],[35.53702,32.65972],[35.53703,32.6597],[35.53703,32.65969],[35.53704,32.65967],[35.53705,32.65965],[35.53706,32.65964],[35.53708,32.65962],[35.53709,32.65961],[35.53711,32.6596],[35.53713,32.65959],[35.53715,32.65958],[35.53717,32.65957],[35.53719,32.65957],[35.53721,32.65956],[35.53724,32.65956],[35.53726,32.65956],[35.53728,32.65957],[35.5373,32.65957],[35.53732,32.65958],[35.53734,32.65959],[35.53736,32.6596],[35.53738,32.65961],[35.53739,32.65962],[35.53741,32.65964],[35.53742,32.65965],[35.53743,32.65967],[35.53744,32.65969],[35.53744,32.6597],[35.53745,32.65972],[35.53745,32.65974],[35.53745,32.65976],[35.53744,32.65978],[35.53744,32.6598],[35.53743,32.65981],[35.53742,32.65983],[35.53741,32.65985],[35.53739,32.65986],[35.53738,32.65987],[35.53736,32.65989],[35.53734,32.6599],[35.53732,32.65991],[35.5373,32.65991],[35.53728,32.65992],[35.53726,32.65992],[35.53724,32.65992]]],\"type\":\"Polygon\"},\"properties\":{\"id\":\"gcc5084.precision_radius\",\"land_or_water\":\"land\",\"role\":\"precision_radius\"},\"type\":\"Feature\"}],\"metadata\":{\"class\":\"human\",\"land_or_water\":\"land\",\"name\":\"Khirbet ed Dir\",\"type\":\"settlement\"},\"type\":\"FeatureCollection\"}","anotherNames":"Horbat ed Dier, Khirbet ed Deir","koreanName":"키르벳 에드 디르","anotherKoreanNames":["호르밧 에드 디에르","키르벳 에드 데이르"]},{"id":"m39f75d","name":"Tell Jenin","isModern":true,"stereo":"child","description":"An archaeological tell (mound) near the modern city of Jenin, West Bank.\nIt is one of the multiple sites proposed as the location for the Levitical city of Anem (1 Chr. 6:73).","koreanDescription":"서안 지구의 현대 도시 제닌 근처에 있는 고고학적 텔(언덕)입니다.\n레위 성읍 아넴 (역대상 6:73)의 위치로 제안되는 여러 유적지 중 하나입니다.","imageTitle":"m39f75d.i086b9c.jpg","types":["settlement"],"geojsonText":"{\"bbox\":[35.29609,32.45854,35.30141,32.46304],\"features\":[{\"geometry\":{\"coordinates\":[35.29875,32.46079],\"type\":\"Point\"},\"properties\":{\"id\":\"m39f75d.point\",\"role\":\"point\"},\"type\":\"Feature\"},{\"geometry\":{\"coordinates\":[[[35.297682,32.461322],[35.297655,32.461211],[35.297666,32.460928],[35.298052,32.460896],[35.298307,32.460898],[35.29883,32.460835],[35.298951,32.461439],[35.298323,32.461555],[35.29828,32.461295],[35.297682,32.461322]]],\"type\":\"Polygon\"},\"properties\":{\"id\":\"g43d9b7.local\",\"land_or_water\":\"land\",\"role\":\"local\"},\"type\":\"Feature\"},{\"geometry\":{\"coordinates\":[[[35.29875,32.46304],[35.29847,32.46303],[35.2982,32.46299],[35.29793,32.46293],[35.29767,32.46284],[35.29742,32.46274],[35.29718,32.46261],[35.29697,32.46246],[35.29677,32.46229],[35.29659,32.46211],[35.29644,32.46191],[35.29632,32.4617],[35.29622,32.46148],[35.29614,32.46126],[35.2961,32.46102],[35.29609,32.46079],[35.2961,32.46055],[35.29614,32.46032],[35.29622,32.4601],[35.29632,32.45988],[35.29644,32.45967],[35.29659,32.45947],[35.29677,32.45929],[35.29697,32.45912],[35.29718,32.45897],[35.29742,32.45884],[35.29767,32.45874],[35.29793,32.45865],[35.2982,32.45859],[35.29847,32.45855],[35.29875,32.45854],[35.29903,32.45855],[35.2993,32.45859],[35.29957,32.45865],[35.29983,32.45874],[35.30008,32.45884],[35.30032,32.45897],[35.30053,32.45912],[35.30073,32.45929],[35.30091,32.45947],[35.30106,32.45967],[35.30118,32.45988],[35.30128,32.4601],[35.30136,32.46032],[35.3014,32.46055],[35.30141,32.46079],[35.3014,32.46102],[35.30136,32.46126],[35.30128,32.46148],[35.30118,32.4617],[35.30106,32.46191],[35.30091,32.46211],[35.30073,32.46229],[35.30053,32.46246],[35.30032,32.46261],[35.30008,32.46274],[35.29983,32.46284],[35.29957,32.46293],[35.2993,32.46299],[35.29903,32.46303],[35.29875,32.46304]]],\"type\":\"Polygon\"},\"properties\":{\"id\":\"g9f08cc.precision_radius\",\"land_or_water\":\"land\",\"role\":\"precision_radius\"},\"type\":\"Feature\"}],\"metadata\":{\"class\":\"human\",\"geometry_credit\":\"Some data © OpenStreetMap contributors\",\"land_or_water\":\"land\",\"name\":\"Tell Jenin\",\"type\":\"settlement\"},\"type\":\"FeatureCollection\"}","anotherNames":null,"koreanName":"텔 제닌","anotherKoreanNames":[]},{"id":"m325c72","name":"Hadita","isModern":true,"stereo":"child","description":"A modern village in the Jezreel Valley area, Israel.\nIt is one of the possible locations suggested for the Levitical city of Anem (1 Chr. 6:73).","koreanDescription":"이스라엘 이스르엘 골짜기 지역의 현대 마을입니다.\n레위 성읍 아넴 (역대상 6:73)의 가능한 위치로 제안되는 곳 중 하나입니다.","imageTitle":"m325c72.satellite.jpg","types":["settlement"],"geojsonText":"{\"bbox\":[35.48363,32.67815,35.48897,32.68265],\"features\":[{\"geometry\":{\"coordinates\":[35.4863,32.6804],\"type\":\"Point\"},\"properties\":{\"id\":\"m325c72.point\",\"role\":\"point\"},\"type\":\"Feature\"},{\"geometry\":{\"coordinates\":[[[35.4863,32.68265],[35.48602,32.68264],[35.48574,32.6826],[35.48547,32.68254],[35.48521,32.68245],[35.48496,32.68235],[35.48473,32.68222],[35.48451,32.68207],[35.48431,32.6819],[35.48414,32.68172],[35.48399,32.68152],[35.48386,32.68131],[35.48376,32.68109],[35.48369,32.68087],[35.48364,32.68063],[35.48363,32.6804],[35.48364,32.68016],[35.48369,32.67993],[35.48376,32.67971],[35.48386,32.67949],[35.48399,32.67928],[35.48414,32.67908],[35.48431,32.6789],[35.48451,32.67873],[35.48473,32.67858],[35.48496,32.67845],[35.48521,32.67835],[35.48547,32.67826],[35.48574,32.6782],[35.48602,32.67816],[35.4863,32.67815],[35.48658,32.67816],[35.48686,32.6782],[35.48713,32.67826],[35.48739,32.67835],[35.48764,32.67845],[35.48787,32.67858],[35.48809,32.67873],[35.48829,32.6789],[35.48846,32.67908],[35.48861,32.67928],[35.48874,32.67949],[35.48884,32.67971],[35.48891,32.67993],[35.48896,32.68016],[35.48897,32.6804],[35.48896,32.68063],[35.48891,32.68087],[35.48884,32.68109],[35.48874,32.68131],[35.48861,32.68152],[35.48846,32.68172],[35.48829,32.6819],[35.48809,32.68207],[35.48787,32.68222],[35.48764,32.68235],[35.48739,32.68245],[35.48713,32.68254],[35.48686,32.6826],[35.48658,32.68264],[35.4863,32.68265]]],\"type\":\"Polygon\"},\"properties\":{\"id\":\"g3d71a1.precision_radius\",\"land_or_water\":\"land\",\"role\":\"precision_radius\"},\"type\":\"Feature\"}],\"metadata\":{\"class\":\"human\",\"land_or_water\":\"land\",\"name\":\"Hadita\",\"type\":\"settlement\"},\"type\":\"FeatureCollection\"}","anotherNames":"El Hadetheh, El Haditheh, Hadatha, Hadatheh, Kerm el Haditeh, Tel en Hadda","koreanName":"하디타","anotherKoreanNames":["엘 하데테","엘 하디테","하다타","하다테","케름 엘 하디테","텔 엔 하따"]},{"id":"m941775","name":"Olam","isModern":true,"stereo":"child","description":"A ruin site (Khirbet) in the Jezreel Valley area, sometimes suggested as an identification for the Levitical city of Anem (1 Chr. 6:73).","koreanDescription":"이스르엘 골짜기 지역의 폐허(키르벳) 유적지로, 때때로 레위 성읍 아넴 (역대상 6:73)의 위치로 제안됩니다.","imageTitle":"m941775.satellite.jpg","types":["settlement"],"geojsonText":"{\"bbox\":[35.4965,32.66414,35.50184,32.66864],\"features\":[{\"geometry\":{\"coordinates\":[35.499167,32.666389],\"type\":\"Point\"},\"properties\":{\"id\":\"m941775.point\",\"role\":\"point\"},\"type\":\"Feature\"},{\"geometry\":{\"coordinates\":[[[35.49917,32.66864],[35.49889,32.66862],[35.49861,32.66859],[35.49834,32.66853],[35.49808,32.66844],[35.49783,32.66834],[35.4976,32.66821],[35.49738,32.66806],[35.49718,32.66789],[35.49701,32.66771],[35.49685,32.66751],[35.49673,32.6673],[35.49663,32.66708],[35.49655,32.66686],[35.49651,32.66662],[35.4965,32.66639],[35.49651,32.66615],[35.49655,32.66592],[35.49663,32.66569],[35.49673,32.66547],[35.49685,32.66526],[35.49701,32.66507],[35.49718,32.66488],[35.49738,32.66472],[35.4976,32.66457],[35.49783,32.66444],[35.49808,32.66434],[35.49834,32.66425],[35.49861,32.66419],[35.49889,32.66415],[35.49917,32.66414],[35.49945,32.66415],[35.49972,32.66419],[35.49999,32.66425],[35.50025,32.66434],[35.5005,32.66444],[35.50074,32.66457],[35.50095,32.66472],[35.50115,32.66488],[35.50133,32.66507],[35.50148,32.66526],[35.50161,32.66547],[35.50171,32.66569],[35.50178,32.66592],[35.50182,32.66615],[35.50184,32.66639],[35.50182,32.66662],[35.50178,32.66686],[35.50171,32.66708],[35.50161,32.6673],[35.50148,32.66751],[35.50133,32.66771],[35.50115,32.66789],[35.50095,32.66806],[35.50074,32.66821],[35.5005,32.66834],[35.50025,32.66844],[35.49999,32.66853],[35.49972,32.66859],[35.49945,32.66862],[35.49917,32.66864]]],\"type\":\"Polygon\"},\"properties\":{\"id\":\"ge44bf9.precision_radius\",\"land_or_water\":\"land\",\"role\":\"precision_radius\"},\"type\":\"Feature\"}],\"metadata\":{\"class\":\"human\",\"land_or_water\":\"land\",\"name\":\"Olam\",\"type\":\"settlement\"},\"type\":\"FeatureCollection\"}","anotherNames":"Awlam, Khirbet Ulam","koreanName":"올람","anotherKoreanNames":["아울람","키르벳 울람"]},{"id":"m63c688","name":"Khirbet Anim","isModern":true,"stereo":"child","description":"A ruin site (Khirbet) in the southern Hebron hills.\nIt is one of the suggested identifications for the ancient Levitical city of Anem (1 Chr. 6:73) due to name similarity, though it is further south than the typical location in Issachar.","koreanDescription":"헤브론 남부 언덕에 있는 폐허(키르벳) 유적지입니다.\n이름의 유사성 때문에 고대 레위 성읍 아넴 (역대상 6:73)의 가능한 위치 중 하나로 제안되기도 하지만, 잇사갈 지파의 일반적인 위치보다 남쪽에 있습니다.","imageTitle":"m63c688.satellite.jpg","types":["settlement"],"geojsonText":"{\"bbox\":[35.54564,32.67545,35.54778,32.67725],\"features\":[{\"geometry\":{\"coordinates\":[35.54671,32.67635],\"type\":\"Point\"},\"properties\":{\"id\":\"m63c688.point\",\"role\":\"point\"},\"type\":\"Feature\"},{\"geometry\":{\"coordinates\":[[[35.54671,32.67725],[35.5466,32.67724],[35.54649,32.67723],[35.54638,32.67721],[35.54628,32.67717],[35.54618,32.67713],[35.54608,32.67708],[35.546,32.67702],[35.54592,32.67695],[35.54585,32.67688],[35.54578,32.6768],[35.54573,32.67672],[35.54569,32.67663],[35.54566,32.67654],[35.54565,32.67644],[35.54564,32.67635],[35.54565,32.67626],[35.54566,32.67616],[35.54569,32.67607],[35.54573,32.67598],[35.54578,32.6759],[35.54585,32.67582],[35.54592,32.67575],[35.546,32.67568],[35.54608,32.67562],[35.54618,32.67557],[35.54628,32.67553],[35.54638,32.67549],[35.54649,32.67547],[35.5466,32.67546],[35.54671,32.67545],[35.54682,32.67546],[35.54693,32.67547],[35.54704,32.67549],[35.54714,32.67553],[35.54724,32.67557],[35.54734,32.67562],[35.54742,32.67568],[35.5475,32.67575],[35.54757,32.67582],[35.54764,32.6759],[35.54769,32.67598],[35.54773,32.67607],[35.54776,32.67616],[35.54777,32.67626],[35.54778,32.67635],[35.54777,32.67644],[35.54776,32.67654],[35.54773,32.67663],[35.54769,32.67672],[35.54764,32.6768],[35.54757,32.67688],[35.5475,32.67695],[35.54742,32.67702],[35.54734,32.67708],[35.54724,32.67713],[35.54714,32.67717],[35.54704,32.67721],[35.54693,32.67723],[35.54682,32.67724],[35.54671,32.67725]]],\"type\":\"Polygon\"},\"properties\":{\"id\":\"g0a765a.precision_radius\",\"land_or_water\":\"land\",\"role\":\"precision_radius\"},\"type\":\"Feature\"}],\"metadata\":{\"class\":\"human\",\"land_or_water\":\"land\",\"name\":\"Khirbet Anim\",\"type\":\"settlement\"},\"type\":\"FeatureCollection\"}","anotherNames":"Horbat Anin, Khirbet Anin","koreanName":"키르벳 아님","anotherKoreanNames":["호르밧 아닌","키르벳 아닌"]},{"id":"m8e8c6d","name":"Tell Ta’anakh","isModern":true,"stereo":"child","description":"A prominent archaeological tell (mound) in the Jezreel Valley, Israel, identified with the ancient city of Taanach.\nIt is the accepted modern location for the Levitical city of Aner (1 Chr. 6:70).","koreanDescription":"이스라엘 이스르엘 골짜기에 있는 유명한 고고학적 텔(언덕)로, 고대 도시 다아낙과 동일시됩니다.\n레위 성읍 아넬 (역대상 6:70)의 현대 위치로 받아들여지고 있습니다.","imageTitle":"m8e8c6d.ic3e743.jpg","types":["settlement"],"geojsonText":"{\"bbox\":[35.21859,32.52108,35.21966,32.52198],\"features\":[{\"geometry\":{\"coordinates\":[35.219122,32.521526],\"type\":\"Point\"},\"properties\":{\"id\":\"m8e8c6d.point\",\"role\":\"point\"},\"type\":\"Feature\"},{\"geometry\":{\"coordinates\":[[[35.21912,32.52198],[35.21907,32.52197],[35.21901,32.52197],[35.21896,32.52195],[35.21891,32.52194],[35.21886,32.52192],[35.21881,32.52189],[35.21877,32.52186],[35.21873,32.52183],[35.21869,32.52179],[35.21866,32.52175],[35.21863,32.52171],[35.21861,32.52166],[35.2186,32.52162],[35.21859,32.52157],[35.21859,32.52153],[35.21859,32.52148],[35.2186,32.52143],[35.21861,32.52139],[35.21863,32.52134],[35.21866,32.5213],[35.21869,32.52126],[35.21873,32.52123],[35.21877,32.52119],[35.21881,32.52116],[35.21886,32.52114],[35.21891,32.52112],[35.21896,32.5211],[35.21901,32.52109],[35.21907,32.52108],[35.21912,32.52108],[35.21918,32.52108],[35.21923,32.52109],[35.21929,32.5211],[35.21934,32.52112],[35.21939,32.52114],[35.21944,32.52116],[35.21948,32.52119],[35.21952,32.52123],[35.21955,32.52126],[35.21958,32.5213],[35.21961,32.52134],[35.21963,32.52139],[35.21964,32.52143],[35.21965,32.52148],[35.21966,32.52153],[35.21965,32.52157],[35.21964,32.52162],[35.21963,32.52166],[35.21961,32.52171],[35.21958,32.52175],[35.21955,32.52179],[35.21952,32.52183],[35.21948,32.52186],[35.21944,32.52189],[35.21939,32.52192],[35.21934,32.52194],[35.21929,32.52195],[35.21923,32.52197],[35.21918,32.52197],[35.21912,32.52198]]],\"type\":\"Polygon\"},\"properties\":{\"id\":\"g447563.precision_radius\",\"land_or_water\":\"land\",\"role\":\"precision_radius\"},\"type\":\"Feature\"}],\"metadata\":{\"class\":\"human\",\"land_or_water\":\"land\",\"name\":\"Tell Ta’anakh\",\"type\":\"settlement\"},\"type\":\"FeatureCollection\"}","anotherNames":"Tall Ti’innik, Ta’naach, Ta’naak","koreanName":"텔 타아나크","anotherKoreanNames":["탈 티인닉","타아나크"]},{"id":"m66c5b8","name":"Jerusalem","isModern":true,"stereo":"child","description":"The capital of modern Israel and a holy city for Judaism, Christianity, and Islam.\nIt is the location of the biblical structure referred to as 'Angle' (2 Chr. 26:9, Neh. 3:19, etc.).","koreanDescription":"현대 이스라엘의 수도이자 유대교, 기독교, 이슬람교의 성지입니다.\n'모퉁이' (역대하 26:9, 느헤미야 3:19 등)로 언급된 성경 속 구조물이 위치했던 도시입니다.","imageTitle":"m66c5b8.i6449a7.jpg","types":["settlement"],"geojsonText":"{\"bbox\":[35.225701,31.772808,35.237558,31.783742],\"features\":[{\"geometry\":{\"coordinates\":[35.234167,31.776667],\"type\":\"Point\"},\"properties\":{\"id\":\"m66c5b8.point\",\"role\":\"point\"},\"type\":\"Feature\"},{\"geometry\":{\"coordinates\":[[[35.227657,31.776599],[35.227747,31.776508],[35.227659,31.776394],[35.227825,31.776289],[35.227753,31.775875],[35.227642,31.775883],[35.227618,31.775624],[35.227772,31.775611],[35.227848,31.775599],[35.227849,31.775535],[35.227847,31.775424],[35.227806,31.774544],[35.227729,31.774545],[35.22773,31.774387],[35.22779,31.774376],[35.227778,31.774048],[35.227782,31.773881],[35.227836,31.773872],[35.227858,31.773486],[35.227791,31.773485],[35.227794,31.77336],[35.227865,31.773336],[35.22787,31.773082],[35.227819,31.773084],[35.22782,31.772896],[35.228621,31.772903],[35.229503,31.772898],[35.229592,31.772872],[35.229638,31.772857],[35.229742,31.772823],[35.229792,31.772808],[35.230644,31.772943],[35.230646,31.772918],[35.230707,31.772927],[35.230773,31.772936],[35.230772,31.772966],[35.231011,31.773026],[35.231003,31.77306],[35.231499,31.773154],[35.231483,31.773234],[35.232293,31.773404],[35.23234,31.773362],[35.232427,31.773437],[35.23238,31.773479],[35.23242,31.773833],[35.232459,31.773913],[35.232517,31.773913],[35.232535,31.774013],[35.233242,31.774283],[35.233551,31.774736],[35.233704,31.774761],[35.233848,31.774781],[35.234179,31.774828],[35.235563,31.775017],[35.235767,31.775046],[35.23572,31.77531],[35.235672,31.775582],[35.235771,31.775594],[35.235759,31.775672],[35.235843,31.775681],[35.235812,31.775846],[35.23624,31.775911],[35.23653,31.775954],[35.237558,31.7761],[35.237298,31.778181],[35.237292,31.778227],[35.237209,31.778892],[35.237235,31.778894],[35.237218,31.779043],[35.237191,31.779041],[35.23719,31.779052],[35.237154,31.779343],[35.23714,31.779461],[35.237062,31.78007],[35.237088,31.780073],[35.237085,31.780094],[35.237056,31.780297],[35.237014,31.780728],[35.236999,31.780797],[35.236976,31.780907],[35.236961,31.780973],[35.236918,31.781381],[35.236999,31.781391],[35.236982,31.781533],[35.236931,31.781529],[35.236915,31.781703],[35.236964,31.781709],[35.236928,31.78197],[35.236965,31.78197],[35.236956,31.782097],[35.236927,31.782096],[35.236907,31.782264],[35.236953,31.782268],[35.236944,31.782362],[35.236895,31.782359],[35.236809,31.783188],[35.236712,31.783628],[35.236817,31.783648],[35.236792,31.783742],[35.236687,31.783722],[35.236691,31.783697],[35.236318,31.783629],[35.236306,31.783671],[35.236225,31.783657],[35.236227,31.78362],[35.235913,31.783553],[35.235908,31.783579],[35.235839,31.783565],[35.235848,31.78354],[35.235445,31.783448],[35.235443,31.783456],[35.235137,31.783383],[35.235125,31.78342],[35.235017,31.783394],[35.23503,31.783353],[35.234933,31.783327],[35.234972,31.783237],[35.234743,31.783195],[35.234724,31.783232],[35.234557,31.78319],[35.234552,31.783152],[35.233739,31.782979],[35.233725,31.783022],[35.233611,31.782996],[35.233626,31.782947],[35.233061,31.782816],[35.233045,31.782862],[35.232924,31.782847],[35.232926,31.782763],[35.232536,31.782697],[35.232511,31.782542],[35.232177,31.782489],[35.231864,31.782508],[35.231792,31.78258],[35.231637,31.782555],[35.231589,31.782585],[35.2313,31.782492],[35.231251,31.782425],[35.23105,31.78231],[35.231087,31.78227],[35.230952,31.782181],[35.230921,31.782215],[35.230846,31.782165],[35.23091,31.78209],[35.230745,31.781977],[35.230771,31.78194],[35.230558,31.781784],[35.230533,31.781808],[35.230496,31.781843],[35.230391,31.781763],[35.230432,31.781724],[35.230393,31.781695],[35.23035,31.781662],[35.230303,31.781627],[35.230276,31.781606],[35.230233,31.781647],[35.230134,31.781572],[35.230196,31.781513],[35.229897,31.781289],[35.229808,31.781363],[35.229702,31.78128],[35.229673,31.781302],[35.2295,31.781176],[35.229568,31.781111],[35.229465,31.781022],[35.229496,31.780984],[35.228562,31.780281],[35.228517,31.780306],[35.228397,31.780217],[35.228425,31.780181],[35.228198,31.77999],[35.228165,31.780013],[35.228074,31.779955],[35.228101,31.779928],[35.22775,31.779661],[35.227458,31.779963],[35.22688,31.779603],[35.226831,31.779646],[35.226419,31.779403],[35.226215,31.77931],[35.226086,31.779249],[35.226044,31.779314],[35.225883,31.779211],[35.226176,31.778899],[35.225701,31.778412],[35.22588,31.778287],[35.225868,31.77815],[35.225926,31.778132],[35.225926,31.778046],[35.227419,31.77679],[35.227578,31.776657],[35.227544,31.776628],[35.227503,31.776595],[35.227574,31.776528],[35.227657,31.776599]]],\"type\":\"Polygon\"},\"properties\":{\"id\":\"g1c795f.local\",\"land_or_water\":\"land\",\"role\":\"local\"},\"type\":\"Feature\"},{\"geometry\":{\"coordinates\":[[[35.227657,31.776599],[35.227747,31.776508],[35.227659,31.776394],[35.227825,31.776289],[35.227753,31.775875],[35.227642,31.775883],[35.227618,31.775624],[35.227848,31.775599],[35.227806,31.774544],[35.227729,31.774545],[35.227858,31.773486],[35.227791,31.773485],[35.227794,31.77336],[35.227865,31.773336],[35.22782,31.772896],[35.229503,31.772898],[35.229792,31.772808],[35.230773,31.772936],[35.231003,31.77306],[35.231499,31.773154],[35.231483,31.773234],[35.232293,31.773404],[35.23234,31.773362],[35.232427,31.773437],[35.23238,31.773479],[35.23242,31.773833],[35.232535,31.774013],[35.233242,31.774283],[35.233551,31.774736],[35.235767,31.775046],[35.235672,31.775582],[35.235843,31.775681],[35.235812,31.775846],[35.237558,31.7761],[35.236918,31.781381],[35.236999,31.781391],[35.236915,31.781703],[35.236964,31.781709],[35.236907,31.782264],[35.236953,31.782268],[35.236712,31.783628],[35.236817,31.783648],[35.236792,31.783742],[35.235017,31.783394],[35.234933,31.783327],[35.234972,31.783237],[35.234724,31.783232],[35.233739,31.782979],[35.233725,31.783022],[35.233611,31.782996],[35.233626,31.782947],[35.233061,31.782816],[35.232924,31.782847],[35.232926,31.782763],[35.232536,31.782697],[35.232511,31.782542],[35.232177,31.782489],[35.231589,31.782585],[35.2313,31.782492],[35.23105,31.78231],[35.231087,31.78227],[35.230846,31.782165],[35.23091,31.78209],[35.230745,31.781977],[35.230771,31.78194],[35.230558,31.781784],[35.230496,31.781843],[35.230276,31.781606],[35.230233,31.781647],[35.230134,31.781572],[35.230196,31.781513],[35.229897,31.781289],[35.229808,31.781363],[35.2295,31.781176],[35.229568,31.781111],[35.229465,31.781022],[35.229496,31.780984],[35.228562,31.780281],[35.228397,31.780217],[35.228425,31.780181],[35.22775,31.779661],[35.227458,31.779963],[35.22688,31.779603],[35.226831,31.779646],[35.226086,31.779249],[35.226044,31.779314],[35.225883,31.779211],[35.226176,31.778899],[35.225701,31.778412],[35.22588,31.778287],[35.225926,31.778046],[35.227578,31.776657],[35.227503,31.776595],[35.227574,31.776528],[35.227657,31.776599]]],\"type\":\"Polygon\"},\"properties\":{\"id\":\"g1c795f.simplified_local\",\"land_or_water\":\"land\",\"role\":\"simplified_local\"},\"type\":\"Feature\"},{\"geometry\":{\"coordinates\":[[[35.23417,31.77892],[35.23389,31.7789],[35.23362,31.77887],[35.23335,31.77881],[35.23309,31.77872],[35.23284,31.77861],[35.23261,31.77849],[35.2324,31.77834],[35.2322,31.77817],[35.23203,31.77799],[35.23188,31.77779],[35.23175,31.77758],[35.23165,31.77736],[35.23158,31.77713],[35.23154,31.7769],[35.23152,31.77667],[35.23154,31.77643],[35.23158,31.7762],[35.23165,31.77597],[35.23175,31.77575],[35.23188,31.77554],[35.23203,31.77535],[35.2322,31.77516],[35.2324,31.775],[35.23261,31.77485],[35.23284,31.77472],[35.23309,31.77461],[35.23335,31.77453],[35.23362,31.77447],[35.23389,31.77443],[35.23417,31.77442],[35.23444,31.77443],[35.23472,31.77447],[35.23498,31.77453],[35.23524,31.77461],[35.23549,31.77472],[35.23572,31.77485],[35.23594,31.775],[35.23613,31.77516],[35.23631,31.77535],[35.23646,31.77554],[35.23658,31.77575],[35.23668,31.77597],[35.23675,31.7762],[35.2368,31.77643],[35.23681,31.77667],[35.2368,31.7769],[35.23675,31.77713],[35.23668,31.77736],[35.23658,31.77758],[35.23646,31.77779],[35.23631,31.77799],[35.23613,31.77817],[35.23594,31.77834],[35.23572,31.77849],[35.23549,31.77861],[35.23524,31.77872],[35.23498,31.77881],[35.23472,31.77887],[35.23444,31.7789],[35.23417,31.77892]]],\"type\":\"Polygon\"},\"properties\":{\"id\":\"gd974ad.precision_radius\",\"land_or_water\":\"land\",\"role\":\"precision_radius\"},\"type\":\"Feature\"}],\"metadata\":{\"class\":\"human\",\"geometry_credit\":\"Some data © OpenStreetMap contributors\",\"land_or_water\":\"land\",\"name\":\"Jerusalem\",\"type\":\"settlement\"},\"type\":\"FeatureCollection\"}","anotherNames":null,"koreanName":"예루살렘","anotherKoreanNames":[]},{"id":"macb7a7","name":"Horbat Anim","isModern":true,"stereo":"child","description":"An archaeological ruin site in the southern Hebron hills, identified with the ancient town of Anim (Josh. 15:50).\nIt is also known as Khirbet Ghuwein al-Tahta ('Lower Ghuwein') and contains the remains of an ancient synagogue.","koreanDescription":"헤브론 남부 언덕에 있는 고고학적 폐허 유적지로, 고대 성읍 아님 (여호수아 15:50)과 동일시됩니다.\n키르벳 구웨인 알-타흐타('아래 구웨인')로도 알려져 있으며, 고대 회당의 잔해가 있습니다.","imageTitle":"macb7a7.id05fdf.jpg","types":["settlement"],"geojsonText":"{\"features\":[{\"geometry\":{\"coordinates\":[35.063521,31.353601],\"type\":\"Point\"},\"properties\":{\"id\":\"macb7a7.point\",\"role\":\"point\"},\"type\":\"Feature\"}],\"metadata\":{\"class\":\"human\",\"land_or_water\":\"land\",\"name\":\"Horbat Anim\",\"type\":\"settlement\"},\"type\":\"FeatureCollection\"}","anotherNames":"Khirbet Anim el Ghuwein, Khirbet Ghuwein et Tahta, Khirbet Ghuwein el Tahta","koreanName":"호르밧 아님","anotherKoreanNames":["키르벳 아님 엘 구웨인","키르벳 구웨인 엣 타흐타","키르벳 구웨인 엘 타흐타"]},{"id":"m3348d5","name":"Khirbet Ghuweina el Fauqa","isModern":true,"stereo":"child","description":"A ruin site (Khirbet) in the southern Hebron hills, also a candidate for the ancient town of Anim (Josh. 15:50).\nIts name means 'Upper Ghuweina', contrasting with Horbat Anim (Lower Ghuwein).","koreanDescription":"헤브론 남부 언덕에 있는 폐허(키르벳) 유적지로, 고대 성읍 아님 (여호수아 15:50)의 후보지이기도 합니다.\n이름은 '위 구웨이나'를 의미하며, 호르밧 아님(아래 구웨인)과 대조됩니다.","imageTitle":"m3348d5.satellite.jpg","types":["settlement"],"geojsonText":"{\"bbox\":[35.075787,31.359241,35.080765,31.363732],\"features\":[{\"geometry\":{\"coordinates\":[35.07875,31.36038],\"type\":\"Point\"},\"properties\":{\"id\":\"m3348d5.point\",\"role\":\"point\"},\"type\":\"Feature\"},{\"geometry\":{\"coordinates\":[[[35.079136,31.363173],[35.078502,31.362813],[35.077778,31.361983],[35.077773,31.361633],[35.07648,31.36043],[35.075914,31.360127],[35.075787,31.35982],[35.07628,31.359431],[35.076859,31.359241],[35.077438,31.359263],[35.078301,31.359915],[35.079003,31.360399],[35.079546,31.360557],[35.079784,31.360971],[35.079865,31.361288],[35.079975,31.361556],[35.080293,31.361775],[35.080203,31.362501],[35.080332,31.362835],[35.080765,31.363442],[35.080264,31.363732],[35.079963,31.363365],[35.079663,31.363121],[35.079136,31.363173]]],\"type\":\"Polygon\"},\"properties\":{\"id\":\"g7695c5.local\",\"land_or_water\":\"land\",\"role\":\"local\"},\"type\":\"Feature\"},{\"geometry\":{\"coordinates\":[[[35.07875,31.36083],[35.07869,31.36083],[35.07864,31.36082],[35.07859,31.36081],[35.07854,31.36079],[35.07849,31.36077],[35.07844,31.36074],[35.0784,31.36071],[35.07836,31.36068],[35.07832,31.36064],[35.07829,31.3606],[35.07827,31.36056],[35.07825,31.36052],[35.07823,31.36047],[35.07823,31.36043],[35.07822,31.36038],[35.07823,31.36033],[35.07823,31.36029],[35.07825,31.36024],[35.07827,31.3602],[35.07829,31.36016],[35.07832,31.36012],[35.07836,31.36008],[35.0784,31.36005],[35.07844,31.36002],[35.07849,31.35999],[35.07854,31.35997],[35.07859,31.35995],[35.07864,31.35994],[35.07869,31.35993],[35.07875,31.35993],[35.07881,31.35993],[35.07886,31.35994],[35.07891,31.35995],[35.07896,31.35997],[35.07901,31.35999],[35.07906,31.36002],[35.0791,31.36005],[35.07914,31.36008],[35.07918,31.36012],[35.07921,31.36016],[35.07923,31.3602],[35.07925,31.36024],[35.07927,31.36029],[35.07927,31.36033],[35.07928,31.36038],[35.07927,31.36043],[35.07927,31.36047],[35.07925,31.36052],[35.07923,31.36056],[35.07921,31.3606],[35.07918,31.36064],[35.07914,31.36068],[35.0791,31.36071],[35.07906,31.36074],[35.07901,31.36077],[35.07896,31.36079],[35.07891,31.36081],[35.07886,31.36082],[35.07881,31.36083],[35.07875,31.36083]]],\"type\":\"Polygon\"},\"properties\":{\"id\":\"ge5258a.precision_radius\",\"land_or_water\":\"land\",\"role\":\"precision_radius\"},\"type\":\"Feature\"}],\"metadata\":{\"class\":\"human\",\"geometry_credit\":\"Some data © OpenStreetMap contributors\",\"land_or_water\":\"land\",\"name\":\"Khirbet Ghuweina el Fauqa\",\"type\":\"settlement\"},\"type\":\"FeatureCollection\"}","anotherNames":"Khirbet Ghuweine el Fawqa, Khirbet Ghuwein el Foqa","koreanName":"키르벳 구웨이나 엘 파우카","anotherKoreanNames":["키르벳 구웨이네 엘 파우카","키르벳 구웨인 엘 포카"]},{"id":"mbe432b","name":"Antioch on the Orontes","isModern":true,"stereo":"child","description":"A modern city, Antakya, in Hatay Province, Turkey, located on the Orontes River.\nIt is the location of the biblical 'Antioch 1' (Syrian Antioch), a crucial early Christian center (Acts 11:26).","koreanDescription":"터키 하타이 주에 위치한 현대 도시 안타키아로, 오론테스 강에 있습니다.\n성경의 '안디옥 1' (수리아 안디옥)의 위치이며, 초기 기독교의 중요한 중심지였습니다 (사도행전 11:26).","imageTitle":"mbe432b.i748f59.jpg","types":["settlement"],"geojsonText":"{\"features\":[{\"geometry\":{\"coordinates\":[36.171743,36.226691],\"type\":\"Point\"},\"properties\":{\"id\":\"mbe432b.point\",\"role\":\"point\"},\"type\":\"Feature\"}],\"metadata\":{\"class\":\"human\",\"land_or_water\":\"land\",\"name\":\"Antioch on the Orontes\",\"type\":\"settlement\"},\"type\":\"FeatureCollection\"}","anotherNames":null,"koreanName":"오론테스 강변의 안디옥","anotherKoreanNames":[]}],"relations":[{"parentId":"a79606b","childId":"m227592","possibility":60},{"parentId":"a79606b","childId":"m5ba7b5","possibility":10},{"parentId":"ab34789","childId":"m780cf1","possibility":45},{"parentId":"ab34789","childId":"ma76eac","possibility":25},{"parentId":"ab34789","childId":"mc33ba8","possibility":15},{"parentId":"ac07206","childId":"md54909","possibility":75},{"parentId":"ac07206","childId":"m88e0f9","possibility":10},{"parentId":"ac07206","childId":"mc059af","possibility":10},{"parentId":"a234727","childId":"mcffb24","possibility":80},{"parentId":"a234727","childId":"md1381e","possibility":10},{"parentId":"a4bdea7","childId":"m7aac33","possibility":100},{"parentId":"a2a145b","childId":"m8e8c6d","possibility":70},{"parentId":"ac22b90","childId":"macb7a7","possibility":80},{"parentId":"ac22b90","childId":"m3348d5","possibility":10},{"parentId":"aac6cda","childId":"m66c5b8","possibility":100},{"parentId":"ad13f27","childId":"mecc3c0","possibility":70},{"parentId":"ad13f27","childId":"m0da21a","possibility":70},{"parentId":"ad13f27","childId":"m39f75d","possibility":70},{"parentId":"ad13f27","childId":"m325c72","possibility":70},{"parentId":"ad13f27","childId":"m941775","possibility":70},{"parentId":"ad13f27","childId":"m63c688","possibility":15},{"parentId":"ae41ab4","childId":"mbe432b","possibility":100}],"total":32}