{"data":[{"id":"a5a846f","name":"Humtah","imageTitle":"m86f941.ib463fd.jpg","isModern":false,"stereo":"parent","description":"An ancient city located in the hill country of Judah, mentioned in the distribution of tribal lands to the descendants of Judah.\nThe name is sometimes interpreted as 'place of lizards.' It is listed alongside Hebron (Kiriath Arba).\n\nKey Biblical Reference:\nJoshua 15:54: \"Humtah, Kiriath Arba (that is, Hebron), and Zior; nine cities and their villages.\"","koreanDescription":"유다 지파에게 분배된 땅, 특히 산악 지대에 위치했던 고대 도시입니다. 이름은 '도마뱀의 장소'로 해석되기도 합니다.\n헤브론(기럇 아르바)과 함께 언급되며, 유다 지파의 영토 경계를 이해하는 데 중요한 지점입니다.","verses":["Josh.15.54"],"placeUrl":"/geo/ancient/a5a846f/humtah","identificationPaths":["/geo/modern/m86f941","/geo/modern/m52be1c"],"types":["settlement"],"unknownPlacePossibility":null,"geojsonText":"{\"bbox\":[34.95452,31.39918,35.24992,31.65099],\"features\":[{\"geometry\":{\"coordinates\":[[[35.10222,31.65099],[35.08676,31.6503],[35.07147,31.64824],[35.05652,31.64482],[35.04207,31.64009],[35.02828,31.6341],[35.01531,31.62692],[35.00329,31.61861],[34.99236,31.60929],[34.98263,31.59904],[34.97422,31.58798],[34.96721,31.57623],[34.96169,31.56392],[34.9577,31.55118],[34.9553,31.53816],[34.95452,31.525],[34.95535,31.51184],[34.95778,31.49883],[34.9618,31.4861],[34.96736,31.47381],[34.97439,31.46207],[34.98282,31.45103],[34.99255,31.44079],[35.00349,31.43148],[35.0155,31.4232],[35.02845,31.41603],[35.04222,31.41005],[35.05664,31.40534],[35.07155,31.40193],[35.0868,31.39987],[35.10222,31.39918],[35.11764,31.39987],[35.13289,31.40193],[35.1478,31.40534],[35.16222,31.41005],[35.17599,31.41603],[35.18894,31.4232],[35.20095,31.43148],[35.21189,31.44079],[35.22162,31.45103],[35.23005,31.46207],[35.23708,31.47381],[35.24264,31.4861],[35.24666,31.49883],[35.24909,31.51184],[35.24992,31.525],[35.24914,31.53816],[35.24674,31.55118],[35.24275,31.56392],[35.23723,31.57623],[35.23022,31.58798],[35.22181,31.59904],[35.21208,31.60929],[35.20115,31.61861],[35.18913,31.62692],[35.17616,31.6341],[35.16237,31.64009],[35.14792,31.64482],[35.13297,31.64824],[35.11768,31.6503],[35.10222,31.65099]]],\"type\":\"Polygon\"},\"properties\":{\"id\":\"g89ebff.geometry\",\"land_or_water\":\"land\"},\"type\":\"Feature\"},{\"geometry\":{\"coordinates\":[34.9975,31.4555],\"type\":\"Point\"},\"properties\":{\"id\":\"m52be1c.point\"},\"type\":\"Feature\"},{\"geometry\":{\"coordinates\":[35.10222,31.525087],\"type\":\"Point\"},\"properties\":{\"id\":\"m86f941.14000m\"},\"type\":\"Feature\"}],\"metadata\":{\"name\":\"Humtah\"},\"type\":\"FeatureCollection\"}","anotherNames":null,"koreanName":"훔다","anotherKoreanNames":null},{"id":"a54fdd6","name":"Hushah","imageTitle":"mbdb4ea.ie70d63.jpg","isModern":false,"stereo":"parent","description":"A personal name appearing in the genealogies of the tribe of Judah (descendant of Hur, the firstborn of Ephrathah/Caleb). While primarily a person's name, it may possibly be a place name associated with the family.\nThe name is believed to mean 'haste' or 'eager,' and the person/family of Hushah is referenced in relation to military leaders and genealogical lists.","koreanDescription":"유다 지파의 족보에 등장하는 인물 또는 가문의 이름입니다. '서두름' 또는 '열렬함'이라는 의미를 가진 것으로 보이며, 다윗 시대의 용사들과 관련된 기록에서 언급되기도 합니다. 일부에서는 이 가문이 정착했던 장소의 이름일 가능성도 제기됩니다.","verses":["2Sam.21.18","2Sam.23.27","1Chr.4.4","1Chr.11.29","1Chr.20.4","1Chr.27.11"],"placeUrl":"/geo/ancient/a54fdd6/hushah","identificationPaths":["/geo/modern/mbdb4ea"],"types":["settlement"],"unknownPlacePossibility":null,"geojsonText":"{\"features\":[{\"geometry\":{\"coordinates\":[35.13242,31.71181],\"type\":\"Point\"},\"properties\":{\"id\":\"mbdb4ea.point\"},\"type\":\"Feature\"}],\"metadata\":{\"name\":\"Hushah\"},\"type\":\"FeatureCollection\"}","anotherNames":null,"koreanName":"후사","anotherKoreanNames":null},{"id":"a878d66","name":"Ibleam","imageTitle":"mfe8eb2.satellite.jpg","isModern":false,"stereo":"parent","description":"An ancient city in the territory allotted to Issachar and Asher but assigned to the half-tribe of Manasseh, whose inhabitants Manasseh failed to drive out.\nThe name is sometimes interpreted as 'devouring the people.' It is near Megiddo and Taanach and is noted as the location where King Ahaziah of Judah was fatally wounded by Jehu's men (2 Kings 9:27).","koreanDescription":"므낫세 지파에게 할당되었으나 원주민을 완전히 쫓아내지 못한 성읍 중 하나입니다. '백성을 삼킴'이라는 의미로 해석되기도 합니다.\n유다 왕 아하시야가 예후의 반란 시기에 이블르암 근처에서 치명상을 입은 장소로 성경에 기록되어 있습니다 (열왕기하 9:27).","verses":["Josh.17.11","Judg.1.27","2Kgs.9.27","2Kgs.15.10"],"placeUrl":"/geo/ancient/a878d66/ibleam","identificationPaths":["/geo/modern/mfe8eb2"],"types":["settlement"],"unknownPlacePossibility":null,"geojsonText":"{\"features\":[{\"geometry\":{\"coordinates\":[35.292,32.4462],\"type\":\"Point\"},\"properties\":{\"id\":\"mfe8eb2.point\"},\"type\":\"Feature\"}],\"metadata\":{\"name\":\"Ibleam\"},\"type\":\"FeatureCollection\"}","anotherNames":null,"koreanName":"이블르암","anotherKoreanNames":null},{"id":"ae425aa","name":"Iconium","imageTitle":"m5ff141.i2b698c.jpg","isModern":false,"stereo":"parent","description":"An important ancient city in the Roman province of Galatia (historically in Phrygia, later in Lycaonia), located on a fertile plain in central Asia Minor.\nIt was a key stop on Paul's first and second missionary journeys, where he preached in the synagogue, faced opposition from both Jews and Gentiles, and was stoned (Acts 13, 14, 16). Paul mentions the persecutions he endured there (2 Timothy 3:11).","koreanDescription":"소아시아(지금의 튀르키예) 중앙 평원에 위치한 고대 도시로, 로마 시대에는 갈라디아 속주에 속했으며 역사적으로는 브루기아, 이후 루가오니아의 주요 도시였습니다.\n사도 바울의 1차, 2차 전도 여행 때 방문한 핵심 장소로, 복음을 전하다가 유대인과 이방인의 박해를 받고 돌에 맞아 죽을 뻔했습니다 (사도행전 13, 14장).","verses":["Acts.13.51","Acts.14.1","Acts.14.19","Acts.14.21","Acts.16.2","2Tim.3.11"],"placeUrl":"/geo/ancient/ae425aa/iconium","identificationPaths":["/geo/modern/m5ff141"],"types":["settlement"],"unknownPlacePossibility":null,"geojsonText":"{\"features\":[{\"geometry\":{\"coordinates\":[32.492331,37.872202],\"type\":\"Point\"},\"properties\":{\"id\":\"m5ff141.point\"},\"type\":\"Feature\"}],\"metadata\":{\"name\":\"Iconium\"},\"type\":\"FeatureCollection\"}","anotherNames":null,"koreanName":"이고니온","anotherKoreanNames":null},{"id":"ae8fac6","name":"Idalah","imageTitle":"meea8c6.satellite.jpg","isModern":false,"stereo":"parent","description":"A city mentioned in the Bible as one of the twelve fortified cities belonging to the tribe of Zebulun (Joshua 19:15). It is listed with Shimron and Bethlehem (of Zebulun, distinct from the one near Jerusalem).\nThe name may mean 'memorial of God' or 'the hand of slander/cursing.'","koreanDescription":"스불론 지파에게 분배된 땅에 속한 성읍 중 하나로, 여호수아 19장 15절에 나옵니다. 시므론 및 (갈릴리의) 베들레헴과 함께 언급됩니다.\n이름은 '하나님의 기념물' 또는 '비방/저주의 손' 등으로 해석되기도 합니다.","verses":["Josh.19.15"],"placeUrl":"/geo/ancient/ae8fac6/idalah","identificationPaths":["/geo/modern/meea8c6"],"types":["settlement"],"unknownPlacePossibility":null,"geojsonText":"{\"features\":[{\"geometry\":{\"coordinates\":[35.183433,32.725794],\"type\":\"Point\"},\"properties\":{\"id\":\"meea8c6.point\"},\"type\":\"Feature\"}],\"metadata\":{\"name\":\"Idalah\"},\"type\":\"FeatureCollection\"}","anotherNames":null,"koreanName":"이다랄","anotherKoreanNames":null},{"id":"a2517a0","name":"Idumea","imageTitle":"a2517a0.iaa2ffd.jpg","isModern":false,"stereo":"parent","description":"The Greek name for the region of **Edom**, derived from Esau, also called Edom ('red'). It was a mountainous territory south and southeast of Judah, extending along the Arabah valley.\nBy New Testament times, the name Idumea primarily referred to the northern part of the ancient Edomite territory, which had been incorporated into the Jewish nation after being subdued by the Maccabees. Herod the Great was of Idumean ancestry.\nIt is mentioned as one of the areas from which people came to hear Jesus (Mark 3:8).","koreanDescription":"구약의 **에돔**에 해당하는 헬라어 이름입니다. '붉다'는 뜻을 가진 에서(에돔)의 후손들이 살던 지역으로, 유다 남쪽과 남동쪽에 위치한 산악 지대였습니다.\n신약 시대에는 마카베오 왕조에 의해 정복된 후 유대 국가에 편입되었으며, 주로 고대 에돔 영토의 북쪽 부분을 가리킵니다. 헤롯 대왕은 이두매 출신이었습니다.\n예수님의 말씀을 들으러 온 사람들이 온 지역 중 하나로 언급됩니다 (마가복음 3:8).","verses":["Mark.3.8"],"placeUrl":"/geo/ancient/a2517a0/idumea","identificationPaths":["/geo/modern/m86f941"],"types":["region"],"unknownPlacePossibility":null,"geojsonText":"{\"bbox\":[34.512165,31.183454,35.454223,31.745623],\"features\":[{\"geometry\":{\"coordinates\":[[[34.860216,31.745623],[34.512165,31.381663],[34.774822,31.24537],[35.372166,31.183454],[35.454223,31.699954],[34.860216,31.745623]]],\"type\":\"Polygon\"},\"properties\":{\"id\":\"g5e98fb.geometry\",\"land_or_water\":\"land\"},\"type\":\"Feature\"},{\"geometry\":{\"coordinates\":[35.10222,31.525087],\"type\":\"Point\"},\"properties\":{\"id\":\"m86f941.point\"},\"type\":\"Feature\"}],\"metadata\":{\"name\":\"Idumea\"},\"type\":\"FeatureCollection\"}","anotherNames":null,"koreanName":"이두매","anotherKoreanNames":null},{"id":"ad161d1","name":"Iim","imageTitle":"m988bed.satellite.jpg","isModern":false,"stereo":"parent","description":"A city mentioned in the extreme south of Judah, on the border of Edom, and part of the territory of Simeon (Joshua 15:29).\nThe name Iim, or Iyim, means 'heaps' or 'ruins,' suggesting an ancient or desolate site.","koreanDescription":"유다 지파의 남쪽 경계에 있는 성읍 중 하나로, 에돔 경계선 근처에 위치했습니다. 시므온 지파의 영토에도 포함되었을 것으로 추정됩니다 (여호수아 15:29).\n'더미' 또는 '폐허'라는 뜻을 가지고 있어, 당시 황폐했거나 오래된 유적지였음을 시사합니다.","verses":["Josh.15.29"],"placeUrl":"/geo/ancient/ad161d1/iim","identificationPaths":["/geo/modern/m988bed","/geo/modern/m11f1d4","/geo/modern/mcfd3eb"],"types":["settlement"],"unknownPlacePossibility":null,"geojsonText":"{\"bbox\":[34.797404,31.080567,34.940812,31.36475],\"features\":[{\"geometry\":{\"coordinates\":[34.940812,31.080567],\"type\":\"Point\"},\"properties\":{\"id\":\"m11f1d4.point\"},\"type\":\"Feature\"},{\"geometry\":{\"coordinates\":[34.92061,31.36475],\"type\":\"Point\"},\"properties\":{\"id\":\"m988bed.point\"},\"type\":\"Feature\"},{\"geometry\":{\"coordinates\":[34.797404,31.281372],\"type\":\"Point\"},\"properties\":{\"id\":\"mcfd3eb.point\"},\"type\":\"Feature\"}],\"metadata\":{\"name\":\"Iim\"},\"type\":\"FeatureCollection\"}","anotherNames":null,"koreanName":"이임","anotherKoreanNames":null},{"id":"a062b95","name":"Ijon","imageTitle":"m15bc95.satellite.jpg","isModern":false,"stereo":"parent","description":"A town in the tribe of Naphtali, located in the northern region of Israel near Abel-beth-maacah, in the Huleh Valley area.\nIt was a strategically important city due to its location on a major invasion route.\nIjon was attacked and plundered first by Ben-Hadad I of Aram-Damascus (1 Kings 15:20) and later by Tiglath-pileser III of Assyria, who deported its inhabitants (2 Kings 15:29).","koreanDescription":"납달리 지파에 속한 성읍으로, 이스라엘 북부 훌레 계곡 근처에 위치했습니다. 주요 침략로에 있어 전략적으로 중요했습니다.\n아람-다메섹의 벤하닷 1세 (열왕기상 15:20)와 앗수르의 디글랏 빌레셀 3세 (열왕기하 15:29)에 의해 함락되고 주민들이 포로로 잡혀갔던 역사적 장소입니다.","verses":["1Kgs.15.20","2Kgs.15.29","2Chr.16.4"],"placeUrl":"/geo/ancient/a062b95/ijon","identificationPaths":["/geo/modern/m15bc95","/geo/modern/m4f224b"],"types":["settlement"],"unknownPlacePossibility":null,"geojsonText":"{\"bbox\":[35.59,33.345278,35.5921,33.3611],\"features\":[{\"geometry\":{\"coordinates\":[35.59,33.345278],\"type\":\"Point\"},\"properties\":{\"id\":\"m15bc95.point\"},\"type\":\"Feature\"},{\"geometry\":{\"coordinates\":[35.5921,33.3611],\"type\":\"Point\"},\"properties\":{\"id\":\"m4f224b.point\"},\"type\":\"Feature\"}],\"metadata\":{\"name\":\"Ijon\"},\"type\":\"FeatureCollection\"}","anotherNames":null,"koreanName":"이욘","anotherKoreanNames":null},{"id":"ac405c0","name":"Illyricum","imageTitle":"ac405c0.i8c4a4a.jpg","isModern":false,"stereo":"parent","description":"A Roman province located on the western side of the Balkan Peninsula, stretching along the Adriatic Sea.\nIt is mentioned in Romans 15:19 as the extent of Paul's missionary work: \"...so that from Jerusalem and all around as far as Illyricum I have fully proclaimed the gospel of Christ.\"\nThis indicates Paul completed his ministry up to the borders of this region, a significant geographical reach for the early church's spread.","koreanDescription":"발칸 반도 서부, 아드리아 해를 따라 위치했던 로마의 속주입니다. 오늘날의 알바니아, 크로아티아, 보스니아 헤르체고비나 등의 일부를 포함합니다.\n사도 바울이 복음을 전한 지역의 서쪽 끝 경계로 언급됩니다: \"...그리하여 예루살렘으로부터 두루 행하여 일루리곤까지 그리스도의 복음을 충만하게 전하였노라\" (로마서 15:19).","verses":["Rom.15.19"],"placeUrl":"/geo/ancient/ac405c0/illyricum","identificationPaths":["/geo/modern/m232ed8"],"types":["region"],"unknownPlacePossibility":null,"geojsonText":"{\"bbox\":[14.26116,42.02749,20.13882,45.54278],\"features\":[{\"geometry\":{\"coordinates\":[[[[14.26116,45.31599],[14.26116,45.20259],[15.31613,44.06862],[16.37109,43.50164],[19.38528,42.02749],[19.53599,42.14088],[19.6867,42.25428],[19.83741,42.36768],[19.98812,42.48107],[20.13882,42.59447],[19.98812,43.04806],[19.23457,44.18202],[18.78244,44.8624],[16.37109,45.54278],[14.41187,45.42938],[14.26116,45.31599]]],[[[16.37109,45.31599],[15.31613,44.9758],[15.46684,44.40881],[15.76826,44.06862],[15.91897,43.95523],[16.06967,43.84183],[18.63173,42.48107],[19.08386,42.25428],[19.6867,42.36768],[19.83741,42.59447],[19.83741,42.82126],[19.23457,44.06862],[18.1796,44.8624],[16.37109,45.31599]]],[[[15.91897,44.9758],[15.61755,44.8624],[15.61755,44.749],[15.76826,44.18202],[16.37109,43.72843],[17.87819,42.93466],[18.63173,42.59447],[19.6867,42.36768],[19.6867,42.48107],[19.6867,42.59447],[19.08386,43.72843],[18.93315,43.84183],[18.78244,43.95523],[18.63173,44.06862],[17.42606,44.8624],[17.12464,44.9758],[16.97393,44.9758],[16.82322,44.9758],[16.67251,44.9758],[16.5218,44.9758],[16.37109,44.9758],[16.22038,44.9758],[16.06967,44.9758],[15.91897,44.9758]]],[[[15.76826,44.8624],[15.61755,44.749],[15.91897,44.29542],[16.06967,44.06862],[16.22038,43.95523],[16.37109,43.84183],[16.5218,43.72843],[17.12464,43.38825],[18.1796,42.82126],[18.78244,42.59447],[18.93315,42.70787],[18.93315,42.82126],[18.93315,42.93466],[18.93315,43.72843],[18.63173,44.06862],[17.27535,44.8624],[16.82322,44.9758],[16.67251,44.9758],[16.5218,44.9758],[16.37109,44.9758],[16.22038,44.9758],[16.06967,44.9758],[15.91897,44.9758],[15.76826,44.8624]]],[[[16.06967,44.06862],[16.22038,43.95523],[16.37109,43.84183],[16.5218,43.72843],[16.97393,43.50164],[18.1796,42.93466],[18.33031,42.93466],[18.63173,43.38825],[18.63173,43.84183],[18.63173,43.95523],[18.48102,44.06862],[17.57677,44.63561],[17.12464,44.8624],[16.22038,44.9758],[16.06967,44.9758],[15.91897,44.8624],[15.76826,44.749],[16.06967,44.06862]]],[[[16.97393,44.749],[16.5218,44.8624],[16.37109,44.8624],[16.22038,44.8624],[16.06967,44.8624],[15.91897,44.749],[15.91897,44.63561],[16.37109,43.95523],[16.5218,43.84183],[16.67251,43.72843],[17.27535,43.38825],[17.42606,43.38825],[17.57677,43.38825],[17.72748,43.38825],[18.63173,43.84183],[18.48102,43.95523],[18.33031,44.06862],[16.97393,44.749]]],[[[16.22038,44.8624],[15.91897,44.749],[16.5218,43.84183],[16.67251,43.72843],[16.82322,43.72843],[16.97393,43.72843],[17.12464,43.72843],[17.27535,43.72843],[17.42606,43.72843],[17.57677,43.72843],[17.72748,43.72843],[18.0289,43.72843],[18.1796,43.84183],[16.67251,44.749],[16.37109,44.8624],[16.22038,44.8624]]],[[[17.12464,44.06862],[17.12464,43.95523],[17.27535,43.72843],[17.57677,43.84183],[17.42606,43.95523],[17.12464,44.06862]]]],\"type\":\"MultiPolygon\"},\"properties\":{\"format\":\"isobands\",\"id\":\"g857eea.isobands\",\"land_or_water\":\"land\",\"max_confidence\":80,\"min_confidence\":10,\"role\":\"isobands\"},\"type\":\"Feature\"},{\"geometry\":{\"coordinates\":[16.483056,43.539444],\"type\":\"Point\"},\"properties\":{\"id\":\"m232ed8.point\"},\"type\":\"Feature\"}],\"metadata\":{\"name\":\"Illyricum\"},\"type\":\"FeatureCollection\"}","anotherNames":null,"koreanName":"일루리곤","anotherKoreanNames":null},{"id":"ae4d198","name":"Immer","imageTitle":"md561de.i10cc45.jpg","isModern":false,"stereo":"parent","description":"A place associated with a priestly family that returned from the Babylonian exile, as listed in the books of Ezra and Nehemiah.\nThe name 'Immer' is also the name of a priestly course established by David (1 Chronicles 24:14). It is listed with Tel-melah, Tel-harsha, Cherub, and Addan as locations from which the exiles returned, though the exact location of Immer as a settlement is uncertain and often linked to Babylon or the surrounding area.","koreanDescription":"바벨론 포로에서 귀환한 제사장 가문의 이름으로 언급되는 장소입니다 (에스라 2:59, 느헤미야 7:61).\n본래 '임멜'은 다윗이 정한 제사장 반열의 이름이기도 하며 (역대상 24:14), 포로 귀환자 명단에 지명으로 기록된 것은 이 가문이 정착했던 곳을 의미할 수 있습니다. 바벨론 또는 그 인근 지역과 연관 지어집니다.","verses":["Ezra.2.59","Neh.7.61"],"placeUrl":"/geo/ancient/ae4d198/immer","identificationPaths":["/geo/modern/md561de"],"types":["settlement"],"unknownPlacePossibility":null,"geojsonText":"{\"bbox\":[40.85894,30.31608,48.87009,34.00047],\"features\":[{\"geometry\":{\"coordinates\":[[[[43.05808,34.00047],[40.85894,33.59109],[43.21516,31.54421],[43.37224,31.40775],[46.35679,30.45254],[46.82804,30.31608],[47.77052,30.72546],[48.87009,31.54421],[48.87009,31.68067],[48.87009,31.81713],[46.82804,34.00047],[46.67095,34.00047],[46.51387,34.00047],[46.35679,34.00047],[46.19971,34.00047],[46.04263,34.00047],[45.88555,34.00047],[45.72847,34.00047],[45.57138,34.00047],[45.4143,34.00047],[45.25722,34.00047],[45.10014,34.00047],[44.94306,34.00047],[44.78598,34.00047],[44.62889,34.00047],[44.47181,34.00047],[44.31473,34.00047],[44.15765,34.00047],[44.00057,34.00047],[43.84349,34.00047],[43.68641,34.00047],[43.52932,34.00047],[43.37224,34.00047],[43.21516,34.00047],[43.05808,34.00047]]],[[[43.21516,33.86401],[43.05808,33.86401],[42.74392,32.2265],[43.21516,31.54421],[44.00057,31.40775],[46.98512,30.99837],[47.1422,31.13483],[47.61344,31.54421],[47.61344,31.68067],[47.61344,31.81713],[46.82804,33.31817],[43.52932,33.86401],[43.37224,33.86401],[43.21516,33.86401]]],[[[43.21516,33.86401],[43.05808,33.59109],[43.21516,31.81713],[43.68641,31.54421],[45.10014,31.27129],[46.98512,31.13483],[47.1422,31.13483],[47.1422,31.54421],[47.1422,31.81713],[46.98512,32.2265],[46.51387,33.31817],[43.21516,33.86401]]],[[[43.52932,33.72755],[43.37224,33.72755],[43.21516,33.72755],[43.21516,32.2265],[43.21516,32.09004],[43.21516,31.95358],[43.37224,31.81713],[43.68641,31.54421],[46.98512,31.27129],[47.1422,31.54421],[46.82804,32.2265],[45.72847,33.18171],[45.4143,33.31817],[43.52932,33.72755]]],[[[46.82804,32.09004],[46.51387,32.36296],[46.04263,32.77234],[45.88555,32.9088],[45.57138,33.04525],[45.10014,33.18171],[44.62889,33.31817],[44.15765,33.45463],[44.00057,33.45463],[43.84349,33.45463],[43.68641,33.45463],[43.21516,32.09004],[43.37224,31.81713],[43.68641,31.68067],[44.31473,31.54421],[44.62889,31.54421],[44.78598,31.54421],[44.94306,31.54421],[45.57138,31.54421],[45.72847,31.54421],[45.88555,31.54421],[46.04263,31.54421],[46.19971,31.54421],[46.35679,31.54421],[46.51387,31.54421],[46.67095,31.54421],[46.82804,31.54421],[46.98512,31.54421],[46.98512,31.68067],[46.82804,32.09004]]],[[[45.88555,31.54421],[46.04263,31.54421],[46.19971,31.54421],[46.35679,31.54421],[46.51387,31.54421],[46.67095,31.54421],[46.82804,31.54421],[46.82804,31.68067],[46.82804,31.81713],[46.82804,31.95358],[46.67095,32.09004],[46.35679,32.36296],[46.04263,32.63588],[45.72847,32.9088],[44.94306,33.18171],[44.15765,33.45463],[44.00057,33.45463],[43.84349,33.45463],[43.68641,32.09004],[43.68641,31.95358],[43.68641,31.81713],[44.00057,31.68067],[44.62889,31.54421],[44.78598,31.54421],[45.88555,31.54421]]],[[[43.84349,32.09004],[43.68641,31.81713],[46.35679,31.54421],[46.51387,31.54421],[46.67095,31.54421],[46.82804,31.54421],[46.82804,31.81713],[46.67095,32.09004],[45.57138,32.9088],[45.25722,33.04525],[44.94306,33.18171],[44.78598,33.18171],[44.62889,33.04525],[43.84349,32.09004]]],[[[44.78598,33.04525],[44.00057,32.09004],[43.84349,31.81713],[46.51387,31.54421],[46.67095,31.54421],[46.82804,31.54421],[46.67095,32.09004],[44.94306,33.04525],[44.78598,33.04525]]],[[[44.15765,32.09004],[44.47181,31.81713],[46.67095,31.54421],[46.67095,31.68067],[46.67095,32.09004],[45.57138,32.36296],[45.4143,32.36296],[44.78598,32.2265],[44.15765,32.09004]]]],\"type\":\"MultiPolygon\"},\"properties\":{\"format\":\"isobands\",\"id\":\"g523915.isobands\",\"land_or_water\":\"land\",\"max_confidence\":90,\"min_confidence\":10,\"role\":\"isobands\"},\"type\":\"Feature\"},{\"geometry\":{\"coordinates\":[44.422222,32.543333],\"type\":\"Point\"},\"properties\":{\"id\":\"md561de.point\"},\"type\":\"Feature\"}],\"metadata\":{\"name\":\"Immer\"},\"type\":\"FeatureCollection\"}","anotherNames":null,"koreanName":"임멜","anotherKoreanNames":null},{"id":"m86f941","name":"Tel Rumeida","isModern":true,"stereo":"child","description":"An archaeological site and residential area located in the city of Hebron (H2 zone), in the West Bank. It is widely considered the site of the ancient city of **Hebron** (and possibly **Kiriath Arba**) mentioned in the Bible.\nExcavations reveal continuous settlement from the Chalcolithic period (c. 3500 BCE) and significant layers from the Middle Bronze Age and Iron Age (Kingdom of Judah period), including LMLK seal stamps.","koreanDescription":"서안 지구 헤브론 시에 위치한 고고학 유적지이자 주거 지역입니다. 고대 도시 **헤브론** (또는 **기럇 아르바**)의 유력한 장소로 널리 알려져 있습니다.\n구리 시대부터 지속적으로 정착한 흔적이 있으며, 특히 중간 청동기 시대와 유다 왕국 시대 (철기 시대)의 유적이 발견되었습니다. LMLK 인장 항아리 손잡이도 출토되었습니다.","imageTitle":"m86f941.ib463fd.jpg","types":["settlement"],"geojsonText":"{\"bbox\":[35.10169,31.52464,35.10275,31.52554],\"features\":[{\"geometry\":{\"coordinates\":[35.10222,31.525087],\"type\":\"Point\"},\"properties\":{\"id\":\"m86f941.point\",\"role\":\"point\"},\"type\":\"Feature\"},{\"geometry\":{\"coordinates\":[[[35.10222,31.52554],[35.10216,31.52553],[35.10211,31.52553],[35.10206,31.52551],[35.10201,31.5255],[35.10196,31.52548],[35.10191,31.52545],[35.10187,31.52542],[35.10183,31.52539],[35.10179,31.52535],[35.10176,31.52531],[35.10174,31.52527],[35.10172,31.52523],[35.1017,31.52518],[35.1017,31.52513],[35.10169,31.52509],[35.1017,31.52504],[35.1017,31.52499],[35.10172,31.52495],[35.10174,31.5249],[35.10176,31.52486],[35.10179,31.52482],[35.10183,31.52479],[35.10187,31.52475],[35.10191,31.52472],[35.10196,31.5247],[35.10201,31.52468],[35.10206,31.52466],[35.10211,31.52465],[35.10216,31.52464],[35.10222,31.52464],[35.10228,31.52464],[35.10233,31.52465],[35.10238,31.52466],[35.10243,31.52468],[35.10248,31.5247],[35.10253,31.52472],[35.10257,31.52475],[35.10261,31.52479],[35.10265,31.52482],[35.10268,31.52486],[35.1027,31.5249],[35.10272,31.52495],[35.10274,31.52499],[35.10274,31.52504],[35.10275,31.52509],[35.10274,31.52513],[35.10274,31.52518],[35.10272,31.52523],[35.1027,31.52527],[35.10268,31.52531],[35.10265,31.52535],[35.10261,31.52539],[35.10257,31.52542],[35.10253,31.52545],[35.10248,31.52548],[35.10243,31.5255],[35.10238,31.52551],[35.10233,31.52553],[35.10228,31.52553],[35.10222,31.52554]]],\"type\":\"Polygon\"},\"properties\":{\"id\":\"g72206e.precision_radius\",\"land_or_water\":\"land\",\"role\":\"precision_radius\"},\"type\":\"Feature\"}],\"metadata\":{\"class\":\"human\",\"land_or_water\":\"land\",\"name\":\"Tel Rumeida\",\"type\":\"settlement\"},\"type\":\"FeatureCollection\"}","anotherNames":"Er Rumeida, Er Rumeideh, Tel Hebron, Tell Hebron","koreanName":"텔 루메이다","anotherKoreanNames":"에르 루메이다, 텔 헤브론"},{"id":"m52be1c","name":"Khirbet al Hadab","isModern":true,"stereo":"child","description":"A modern ruin site (Khirbet) in the West Bank, often suggested as an alternative or secondary identification for the ancient biblical site of Humtah.","koreanDescription":"서안 지구에 위치한 현대 유적지(키르벳)입니다. 고대 성경 지명인 훔다의 또 다른 또는 덜 유력한 비정지로 제시되기도 합니다.","imageTitle":"m52be1c.satellite.jpg","types":["settlement"],"geojsonText":"{\"bbox\":[34.99486,31.45325,35.00014,31.45775],\"features\":[{\"geometry\":{\"coordinates\":[34.9975,31.4555],\"type\":\"Point\"},\"properties\":{\"id\":\"m52be1c.point\",\"role\":\"point\"},\"type\":\"Feature\"},{\"geometry\":{\"coordinates\":[[[34.9975,31.45775],[34.99722,31.45774],[34.99695,31.4577],[34.99669,31.45764],[34.99643,31.45755],[34.99618,31.45745],[34.99595,31.45732],[34.99574,31.45717],[34.99554,31.457],[34.99537,31.45682],[34.99522,31.45662],[34.99509,31.45641],[34.99499,31.45619],[34.99492,31.45597],[34.99488,31.45573],[34.99486,31.4555],[34.99488,31.45526],[34.99492,31.45503],[34.99499,31.45481],[34.99509,31.45459],[34.99522,31.45438],[34.99537,31.45418],[34.99554,31.454],[34.99574,31.45383],[34.99595,31.45368],[34.99618,31.45355],[34.99643,31.45345],[34.99669,31.45336],[34.99695,31.4533],[34.99722,31.45326],[34.9975,31.45325],[34.99778,31.45326],[34.99805,31.4533],[34.99831,31.45336],[34.99857,31.45345],[34.99882,31.45355],[34.99905,31.45368],[34.99926,31.45383],[34.99946,31.454],[34.99963,31.45418],[34.99978,31.45438],[34.99991,31.45459],[35.00001,31.45481],[35.00008,31.45503],[35.00012,31.45526],[35.00014,31.4555],[35.00012,31.45573],[35.00008,31.45597],[35.00001,31.45619],[34.99991,31.45641],[34.99978,31.45662],[34.99963,31.45682],[34.99946,31.457],[34.99926,31.45717],[34.99905,31.45732],[34.99882,31.45745],[34.99857,31.45755],[34.99831,31.45764],[34.99805,31.4577],[34.99778,31.45774],[34.9975,31.45775]]],\"type\":\"Polygon\"},\"properties\":{\"id\":\"gf6d210.precision_radius\",\"land_or_water\":\"land\",\"role\":\"precision_radius\"},\"type\":\"Feature\"}],\"metadata\":{\"class\":\"human\",\"land_or_water\":\"land\",\"name\":\"Khirbet al Hadab\",\"type\":\"settlement\"},\"type\":\"FeatureCollection\"}","anotherNames":"Khirbet ed Darrameh","koreanName":"키르벳 알 하다브","anotherKoreanNames":"키르벳 엣 다르라메"},{"id":"mbdb4ea","name":"Husan","isModern":true,"stereo":"child","description":"A Palestinian village located in the West Bank, near Bethlehem. It is one of the modern sites considered a possible location for the ancient biblical place/family of Hushah, although the connection is only a possibility (45% in relations).","koreanDescription":"베들레헴 근처 서안 지구에 위치한 팔레스타인 마을입니다. 고대 성경의 후사(Hushah)와 연결될 가능성이 있는 현대 지명 중 하나로 여겨집니다 (45% 가능성).","imageTitle":"mbdb4ea.ie70d63.jpg","types":["settlement"],"geojsonText":"{\"bbox\":[35.12978,31.70956,35.13506,31.71406],\"features\":[{\"geometry\":{\"coordinates\":[35.13242,31.71181],\"type\":\"Point\"},\"properties\":{\"id\":\"mbdb4ea.point\",\"role\":\"point\"},\"type\":\"Feature\"},{\"geometry\":{\"coordinates\":[[[35.13242,31.71406],[35.13214,31.71405],[35.13187,31.71401],[35.1316,31.71395],[35.13135,31.71386],[35.1311,31.71376],[35.13087,31.71363],[35.13065,31.71348],[35.13046,31.71331],[35.13028,31.71313],[35.13013,31.71293],[35.13001,31.71272],[35.12991,31.7125],[35.12983,31.71228],[35.12979,31.71204],[35.12978,31.71181],[35.12979,31.71157],[35.12983,31.71134],[35.12991,31.71112],[35.13001,31.7109],[35.13013,31.71069],[35.13028,31.71049],[35.13046,31.71031],[35.13065,31.71014],[35.13087,31.70999],[35.1311,31.70986],[35.13135,31.70976],[35.1316,31.70967],[35.13187,31.70961],[35.13214,31.70957],[35.13242,31.70956],[35.1327,31.70957],[35.13297,31.70961],[35.13324,31.70967],[35.13349,31.70976],[35.13374,31.70986],[35.13397,31.70999],[35.13419,31.71014],[35.13438,31.71031],[35.13456,31.71049],[35.13471,31.71069],[35.13483,31.7109],[35.13493,31.71112],[35.13501,31.71134],[35.13505,31.71157],[35.13506,31.71181],[35.13505,31.71204],[35.13501,31.71228],[35.13493,31.7125],[35.13483,31.71272],[35.13471,31.71293],[35.13456,31.71313],[35.13438,31.71331],[35.13419,31.71348],[35.13397,31.71363],[35.13374,31.71376],[35.13349,31.71386],[35.13324,31.71395],[35.13297,31.71401],[35.1327,31.71405],[35.13242,31.71406]]],\"type\":\"Polygon\"},\"properties\":{\"id\":\"g42911f.precision_radius\",\"land_or_water\":\"land\",\"role\":\"precision_radius\"},\"type\":\"Feature\"}],\"metadata\":{\"class\":\"human\",\"land_or_water\":\"land\",\"name\":\"Husan\",\"type\":\"settlement\"},\"type\":\"FeatureCollection\"}","anotherNames":null,"koreanName":"후산","anotherKoreanNames":null},{"id":"mfe8eb2","name":"Khirbet Belameh","isModern":true,"stereo":"child","description":"An archaeological site located near Jenin in the northern West Bank, identified with high probability (90%) as the ancient city of **Ibleam** (이블르암).\nIt contains the remains of a major ancient settlement, including a well-preserved water tunnel system, indicating its strategic importance.","koreanDescription":"서안 지구 북부, 제닌(Jenin) 근처에 위치한 고고학 유적지이며, 고대 도시 **이블르암** (Ibleam)과 높은 확률(90%)로 동일시됩니다.\n잘 보존된 물 터널 시스템을 포함하여 중요한 고대 정착지의 유적을 담고 있으며, 그 전략적 중요성을 보여줍니다.","imageTitle":"mfe8eb2.satellite.jpg","types":["settlement"],"geojsonText":"{\"features\":[{\"geometry\":{\"coordinates\":[35.292,32.4462],\"type\":\"Point\"},\"properties\":{\"id\":\"mfe8eb2.point\",\"role\":\"point\"},\"type\":\"Feature\"}],\"metadata\":{\"class\":\"human\",\"land_or_water\":\"land\",\"name\":\"Khirbet Belameh\",\"type\":\"settlement\"},\"type\":\"FeatureCollection\"}","anotherNames":"Khirbet Bal’ama","koreanName":"키르벳 벨라메","anotherKoreanNames":"키르벳 발라마"},{"id":"m5ff141","name":"Konya","isModern":true,"stereo":"child","description":"A major city in the central Anatolian plateau of Turkey. It is definitively (100%) identified with the ancient city of **Iconium** (이고니온).\nKonya has a long history, dating back to the Hittite period, and was the capital of the Seljuk Sultanate of Rum in the Middle Ages. It is famous as the final home of the poet Rumi and the origin of the Mevlevi Sufi order (Whirling Dervishes).","koreanDescription":"터키 중앙 아나톨리아 고원에 위치한 주요 도시로, 고대 도시 **이고니온** (Iconium)과 100% 동일시됩니다.\n오래된 역사를 가지고 있으며 중세에는 룸 셀주크 술탄국의 수도였습니다. 시인 루미의 마지막 거주지이자 메블레비 수피 교단 (회전하는 더르비시)의 발상지로 유명합니다.","imageTitle":"m5ff141.i2b698c.jpg","types":["settlement"],"geojsonText":"{\"features\":[{\"geometry\":{\"coordinates\":[32.492331,37.872202],\"type\":\"Point\"},\"properties\":{\"id\":\"m5ff141.point\",\"role\":\"point\"},\"type\":\"Feature\"}],\"metadata\":{\"class\":\"human\",\"land_or_water\":\"land\",\"name\":\"Konya\",\"type\":\"settlement\"},\"type\":\"FeatureCollection\"}","anotherNames":null,"koreanName":"코니아","anotherKoreanNames":null},{"id":"meea8c6","name":"Khirbet el Huwarah","isModern":true,"stereo":"child","description":"A modern ruin site (Khirbet) that is the likely identification (75%) for the biblical city of **Idalah** (이다랄) in the territory of Zebulun. The name may be a corruption or partial preservation of the ancient name.","koreanDescription":"스불론 지파의 성읍인 고대 **이다랄** (Idalah)의 유력한 비정지(75% 가능성)로 여겨지는 현대 유적지(키르벳)입니다. 이름에 고대 지명의 일부가 보존되어 있을 수 있습니다.","imageTitle":"meea8c6.satellite.jpg","types":["settlement"],"geojsonText":"{\"bbox\":[35.18023,32.7231,35.18664,32.72849],\"features\":[{\"geometry\":{\"coordinates\":[35.183433,32.725794],\"type\":\"Point\"},\"properties\":{\"id\":\"meea8c6.point\",\"role\":\"point\"},\"type\":\"Feature\"},{\"geometry\":{\"coordinates\":[[[35.18343,32.72849],[35.1831,32.72848],[35.18277,32.72843],[35.18244,32.72836],[35.18213,32.72826],[35.18183,32.72813],[35.18155,32.72798],[35.18129,32.7278],[35.18105,32.7276],[35.18084,32.72738],[35.18066,32.72714],[35.1805,32.72689],[35.18038,32.72663],[35.1803,32.72635],[35.18024,32.72608],[35.18023,32.72579],[35.18024,32.72551],[35.1803,32.72523],[35.18038,32.72496],[35.1805,32.7247],[35.18066,32.72444],[35.18084,32.72421],[35.18105,32.72399],[35.18129,32.72379],[35.18155,32.72361],[35.18183,32.72346],[35.18213,32.72333],[35.18244,32.72323],[35.18277,32.72315],[35.1831,32.72311],[35.18343,32.7231],[35.18377,32.72311],[35.1841,32.72315],[35.18442,32.72323],[35.18474,32.72333],[35.18504,32.72346],[35.18532,32.72361],[35.18558,32.72379],[35.18582,32.72399],[35.18603,32.72421],[35.18621,32.72444],[35.18636,32.7247],[35.18648,32.72496],[35.18657,32.72523],[35.18662,32.72551],[35.18664,32.72579],[35.18662,32.72608],[35.18657,32.72635],[35.18648,32.72663],[35.18636,32.72689],[35.18621,32.72714],[35.18603,32.72738],[35.18582,32.7276],[35.18558,32.7278],[35.18532,32.72798],[35.18504,32.72813],[35.18474,32.72826],[35.18442,32.72836],[35.1841,32.72843],[35.18377,32.72848],[35.18343,32.72849]]],\"type\":\"Polygon\"},\"properties\":{\"id\":\"g3c2c44.precision_radius\",\"land_or_water\":\"land\",\"role\":\"precision_radius\"},\"type\":\"Feature\"}],\"metadata\":{\"class\":\"human\",\"land_or_water\":\"land\",\"name\":\"Khirbet el Huwarah\",\"type\":\"settlement\"},\"type\":\"FeatureCollection\"}","anotherNames":"Ein el Hawwara, Ein Hevraya, Khirbet el Chawarah","koreanName":"키르벳 엘 후와라","anotherKoreanNames":"아인 엘 하와라, 아인 헤브라야, 키르벳 엘 차와라"},{"id":"m988bed","name":"Deir al Ghawi","isModern":true,"stereo":"child","description":"A modern ruin site (Deir or Khirbet) in the Negev region of Israel/West Bank, which is one of the suggested identifications (55% possibility) for the ancient biblical city of **Iim** (이임).","koreanDescription":"이스라엘/서안 지구 네게브 지역에 위치한 현대 유적지(데르 또는 키르벳)이며, 고대 성경 도시 **이임** (Iim)의 유력한 비정지 중 하나입니다 (55% 가능성).","imageTitle":"m988bed.satellite.jpg","types":["settlement"],"geojsonText":"{\"bbox\":[34.91798,31.3625,34.92324,31.367],\"features\":[{\"geometry\":{\"coordinates\":[34.92061,31.36475],\"type\":\"Point\"},\"properties\":{\"id\":\"m988bed.point\",\"role\":\"point\"},\"type\":\"Feature\"},{\"geometry\":{\"coordinates\":[[[34.92061,31.367],[34.92033,31.36699],[34.92006,31.36695],[34.9198,31.36689],[34.91954,31.3668],[34.91929,31.3667],[34.91906,31.36657],[34.91885,31.36642],[34.91865,31.36625],[34.91848,31.36607],[34.91833,31.36587],[34.9182,31.36566],[34.91811,31.36544],[34.91803,31.36522],[34.91799,31.36498],[34.91798,31.36475],[34.91799,31.36451],[34.91803,31.36428],[34.91811,31.36406],[34.9182,31.36384],[34.91833,31.36363],[34.91848,31.36343],[34.91865,31.36325],[34.91885,31.36308],[34.91906,31.36293],[34.91929,31.3628],[34.91954,31.3627],[34.9198,31.36261],[34.92006,31.36255],[34.92033,31.36251],[34.92061,31.3625],[34.92089,31.36251],[34.92116,31.36255],[34.92142,31.36261],[34.92168,31.3627],[34.92193,31.3628],[34.92216,31.36293],[34.92237,31.36308],[34.92257,31.36325],[34.92274,31.36343],[34.92289,31.36363],[34.92302,31.36384],[34.92311,31.36406],[34.92319,31.36428],[34.92323,31.36451],[34.92324,31.36475],[34.92323,31.36498],[34.92319,31.36522],[34.92311,31.36544],[34.92302,31.36566],[34.92289,31.36587],[34.92274,31.36607],[34.92257,31.36625],[34.92237,31.36642],[34.92216,31.36657],[34.92193,31.3667],[34.92168,31.3668],[34.92142,31.36689],[34.92116,31.36695],[34.92089,31.36699],[34.92061,31.367]]],\"type\":\"Polygon\"},\"properties\":{\"id\":\"g10f922.precision_radius\",\"land_or_water\":\"land\",\"role\":\"precision_radius\"},\"type\":\"Feature\"}],\"metadata\":{\"class\":\"human\",\"land_or_water\":\"land\",\"name\":\"Deir al Ghawi\",\"type\":\"settlement\"},\"type\":\"FeatureCollection\"}","anotherNames":"Deir el Gawi, Deir el Ghawi, Deir el Ghawy","koreanName":"데르 알 가위","anotherKoreanNames":"데르 엘 가위, 데르 엘 가위 (다른 표기), 데르 엘 가위 (다른 표기)"},{"id":"m11f1d4","name":"Umm el Azam","isModern":true,"stereo":"child","description":"A modern toponym (likely a mountain or high ground) in the southern region of Israel/West Bank, proposed as a possible location (15% possibility) related to the ancient biblical city of **Iim** (이임).","koreanDescription":"이스라엘/서안 지구 남부 지역에 위치한 현대 지명(주로 산이나 고지대)이며, 고대 성경 도시 **이임** (Iim)과 관련될 수 있는 장소 중 하나로 제안됩니다 (15% 가능성).","imageTitle":"m11f1d4.satellite.jpg","types":["mountain"],"geojsonText":"{\"bbox\":[34.93031,31.07157,34.95131,31.08956],\"features\":[{\"geometry\":{\"coordinates\":[34.940812,31.080567],\"type\":\"Point\"},\"properties\":{\"id\":\"m11f1d4.point\",\"role\":\"point\"},\"type\":\"Feature\"},{\"geometry\":{\"coordinates\":[[[34.94081,31.08956],[34.93971,31.08951],[34.93863,31.08936],[34.93757,31.08912],[34.93654,31.08878],[34.93556,31.08836],[34.93464,31.08784],[34.93379,31.08725],[34.93301,31.08658],[34.93232,31.08585],[34.93172,31.08506],[34.93122,31.08422],[34.93082,31.08335],[34.93054,31.08244],[34.93037,31.08151],[34.93031,31.08057],[34.93037,31.07963],[34.93054,31.0787],[34.93083,31.07779],[34.93122,31.07691],[34.93172,31.07607],[34.93232,31.07528],[34.93301,31.07455],[34.93379,31.07388],[34.93464,31.07329],[34.93556,31.07278],[34.93654,31.07235],[34.93757,31.07201],[34.93863,31.07177],[34.93971,31.07162],[34.94081,31.07157],[34.94191,31.07162],[34.943,31.07177],[34.94406,31.07201],[34.94508,31.07235],[34.94606,31.07278],[34.94698,31.07329],[34.94784,31.07388],[34.94862,31.07455],[34.94931,31.07528],[34.94991,31.07607],[34.9504,31.07691],[34.9508,31.07779],[34.95108,31.0787],[34.95126,31.07963],[34.95131,31.08057],[34.95126,31.08151],[34.95108,31.08244],[34.9508,31.08335],[34.95041,31.08422],[34.94991,31.08506],[34.94931,31.08585],[34.94862,31.08658],[34.94784,31.08725],[34.94698,31.08784],[34.94606,31.08836],[34.94508,31.08878],[34.94406,31.08912],[34.943,31.08936],[34.94191,31.08951],[34.94081,31.08956]]],\"type\":\"Polygon\"},\"properties\":{\"id\":\"ge3859b.precision_radius\",\"land_or_water\":\"land\",\"role\":\"precision_radius\"},\"type\":\"Feature\"}],\"metadata\":{\"class\":\"natural\",\"land_or_water\":\"land\",\"name\":\"Umm el Azam\",\"type\":\"mountain\"},\"type\":\"FeatureCollection\"}","anotherNames":"Har Ezem, Mount Otzam, Thaffa","koreanName":"움 엘 아잠","anotherKoreanNames":"하르 에젬, 오참 산, 타파"},{"id":"mcfd3eb","name":"Khirbet Asan","isModern":true,"stereo":"child","description":"A modern ruin site (Khirbet) in the southern region of Israel/West Bank, proposed as a possible location (15% possibility) related to the ancient biblical city of **Iim** (이임). The name 'Asan' might bear some phonetic relation to the ancient 'Iim/Iyim'.","koreanDescription":"이스라엘/서안 지구 남부 지역에 위치한 현대 유적지(키르벳)이며, 고대 성경 도시 **이임** (Iim)과 관련될 수 있는 장소 중 하나로 제안됩니다 (15% 가능성). '아산'이라는 이름이 고대 '이임/이임'과 음성적으로 연관될 수 있습니다.","imageTitle":"mcfd3eb.satellite.jpg","types":["settlement"],"geojsonText":"{\"features\":[{\"geometry\":{\"coordinates\":[34.797404,31.281372],\"type\":\"Point\"},\"properties\":{\"id\":\"mcfd3eb.point\",\"role\":\"point\"},\"type\":\"Feature\"}],\"metadata\":{\"class\":\"human\",\"land_or_water\":\"land\",\"name\":\"Khirbet Asan\",\"type\":\"settlement\"},\"type\":\"FeatureCollection\"}","anotherNames":"Emm el Azem, Umm el Azem","koreanName":"키르벳 아산","anotherKoreanNames":"엠 엘 아젬, 움 엘 아젬"},{"id":"m15bc95","name":"Tell Dibbine","isModern":true,"stereo":"child","description":"An archaeological mound (Tell) located north of Marjayoun in Southern Lebanon. It is the most probable identification (70%) for the ancient city of **Ijon** (이욘) in Naphtali.\nIts strategic location made it vulnerable to northern invaders like the Arameans and Assyrians, as recorded in the Bible.","koreanDescription":"레바논 남부 마르자윤 북쪽에 위치한 고고학적 둔덕(텔)입니다. 납달리 지파의 고대 도시 **이욘** (Ijon)의 가장 유력한 비정지(70% 가능성)입니다.\n전략적 위치 때문에 성경에 기록된 대로 아람과 앗수르와 같은 북방 침략자들의 공격에 취약했습니다.","imageTitle":"m15bc95.satellite.jpg","types":["settlement"],"geojsonText":"{\"bbox\":[35.58946,33.34483,35.59054,33.34573],\"features\":[{\"geometry\":{\"coordinates\":[35.59,33.345278],\"type\":\"Point\"},\"properties\":{\"id\":\"m15bc95.point\",\"role\":\"point\"},\"type\":\"Feature\"},{\"geometry\":{\"coordinates\":[[[35.59,33.34573],[35.58994,33.34573],[35.58989,33.34572],[35.58983,33.34571],[35.58978,33.34569],[35.58973,33.34567],[35.58968,33.34564],[35.58964,33.34561],[35.5896,33.34558],[35.58956,33.34554],[35.58953,33.3455],[35.58951,33.34546],[35.58949,33.34542],[35.58947,33.34537],[35.58946,33.34533],[35.58946,33.34528],[35.58946,33.34523],[35.58947,33.34518],[35.58949,33.34514],[35.58951,33.3451],[35.58953,33.34505],[35.58956,33.34501],[35.5896,33.34498],[35.58964,33.34494],[35.58968,33.34491],[35.58973,33.34489],[35.58978,33.34487],[35.58983,33.34485],[35.58989,33.34484],[35.58994,33.34483],[35.59,33.34483],[35.59006,33.34483],[35.59011,33.34484],[35.59017,33.34485],[35.59022,33.34487],[35.59027,33.34489],[35.59032,33.34491],[35.59036,33.34494],[35.5904,33.34498],[35.59044,33.34501],[35.59047,33.34505],[35.59049,33.3451],[35.59051,33.34514],[35.59053,33.34518],[35.59054,33.34523],[35.59054,33.34528],[35.59054,33.34533],[35.59053,33.34537],[35.59051,33.34542],[35.59049,33.34546],[35.59047,33.3455],[35.59044,33.34554],[35.5904,33.34558],[35.59036,33.34561],[35.59032,33.34564],[35.59027,33.34567],[35.59022,33.34569],[35.59017,33.34571],[35.59011,33.34572],[35.59006,33.34573],[35.59,33.34573]]],\"type\":\"Polygon\"},\"properties\":{\"id\":\"g33c131.precision_radius\",\"land_or_water\":\"land\",\"role\":\"precision_radius\"},\"type\":\"Feature\"}],\"metadata\":{\"class\":\"human\",\"land_or_water\":\"land\",\"name\":\"Tell Dibbine\",\"type\":\"settlement\"},\"type\":\"FeatureCollection\"}","anotherNames":"Tall ’Ib’in, Tell ed Dibbin, Tell ed Dibin","koreanName":"텔 딥빈","anotherKoreanNames":"탈 이빈, 텔 엣 딥빈, 텔 엣 디빈"},{"id":"m4f224b","name":"Marjaayoun","isModern":true,"stereo":"child","description":"A town in Southern Lebanon, whose name means 'meadow of springs.' It is another, less likely suggested identification (10% possibility) or nearby location for the ancient city of **Ijon** (이욘). The fertile plain is known as Marj 'Ayoun.","koreanDescription":"'샘의 초원'이라는 뜻을 가진 레바논 남부의 마을입니다. 고대 도시 **이욘** (Ijon)의 또 다른, 덜 유력한 비정지(10% 가능성) 또는 인근 지역으로 제안됩니다. 비옥한 평야 지대를 '마르즈 아윤'이라고 부릅니다.","imageTitle":"m4f224b.if34929.jpg","types":["settlement"],"geojsonText":"{\"bbox\":[35.58941,33.35885,35.59479,33.36335],\"features\":[{\"geometry\":{\"coordinates\":[35.5921,33.3611],\"type\":\"Point\"},\"properties\":{\"id\":\"m4f224b.point\",\"role\":\"point\"},\"type\":\"Feature\"},{\"geometry\":{\"coordinates\":[[[35.5921,33.36335],[35.59182,33.36334],[35.59154,33.3633],[35.59127,33.36324],[35.59101,33.36315],[35.59075,33.36305],[35.59052,33.36292],[35.5903,33.36277],[35.5901,33.3626],[35.58992,33.36242],[35.58977,33.36222],[35.58964,33.36201],[35.58954,33.36179],[35.58947,33.36157],[35.58942,33.36133],[35.58941,33.3611],[35.58942,33.36086],[35.58947,33.36063],[35.58954,33.36041],[35.58964,33.36019],[35.58977,33.35998],[35.58992,33.35978],[35.5901,33.3596],[35.5903,33.35943],[35.59052,33.35928],[35.59075,33.35915],[35.59101,33.35905],[35.59127,33.35896],[35.59154,33.3589],[35.59182,33.35886],[35.5921,33.35885],[35.59238,33.35886],[35.59266,33.3589],[35.59293,33.35896],[35.59319,33.35905],[35.59345,33.35915],[35.59368,33.35928],[35.5939,33.35943],[35.5941,33.3596],[35.59428,33.35978],[35.59443,33.35998],[35.59456,33.36019],[35.59466,33.36041],[35.59473,33.36063],[35.59478,33.36086],[35.59479,33.3611],[35.59478,33.36133],[35.59473,33.36157],[35.59466,33.36179],[35.59456,33.36201],[35.59443,33.36222],[35.59428,33.36242],[35.5941,33.3626],[35.5939,33.36277],[35.59368,33.36292],[35.59345,33.36305],[35.59319,33.36315],[35.59293,33.36324],[35.59266,33.3633],[35.59238,33.36334],[35.5921,33.36335]]],\"type\":\"Polygon\"},\"properties\":{\"id\":\"gd9e5b6.precision_radius\",\"land_or_water\":\"land\",\"role\":\"precision_radius\"},\"type\":\"Feature\"}],\"metadata\":{\"class\":\"human\",\"land_or_water\":\"land\",\"name\":\"Marjaayoun\",\"type\":\"settlement\"},\"type\":\"FeatureCollection\"}","anotherNames":"Ayyun","koreanName":"마르자윤","anotherKoreanNames":"아윤"},{"id":"m232ed8","name":"Salona","isModern":true,"stereo":"child","description":"An ancient Roman city located near modern Split in Croatia. It was the capital of the Roman province of Dalmatia, which was part of the larger region of **Illyricum** (일루리곤).\nIt is definitively (100%) connected to Illyricum, marking the area Paul reached in his ministry (Romans 15:19).","koreanDescription":"크로아티아의 현대 도시 스플리트 근처에 위치했던 고대 로마 도시입니다. 고대 **일루리곤** (Illyricum) 지역의 더 큰 범위에 속했던 로마 달마티아 속주의 수도였습니다.\n사도 바울이 사역을 펼친 일루리곤 지역과 100% 관련이 있습니다 (로마서 15:19).","imageTitle":"m232ed8.i3a4c90.jpg","types":["settlement"],"geojsonText":"{\"bbox\":[16.482215,43.538125,16.484412,43.540653],\"features\":[{\"geometry\":{\"coordinates\":[16.483056,43.539444],\"type\":\"Point\"},\"properties\":{\"id\":\"m232ed8.point\",\"role\":\"point\"},\"type\":\"Feature\"},{\"geometry\":{\"coordinates\":[[[16.482215,43.538811],[16.482471,43.538342],[16.483093,43.538569],[16.483386,43.538347],[16.483687,43.538125],[16.483797,43.538648],[16.483745,43.538799],[16.483791,43.538995],[16.483977,43.539193],[16.484178,43.539191],[16.484299,43.539781],[16.484244,43.540246],[16.48438,43.540265],[16.484412,43.540478],[16.483863,43.540526],[16.483775,43.540628],[16.483672,43.540653],[16.483332,43.540634],[16.483328,43.540422],[16.483245,43.540391],[16.482835,43.540321],[16.482608,43.540143],[16.482519,43.539386],[16.482227,43.539198],[16.482215,43.538811]]],\"type\":\"Polygon\"},\"properties\":{\"id\":\"gc84778.local\",\"land_or_water\":\"land\",\"role\":\"local\"},\"type\":\"Feature\"}],\"metadata\":{\"class\":\"human\",\"geometry_credit\":\"Some data © OpenStreetMap contributors\",\"land_or_water\":\"land\",\"name\":\"Salona\",\"type\":\"settlement\"},\"type\":\"FeatureCollection\"}","anotherNames":null,"koreanName":"살로나","anotherKoreanNames":null},{"id":"md561de","name":"Babylon","isModern":true,"stereo":"child","description":"An ancient city in Mesopotamia, located in modern-day Iraq, famous as the capital of the Babylonian empire. It is definitively (100%) connected to the ancient place **Immer** (임멜) in the context of the return from exile, as Immer was likely a location or group based in the Babylonian region.","koreanDescription":"현대 이라크에 위치한 메소포타미아의 고대 도시로, 바벨론 제국의 수도로 유명합니다. 포로 귀환 맥락에서 고대 **임멜** (Immer)과 100% 관련이 있습니다. 임멜은 이 바벨론 지역에 기반을 둔 장소 또는 가문이었을 가능성이 높습니다.","imageTitle":"md561de.i10cc45.jpg","types":["settlement"],"geojsonText":"{\"bbox\":[44.419699,32.541421,44.422976,32.543333],\"features\":[{\"geometry\":{\"coordinates\":[44.422222,32.543333],\"type\":\"Point\"},\"properties\":{\"id\":\"md561de.point\",\"role\":\"point\"},\"type\":\"Feature\"},{\"geometry\":{\"coordinates\":[[[44.419723,32.5426],[44.419699,32.541421],[44.422976,32.541626],[44.422488,32.543306],[44.419723,32.5426]]],\"type\":\"Polygon\"},\"properties\":{\"id\":\"g416b19.local\",\"land_or_water\":\"land\",\"role\":\"local\"},\"type\":\"Feature\"}],\"metadata\":{\"class\":\"human\",\"geometry_credit\":\"Some data © OpenStreetMap contributors\",\"land_or_water\":\"land\",\"name\":\"Babylon\",\"type\":\"settlement\"},\"type\":\"FeatureCollection\"}","anotherNames":null,"koreanName":"바빌론","anotherKoreanNames":null}],"relations":[{"parentId":"a54fdd6","childId":"mbdb4ea","possibility":45},{"parentId":"a878d66","childId":"mfe8eb2","possibility":90},{"parentId":"ae8fac6","childId":"meea8c6","possibility":75},{"parentId":"a5a846f","childId":"m86f941","possibility":80},{"parentId":"a5a846f","childId":"m52be1c","possibility":10},{"parentId":"ae425aa","childId":"m5ff141","possibility":100},{"parentId":"ac405c0","childId":"m232ed8","possibility":100},{"parentId":"ad161d1","childId":"m988bed","possibility":55},{"parentId":"ad161d1","childId":"m11f1d4","possibility":15},{"parentId":"ad161d1","childId":"mcfd3eb","possibility":15},{"parentId":"a062b95","childId":"m15bc95","possibility":70},{"parentId":"a062b95","childId":"m4f224b","possibility":10},{"parentId":"a2517a0","childId":"m86f941","possibility":100},{"parentId":"ae4d198","childId":"md561de","possibility":100}],"total":23}