{
  "data": [
    {
      "id": "a378ddd",
      "name": "Most Holy Place 1",
      "isModern": false,
      "stereo": "parent",
      "description": "The Most Holy Place (Kodesh HaKodashim, Holy of Holies) was the innermost and most sacred part of the portable Tabernacle (Tent of Meeting) built by the Israelites in the wilderness.\nIt was separated from the Holy Place by a veil and housed the Ark of the Covenant, which contained the stone tablets of the Ten Commandments, Aaron's rod that budded, and a jar of manna.\nIt was the focal point of God's dwelling among His people, where the High Priest alone could enter, only once a year on the Day of Atonement (Yom Kippur), to make atonement for the sins of the people. This location is related to the Tabernacle structure.",
      "koreanDescription": "지성소(히브리어: 코데쉬 하코다쉼)는 이스라엘 백성이 광야에서 지은 이동식 성막(회막)의 가장 깊숙하고 신성한 공간이었습니다.\n휘장으로 성소와 구분되었으며, 언약궤(십계명 돌판, 아론의 싹난 지팡이, 만나 항아리 포함)가 안치되어 있었습니다.\n하나님의 임재의 중심지로서, 오직 대제사장만이 일 년에 한 번, 대속죄일(욤 키푸르)에 백성의 죄를 속죄하기 위해 피를 가지고 들어갈 수 있었습니다. 이 장소는 성막 구조와 관련이 있습니다.",
      "verses": ["Exod.26.33", "Exod.26.34", "Exod.40.3", "Lev.16.33"],
      "placeUrl": "/geo/ancient/a378ddd/most-holy-place-1",
      "identificationPaths": [],
      "types": ["altar"],
      "unknownPlacePossibility": null,
      "geojsonText": "{\"features\":[],\"metadata\":{\"name\":\"Most Holy Place 1\"},\"type\":\"FeatureCollection\"}",
      "anotherNames": null,
      "koreanName": "지성소 1 (성막)",
      "anotherKoreanNames": null
    },
    {
      "id": "a9acaaf",
      "name": "Most Holy Place 2",
      "imageTitle": "m6a8ed6.i6449a7.jpg",
      "isModern": false,
      "stereo": "parent",
      "description": "The Most Holy Place (Holy of Holies) within the Temple in Jerusalem (Solomon's Temple, and subsequent Temples) served as the innermost sanctuary, replicating the sacred function of the Tabernacle's Most Holy Place.\nIt housed the Ark of the Covenant (until its disappearance), symbolizing the earthly throne of God and the ultimate site for divine presence and communication.\nThe tearing of the temple veil at Jesus' death (Matthew 27:51) symbolized the direct access to God now available to all believers through Christ's sacrifice (Hebrews 10:19-20). It is often identified as being on or near Mount Moriah.",
      "koreanDescription": "예루살렘 성전(솔로몬 성전 및 이후 성전) 안의 지성소는 성막의 지성소와 같은 신성한 기능을 수행한 가장 깊숙한 성역이었습니다.\n이곳에는 언약궤(사라지기 전까지)가 안치되었으며, 하나님의 지상 보좌와 임재 및 교통의 궁극적인 장소를 상징했습니다.\n예수님 사망 시 성전 휘장이 찢어진 사건(마태복음 27:51)은 그리스도의 희생을 통해 모든 믿는 자에게 하나님께 나아갈 수 있는 직접적인 통로가 열렸음을 상징합니다(히브리서 10:19-20). 종종 모리아 산 근처 또는 그 위에 있었던 것으로 여겨집니다.",
      "verses": [
        "1Kgs.6.16",
        "1Kgs.6.17",
        "1Kgs.6.21",
        "1Kgs.6.22",
        "1Kgs.7.49",
        "1Kgs.7.50",
        "1Kgs.8.6",
        "1Chr.6.49",
        "2Chr.3.8",
        "2Chr.3.10",
        "2Chr.3.14",
        "2Chr.4.20",
        "2Chr.4.22",
        "2Chr.5.7",
        "Ps.28.2",
        "Ezek.41.4",
        "Ezek.44.13",
        "Ezek.45.3",
        "Ezek.48.12",
        "Dan.9.24",
        "Heb.9.3",
        "Heb.9.7",
        "Heb.10.19",
        "Heb.10.20"
      ],
      "placeUrl": "/geo/ancient/a9acaaf/most-holy-place-2",
      "identificationPaths": ["/geo/modern/m6a8ed6"],
      "types": ["altar"],
      "unknownPlacePossibility": null,
      "geojsonText": "{\"bbox\":[35.233698,31.775676,35.237558,31.780297],\"features\":[{\"geometry\":{\"coordinates\":[[[35.234321,31.777224],[35.234381,31.776934],[35.234396,31.776869],[35.234451,31.776601],[35.234487,31.776423],[35.234494,31.776384],[35.234506,31.776332],[35.234592,31.775922],[35.234643,31.775676],[35.234999,31.77573],[35.235812,31.775846],[35.23624,31.775911],[35.23653,31.775954],[35.237558,31.7761],[35.237298,31.778181],[35.237292,31.778227],[35.237209,31.778892],[35.237235,31.778894],[35.237218,31.779043],[35.237191,31.779041],[35.23719,31.779052],[35.237154,31.779343],[35.23714,31.779461],[35.237062,31.78007],[35.237088,31.780073],[35.237085,31.780094],[35.237056,31.780297],[35.236968,31.780289],[35.236941,31.780287],[35.236915,31.780284],[35.236186,31.78022],[35.235852,31.78019],[35.235659,31.780172],[35.235633,31.780171],[35.235612,31.780169],[35.23519,31.780128],[35.235141,31.780123],[35.23511,31.78012],[35.234808,31.780095],[35.234727,31.780087],[35.234535,31.780069],[35.233869,31.780012],[35.233773,31.780004],[35.23377,31.780036],[35.233698,31.780031],[35.233702,31.779997],[35.233705,31.779965],[35.233728,31.779966],[35.233837,31.77948],[35.233911,31.77915],[35.234019,31.778652],[35.234035,31.778578],[35.234051,31.778505],[35.234074,31.7784],[35.23408,31.778376],[35.234198,31.777822],[35.234321,31.777224]]],\"type\":\"Polygon\"},\"properties\":{\"id\":\"g8aabdb.geometry\",\"land_or_water\":\"land\"},\"type\":\"Feature\"},{\"geometry\":{\"coordinates\":[35.235556,31.777778],\"type\":\"Point\"},\"properties\":{\"id\":\"m6a8ed6.point\"},\"type\":\"Feature\"}],\"metadata\":{\"geometry_credit\":\"Some data © OpenStreetMap contributors\",\"name\":\"Most Holy Place 2\"},\"type\":\"FeatureCollection\"}",
      "anotherNames": null,
      "koreanName": "지성소 2 (예루살렘 성전)",
      "anotherKoreanNames": null
    },
    {
      "id": "ac8955e",
      "name": "Mount Baal-hermon",
      "imageTitle": "mc78c4d.i2be58f.jpg",
      "isModern": false,
      "stereo": "parent",
      "description": "A mountain mentioned in the Bible as the northern limit of the land not conquered by the Israelites and where the remaining Canaanites, including the Hivites, dwelt.\nIt is generally identified with Mount Hermon, the highest mountain in the Anti-Lebanon range, which was a strategic and sacred landmark since the Bronze Age.\nIts name, 'Baal-hermon,' suggests a connection to the worship of the Canaanite god Baal, linking it to the region's pre-Israelite religious practices.",
      "koreanDescription": "성경에서 이스라엘 자손이 정복하지 못한 땅의 북쪽 경계에 위치하며, 그곳에 남아 있던 가나안 족속, 특히 히위 족속이 거주했다고 언급된 산입니다.\n일반적으로 반(Anti-)레바논 산맥에서 가장 높은 산인 헤르몬 산과 동일시되며, 이곳은 청동기 시대부터 전략적이고 신성한 랜드마크였습니다.\n그 이름 '바알-헤르몬'은 가나안 신 바알 숭배와의 연관성을 시사하며, 이 지역의 이스라엘 이전 종교 관습과 연결됩니다.",
      "verses": ["Judg.3.3"],
      "placeUrl": "/geo/ancient/ac8955e/mount-baal-hermon",
      "identificationPaths": ["/geo/modern/mc78c4d"],
      "types": ["mountain"],
      "unknownPlacePossibility": null,
      "geojsonText": "{\"features\":[{\"geometry\":{\"coordinates\":[35.85,33.4],\"type\":\"Point\"},\"properties\":{\"id\":\"mc78c4d.point\"},\"type\":\"Feature\"}],\"metadata\":{\"name\":\"Mount Baal-hermon\"},\"type\":\"FeatureCollection\"}",
      "anotherNames": null,
      "koreanName": "바알-헤르몬 산",
      "anotherKoreanNames": null
    },
    {
      "id": "ac2b4ef",
      "name": "Mount Baalah",
      "imageTitle": "ma56250.ie30a76.jpg",
      "isModern": false,
      "stereo": "parent",
      "description": "A geographical point marking the boundary of the tribe of Judah, specifically mentioned in the description of their inheritance in the Promised Land.\nIt formed part of the northern border of Judah, with its western side turning towards Mount Seir and passing along the northern slope of Mount Jearim (Chesalon).\nIts location points to the area around Kiriath-jearim, a city where the Ark of the Covenant was kept for a period before being moved to Jerusalem.",
      "koreanDescription": "약속의 땅에서 유다 지파의 기업을 설명하는 부분에 특별히 언급된, 유다 지파의 경계를 표시하는 지리적 지점입니다.\n유다의 북쪽 경계 일부를 이루었으며, 서쪽 면이 스일 산 쪽으로 돌아 여아림 산(그것이 곧 그살론)의 북쪽 비탈을 지나갔습니다.\n이곳의 위치는 언약궤가 예루살렘으로 옮겨지기 전 한동안 보관되었던 기럇여아림 주변 지역을 가리킵니다.",
      "verses": ["Josh.15.11"],
      "placeUrl": "/geo/ancient/ac2b4ef/mount-baalah",
      "identificationPaths": ["/geo/modern/ma56250", "/geo/modern/mb905e4"],
      "types": ["hill", "mountain"],
      "unknownPlacePossibility": null,
      "geojsonText": "{\"bbox\":[34.785833,31.77212,35.06169,31.841389],\"features\":[{\"geometry\":{\"coordinates\":[[[35.05111,31.7901],[35.05001,31.79005],[35.04891,31.78991],[35.04784,31.78966],[35.04681,31.78933],[35.04582,31.7889],[35.04489,31.78839],[35.04403,31.78779],[35.04325,31.78713],[35.04255,31.7864],[35.04195,31.78561],[35.04145,31.78477],[35.04105,31.78389],[35.04076,31.78298],[35.04059,31.78205],[35.04053,31.78111],[35.04059,31.78017],[35.04076,31.77924],[35.04105,31.77833],[35.04145,31.77745],[35.04195,31.77661],[35.04255,31.77582],[35.04325,31.77509],[35.04403,31.77443],[35.04489,31.77384],[35.04582,31.77332],[35.04681,31.7729],[35.04784,31.77256],[35.04891,31.77231],[35.05001,31.77217],[35.05111,31.77212],[35.05222,31.77217],[35.05331,31.77231],[35.05438,31.77256],[35.05541,31.7729],[35.0564,31.77332],[35.05733,31.77384],[35.05819,31.77443],[35.05897,31.77509],[35.05967,31.77582],[35.06027,31.77661],[35.06078,31.77745],[35.06117,31.77833],[35.06146,31.77924],[35.06163,31.78017],[35.06169,31.78111],[35.06163,31.78205],[35.06146,31.78298],[35.06117,31.78389],[35.06078,31.78477],[35.06027,31.78561],[35.05967,31.7864],[35.05897,31.78713],[35.05819,31.78779],[35.05733,31.78839],[35.0564,31.7889],[35.05541,31.78933],[35.05438,31.78966],[35.05331,31.78991],[35.05222,31.79005],[35.05111,31.7901]]],\"type\":\"Polygon\"},\"properties\":{\"id\":\"g906b0a.geometry\",\"land_or_water\":\"land\"},\"type\":\"Feature\"},{\"geometry\":{\"coordinates\":[34.785833,31.841389],\"type\":\"Point\"},\"properties\":{\"id\":\"ma56250.point\"},\"type\":\"Feature\"},{\"geometry\":{\"coordinates\":[35.051111,31.781111],\"type\":\"Point\"},\"properties\":{\"id\":\"mb905e4.1000m\"},\"type\":\"Feature\"}],\"metadata\":{\"name\":\"Mount Baalah\"},\"type\":\"FeatureCollection\"}",
      "anotherNames": null,
      "koreanName": "바알라 산",
      "anotherKoreanNames": null
    },
    {
      "id": "aac759d",
      "name": "Mount Bashan",
      "imageTitle": "m1dc3a0.if2d0a8.jpg",
      "isModern": false,
      "stereo": "parent",
      "description": "Referred to poetically in the Psalms as a majestic and lofty mountain, suggesting the elevated and fertile region of Bashan, located east of the Jordan River, primarily associated with the modern-day Golan Heights and adjacent areas.\nBashan was known for its formidable inhabitants (like King Og of the Rephaim), its rich pastures, strong cattle (the 'bulls of Bashan'), and its abundance.\nIn prophecy and poetry, it is often used as a symbol of strength, prosperity, and occasionally, pride or indulgence.",
      "koreanDescription": "시편에서 장엄하고 높은 산으로 시적으로 언급되며, 이는 요단강 동쪽에 위치한 비옥한 바산 지역을 암시합니다. 주로 현대의 골란 고원 및 인접 지역과 관련이 있습니다.\n바산은 강력한 거주민(르바임 족속의 왕 옥)과 비옥한 목초지, 강한 소('바산의 황소') 및 풍요로움으로 알려져 있었습니다.\n예언서와 시에서는 종종 힘, 번영, 때로는 교만이나 방탕의 상징으로 사용됩니다.",
      "verses": ["Ps.68.15"],
      "placeUrl": "/geo/ancient/aac759d/mount-bashan",
      "identificationPaths": [
        "/geo/modern/m1dc3a0",
        "/geo/modern/mc78c4d",
        "/geo/modern/mdea236",
        "/geo/modern/m4fc803",
        "/geo/modern/m846c1f",
        "/geo/modern/mc1032c"
      ],
      "types": ["mountain"],
      "unknownPlacePossibility": null,
      "geojsonText": "{\"bbox\":[35.23654,32.16857,36.733333,33.4],\"features\":[{\"geometry\":{\"coordinates\":[36.733333,32.666667],\"type\":\"Point\"},\"properties\":{\"id\":\"m1dc3a0.point\"},\"type\":\"Feature\"},{\"geometry\":{\"coordinates\":[35.35595,32.22598],\"type\":\"Point\"},\"properties\":{\"id\":\"m4fc803.point\"},\"type\":\"Feature\"},{\"geometry\":{\"coordinates\":[35.272778,32.199444],\"type\":\"Point\"},\"properties\":{\"id\":\"m846c1f.point\"},\"type\":\"Feature\"},{\"geometry\":{\"coordinates\":[35.2733,32.234],\"type\":\"Point\"},\"properties\":{\"id\":\"mc1032c.point\"},\"type\":\"Feature\"},{\"geometry\":{\"coordinates\":[35.85,33.4],\"type\":\"Point\"},\"properties\":{\"id\":\"mc78c4d.point\"},\"type\":\"Feature\"},{\"geometry\":{\"coordinates\":[35.23654,32.16857],\"type\":\"Point\"},\"properties\":{\"id\":\"mdea236.point\"},\"type\":\"Feature\"}],\"metadata\":{\"name\":\"Mount Bashan\"},\"type\":\"FeatureCollection\"}",
      "anotherNames": null,
      "koreanName": "바산 산",
      "anotherKoreanNames": null
    },
    {
      "id": "a3e21c6",
      "name": "Mount Carmel",
      "imageTitle": "mf9b7d7.i047ce9.jpg",
      "isModern": false,
      "stereo": "parent",
      "description": "A prominent mountain range in northern Israel, known for its lush vegetation and natural beauty, often used in the Bible as a symbol of fertility and glory.\nIt is most famous as the site of the dramatic confrontation between the prophet Elijah and the prophets of Baal and Asherah, which demonstrated the power of the Lord to the people of Israel (1 Kings 18).\nIt marked a tribal boundary and was a strategically important location overlooking the Mediterranean Sea and the Jezreel Valley.",
      "koreanDescription": "이스라엘 북부에 있는 두드러진 산맥으로, 무성한 초목과 자연의 아름다움으로 유명하며, 성경에서 종종 풍요와 영광의 상징으로 사용되었습니다.\n가장 잘 알려진 것은 선지자 엘리야가 바알과 아세라의 선지자들과 대결하여 여호와의 능력을 이스라엘 백성에게 보여준 드라마틱한 장소라는 점입니다(열왕기상 18장).\n지파 경계를 표시했으며, 지중해와 이스르엘 평야를 내려다보는 전략적으로 중요한 위치였습니다.",
      "verses": [
        "Josh.12.22",
        "Josh.19.26",
        "1Kgs.18.19",
        "1Kgs.18.20",
        "1Kgs.18.42",
        "2Kgs.2.25",
        "2Kgs.4.25",
        "2Kgs.19.23",
        "Song.7.5",
        "Isa.33.9",
        "Isa.35.2",
        "Isa.37.24",
        "Jer.46.18",
        "Jer.50.19",
        "Amos.1.2",
        "Amos.9.3",
        "Mic.7.14",
        "Nah.1.4"
      ],
      "placeUrl": "/geo/ancient/a3e21c6/mount-carmel",
      "identificationPaths": ["/geo/modern/mf9b7d7"],
      "types": ["mountain"],
      "unknownPlacePossibility": null,
      "geojsonText": "{\"features\":[{\"geometry\":{\"coordinates\":[35.023333,32.6725],\"type\":\"Point\"},\"properties\":{\"id\":\"mf9b7d7.point\"},\"type\":\"Feature\"}],\"metadata\":{\"name\":\"Mount Carmel\"},\"type\":\"FeatureCollection\"}",
      "anotherNames": null,
      "koreanName": "갈멜 산",
      "anotherKoreanNames": null
    },
    {
      "id": "aa5cc66",
      "name": "Mount Ebal",
      "imageTitle": "mc1032c.i25fdfc.jpg",
      "isModern": false,
      "stereo": "parent",
      "description": "One of the two mountains (along with Mount Gerizim) that frame the city of Nablus (ancient Shechem) in the central West Bank. Mount Ebal is the northern, higher, and more barren of the two.\nIt is famously associated with the covenant renewal ceremony after the Israelites entered Canaan, where Moses commanded that the curses of the Law be proclaimed (Deuteronomy 11:29, 27:13).\nJoshua later built an altar and wrote a copy of the Law on stones there, symbolizing the solemn confirmation of the covenant and the consequences of disobedience.",
      "koreanDescription": "서안 지구 중앙부의 나블루스(고대 세겜) 시를 둘러싼 두 산(그리심 산과 함께) 중 하나입니다. 에발 산은 두 산 중 북쪽에 위치하며 더 높고 황량합니다.\n이스라엘 자손이 가나안에 들어간 후 언약 갱신 의식과 관련하여 유명한데, 모세는 이곳에서 율법의 저주를 선포하도록 명령했습니다(신명기 11:29, 27:13).\n여호수아는 훗날 이곳에 단을 쌓고 돌에 율법의 사본을 기록하여 언약의 엄숙한 확인과 불순종의 결과를 상징했습니다.",
      "verses": [
        "Deut.11.29",
        "Deut.27.4",
        "Deut.27.13",
        "Josh.8.30",
        "Josh.8.33"
      ],
      "placeUrl": "/geo/ancient/aa5cc66/mount-ebal",
      "identificationPaths": ["/geo/modern/mc1032c"],
      "types": ["mountain"],
      "unknownPlacePossibility": null,
      "geojsonText": "{\"features\":[{\"geometry\":{\"coordinates\":[35.2733,32.234],\"type\":\"Point\"},\"properties\":{\"id\":\"mc1032c.point\"},\"type\":\"Feature\"}],\"metadata\":{\"name\":\"Mount Ebal\"},\"type\":\"FeatureCollection\"}",
      "anotherNames": null,
      "koreanName": "에발 산",
      "anotherKoreanNames": null
    },
    {
      "id": "ac0d1a5",
      "name": "Mount Ephraim",
      "imageTitle": "ac0d1a5.i1e605f.jpg",
      "isModern": false,
      "stereo": "parent",
      "description": "The historical name for the central mountainous district of Israel, which was allotted primarily to the Tribe of Ephraim, extending from Bethel to the Plain of Jezreel.\nThis region was the heartland of the Northern Kingdom of Israel and was known for its well-watered, fertile valleys and dense forests in ancient times.\nIt is also referred to as the 'mountains of Israel' or the 'mountains of Samaria' and is associated with biblical figures like Joshua and the prophetess Deborah.",
      "koreanDescription": "이스라엘의 중앙 산악 지대에 대한 역사적 명칭으로, 주로 에브라임 지파에게 분배되었으며 벧엘에서 이스르엘 평야까지 뻗어 있었습니다.\n이 지역은 고대에 물이 풍부하고 비옥한 골짜기와 울창한 숲으로 알려진 북이스라엘 왕국의 중심지였습니다.\n또한 '이스라엘 산지' 또는 '사마리아 산지'라고도 불리며, 여호수아와 선지자 드보라 같은 성경 인물들과 관련이 있습니다.",
      "verses": ["Jer.4.15", "Jer.31.6", "Jer.50.19"],
      "placeUrl": "/geo/ancient/ac0d1a5/mount-ephraim",
      "identificationPaths": ["/geo/modern/me58522"],
      "types": ["region"],
      "unknownPlacePossibility": null,
      "geojsonText": "{\"bbox\":[35.00591,31.8622,35.46916,32.34325],\"features\":[{\"geometry\":{\"coordinates\":[[[[35.00591,32.12459],[35.00591,32.11002],[35.05738,31.89136],[35.2118,31.8622],[35.22896,31.8622],[35.24611,31.8622],[35.34906,31.90593],[35.36621,31.92051],[35.41769,31.9934],[35.46916,32.09544],[35.46916,32.11002],[35.46916,32.12459],[35.46916,32.13917],[35.46916,32.15375],[35.43484,32.19748],[35.41769,32.21206],[35.40053,32.22664],[35.38337,32.24121],[35.31474,32.28495],[35.26327,32.3141],[35.19464,32.34325],[35.17748,32.34325],[35.14317,32.32868],[35.00591,32.12459]]],[[[35.05738,32.09544],[35.05738,31.89136],[35.07454,31.89136],[35.0917,31.89136],[35.10885,31.89136],[35.17748,31.89136],[35.34906,31.90593],[35.41769,32.00797],[35.43484,32.1829],[35.41769,32.21206],[35.40053,32.22664],[35.29758,32.24121],[35.28043,32.24121],[35.26327,32.24121],[35.19464,32.22664],[35.0917,32.16833],[35.05738,32.13917],[35.05738,32.12459],[35.05738,32.11002],[35.05738,32.09544]]],[[[35.07454,32.08086],[35.07454,32.06628],[35.07454,32.05171],[35.07454,32.03713],[35.0917,31.92051],[35.12601,31.90593],[35.17748,31.90593],[35.19464,31.90593],[35.2118,31.90593],[35.22896,31.90593],[35.24611,31.90593],[35.26327,31.90593],[35.28043,31.92051],[35.3319,31.96424],[35.38337,32.02255],[35.34906,32.13917],[35.3319,32.16833],[35.28043,32.21206],[35.26327,32.22664],[35.24611,32.22664],[35.07454,32.13917],[35.07454,32.12459],[35.07454,32.11002],[35.07454,32.09544],[35.07454,32.08086]]],[[[35.2118,32.16833],[35.19464,32.16833],[35.17748,32.16833],[35.16033,32.16833],[35.14317,32.15375],[35.12601,32.13917],[35.10885,32.12459],[35.0917,32.11002],[35.07454,32.09544],[35.10885,31.92051],[35.12601,31.92051],[35.17748,31.92051],[35.19464,31.92051],[35.2118,31.92051],[35.22896,31.92051],[35.24611,31.92051],[35.26327,31.92051],[35.28043,31.92051],[35.34906,32.02255],[35.34906,32.03713],[35.34906,32.05171],[35.34906,32.06628],[35.34906,32.08086],[35.34906,32.09544],[35.34906,32.11002],[35.34906,32.12459],[35.34906,32.13917],[35.24611,32.16833],[35.22896,32.16833],[35.2118,32.16833]]],[[[35.17748,32.13917],[35.16033,32.13917],[35.14317,32.13917],[35.12601,32.13917],[35.0917,32.11002],[35.14317,31.93509],[35.17748,31.93509],[35.19464,31.93509],[35.28043,31.94967],[35.34906,32.08086],[35.34906,32.09544],[35.34906,32.11002],[35.3319,32.12459],[35.31474,32.13917],[35.29758,32.13917],[35.28043,32.13917],[35.26327,32.13917],[35.24611,32.13917],[35.22896,32.13917],[35.2118,32.13917],[35.19464,32.13917],[35.17748,32.13917]]],[[[35.12601,32.08086],[35.12601,32.05171],[35.19464,31.94967],[35.2118,31.94967],[35.22896,31.94967],[35.24611,31.94967],[35.26327,31.94967],[35.28043,31.94967],[35.34906,32.09544],[35.3319,32.11002],[35.2118,32.13917],[35.19464,32.13917],[35.17748,32.13917],[35.16033,32.13917],[35.14317,32.13917],[35.12601,32.13917],[35.12601,32.12459],[35.12601,32.11002],[35.12601,32.09544],[35.12601,32.08086]]],[[[35.12601,32.11002],[35.12601,32.09544],[35.12601,32.08086],[35.17748,32.05171],[35.19464,32.05171],[35.2118,32.05171],[35.24611,32.05171],[35.26327,32.05171],[35.28043,32.05171],[35.3319,32.08086],[35.3319,32.09544],[35.28043,32.11002],[35.26327,32.11002],[35.24611,32.11002],[35.22896,32.11002],[35.2118,32.11002],[35.19464,32.11002],[35.17748,32.11002],[35.16033,32.11002],[35.14317,32.11002],[35.12601,32.11002]]],[[[35.28043,32.09544],[35.17748,32.11002],[35.16033,32.11002],[35.12601,32.11002],[35.14317,32.09544],[35.2118,32.08086],[35.22896,32.08086],[35.26327,32.08086],[35.28043,32.08086],[35.28043,32.09544]]]],\"type\":\"MultiPolygon\"},\"properties\":{\"format\":\"isobands\",\"id\":\"g4ddbf8.isobands\",\"land_or_water\":\"land\",\"max_confidence\":80,\"min_confidence\":10,\"role\":\"isobands\"},\"type\":\"Feature\"},{\"geometry\":{\"coordinates\":[35.241389,31.922778],\"type\":\"Point\"},\"properties\":{\"id\":\"me58522.point\"},\"type\":\"Feature\"}],\"metadata\":{\"name\":\"Mount Ephraim\"},\"type\":\"FeatureCollection\"}",
      "anotherNames": null,
      "koreanName": "에브라임 산지",
      "anotherKoreanNames": null
    },
    {
      "id": "a75aff4",
      "name": "Mount Ephron",
      "imageTitle": "m90275b.i070117.jpg",
      "isModern": false,
      "stereo": "parent",
      "description": "A mountain mentioned as a key landmark on the boundary line between the tribal territories of Judah and Benjamin, specifically in the detailed description of Judah's northern border in the Book of Joshua.\nIts position would have made it a natural and clear point for defining the tribal limits in the rugged terrain of the region, forming part of the boundary that extended to the cities of Mount Ephron.",
      "koreanDescription": "유다 지파와 베냐민 지파의 경계선에 있는 주요 랜드마크로 언급된 산으로, 특히 여호수아기의 유다 북쪽 경계에 대한 상세한 설명에 나옵니다.\n이 지역의 험준한 지형에서 부족 경계를 정하는 자연스럽고 명확한 지점이 되었을 것이며, 에브론 산의 성읍들까지 뻗어 있는 경계의 일부를 형성했습니다.",
      "verses": ["Josh.15.9"],
      "placeUrl": "/geo/ancient/a75aff4/mount-ephron",
      "identificationPaths": ["/geo/modern/m90275b"],
      "types": ["mountain"],
      "unknownPlacePossibility": null,
      "geojsonText": "{\"bbox\":[35.141905,31.794654,35.146248,31.797624],\"features\":[{\"geometry\":{\"coordinates\":[[[35.143034,31.797562],[35.142595,31.797624],[35.142523,31.797588],[35.142407,31.797515],[35.142274,31.797355],[35.142055,31.797023],[35.141965,31.796804],[35.141905,31.796582],[35.141968,31.79628],[35.142308,31.795539],[35.142504,31.795241],[35.142753,31.794996],[35.143024,31.79484],[35.14389,31.794654],[35.1443,31.79474],[35.144467,31.794762],[35.144643,31.79467],[35.145154,31.794904],[35.14542,31.795101],[35.145055,31.795655],[35.145175,31.795706],[35.145287,31.795637],[35.145583,31.795323],[35.145721,31.795294],[35.146119,31.794926],[35.146193,31.79501],[35.146248,31.79509],[35.146186,31.795365],[35.145637,31.796532],[35.145454,31.796563],[35.145167,31.796768],[35.144699,31.797154],[35.144107,31.797446],[35.143837,31.797508],[35.143661,31.797413],[35.143506,31.79742],[35.143238,31.797501],[35.143034,31.797562]]],\"type\":\"Polygon\"},\"properties\":{\"id\":\"gf336e6.geometry\",\"land_or_water\":\"land\"},\"type\":\"Feature\"},{\"geometry\":{\"coordinates\":[35.144167,31.796944],\"type\":\"Point\"},\"properties\":{\"id\":\"m90275b.point\"},\"type\":\"Feature\"}],\"metadata\":{\"geometry_credit\":\"Some data © OpenStreetMap contributors\",\"name\":\"Mount Ephron\"},\"type\":\"FeatureCollection\"}",
      "anotherNames": null,
      "koreanName": "에브론 산",
      "anotherKoreanNames": null
    },
    {
      "id": "a8e843f",
      "name": "Mount Esau",
      "imageTitle": "m681aef.satellite.jpg",
      "isModern": false,
      "stereo": "parent",
      "description": "The mountain region primarily associated with the descendants of Esau (who was also called Edom) and the land of Edom, located to the southeast of Israel in modern-day Jordan.\nMount Esau is often synonymous with the rugged, mountainous territory of Edom, which was strategically located along trade routes and known for its fortified, rock-carved cities like Petra.\nIn the prophetic book of Obadiah, 'Mount Esau' is used symbolically to represent the people of Edom and is the focus of a divine judgment for their pride and violence against Israel.",
      "koreanDescription": "주로 에서(에돔이라고도 불림)의 후손과 에돔 땅과 관련된 산악 지역으로, 이스라엘의 남동쪽, 현재의 요르단에 위치합니다.\n에서 산은 험준하고 산이 많은 에돔 영토와 종종 동의어로 사용되며, 무역로를 따라 전략적으로 위치했으며 페트라와 같이 바위를 깎아 만든 요새화된 도시들로 유명했습니다.\n선지서 오바댜에서 '에서 산'은 에돔 백성을 상징하는 데 사용되며, 그들의 교만과 이스라엘에 대한 폭력에 대한 하나님의 심판의 초점이 됩니다.",
      "verses": ["Obad.1.8", "Obad.1.9", "Obad.1.19", "Obad.1.21"],
      "placeUrl": "/geo/ancient/a8e843f/mount-esau",
      "identificationPaths": ["/geo/modern/m681aef", "/geo/modern/mbb4e1d"],
      "types": ["mountain range"],
      "unknownPlacePossibility": null,
      "geojsonText": "{\"bbox\":[34.731301,29.58666,35.84307,31.14647],\"features\":[{\"geometry\":{\"coordinates\":[[[[35.10875,29.61571],[35.24226,29.58666],[35.27564,29.58666],[35.30902,29.58666],[35.60943,30.05138],[35.6428,30.10947],[35.77632,30.37087],[35.84307,30.5161],[35.77632,30.89368],[35.74294,30.92272],[35.57605,30.98081],[35.54267,30.98081],[35.50929,30.98081],[35.17551,30.31278],[35.10875,30.13851],[35.07537,29.64475],[35.10875,29.61571]]],[[[35.50929,30.89368],[35.47591,30.86463],[35.20889,30.31278],[35.17551,29.96424],[35.17551,29.9352],[35.17551,29.90615],[35.17551,29.87711],[35.17551,29.84807],[35.27564,29.78998],[35.3424,29.76093],[35.37578,29.76093],[35.6428,30.1966],[35.74294,30.83559],[35.74294,30.86463],[35.70956,30.89368],[35.67618,30.92272],[35.6428,30.92272],[35.50929,30.89368]]],[[[35.30902,30.39992],[35.24226,30.1966],[35.24226,30.16756],[35.24226,30.13851],[35.24226,30.10947],[35.30902,30.08042],[35.40916,30.05138],[35.44253,30.05138],[35.47591,30.05138],[35.50929,30.08042],[35.57605,30.28374],[35.6428,30.48705],[35.67618,30.60323],[35.6428,30.71941],[35.57605,30.7775],[35.47591,30.71941],[35.40916,30.66132],[35.37578,30.57419],[35.3424,30.48705],[35.30902,30.39992]]],[[[35.30902,30.08042],[35.44253,30.05138],[35.47591,30.05138],[35.50929,30.10947],[35.54267,30.1966],[35.57605,30.28374],[35.6428,30.48705],[35.6428,30.5161],[35.6428,30.60323],[35.60943,30.66132],[35.54267,30.71941],[35.37578,30.57419],[35.3424,30.48705],[35.24226,30.16756],[35.30902,30.08042]]],[[[35.44253,30.13851],[35.50929,30.16756],[35.54267,30.22565],[35.60943,30.5161],[35.60943,30.60323],[35.57605,30.63228],[35.54267,30.66132],[35.47591,30.63228],[35.37578,30.5161],[35.3424,30.45801],[35.30902,30.37087],[35.27564,30.1966],[35.30902,30.10947],[35.3424,30.10947],[35.44253,30.13851]]],[[[35.47591,30.60323],[35.44253,30.54514],[35.37578,30.39992],[35.3424,30.31278],[35.3424,30.22565],[35.37578,30.22565],[35.44253,30.34183],[35.50929,30.45801],[35.57605,30.60323],[35.57605,30.63228],[35.54267,30.63228],[35.50929,30.63228],[35.47591,30.60323]]],[[[35.47591,30.60323],[35.40916,30.45801],[35.40916,30.42896],[35.47591,30.42896],[35.50929,30.48705],[35.57605,30.63228],[35.54267,30.63228],[35.50929,30.63228],[35.47591,30.60323]]]],\"type\":\"MultiPolygon\"},\"properties\":{\"format\":\"isobands\",\"id\":\"g0ed146.isobands\",\"land_or_water\":\"land\",\"max_confidence\":70,\"min_confidence\":10,\"role\":\"isobands\"},\"type\":\"Feature\"},{\"geometry\":{\"coordinates\":[[[34.731301,30.892764],[34.962267,30.730447],[35.292225,31.000641],[35.039238,31.14647],[34.731301,30.892764]]],\"type\":\"Polygon\"},\"properties\":{\"id\":\"g33eb5b.geometry\",\"land_or_water\":\"land\"},\"type\":\"Feature\"},{\"geometry\":{\"coordinates\":[35.3166,30.1843],\"type\":\"Point\"},\"properties\":{\"id\":\"m681aef.point\"},\"type\":\"Feature\"},{\"geometry\":{\"coordinates\":[35.134722,30.885],\"type\":\"Point\"},\"properties\":{\"id\":\"mbb4e1d.point\"},\"type\":\"Feature\"}],\"metadata\":{\"name\":\"Mount Esau\"},\"type\":\"FeatureCollection\"}",
      "anotherNames": null,
      "koreanName": "에서 산",
      "anotherKoreanNames": null
    },
    {
      "id": "m6a8ed6",
      "name": "Mount Moriah",
      "isModern": true,
      "stereo": "child",
      "description": "The hill in Jerusalem historically identified as the location where Abraham was commanded to sacrifice his son Isaac (Genesis 22).\nLater, King David purchased the threshing floor of Araunah the Jebusite on this mountain, and it became the site where Solomon built the First Temple (2 Chronicles 3:1).\nToday, it is the location of the Temple Mount (Haram al-Sharif) in the Old City of Jerusalem, a highly significant religious site for Judaism, Christianity, and Islam, closely associated with the ancient Most Holy Place.",
      "koreanDescription": "아브라함이 아들 이삭을 바치라는 명령을 받았던 곳으로 역사적으로 알려진 예루살렘의 언덕입니다(창세기 22장).\n후에 다윗 왕이 이곳에서 여부스 사람 아라우나의 타작 마당을 사서, 솔로몬이 첫 번째 성전을 건축한 장소가 되었습니다(역대하 3:1).\n오늘날에는 예루살렘 구시가지에 있는 성전 산(하람 알샤리프)의 위치이며, 유대교, 기독교, 이슬람교 모두에게 매우 중요한 종교적 장소로 고대 지성소와 밀접한 관련이 있습니다.",
      "imageTitle": "m6a8ed6.i6449a7.jpg",
      "types": ["hill"],
      "geojsonText": "{\"bbox\":[35.23238,31.77508,35.23873,31.78048],\"features\":[{\"geometry\":{\"coordinates\":[35.235556,31.777778],\"type\":\"Point\"},\"properties\":{\"id\":\"m6a8ed6.point\",\"role\":\"point\"},\"type\":\"Feature\"},{\"geometry\":{\"coordinates\":[[[35.234321,31.777224],[35.234381,31.776934],[35.234396,31.776869],[35.234451,31.776601],[35.234487,31.776423],[35.234494,31.776384],[35.234506,31.776332],[35.234592,31.775922],[35.234643,31.775676],[35.234999,31.77573],[35.235812,31.775846],[35.23624,31.775911],[35.23653,31.775954],[35.237558,31.7761],[35.237298,31.778181],[35.237292,31.778227],[35.237209,31.778892],[35.237235,31.778894],[35.237218,31.779043],[35.237191,31.779041],[35.23719,31.779052],[35.237154,31.779343],[35.23714,31.779461],[35.237062,31.78007],[35.237088,31.780073],[35.237085,31.780094],[35.237056,31.780297],[35.236968,31.780289],[35.236941,31.780287],[35.236915,31.780284],[35.236186,31.78022],[35.235852,31.78019],[35.235659,31.780172],[35.235633,31.780171],[35.235612,31.780169],[35.23519,31.780128],[35.235141,31.780123],[35.23511,31.78012],[35.234808,31.780095],[35.234727,31.780087],[35.234535,31.780069],[35.233869,31.780012],[35.233773,31.780004],[35.23377,31.780036],[35.233698,31.780031],[35.233702,31.779997],[35.233705,31.779965],[35.233728,31.779966],[35.233837,31.77948],[35.233911,31.77915],[35.234019,31.778652],[35.234035,31.778578],[35.234051,31.778505],[35.234074,31.7784],[35.23408,31.778376],[35.234198,31.777822],[35.234321,31.777224]]],\"type\":\"Polygon\"},\"properties\":{\"id\":\"g8aabdb.local\",\"land_or_water\":\"land\",\"role\":\"local\"},\"type\":\"Feature\"},{\"geometry\":{\"coordinates\":[[[35.23556,31.78048],[35.23522,31.78046],[35.2349,31.78042],[35.23458,31.78034],[35.23427,31.78024],[35.23397,31.78011],[35.23369,31.77996],[35.23343,31.77978],[35.2332,31.77958],[35.23299,31.77936],[35.23281,31.77913],[35.23266,31.77888],[35.23254,31.77861],[35.23245,31.77834],[35.2324,31.77806],[35.23238,31.77778],[35.2324,31.7775],[35.23245,31.77722],[35.23254,31.77694],[35.23266,31.77668],[35.23281,31.77643],[35.23299,31.77619],[35.2332,31.77597],[35.23343,31.77577],[35.23369,31.7756],[35.23397,31.77544],[35.23427,31.77531],[35.23458,31.77521],[35.2349,31.77514],[35.23522,31.77509],[35.23556,31.77508],[35.23589,31.77509],[35.23622,31.77514],[35.23654,31.77521],[35.23685,31.77531],[35.23714,31.77544],[35.23742,31.7756],[35.23768,31.77577],[35.23791,31.77597],[35.23812,31.77619],[35.2383,31.77643],[35.23846,31.77668],[35.23857,31.77694],[35.23866,31.77722],[35.23871,31.7775],[35.23873,31.77778],[35.23871,31.77806],[35.23866,31.77834],[35.23857,31.77861],[35.23846,31.77888],[35.2383,31.77913],[35.23812,31.77936],[35.23791,31.77958],[35.23768,31.77978],[35.23742,31.77996],[35.23714,31.78011],[35.23685,31.78024],[35.23654,31.78034],[35.23622,31.78042],[35.23589,31.78046],[35.23556,31.78048]]],\"type\":\"Polygon\"},\"properties\":{\"id\":\"g8ac7d9.precision_radius\",\"land_or_water\":\"land\",\"role\":\"precision_radius\"},\"type\":\"Feature\"}],\"metadata\":{\"class\":\"natural\",\"geometry_credit\":\"Some data © OpenStreetMap contributors\",\"land_or_water\":\"land\",\"name\":\"Mount Moriah\",\"type\":\"hill\"},\"type\":\"FeatureCollection\"}",
      "anotherNames": null,
      "koreanName": "모리아 산",
      "anotherKoreanNames": null
    },
    {
      "id": "mc78c4d",
      "name": "Mount Hermon",
      "isModern": true,
      "stereo": "child",
      "description": "A mountain cluster in the Anti-Lebanon mountain range, marking the border between Syria, Lebanon, and Israel (Golan Heights).\nIt is the highest point in the region and is mentioned in the Bible as a boundary marker and a significant, sacred landmark (often related to Mount Baal-hermon and sometimes mentioned in connection with Mount Bashan).\nToday, it is a strategic location with a large seasonal snow cover, known in Arabic as 'Jabal al-shaykh' ('mountain of the chief').",
      "koreanDescription": "안티-레바논 산맥에 있는 산군으로, 시리아, 레바논, 이스라엘(골란 고원) 사이의 국경을 이룹니다.\n이 지역에서 가장 높은 지점이며, 성경에서는 경계 표시와 중요하고 신성한 랜드마크로 언급됩니다(종종 바알-헤르몬 산과 관련이 있고, 때로는 바산 산과 연결되기도 함).\n오늘날에는 계절에 따라 많은 눈이 덮이는 전략적 위치이며, 아랍어로는 '자발 알-샤이크'('족장의 산')로 알려져 있습니다.",
      "imageTitle": "mc78c4d.i2be58f.jpg",
      "types": ["mountain"],
      "geojsonText": "{\"bbox\":[35.83923,33.39101,35.86077,33.40899],\"features\":[{\"geometry\":{\"coordinates\":[35.85,33.4],\"type\":\"Point\"},\"properties\":{\"id\":\"mc78c4d.point\",\"role\":\"point\"},\"type\":\"Feature\"},{\"geometry\":{\"coordinates\":[[[35.85,33.40899],[35.84887,33.40894],[35.84776,33.4088],[35.84667,33.40855],[35.84562,33.40822],[35.84461,33.40779],[35.84367,33.40728],[35.84279,33.40668],[35.84199,33.40602],[35.84128,33.40529],[35.84067,33.4045],[35.84016,33.40366],[35.83975,33.40278],[35.83946,33.40187],[35.83929,33.40094],[35.83923,33.4],[35.83929,33.39906],[35.83946,33.39813],[35.83976,33.39722],[35.84016,33.39634],[35.84067,33.3955],[35.84129,33.39471],[35.842,33.39398],[35.84279,33.39332],[35.84367,33.39272],[35.84461,33.39221],[35.84562,33.39178],[35.84667,33.39145],[35.84776,33.3912],[35.84887,33.39106],[35.85,33.39101],[35.85113,33.39106],[35.85224,33.3912],[35.85333,33.39145],[35.85438,33.39178],[35.85539,33.39221],[35.85633,33.39272],[35.85721,33.39332],[35.858,33.39398],[35.85871,33.39471],[35.85933,33.3955],[35.85984,33.39634],[35.86024,33.39722],[35.86054,33.39813],[35.86071,33.39906],[35.86077,33.4],[35.86071,33.40094],[35.86054,33.40187],[35.86025,33.40278],[35.85984,33.40366],[35.85933,33.4045],[35.85872,33.40529],[35.85801,33.40602],[35.85721,33.40668],[35.85633,33.40728],[35.85539,33.40779],[35.85438,33.40822],[35.85333,33.40855],[35.85224,33.4088],[35.85113,33.40894],[35.85,33.40899]]],\"type\":\"Polygon\"},\"properties\":{\"id\":\"g5b73f3.precision_radius\",\"land_or_water\":\"land\",\"role\":\"precision_radius\"},\"type\":\"Feature\"}],\"metadata\":{\"class\":\"natural\",\"land_or_water\":\"land\",\"name\":\"Mount Hermon\",\"type\":\"mountain\"},\"type\":\"FeatureCollection\"}",
      "anotherNames": null,
      "koreanName": "헤르몬 산",
      "anotherKoreanNames": null
    },
    {
      "id": "ma56250",
      "name": "Mughar",
      "isModern": true,
      "stereo": "child",
      "description": "A modern village in the Shephelah (Judean foothills) of Israel, which is a possible candidate for the ancient biblical location of Mount Baalah.\nIts location in the Judean hill country fits the general description of the boundary line between the tribes of Judah and Benjamin, as detailed in the Book of Joshua.",
      "koreanDescription": "이스라엘 쉐펠라(유대 산기슭)에 있는 현대 마을로, 고대 성경의 바알라 산의 가능한 후보지 중 하나입니다.\n유대 산지에 위치하며, 여호수아기에 자세히 설명된 유다와 베냐민 지파 경계선의 일반적인 설명과 일치합니다.",
      "imageTitle": "ma56250.ie30a76.jpg",
      "types": ["hill"],
      "geojsonText": "{\"bbox\":[34.78266,31.83869,34.78901,31.84409],\"features\":[{\"geometry\":{\"coordinates\":[34.785833,31.841389],\"type\":\"Point\"},\"properties\":{\"id\":\"ma56250.point\",\"role\":\"point\"},\"type\":\"Feature\"},{\"geometry\":{\"coordinates\":[[[34.78583,31.84409],[34.7855,31.84407],[34.78517,31.84403],[34.78485,31.84395],[34.78454,31.84385],[34.78425,31.84373],[34.78397,31.84357],[34.78371,31.84339],[34.78347,31.84319],[34.78326,31.84297],[34.78308,31.84274],[34.78293,31.84249],[34.78281,31.84222],[34.78273,31.84195],[34.78267,31.84167],[34.78266,31.84139],[34.78267,31.84111],[34.78273,31.84083],[34.78281,31.84056],[34.78293,31.84029],[34.78308,31.84004],[34.78326,31.8398],[34.78347,31.83958],[34.78371,31.83938],[34.78397,31.83921],[34.78425,31.83905],[34.78454,31.83892],[34.78485,31.83882],[34.78517,31.83875],[34.7855,31.83871],[34.78583,31.83869],[34.78616,31.83871],[34.78649,31.83875],[34.78681,31.83882],[34.78712,31.83892],[34.78742,31.83905],[34.7877,31.83921],[34.78796,31.83938],[34.78819,31.83958],[34.7884,31.8398],[34.78858,31.84004],[34.78873,31.84029],[34.78885,31.84056],[34.78894,31.84083],[34.78899,31.84111],[34.78901,31.84139],[34.78899,31.84167],[34.78894,31.84195],[34.78885,31.84222],[34.78873,31.84249],[34.78858,31.84274],[34.7884,31.84297],[34.78819,31.84319],[34.78796,31.84339],[34.7877,31.84357],[34.78742,31.84373],[34.78712,31.84385],[34.78681,31.84395],[34.78649,31.84403],[34.78616,31.84407],[34.78583,31.84409]]],\"type\":\"Polygon\"},\"properties\":{\"id\":\"g3ce598.precision_radius\",\"land_or_water\":\"land\",\"role\":\"precision_radius\"},\"type\":\"Feature\"}],\"metadata\":{\"class\":\"natural\",\"land_or_water\":\"land\",\"name\":\"Mughar\",\"type\":\"hill\"},\"type\":\"FeatureCollection\"}",
      "anotherNames": "El Maghar, Mghar",
      "koreanName": "무가르",
      "anotherKoreanNames": "엘 마가르, 므가르"
    },
    {
      "id": "mb905e4",
      "name": "Kesla",
      "isModern": true,
      "stereo": "child",
      "description": "A modern settlement in the Judean hill country, often identified with the biblical location Chesalon (also referred to as Mount Jearim in the context of the border), which was a landmark on the boundary of the tribe of Judah.\nIts position high above the main road from Jerusalem to the coastal plain is topographically consistent with its biblical role as a boundary marker, suggesting a secondary possibility for Mount Baalah.",
      "koreanDescription": "유대 산지에 있는 현대 정착지로, 종종 성경에 나오는 그살론(경계선의 맥락에서 여아림 산이라고도 함)과 동일시됩니다. 그살론은 유다 지파 경계의 랜드마크였습니다.\n예루살렘에서 해안 평야로 가는 주요 도로보다 높은 위치는 경계 표시로서의 성경적 역할과 지형적으로 일치하며, 바알라 산의 2차 후보지를 시사합니다.",
      "imageTitle": "mb905e4.satellite.jpg",
      "types": ["settlement"],
      "geojsonText": "{\"bbox\":[35.04847,31.77886,35.05376,31.78336],\"features\":[{\"geometry\":{\"coordinates\":[35.051111,31.781111],\"type\":\"Point\"},\"properties\":{\"id\":\"mb905e4.point\",\"role\":\"point\"},\"type\":\"Feature\"},{\"geometry\":{\"coordinates\":[[[35.05111,31.78336],[35.05083,31.78335],[35.05056,31.78331],[35.05029,31.78325],[35.05004,31.78316],[35.04979,31.78306],[35.04956,31.78293],[35.04934,31.78278],[35.04915,31.78262],[35.04897,31.78243],[35.04882,31.78224],[35.04869,31.78203],[35.0486,31.78181],[35.04852,31.78158],[35.04848,31.78135],[35.04847,31.78111],[35.04848,31.78088],[35.04852,31.78064],[35.0486,31.78042],[35.04869,31.7802],[35.04882,31.77999],[35.04897,31.77979],[35.04915,31.77961],[35.04934,31.77944],[35.04956,31.77929],[35.04979,31.77916],[35.05004,31.77906],[35.05029,31.77897],[35.05056,31.77891],[35.05083,31.77888],[35.05111,31.77886],[35.05139,31.77888],[35.05166,31.77891],[35.05193,31.77897],[35.05219,31.77906],[35.05243,31.77916],[35.05267,31.77929],[35.05288,31.77944],[35.05308,31.77961],[35.05325,31.77979],[35.0534,31.77999],[35.05353,31.7802],[35.05363,31.78042],[35.0537,31.78064],[35.05374,31.78088],[35.05376,31.78111],[35.05374,31.78135],[35.0537,31.78158],[35.05363,31.78181],[35.05353,31.78203],[35.0534,31.78224],[35.05325,31.78243],[35.05308,31.78262],[35.05288,31.78278],[35.05267,31.78293],[35.05243,31.78306],[35.05219,31.78316],[35.05193,31.78325],[35.05166,31.78331],[35.05139,31.78335],[35.05111,31.78336]]],\"type\":\"Polygon\"},\"properties\":{\"id\":\"g865967.precision_radius\",\"land_or_water\":\"land\",\"role\":\"precision_radius\"},\"type\":\"Feature\"}],\"metadata\":{\"class\":\"human\",\"land_or_water\":\"land\",\"name\":\"Kesla\",\"type\":\"settlement\"},\"type\":\"FeatureCollection\"}",
      "anotherNames": "Kasla",
      "koreanName": "케슬라",
      "anotherKoreanNames": "카슬라"
    },
    {
      "id": "m1dc3a0",
      "name": "Jebel Druze",
      "isModern": true,
      "stereo": "child",
      "description": "A large volcanic massif in southern Syria, known in Arabic as 'Jabal al-Durūz' ('the Druze Mountain'), which is part of the region traditionally associated with the biblical land of Bashan.\nThis region is known for its fertile volcanic soil and is a main concentration area for the Druze religious community in Syria. It is one of the modern identifications related to the ancient 'Mount Bashan' due to its mountainous nature and location east of the Jordan River.",
      "koreanDescription": "시리아 남부에 있는 큰 화산 산괴로, 아랍어로는 '자발 알-두루즈'('드루즈 산')로 알려져 있으며, 전통적으로 성경의 바산 땅과 관련된 지역의 일부입니다.\n이 지역은 비옥한 화산 토양으로 유명하며 시리아 드루즈 종교 공동체의 주요 거주지입니다. 산악 지형과 요단강 동쪽의 위치로 인해 고대 '바산 산'과 관련된 현대 지명 중 하나입니다.",
      "imageTitle": "m1dc3a0.if2d0a8.jpg",
      "types": ["mountain"],
      "geojsonText": "{\"bbox\":[36.72265,32.65767,36.74402,32.67566],\"features\":[{\"geometry\":{\"coordinates\":[36.733333,32.666667],\"type\":\"Point\"},\"properties\":{\"id\":\"m1dc3a0.point\",\"role\":\"point\"},\"type\":\"Feature\"},{\"geometry\":{\"coordinates\":[[[36.73333,32.67566],[36.73222,32.67561],[36.73111,32.67546],[36.73003,32.67522],[36.72899,32.67488],[36.72799,32.67446],[36.72705,32.67394],[36.72618,32.67335],[36.72539,32.67268],[36.72469,32.67195],[36.72408,32.67116],[36.72357,32.67032],[36.72317,32.66945],[36.72288,32.66854],[36.72271,32.66761],[36.72265,32.66667],[36.72271,32.66573],[36.72288,32.6648],[36.72317,32.66389],[36.72357,32.66301],[36.72408,32.66217],[36.72469,32.66138],[36.72539,32.66065],[36.72619,32.65998],[36.72705,32.65939],[36.72799,32.65888],[36.72899,32.65845],[36.73003,32.65811],[36.73111,32.65787],[36.73222,32.65772],[36.73333,32.65767],[36.73445,32.65772],[36.73555,32.65787],[36.73663,32.65811],[36.73768,32.65845],[36.73867,32.65888],[36.73961,32.65939],[36.74048,32.65998],[36.74127,32.66065],[36.74198,32.66138],[36.74258,32.66217],[36.74309,32.66301],[36.74349,32.66389],[36.74378,32.6648],[36.74396,32.66573],[36.74402,32.66667],[36.74396,32.66761],[36.74378,32.66854],[36.74349,32.66945],[36.74309,32.67032],[36.74259,32.67116],[36.74198,32.67195],[36.74127,32.67268],[36.74048,32.67335],[36.73961,32.67394],[36.73867,32.67446],[36.73768,32.67488],[36.73663,32.67522],[36.73555,32.67546],[36.73445,32.67561],[36.73333,32.67566]]],\"type\":\"Polygon\"},\"properties\":{\"id\":\"g7b68e6.precision_radius\",\"land_or_water\":\"land\",\"role\":\"precision_radius\"},\"type\":\"Feature\"}],\"metadata\":{\"class\":\"natural\",\"land_or_water\":\"land\",\"name\":\"Jebel Druze\",\"type\":\"mountain\"},\"type\":\"FeatureCollection\"}",
      "anotherNames": "Jabal al Druze, Jebel Hauran",
      "koreanName": "제벨 드루즈",
      "anotherKoreanNames": "자발 알 드루즈, 제벨 하우란"
    },
    {
      "id": "mdea236",
      "name": "Jebel Salman",
      "isModern": true,
      "stereo": "child",
      "description": "A mountain located in the general Transjordan region, possibly related to the broader mountainous area of the biblical Bashan, though less definitively identified than Jebel Druze or Mount Hermon.\nIts significance lies in its potential inclusion within the vast geographical scope of the land east of the Jordan River known for its high peaks and fertility.",
      "koreanDescription": "요르단 동편의 일반적인 트랜스요르단 지역에 위치한 산으로, 제벨 드루즈나 헤르몬 산만큼 명확하게 확인되지는 않지만 성경의 바산의 광범위한 산악 지역과 관련이 있을 수 있습니다.\n그 중요성은 높은 봉우리와 비옥함으로 알려진 요단강 동쪽 땅의 광대한 지리적 범위에 잠재적으로 포함될 수 있다는 데 있습니다.",
      "imageTitle": "mdea236.iab9159.jpg",
      "types": ["mountain"],
      "geojsonText": "{\"bbox\":[35.22592,32.15958,35.24716,32.17756],\"features\":[{\"geometry\":{\"coordinates\":[35.23654,32.16857],\"type\":\"Point\"},\"properties\":{\"id\":\"mdea236.point\",\"role\":\"point\"},\"type\":\"Feature\"},{\"geometry\":{\"coordinates\":[[[35.23654,32.17756],[35.23543,32.17751],[35.23433,32.17737],[35.23326,32.17712],[35.23222,32.17679],[35.23123,32.17636],[35.23029,32.17585],[35.22943,32.17525],[35.22864,32.17459],[35.22794,32.17386],[35.22734,32.17307],[35.22683,32.17223],[35.22644,32.17135],[35.22615,32.17044],[35.22597,32.16951],[35.22592,32.16857],[35.22597,32.16763],[35.22615,32.1667],[35.22644,32.16579],[35.22683,32.16491],[35.22734,32.16407],[35.22795,32.16328],[35.22865,32.16255],[35.22943,32.16189],[35.2303,32.16129],[35.23123,32.16078],[35.23222,32.16035],[35.23326,32.16002],[35.23433,32.15977],[35.23543,32.15963],[35.23654,32.15958],[35.23765,32.15963],[35.23875,32.15977],[35.23982,32.16002],[35.24086,32.16035],[35.24185,32.16078],[35.24278,32.16129],[35.24365,32.16189],[35.24443,32.16255],[35.24513,32.16328],[35.24574,32.16407],[35.24625,32.16491],[35.24664,32.16579],[35.24693,32.1667],[35.24711,32.16763],[35.24716,32.16857],[35.24711,32.16951],[35.24693,32.17044],[35.24664,32.17135],[35.24625,32.17223],[35.24574,32.17307],[35.24514,32.17386],[35.24444,32.17459],[35.24365,32.17525],[35.24279,32.17585],[35.24185,32.17636],[35.24086,32.17679],[35.23982,32.17712],[35.23875,32.17737],[35.23765,32.17751],[35.23654,32.17756]]],\"type\":\"Polygon\"},\"properties\":{\"id\":\"g933f36.precision_radius\",\"land_or_water\":\"land\",\"role\":\"precision_radius\"},\"type\":\"Feature\"}],\"metadata\":{\"class\":\"natural\",\"land_or_water\":\"land\",\"name\":\"Jebel Salman\",\"type\":\"mountain\"},\"type\":\"FeatureCollection\"}",
      "anotherNames": "Jebel Suleiman",
      "koreanName": "제벨 살만",
      "anotherKoreanNames": "제벨 술레이만"
    },
    {
      "id": "m4fc803",
      "name": "Jebel el Kabir",
      "isModern": true,
      "stereo": "child",
      "description": "A mountain or mountain range, likely located in the Transjordan region, which may contribute to the modern geographic understanding of the broader mountainous territory of the biblical Bashan.\nIts name, meaning 'Great Mountain' in Arabic, suggests a prominent feature in the landscape of the area east of the Jordan River.",
      "koreanDescription": "트랜스요르단 지역에 위치했을 가능성이 있는 산 또는 산맥으로, 성경의 바산의 광범위한 산악 영토에 대한 현대 지리적 이해에 기여할 수 있습니다.\n아랍어로 '위대한 산'을 의미하는 그 이름은 요단강 동쪽 지역의 지형에서 두드러진 특징임을 시사합니다.",
      "imageTitle": "m4fc803.satellite.jpg",
      "types": ["mountain"],
      "geojsonText": "{\"bbox\":[35.34532,32.21699,35.36658,32.23497],\"features\":[{\"geometry\":{\"coordinates\":[35.35595,32.22598],\"type\":\"Point\"},\"properties\":{\"id\":\"m4fc803.point\",\"role\":\"point\"},\"type\":\"Feature\"},{\"geometry\":{\"coordinates\":[[[35.35595,32.23497],[35.35484,32.23492],[35.35374,32.23478],[35.35266,32.23453],[35.35163,32.2342],[35.35063,32.23377],[35.3497,32.23326],[35.34884,32.23266],[35.34805,32.232],[35.34735,32.23127],[35.34674,32.23048],[35.34624,32.22964],[35.34584,32.22876],[35.34555,32.22785],[35.34538,32.22692],[35.34532,32.22598],[35.34538,32.22504],[35.34555,32.22411],[35.34584,32.2232],[35.34624,32.22232],[35.34674,32.22148],[35.34735,32.22069],[35.34805,32.21996],[35.34884,32.2193],[35.3497,32.2187],[35.35064,32.21819],[35.35163,32.21776],[35.35267,32.21743],[35.35374,32.21718],[35.35484,32.21704],[35.35595,32.21699],[35.35706,32.21704],[35.35816,32.21718],[35.35923,32.21743],[35.36027,32.21776],[35.36126,32.21819],[35.3622,32.2187],[35.36306,32.2193],[35.36385,32.21996],[35.36455,32.22069],[35.36516,32.22148],[35.36566,32.22232],[35.36606,32.2232],[35.36635,32.22411],[35.36652,32.22504],[35.36658,32.22598],[35.36652,32.22692],[35.36635,32.22785],[35.36606,32.22876],[35.36566,32.22964],[35.36516,32.23048],[35.36455,32.23127],[35.36385,32.232],[35.36306,32.23266],[35.3622,32.23326],[35.36127,32.23377],[35.36027,32.2342],[35.35924,32.23453],[35.35816,32.23478],[35.35706,32.23492],[35.35595,32.23497]]],\"type\":\"Polygon\"},\"properties\":{\"id\":\"gcacd28.precision_radius\",\"land_or_water\":\"land\",\"role\":\"precision_radius\"},\"type\":\"Feature\"}],\"metadata\":{\"class\":\"natural\",\"land_or_water\":\"land\",\"name\":\"Jebel el Kabir\",\"type\":\"mountain\"},\"type\":\"FeatureCollection\"}",
      "anotherNames": "Jabal al Kabir",
      "koreanName": "제벨 엘 카비르",
      "anotherKoreanNames": "자발 알 카비르"
    },
    {
      "id": "m846c1f",
      "name": "Mount Gerizim",
      "isModern": true,
      "stereo": "child",
      "description": "One of the two mountains (along with Mount Ebal) that form the valley where the modern city of Nablus (ancient Shechem) is located.\nIt is the sacred mountain of the Samaritans, who believe it is the site where Abraham nearly sacrificed Isaac and where the original, true temple was built.\nIn the biblical narrative, it is the mountain from which the blessings of the Law were to be pronounced, symbolizing God's favor and the rewards of obedience (Deuteronomy 11:29).",
      "koreanDescription": "현대 도시 나블루스(고대 세겜)가 위치한 계곡을 형성하는 두 산(에발 산과 함께) 중 하나입니다.\n이삭을 바치려 했던 장소이자 원래의 참된 성전이 지어졌다고 믿는 사마리아인들의 성산입니다.\n성경 이야기에서는 율법의 축복이 선포되어야 했던 산으로, 하나님의 은혜와 순종의 보상을 상징합니다(신명기 11:29).",
      "imageTitle": "m846c1f.ib3cda3.jpg",
      "types": ["mountain"],
      "geojsonText": "{\"bbox\":[35.26215,32.19045,35.28341,32.20844],\"features\":[{\"geometry\":{\"coordinates\":[35.272778,32.199444],\"type\":\"Point\"},\"properties\":{\"id\":\"m846c1f.point\",\"role\":\"point\"},\"type\":\"Feature\"},{\"geometry\":{\"coordinates\":[[[35.27278,32.20844],[35.27167,32.20839],[35.27057,32.20824],[35.26949,32.208],[35.26845,32.20766],[35.26746,32.20723],[35.26653,32.20672],[35.26567,32.20613],[35.26488,32.20546],[35.26418,32.20473],[35.26357,32.20394],[35.26307,32.2031],[35.26267,32.20222],[35.26238,32.20131],[35.26221,32.20038],[35.26215,32.19944],[35.26221,32.1985],[35.26238,32.19757],[35.26267,32.19666],[35.26307,32.19579],[35.26357,32.19495],[35.26418,32.19416],[35.26488,32.19343],[35.26567,32.19276],[35.26653,32.19217],[35.26746,32.19166],[35.26846,32.19123],[35.26949,32.19089],[35.27057,32.19065],[35.27167,32.1905],[35.27278,32.19045],[35.27389,32.1905],[35.27499,32.19065],[35.27606,32.19089],[35.2771,32.19123],[35.27809,32.19166],[35.27902,32.19217],[35.27989,32.19276],[35.28068,32.19343],[35.28138,32.19416],[35.28198,32.19495],[35.28249,32.19579],[35.28289,32.19666],[35.28317,32.19757],[35.28335,32.1985],[35.28341,32.19944],[35.28335,32.20038],[35.28317,32.20131],[35.28289,32.20222],[35.28249,32.2031],[35.28198,32.20394],[35.28138,32.20473],[35.28068,32.20546],[35.27989,32.20613],[35.27903,32.20672],[35.27809,32.20723],[35.2771,32.20766],[35.27606,32.208],[35.27499,32.20824],[35.27389,32.20839],[35.27278,32.20844]]],\"type\":\"Polygon\"},\"properties\":{\"id\":\"g5e8e0a.precision_radius\",\"land_or_water\":\"land\",\"role\":\"precision_radius\"},\"type\":\"Feature\"}],\"metadata\":{\"class\":\"natural\",\"land_or_water\":\"land\",\"name\":\"Mount Gerizim\",\"type\":\"mountain\"},\"type\":\"FeatureCollection\"}",
      "anotherNames": "Jabal at Tur, Jebel et Tor, Jebel et Tur",
      "koreanName": "그리심 산",
      "anotherKoreanNames": "자발 앗 투르, 제벨 엣 토르, 제벨 엣 투르"
    },
    {
      "id": "mc1032c",
      "name": "Mount Ebal",
      "isModern": true,
      "stereo": "child",
      "description": "The northern, higher peak of the two mountains flanking Nablus (ancient Shechem), corresponding to the biblical Mount Ebal (aa5cc66).\nIt is the mountain where the curses of the Law were to be pronounced (Deuteronomy 11:29) and where Joshua built an altar and wrote the Law on stones.\nModern archaeological work has uncovered a structure on its slopes that some scholars believe could be the altar mentioned in the Book of Joshua.",
      "koreanDescription": "나블루스(고대 세겜)를 양쪽에 끼고 있는 두 산 중 북쪽에 있는 더 높은 봉우리로, 성경의 에발 산(aa5cc66)에 해당합니다.\n율법의 저주가 선포되어야 했던 산(신명기 11:29)이자 여호수아가 단을 쌓고 돌에 율법을 기록한 곳입니다.\n현대 고고학 발굴 작업에서 그 비탈에서 일부 학자들이 여호수아기에 언급된 제단일 수 있다고 믿는 구조물이 발견되었습니다.",
      "imageTitle": "mc1032c.i25fdfc.jpg",
      "types": ["mountain"],
      "geojsonText": "{\"bbox\":[35.26267,32.22501,35.28393,32.24299],\"features\":[{\"geometry\":{\"coordinates\":[35.2733,32.234],\"type\":\"Point\"},\"properties\":{\"id\":\"mc1032c.point\",\"role\":\"point\"},\"type\":\"Feature\"},{\"geometry\":{\"coordinates\":[[[35.2733,32.24299],[35.27219,32.24294],[35.27109,32.2428],[35.27001,32.24255],[35.26898,32.24222],[35.26798,32.24179],[35.26705,32.24128],[35.26619,32.24068],[35.2654,32.24002],[35.2647,32.23929],[35.26409,32.2385],[35.26359,32.23766],[35.26319,32.23678],[35.2629,32.23587],[35.26273,32.23494],[35.26267,32.234],[35.26273,32.23306],[35.2629,32.23213],[35.26319,32.23122],[35.26359,32.23034],[35.26409,32.2295],[35.2647,32.22871],[35.2654,32.22798],[35.26619,32.22732],[35.26705,32.22672],[35.26798,32.22621],[35.26898,32.22578],[35.27001,32.22545],[35.27109,32.2252],[35.27219,32.22506],[35.2733,32.22501],[35.27441,32.22506],[35.27551,32.2252],[35.27659,32.22545],[35.27762,32.22578],[35.27862,32.22621],[35.27955,32.22672],[35.28041,32.22732],[35.2812,32.22798],[35.2819,32.22871],[35.28251,32.2295],[35.28301,32.23034],[35.28341,32.23122],[35.2837,32.23213],[35.28387,32.23306],[35.28393,32.234],[35.28387,32.23494],[35.2837,32.23587],[35.28341,32.23678],[35.28301,32.23766],[35.28251,32.2385],[35.2819,32.23929],[35.2812,32.24002],[35.28041,32.24068],[35.27955,32.24128],[35.27862,32.24179],[35.27762,32.24222],[35.27659,32.24255],[35.27551,32.2428],[35.27441,32.24294],[35.2733,32.24299]]],\"type\":\"Polygon\"},\"properties\":{\"id\":\"ga2fc0f.precision_radius\",\"land_or_water\":\"land\",\"role\":\"precision_radius\"},\"type\":\"Feature\"}],\"metadata\":{\"class\":\"natural\",\"land_or_water\":\"land\",\"name\":\"Mount Ebal\",\"type\":\"mountain\"},\"type\":\"FeatureCollection\"}",
      "anotherNames": "Har Eival, Jabal Aybal",
      "koreanName": "에발 산",
      "anotherKoreanNames": "하르 에이발, 자발 아이발"
    },
    {
      "id": "mf9b7d7",
      "name": "Mount Carmel",
      "isModern": true,
      "stereo": "child",
      "description": "The modern mountain range stretching from the Mediterranean coast inland into Israel, corresponding to the ancient biblical Mount Carmel (a3e21c6).\nThe city of Haifa is located on its northwest slope.\nToday, it is a protected natural area, known for its biodiversity, hiking trails, and ancient ruins, serving as a prominent geographical feature in northern Israel.",
      "koreanDescription": "지중해 연안에서 이스라엘 내륙으로 뻗어 있는 현대 산맥으로, 고대 성경의 갈멜 산(a3e21c6)에 해당합니다.\n하이파 시가 그 북서쪽 비탈에 위치합니다.\n오늘날 이곳은 생물 다양성, 하이킹 코스, 고대 유적으로 유명한 보호된 자연 지역이며, 이스라엘 북부의 두드러진 지리적 특징으로 기능합니다.",
      "imageTitle": "mf9b7d7.i047ce9.jpg",
      "types": ["mountain"],
      "geojsonText": "{\"bbox\":[35.01265,32.66351,35.03402,32.68149],\"features\":[{\"geometry\":{\"coordinates\":[35.023333,32.6725],\"type\":\"Point\"},\"properties\":{\"id\":\"mf9b7d7.point\",\"role\":\"point\"},\"type\":\"Feature\"},{\"geometry\":{\"coordinates\":[[[35.02333,32.68149],[35.02222,32.68144],[35.02111,32.6813],[35.02003,32.68105],[35.01899,32.68072],[35.01799,32.68029],[35.01705,32.67978],[35.01618,32.67918],[35.01539,32.67852],[35.01469,32.67779],[35.01408,32.677],[35.01357,32.67616],[35.01317,32.67528],[35.01288,32.67437],[35.01271,32.67344],[35.01265,32.6725],[35.01271,32.67156],[35.01288,32.67063],[35.01317,32.66972],[35.01357,32.66884],[35.01408,32.668],[35.01469,32.66721],[35.01539,32.66648],[35.01618,32.66582],[35.01705,32.66522],[35.01799,32.66471],[35.01899,32.66428],[35.02003,32.66395],[35.02111,32.6637],[35.02222,32.66356],[35.02333,32.66351],[35.02445,32.66356],[35.02555,32.6637],[35.02663,32.66395],[35.02768,32.66428],[35.02867,32.66471],[35.02961,32.66522],[35.03048,32.66582],[35.03127,32.66648],[35.03198,32.66721],[35.03258,32.668],[35.03309,32.66884],[35.03349,32.66972],[35.03378,32.67063],[35.03396,32.67156],[35.03402,32.6725],[35.03396,32.67344],[35.03378,32.67437],[35.03349,32.67528],[35.03309,32.67616],[35.03259,32.677],[35.03198,32.67779],[35.03127,32.67852],[35.03048,32.67918],[35.02961,32.67978],[35.02868,32.68029],[35.02768,32.68072],[35.02663,32.68105],[35.02555,32.6813],[35.02445,32.68144],[35.02333,32.68149]]],\"type\":\"Polygon\"},\"properties\":{\"id\":\"g15f753.precision_radius\",\"land_or_water\":\"land\",\"role\":\"precision_radius\"},\"type\":\"Feature\"}],\"metadata\":{\"class\":\"natural\",\"land_or_water\":\"land\",\"name\":\"Mount Carmel\",\"type\":\"mountain\"},\"type\":\"FeatureCollection\"}",
      "anotherNames": "Jabal Al Karmil",
      "koreanName": "갈멜 산",
      "anotherKoreanNames": "자발 알 카르밀"
    },
    {
      "id": "me58522",
      "name": "Beitin",
      "isModern": true,
      "stereo": "child",
      "description": "A Palestinian village in the central West Bank, historically identified with the ancient biblical city of Bethel.\nIt lies within the area that was once part of the central mountainous district of Mount Ephraim.\nBethel was a significant sanctuary and site of Jacob's vision, and Beitin preserves the ancient name and its location serves as a modern marker for the biblical region of Mount Ephraim.",
      "koreanDescription": "서안 지구 중앙부에 위치한 팔레스타인 마을로, 역사적으로 고대 성경 도시 벧엘과 동일시됩니다.\n이곳은 한때 에브라임 산지의 중앙 산악 지구의 일부였던 지역에 속합니다.\n벧엘은 중요한 성소이자 야곱의 환상 장소였으며, 베이틴은 고대 이름을 보존하고 그 위치는 성경의 에브라임 산지 지역에 대한 현대적 표시 역할을 합니다.",
      "imageTitle": "me58522.icd4d40.jpg",
      "types": ["settlement"],
      "geojsonText": "{\"bbox\":[35.23874,31.92053,35.24404,31.92503],\"features\":[{\"geometry\":{\"coordinates\":[35.241389,31.922778],\"type\":\"Point\"},\"properties\":{\"id\":\"me58522.point\",\"role\":\"point\"},\"type\":\"Feature\"},{\"geometry\":{\"coordinates\":[[[35.24139,31.92503],[35.24111,31.92501],[35.24084,31.92498],[35.24057,31.92492],[35.24031,31.92483],[35.24006,31.92473],[35.23983,31.9246],[35.23962,31.92445],[35.23942,31.92428],[35.23925,31.9241],[35.23909,31.9239],[35.23897,31.92369],[35.23887,31.92347],[35.2388,31.92325],[35.23875,31.92301],[35.23874,31.92278],[35.23875,31.92254],[35.2388,31.92231],[35.23887,31.92208],[35.23897,31.92186],[35.23909,31.92165],[35.23925,31.92146],[35.23942,31.92127],[35.23962,31.92111],[35.23983,31.92096],[35.24006,31.92083],[35.24031,31.92072],[35.24057,31.92064],[35.24084,31.92058],[35.24111,31.92054],[35.24139,31.92053],[35.24167,31.92054],[35.24194,31.92058],[35.24221,31.92064],[35.24247,31.92072],[35.24271,31.92083],[35.24295,31.92096],[35.24316,31.92111],[35.24336,31.92127],[35.24353,31.92146],[35.24368,31.92165],[35.24381,31.92186],[35.24391,31.92208],[35.24398,31.92231],[35.24402,31.92254],[35.24404,31.92278],[35.24402,31.92301],[35.24398,31.92325],[35.24391,31.92347],[35.24381,31.92369],[35.24368,31.9239],[35.24353,31.9241],[35.24336,31.92428],[35.24316,31.92445],[35.24295,31.9246],[35.24271,31.92473],[35.24247,31.92483],[35.24221,31.92492],[35.24194,31.92498],[35.24167,31.92501],[35.24139,31.92503]]],\"type\":\"Polygon\"},\"properties\":{\"id\":\"g1cc9a3.precision_radius\",\"land_or_water\":\"land\",\"role\":\"precision_radius\"},\"type\":\"Feature\"}],\"metadata\":{\"class\":\"human\",\"land_or_water\":\"land\",\"name\":\"Beitin\",\"type\":\"settlement\"},\"type\":\"FeatureCollection\"}",
      "anotherNames": "Baytin",
      "koreanName": "베이틴",
      "anotherKoreanNames": "바이틴"
    },
    {
      "id": "m90275b",
      "name": "Al Qastal",
      "isModern": true,
      "stereo": "child",
      "description": "A modern settlement in Israel, historically identified with the biblical 'Cities of Mount Ephron.'\nIts location in the Judean hills aligns with the boundary description for the tribe of Judah in the Book of Joshua.\nIt is situated near the main road to Jerusalem and is a potential modern marker for the ancient Mount Ephron.",
      "koreanDescription": "이스라엘에 있는 현대 정착지로, 역사적으로 성경의 '에브론 산 성읍들'과 동일시됩니다.\n유대 산지에 위치하며, 여호수아기에 나오는 유다 지파 경계선 설명과 일치합니다.\n예루살렘으로 가는 주요 도로 근처에 위치하며, 고대 에브론 산의 잠재적인 현대적 표시 역할을 합니다.",
      "imageTitle": "m90275b.i070117.jpg",
      "types": ["settlement"],
      "geojsonText": "{\"bbox\":[35.141905,31.794654,35.146248,31.797624],\"features\":[{\"geometry\":{\"coordinates\":[35.144167,31.796944],\"type\":\"Point\"},\"properties\":{\"id\":\"m90275b.point\",\"role\":\"point\"},\"type\":\"Feature\"},{\"geometry\":{\"coordinates\":[[[35.143034,31.797562],[35.142595,31.797624],[35.142523,31.797588],[35.142407,31.797515],[35.142274,31.797355],[35.142055,31.797023],[35.141965,31.796804],[35.141905,31.796582],[35.141968,31.79628],[35.142308,31.795539],[35.142504,31.795241],[35.142753,31.794996],[35.143024,31.79484],[35.14389,31.794654],[35.1443,31.79474],[35.144467,31.794762],[35.144643,31.79467],[35.145154,31.794904],[35.14542,31.795101],[35.145055,31.795655],[35.145175,31.795706],[35.145287,31.795637],[35.145583,31.795323],[35.145721,31.795294],[35.146119,31.794926],[35.146193,31.79501],[35.146248,31.79509],[35.146186,31.795365],[35.145637,31.796532],[35.145454,31.796563],[35.145167,31.796768],[35.144699,31.797154],[35.144107,31.797446],[35.143837,31.797508],[35.143661,31.797413],[35.143506,31.79742],[35.143238,31.797501],[35.143034,31.797562]]],\"type\":\"Polygon\"},\"properties\":{\"id\":\"gf336e6.local\",\"land_or_water\":\"land\",\"role\":\"local\"},\"type\":\"Feature\"},{\"geometry\":{\"coordinates\":[[[35.14417,31.79739],[35.14411,31.79739],[35.14406,31.79738],[35.144,31.79737],[35.14395,31.79735],[35.1439,31.79733],[35.14386,31.79731],[35.14381,31.79728],[35.14377,31.79724],[35.14374,31.79721],[35.14371,31.79717],[35.14368,31.79713],[35.14366,31.79708],[35.14365,31.79704],[35.14364,31.79699],[35.14364,31.79694],[35.14364,31.7969],[35.14365,31.79685],[35.14366,31.79681],[35.14368,31.79676],[35.14371,31.79672],[35.14374,31.79668],[35.14377,31.79664],[35.14381,31.79661],[35.14386,31.79658],[35.1439,31.79655],[35.14395,31.79653],[35.144,31.79652],[35.14406,31.7965],[35.14411,31.7965],[35.14417,31.79649],[35.14422,31.7965],[35.14428,31.7965],[35.14433,31.79652],[35.14438,31.79653],[35.14443,31.79655],[35.14448,31.79658],[35.14452,31.79661],[35.14456,31.79664],[35.1446,31.79668],[35.14463,31.79672],[35.14465,31.79676],[35.14467,31.79681],[35.14468,31.79685],[35.14469,31.7969],[35.1447,31.79694],[35.14469,31.79699],[35.14468,31.79704],[35.14467,31.79708],[35.14465,31.79713],[35.14463,31.79717],[35.1446,31.79721],[35.14456,31.79724],[35.14452,31.79728],[35.14448,31.79731],[35.14443,31.79733],[35.14438,31.79735],[35.14433,31.79737],[35.14428,31.79738],[35.14422,31.79739],[35.14417,31.79739]]],\"type\":\"Polygon\"},\"properties\":{\"id\":\"g96b667.precision_radius\",\"land_or_water\":\"land\",\"role\":\"precision_radius\"},\"type\":\"Feature\"}],\"metadata\":{\"class\":\"human\",\"geometry_credit\":\"Some data © OpenStreetMap contributors\",\"land_or_water\":\"land\",\"name\":\"Al Qastal\",\"type\":\"settlement\"},\"type\":\"FeatureCollection\"}",
      "anotherNames": "Castel, El Qastel, Mevasseret Siyyon",
      "koreanName": "알 카스탈",
      "anotherKoreanNames": "카스텔, 엘 카스텔, 메바세렛 시욘"
    },
    {
      "id": "m681aef",
      "name": "Jebel esh Shera",
      "isModern": true,
      "stereo": "child",
      "description": "A mountain range in modern-day Jordan, part of the extensive southern Transjordan highlands, which is identified with the biblical Mount Esau (Edom).\nThis rugged, mountainous area was the ancient stronghold of the Edomites.\nIts location in southern Jordan corresponds directly to the geographical area referred to as 'Mount Esau' in the Bible, particularly in the Book of Obadiah.",
      "koreanDescription": "현대 요르단에 있는 산맥으로, 광범위한 남부 트랜스요르단 고원 지대의 일부이며, 성경의 에서 산(에돔)과 동일시됩니다.\n이 험준한 산악 지역은 에돔 족속의 고대 요새였습니다.\n요르단 남부에 위치한 이 지역은 성경, 특히 오바댜서에서 언급된 '에서 산'이라는 지리적 지역과 직접적으로 일치합니다.",
      "imageTitle": "m681aef.satellite.jpg",
      "types": ["mountain"],
      "geojsonText": "{\"bbox\":[35.3062,30.17531,35.327,30.19329],\"features\":[{\"geometry\":{\"coordinates\":[35.3166,30.1843],\"type\":\"Point\"},\"properties\":{\"id\":\"m681aef.point\",\"role\":\"point\"},\"type\":\"Feature\"},{\"geometry\":{\"coordinates\":[[[35.3166,30.19329],[35.31551,30.19324],[35.31444,30.1931],[35.31338,30.19285],[35.31237,30.19252],[35.3114,30.19209],[35.31048,30.19158],[35.30964,30.19098],[35.30887,30.19032],[35.30818,30.18959],[35.30759,30.1888],[35.3071,30.18796],[35.30671,30.18708],[35.30642,30.18617],[35.30625,30.18524],[35.3062,30.1843],[35.30625,30.18336],[35.30642,30.18243],[35.30671,30.18152],[35.3071,30.18064],[35.30759,30.1798],[35.30818,30.17901],[35.30887,30.17828],[35.30964,30.17762],[35.31049,30.17702],[35.3114,30.17651],[35.31237,30.17608],[35.31339,30.17575],[35.31444,30.1755],[35.31551,30.17536],[35.3166,30.17531],[35.31769,30.17536],[35.31876,30.1755],[35.31981,30.17575],[35.32083,30.17608],[35.3218,30.17651],[35.32271,30.17702],[35.32356,30.17762],[35.32433,30.17828],[35.32502,30.17901],[35.32561,30.1798],[35.3261,30.18064],[35.32649,30.18152],[35.32678,30.18243],[35.32695,30.18336],[35.327,30.1843],[35.32695,30.18524],[35.32678,30.18617],[35.32649,30.18708],[35.3261,30.18796],[35.32561,30.1888],[35.32502,30.18959],[35.32433,30.19032],[35.32356,30.19098],[35.32272,30.19158],[35.3218,30.19209],[35.32083,30.19252],[35.31982,30.19285],[35.31876,30.1931],[35.31769,30.19324],[35.3166,30.19329]]],\"type\":\"Polygon\"},\"properties\":{\"id\":\"gd0a426.precision_radius\",\"land_or_water\":\"land\",\"role\":\"precision_radius\"},\"type\":\"Feature\"}],\"metadata\":{\"class\":\"natural\",\"land_or_water\":\"land\",\"name\":\"Jebel esh Shera\",\"type\":\"mountain\"},\"type\":\"FeatureCollection\"}",
      "anotherNames": "Jibal ash Sharah",
      "koreanName": "제벨 에쉬 쉐라",
      "anotherKoreanNames": "지발 아쉬 샤라"
    },
    {
      "id": "mbb4e1d",
      "name": "Mountains southwest of the Dead Sea",
      "isModern": true,
      "stereo": "child",
      "description": "A general geographic region encompassing the mountainous area to the southwest of the Dead Sea, which forms part of the borderlands of the ancient land of Edom.\nThis region is included as a broader modern identification for the biblical Mount Esau, representing the mountainous terrain of Edom that extended into the southern reaches of biblical lands.",
      "koreanDescription": "사해 남서쪽에 있는 산악 지역을 포함하는 일반적인 지리적 지역으로, 고대 에돔 땅의 국경 지대 일부를 형성합니다.\n이 지역은 성경의 에서 산에 대한 더 넓은 현대적 식별에 포함되며, 성경 땅의 남쪽 범위까지 뻗어 있던 에돔의 산악 지형을 나타냅니다.",
      "imageTitle": "mbb4e1d.i57c632.jpg",
      "types": ["region"],
      "geojsonText": "{\"bbox\":[34.731301,30.730447,35.292225,31.14647],\"features\":[{\"geometry\":{\"coordinates\":[35.134722,30.885],\"type\":\"Point\"},\"properties\":{\"id\":\"mbb4e1d.representative_point\",\"role\":\"representative_point\"},\"type\":\"Feature\"},{\"geometry\":{\"coordinates\":[[[34.731301,30.892764],[34.962267,30.730447],[35.292225,31.000641],[35.039238,31.14647],[34.731301,30.892764]]],\"type\":\"Polygon\"},\"properties\":{\"id\":\"g33eb5b.geometry\",\"land_or_water\":\"land\",\"role\":\"geometry\"},\"type\":\"Feature\"}],\"metadata\":{\"class\":\"natural\",\"land_or_water\":\"land\",\"name\":\"mountains southwest of the Dead Sea\",\"type\":\"region\"},\"type\":\"FeatureCollection\"}",
      "anotherNames": null,
      "koreanName": "사해 남서쪽 산맥",
      "anotherKoreanNames": null
    }
  ],
  "relations": [
    { "parentId": "ac8955e", "childId": "mc78c4d", "possibility": 100 },
    { "parentId": "ac2b4ef", "childId": "ma56250", "possibility": 70 },
    { "parentId": "ac2b4ef", "childId": "mb905e4", "possibility": 10 },
    { "parentId": "a9acaaf", "childId": "m6a8ed6", "possibility": 100 },
    { "parentId": "aac759d", "childId": "m1dc3a0", "possibility": 100 },
    { "parentId": "aac759d", "childId": "mc78c4d", "possibility": 100 },
    { "parentId": "aac759d", "childId": "mdea236", "possibility": 100 },
    { "parentId": "aac759d", "childId": "m4fc803", "possibility": 100 },
    { "parentId": "aac759d", "childId": "m846c1f", "possibility": 100 },
    { "parentId": "aac759d", "childId": "mc1032c", "possibility": 100 },
    { "parentId": "a75aff4", "childId": "m90275b", "possibility": 70 },
    { "parentId": "a8e843f", "childId": "m681aef", "possibility": 100 },
    { "parentId": "a8e843f", "childId": "mbb4e1d", "possibility": 100 },
    { "parentId": "aa5cc66", "childId": "mc1032c", "possibility": 100 },
    { "parentId": "ac0d1a5", "childId": "me58522", "possibility": 100 },
    { "parentId": "a3e21c6", "childId": "mf9b7d7", "possibility": 100 }
  ],
  "total": 24
}
