{
  "data": [
    {
      "id": "a17c178",
      "name": "Timnah 3",
      "imageTitle": "mc7f587.ic4b4d9.jpg",
      "isModern": false,
      "stereo": "parent",
      "description": "A town in the hill country of Judah, known primarily as the location where Judah went up to shear his sheep, leading to the dramatic encounter with his daughter-in-law, Tamar, as recorded in **Genesis 38**. It was a strategically important town located on a frontier, which likely changed hands multiple times between Israel and the Philistines.",
      "koreanDescription": "유다 지파 산지에 위치했던 성읍입니다. \n 주로 **창세기 38장**에 기록된 사건, 즉 유다가 양털을 깎으러 올라갔다가 며느리 다말을 길가에서 만나 동침하게 되는 이야기가 펼쳐진 곳으로 알려져 있습니다. \n 성경 지명으로서 중요한 족보적, 도덕적 사건의 무대입니다.",
      "verses": ["Gen.38.12", "Gen.38.13", "Gen.38.14"],
      "placeUrl": "/geo/ancient/a17c178/timnah-3",
      "identificationPaths": [
        "/geo/modern/m8bd1e6",
        "/geo/modern/mae3962",
        "/geo/modern/m613c2e",
        "/geo/modern/mc7cf8a",
        "/geo/modern/m81f259",
        "/geo/modern/m69807c",
        "/geo/modern/m0e5df3",
        "/geo/modern/mc7f587"
      ],
      "types": ["settlement"],
      "unknownPlacePossibility": null,
      "geojsonText": "{\"bbox\":[34.910297,31.27455,35.2919,31.784831],\"features\":[{\"geometry\":{\"coordinates\":[[[35.130496,31.413263],[35.130223,31.412356],[35.12988,31.411752],[35.129759,31.411557],[35.12955,31.411226],[35.129258,31.410772],[35.129054,31.410315],[35.129022,31.40993],[35.129032,31.409371],[35.129,31.409051],[35.129137,31.408835],[35.129285,31.408751],[35.129853,31.408502],[35.130196,31.408502],[35.130582,31.408282],[35.13114,31.408007],[35.131419,31.408026],[35.132363,31.408264],[35.133028,31.408685],[35.133114,31.409106],[35.133629,31.409491],[35.134445,31.409839],[35.13511,31.410333],[35.135432,31.410754],[35.135196,31.411414],[35.134895,31.412201],[35.134166,31.412714],[35.133736,31.413666],[35.13335,31.414051],[35.132857,31.414087],[35.13247,31.413849],[35.132191,31.413373],[35.132063,31.412934],[35.131376,31.413135],[35.130496,31.413263]]],\"type\":\"Polygon\"},\"properties\":{\"id\":\"g14627e.geometry\",\"land_or_water\":\"land\"},\"type\":\"Feature\"},{\"geometry\":{\"coordinates\":[[[35.13384,31.54435],[35.11729,31.54361],[35.10093,31.54139],[35.08493,31.53773],[35.06947,31.53267],[35.05471,31.52625],[35.04083,31.51855],[35.02796,31.50965],[35.01626,31.49966],[35.00586,31.48868],[34.99686,31.47682],[34.98936,31.46423],[34.98345,31.45105],[34.97919,31.4374],[34.97662,31.42345],[34.97578,31.40935],[34.97667,31.39525],[34.97928,31.38131],[34.98358,31.36767],[34.98953,31.3545],[34.99705,31.34193],[35.00607,31.33009],[35.01649,31.31913],[35.02819,31.30916],[35.04104,31.30028],[35.05491,31.2926],[35.06963,31.2862],[35.08506,31.28114],[35.10102,31.27749],[35.11734,31.27529],[35.13384,31.27455],[35.15034,31.27529],[35.16666,31.27749],[35.18262,31.28114],[35.19804,31.2862],[35.21277,31.2926],[35.22664,31.30028],[35.23949,31.30916],[35.25119,31.31913],[35.2616,31.33009],[35.27062,31.34193],[35.27815,31.3545],[35.2841,31.36767],[35.2884,31.38131],[35.29101,31.39525],[35.2919,31.40935],[35.29106,31.42345],[35.28849,31.4374],[35.28423,31.45105],[35.27832,31.46423],[35.27082,31.47682],[35.26182,31.48868],[35.25141,31.49966],[35.23971,31.50965],[35.22685,31.51855],[35.21297,31.52625],[35.19821,31.53267],[35.18275,31.53773],[35.16675,31.54139],[35.15038,31.54361],[35.13384,31.54435]]],\"type\":\"Polygon\"},\"properties\":{\"id\":\"g492b6c.geometry\",\"land_or_water\":\"land\"},\"type\":\"Feature\"},{\"geometry\":{\"coordinates\":[34.935419,31.743041],\"type\":\"Point\"},\"properties\":{\"id\":\"m0e5df3.point\"},\"type\":\"Feature\"},{\"geometry\":{\"coordinates\":[35.157356,31.438229],\"type\":\"Point\"},\"properties\":{\"id\":\"m613c2e.point\"},\"type\":\"Feature\"},{\"geometry\":{\"coordinates\":[35.16295,31.434535],\"type\":\"Point\"},\"properties\":{\"id\":\"m69807c.point\"},\"type\":\"Feature\"},{\"geometry\":{\"coordinates\":[35.160762,31.409436],\"type\":\"Point\"},\"properties\":{\"id\":\"m81f259.point\"},\"type\":\"Feature\"},{\"geometry\":{\"coordinates\":[35.133839,31.409448],\"type\":\"Point\"},\"properties\":{\"id\":\"m8bd1e6.15000m\"},\"type\":\"Feature\"},{\"geometry\":{\"coordinates\":[35.04906,31.69405],\"type\":\"Point\"},\"properties\":{\"id\":\"mae3962.point\"},\"type\":\"Feature\"},{\"geometry\":{\"coordinates\":[35.1112,31.39615],\"type\":\"Point\"},\"properties\":{\"id\":\"mc7cf8a.point\"},\"type\":\"Feature\"},{\"geometry\":{\"coordinates\":[34.910297,31.784831],\"type\":\"Point\"},\"properties\":{\"id\":\"mc7f587.point\"},\"type\":\"Feature\"}],\"metadata\":{\"geometry_credit\":\"Some data © OpenStreetMap contributors\",\"name\":\"Timnah 3\"},\"type\":\"FeatureCollection\"}",
      "anotherNames": "Timnathah",
      "koreanName": "딤나 3",
      "anotherKoreanNames": "딤나다"
    },
    {
      "id": "a6e6528",
      "name": "Timnath-heres",
      "imageTitle": "me233de.i8274d5.jpg",
      "isModern": false,
      "stereo": "parent",
      "description": "The city in the hill country of Ephraim that was given to **Joshua son of Nun** as his personal inheritance, as commanded by the LORD. It is also known as **Timnath-Serah** (meaning 'portion of abundance'). Joshua fortified the city and was buried there after his death, serving as a symbolic confirmation that God's promise of land inheritance was fulfilled.",
      "koreanDescription": "이스라엘의 지도자 **여호수아**가 이스라엘 백성의 땅 분배를 모두 마친 후, 그의 기업으로 받은 에브라임 산지의 성읍입니다. \n **딤낫세라**라고도 불립니다. \n 여호수아가 이 성읍을 건축하고 정착했으며, 그가 110세에 죽은 후 이곳에 묻혔습니다(수 24:30; 삿 2:9). \n 이스라엘의 정착과 언약 성취를 상징하는 중요한 장소입니다.",
      "verses": ["Josh.19.50", "Josh.24.30", "Judg.2.9"],
      "placeUrl": "/geo/ancient/a6e6528/timnath-heres",
      "identificationPaths": ["/geo/modern/me233de"],
      "types": ["settlement"],
      "unknownPlacePossibility": null,
      "geojsonText": "{\"features\":[{\"geometry\":{\"coordinates\":[35.10729,32.00806],\"type\":\"Point\"},\"properties\":{\"id\":\"me233de.point\"},\"type\":\"Feature\"}],\"metadata\":{\"name\":\"Timnath-heres\"},\"type\":\"FeatureCollection\"}",
      "anotherNames": "Timnath-Serah",
      "koreanName": "딤낫헤레스",
      "anotherKoreanNames": "딤낫세라"
    },
    {
      "id": "aab8f2d",
      "name": "Tiphsah 1",
      "imageTitle": "m22ee15.satellite.jpg",
      "isModern": false,
      "stereo": "parent",
      "description": "A strategically important city located on the western bank of the **Euphrates River**. It marked the **northeastern boundary** of King Solomon's vast kingdom, which stretched 'from Tiphsah even to Gaza' (1 Kgs 4:24), signifying the golden age of Israel's dominion and prosperity. It was a crucial crossing point for trade and military movements.",
      "koreanDescription": "유프라테스강 서쪽 강변에 위치했던 전략적 요충지이자 주요 교역 도시입니다. \n **솔로몬 왕**의 통치 영역의 북동쪽 경계를 상징하며, 솔로몬의 왕국이 '딥사에서부터 가사까지' 이르렀음을 보여줍니다(왕상 4:24). \n 이는 하나님께서 아브라함에게 약속하신 땅의 경계가 성취되었음을 나타냅니다.",
      "verses": ["1Kgs.4.24"],
      "placeUrl": "/geo/ancient/aab8f2d/tiphsah-1",
      "identificationPaths": ["/geo/modern/m22ee15"],
      "types": ["settlement"],
      "unknownPlacePossibility": null,
      "geojsonText": "{\"features\":[{\"geometry\":{\"coordinates\":[38.16667,35.95],\"type\":\"Point\"},\"properties\":{\"id\":\"m22ee15.point\"},\"type\":\"Feature\"}],\"metadata\":{\"name\":\"Tiphsah 1\"},\"type\":\"FeatureCollection\"}",
      "anotherNames": "Thapsacus",
      "koreanName": "딥사 1",
      "anotherKoreanNames": "답사쿠스"
    },
    {
      "id": "abf2443",
      "name": "Tiphsah 2",
      "imageTitle": "m94367d.satellite.jpg",
      "isModern": false,
      "stereo": "parent",
      "description": "A city located within the kingdom of Israel, possibly near **Tirzah**. It is recorded that **Menahem** (who had just seized the throne) brutally attacked this city and its vicinity because they refused to surrender to him (2 Kgs 15:16). This city is distinct from the Tiphsah on the Euphrates and is sometimes identified with the city of **Tappuah**.",
      "koreanDescription": "북이스라엘 왕국의 도시로, **왕하 15:16**에 기록된 장소입니다. \n 이스라엘의 왕이 된 **므나헴**이 이 성읍이 자신에게 문을 열지 않았다는 이유로 딥사를 공격하고 그 주민들을 잔인하게 학살했습니다. \n 이는 유프라테스강가의 딥사와는 다른, **디르사 근처**에 있던 성읍으로 추정됩니다.",
      "verses": ["2Kgs.15.16"],
      "placeUrl": "/geo/ancient/abf2443/tiphsah-2",
      "identificationPaths": ["/geo/modern/m94367d", "/geo/modern/m99eb3d"],
      "types": ["settlement"],
      "unknownPlacePossibility": null,
      "geojsonText": "{\"bbox\":[35.16966,32.103698,35.23184,32.16727],\"features\":[{\"geometry\":{\"coordinates\":[[[35.230907,32.103698],[35.231003,32.103707],[35.231437,32.103761],[35.231692,32.103833],[35.23184,32.103959],[35.23184,32.104076],[35.231766,32.104338],[35.231395,32.104852],[35.230834,32.105276],[35.230537,32.105447],[35.230113,32.105339],[35.22969,32.10515],[35.229552,32.105015],[35.22952,32.104825],[35.229552,32.104582],[35.2297,32.104311],[35.229943,32.104041],[35.230028,32.103987],[35.230388,32.103833],[35.230727,32.103734],[35.230907,32.103698]]],\"type\":\"Polygon\"},\"properties\":{\"id\":\"g5f4274.geometry\",\"land_or_water\":\"land\"},\"type\":\"Feature\"},{\"geometry\":{\"coordinates\":[35.23007,32.10415],\"type\":\"Point\"},\"properties\":{\"id\":\"m94367d.point\"},\"type\":\"Feature\"},{\"geometry\":{\"coordinates\":[35.16966,32.16727],\"type\":\"Point\"},\"properties\":{\"id\":\"m99eb3d.point\"},\"type\":\"Feature\"}],\"metadata\":{\"geometry_credit\":\"Some data © OpenStreetMap contributors\",\"name\":\"Tiphsah 2\"},\"type\":\"FeatureCollection\"}",
      "anotherNames": "Tappuah (in some versions)",
      "koreanName": "딥사 2",
      "anotherKoreanNames": "답부아 (일부 역본)"
    },
    {
      "id": "a80d317",
      "name": "Tirzah",
      "imageTitle": "ma594e8.satellite.jpg",
      "isModern": false,
      "stereo": "parent",
      "description": "A Canaanite royal city conquered by Joshua (Josh 12:24), whose name means '**pleasantness**' or '**favorable**.' It is famously praised for its beauty in the Song of Solomon ('You are as beautiful as Tirzah, my darling,' Song 6:4). \n Most significantly, it served as the **first capital** of the Northern Kingdom of Israel for about 40-50 years, from Jeroboam I until Omri moved the capital to Samaria (1 Kgs 16:23-24).",
      "koreanDescription": "히브리어로 '**기쁨**' 또는 '**즐거움**'이라는 뜻입니다. 여호수아가 정복한 가나안 왕국 도시 중 하나입니다(수 12:24). \n 가장 중요한 점은 **북이스라엘 왕국**의 **첫 번째 수도**였으며, 여로보암 1세부터 오므리 왕조 초기에 이르기까지 약 40~50년간 수도 역할을 했습니다. \n **아가서 6:4**에서는 그 아름다움을 예루살렘과 견줄 정도로 칭송하고 있습니다.",
      "verses": [
        "Josh.12.24",
        "1Kgs.14.17",
        "1Kgs.15.21",
        "1Kgs.15.33",
        "1Kgs.16.6",
        "1Kgs.16.8",
        "1Kgs.16.9",
        "1Kgs.16.15",
        "1Kgs.16.17",
        "1Kgs.16.23",
        "2Kgs.15.14",
        "2Kgs.15.16",
        "Song.6.4"
      ],
      "placeUrl": "/geo/ancient/a80d317/tirzah",
      "identificationPaths": ["/geo/modern/ma594e8"],
      "types": ["settlement"],
      "unknownPlacePossibility": null,
      "geojsonText": "{\"features\":[{\"geometry\":{\"coordinates\":[35.3378,32.2874],\"type\":\"Point\"},\"properties\":{\"id\":\"ma594e8.point\"},\"type\":\"Feature\"}],\"metadata\":{\"name\":\"Tirzah\"},\"type\":\"FeatureCollection\"}",
      "anotherNames": null,
      "koreanName": "디르사",
      "anotherKoreanNames": null
    },
    {
      "id": "a4199a1",
      "name": "Tishbe",
      "imageTitle": "m4bcf97.i36fb05.jpg",
      "isModern": false,
      "stereo": "parent",
      "description": "The place from which the great prophet **Elijah** hailed, known as '**Elijah the Tishbite**' (1 Kgs 17:1). Its exact location is disputed, but it is generally placed in **Gilead** (east of the Jordan) or Galilee. It is significant as the home of the prophet who stood against the prophets of Baal and performed powerful miracles during the reigns of Ahab and Jezebel.",
      "koreanDescription": "이스라엘 역사상 가장 위대한 예언자 중 한 명인 **엘리야**의 고향입니다. \n 성경에서 엘리야는 '**디셉 사람**'으로 불리며(왕상 17:1), 이곳은 길르앗 지역이나 갈릴리 지역의 한 마을로 추정되지만 정확한 위치는 불분명합니다. \n 아합과 이세벨 시대에 바알 선지자들과 맞서 싸우며 하나님의 권능을 드러낸 선지자의 출발지입니다.",
      "verses": ["1Kgs.17.1", "2Kgs.1.3", "2Kgs.1.8", "2Kgs.9.36"],
      "placeUrl": "/geo/ancient/a4199a1/tishbe",
      "identificationPaths": [
        "/geo/modern/m4bcf97",
        "/geo/modern/m234519",
        "/geo/modern/md42a9f",
        "/geo/modern/m0d6ead",
        "/geo/modern/m4a3d57"
      ],
      "types": ["settlement"],
      "unknownPlacePossibility": null,
      "geojsonText": "{\"bbox\":[35.459225,32.3658,35.718,33.142043],\"features\":[{\"geometry\":{\"coordinates\":[[[35.593575,32.400496],[35.593575,32.400396],[35.593296,32.400423],[35.592899,32.400414],[35.592609,32.400405],[35.592502,32.400188],[35.592534,32.399662],[35.59277,32.398829],[35.592888,32.397978],[35.593006,32.397778],[35.593306,32.397769],[35.593789,32.397733],[35.594326,32.39766],[35.59425,32.397923],[35.594283,32.397996],[35.594647,32.397978],[35.594787,32.397941],[35.595259,32.39795],[35.595924,32.398041],[35.596203,32.398132],[35.596235,32.398295],[35.596332,32.398421],[35.596332,32.398639],[35.596257,32.398929],[35.596085,32.399191],[35.59616,32.399445],[35.595978,32.399581],[35.596085,32.399708],[35.596053,32.399907],[35.595806,32.399989],[35.595656,32.400188],[35.595495,32.400315],[35.595366,32.400242],[35.595087,32.400288],[35.594776,32.400378],[35.594529,32.400441],[35.593961,32.400451],[35.593821,32.400487],[35.593575,32.400496]]],\"type\":\"Polygon\"},\"properties\":{\"id\":\"g2d61c6.geometry\",\"land_or_water\":\"land\"},\"type\":\"Feature\"},{\"geometry\":{\"coordinates\":[[[35.459225,33.079162],[35.50477,32.990118],[35.629417,33.031869],[35.604591,33.142043],[35.459225,33.079162]]],\"type\":\"Polygon\"},\"properties\":{\"id\":\"gf4b73b.geometry\",\"land_or_water\":\"land\"},\"type\":\"Feature\"},{\"geometry\":{\"coordinates\":[35.5905,32.4002],\"type\":\"Point\"},\"properties\":{\"id\":\"m0d6ead.point\"},\"type\":\"Feature\"},{\"geometry\":{\"coordinates\":[35.6823,32.40237],\"type\":\"Point\"},\"properties\":{\"id\":\"m234519.point\"},\"type\":\"Feature\"},{\"geometry\":{\"coordinates\":[35.718,32.3658],\"type\":\"Point\"},\"properties\":{\"id\":\"m4a3d57.point\"},\"type\":\"Feature\"},{\"geometry\":{\"coordinates\":[35.539722,33.028611],\"type\":\"Point\"},\"properties\":{\"id\":\"m4bcf97.point\"},\"type\":\"Feature\"},{\"geometry\":{\"coordinates\":[35.595106,32.398983],\"type\":\"Point\"},\"properties\":{\"id\":\"md42a9f.point\"},\"type\":\"Feature\"}],\"metadata\":{\"geometry_credit\":\"Some data © OpenStreetMap contributors\",\"name\":\"Tishbe\"},\"type\":\"FeatureCollection\"}",
      "anotherNames": null,
      "koreanName": "디셉",
      "anotherKoreanNames": null
    },
    {
      "id": "aaff3e1",
      "name": "Tob",
      "imageTitle": "m43153c.satellite.jpg",
      "isModern": false,
      "stereo": "parent",
      "description": "A region or land located in the area of **Gilead** (east of the Jordan River). It is most famously known as the place where **Jephthah**, before being called to lead Israel, fled from his half-brothers and gathered a group of 'worthless fellows' (Judg 11:3, 5).",
      "koreanDescription": "요단 강 동쪽, 길르앗 지역에 위치했던 땅입니다. \n **사사 입다**가 이복형제들에게 쫓겨났을 때 도피하여 '불량배들'을 모아 무리를 이루었던 곳으로 가장 잘 알려져 있습니다(삿 11:3, 5). \n 다윗 왕 시대에는 암몬 사람들이 이스라엘과 전쟁할 때 돕 지역에서 군대를 고용하기도 했습니다(삼하 10:6, 8).",
      "verses": ["Judg.11.3", "Judg.11.5", "2Sam.10.6", "2Sam.10.8"],
      "placeUrl": "/geo/ancient/aaff3e1/tob",
      "identificationPaths": ["/geo/modern/m43153c", "/geo/modern/m74c680"],
      "types": ["settlement"],
      "unknownPlacePossibility": null,
      "geojsonText": "{\"bbox\":[35.7518,31.9128,36.243889,32.563333],\"features\":[{\"geometry\":{\"coordinates\":[36.243889,32.563333],\"type\":\"Point\"},\"properties\":{\"id\":\"m43153c.point\"},\"type\":\"Feature\"},{\"geometry\":{\"coordinates\":[35.7518,31.9128],\"type\":\"Point\"},\"properties\":{\"id\":\"m74c680.point\"},\"type\":\"Feature\"}],\"metadata\":{\"name\":\"Tob\"},\"type\":\"FeatureCollection\"}",
      "anotherNames": "Land of Tob",
      "koreanName": "돕",
      "anotherKoreanNames": "돕 땅"
    },
    {
      "id": "a23a2e6",
      "name": "Tochen",
      "imageTitle": "m710dd6.satellite.jpg",
      "isModern": false,
      "stereo": "parent",
      "description": "An obscure settlement mentioned briefly in the genealogies of the tribe of **Simeon** (1 Chr 4:32), listed among a group of cities, but its precise location remains uncertain.",
      "koreanDescription": "**시므온 지파**에게 할당된 성읍 중 하나로, **역대상 4:32**에만 간략하게 언급되어 있는 지명입니다. \n 성읍들의 목록 속에 이름만 남아 있으며, 정확한 위치는 불분명합니다.",
      "verses": ["1Chr.4.32"],
      "placeUrl": "/geo/ancient/a23a2e6/tochen",
      "identificationPaths": [
        "/geo/modern/m710dd6",
        "/geo/modern/m72df71",
        "/geo/modern/m55c579",
        "/geo/modern/m71be41",
        "/geo/modern/me74322",
        "/geo/modern/m51dd81",
        "/geo/modern/ma9cf6e"
      ],
      "types": ["settlement"],
      "unknownPlacePossibility": null,
      "geojsonText": "{\"bbox\":[34.8783,30.989824,35.02882,31.61593],\"features\":[{\"geometry\":{\"coordinates\":[34.98188,30.99677],\"type\":\"Point\"},\"properties\":{\"id\":\"m51dd81.point\"},\"type\":\"Feature\"},{\"geometry\":{\"coordinates\":[35.02882,31.04903],\"type\":\"Point\"},\"properties\":{\"id\":\"m55c579.point\"},\"type\":\"Feature\"},{\"geometry\":{\"coordinates\":[34.8783,31.61593],\"type\":\"Point\"},\"properties\":{\"id\":\"m710dd6.point\"},\"type\":\"Feature\"},{\"geometry\":{\"coordinates\":[34.91217,31.142053],\"type\":\"Point\"},\"properties\":{\"id\":\"m71be41.point\"},\"type\":\"Feature\"},{\"geometry\":{\"coordinates\":[34.965257,30.989824],\"type\":\"Point\"},\"properties\":{\"id\":\"m72df71.point\"},\"type\":\"Feature\"},{\"geometry\":{\"coordinates\":[35.0258,31.2172],\"type\":\"Point\"},\"properties\":{\"id\":\"ma9cf6e.point\"},\"type\":\"Feature\"},{\"geometry\":{\"coordinates\":[34.942026,31.021943],\"type\":\"Point\"},\"properties\":{\"id\":\"me74322.point\"},\"type\":\"Feature\"}],\"metadata\":{\"name\":\"Tochen\"},\"type\":\"FeatureCollection\"}",
      "anotherNames": null,
      "koreanName": "도겐",
      "anotherKoreanNames": null
    },
    {
      "id": "a7ecf6c",
      "name": "Tophel",
      "imageTitle": "m2558cc.if8ba5d.jpg",
      "isModern": false,
      "stereo": "parent",
      "description": "A place mentioned in **Deuteronomy 1:1** as one of the locations in the plains of Moab 'beyond the Jordan' where **Moses** delivered his final, momentous discourses to the Israelites before they entered the Promised Land. It is generally identified with the modern town of **Tafila** in southern Jordan.",
      "koreanDescription": "**신명기 1:1**에 언급된 장소로, 요단 강 동편 모압 평지 부근에 위치했습니다. \n **모세**가 이스라엘 백성들이 약속의 땅에 들어가기 직전에 최후의 훈계와 설교를 전한 장소들 중 하나입니다. \n 현재 요르단 남부의 도시 **타필라(Tafila)**와 연관되는 것으로 추정됩니다.",
      "verses": ["Deut.1.1"],
      "placeUrl": "/geo/ancient/a7ecf6c/tophel",
      "identificationPaths": ["/geo/modern/m2558cc", "/geo/modern/m3a252c"],
      "types": ["settlement"],
      "unknownPlacePossibility": null,
      "geojsonText": "{\"bbox\":[35.431987,30.635848,35.604167,31.015878],\"features\":[{\"geometry\":{\"coordinates\":[[[35.566869,31.003574],[35.454466,31.015878],[35.431987,30.640987],[35.549878,30.635848],[35.566869,31.003574]]],\"type\":\"Polygon\"},\"properties\":{\"id\":\"g74c094.geometry\",\"land_or_water\":\"land\"},\"type\":\"Feature\"},{\"geometry\":{\"coordinates\":[35.604167,30.8375],\"type\":\"Point\"},\"properties\":{\"id\":\"m2558cc.point\"},\"type\":\"Feature\"},{\"geometry\":{\"coordinates\":[35.458842,30.939606],\"type\":\"Point\"},\"properties\":{\"id\":\"m3a252c.point\"},\"type\":\"Feature\"}],\"metadata\":{\"name\":\"Tophel\"},\"type\":\"FeatureCollection\"}",
      "anotherNames": null,
      "koreanName": "도벨",
      "anotherKoreanNames": null
    },
    {
      "id": "ad81b79",
      "name": "Topheth",
      "imageTitle": "m4ec2d3.i93a1e2.jpg",
      "isModern": false,
      "stereo": "parent",
      "description": "A notorious cultic site located within the **Valley of Hinnom** (Gehenna), just outside Jerusalem. It was infamous as the place where apostate Judahites and Israelites would sacrifice their children by fire to the pagan god **Molech** (Jer 7:31). **King Josiah** later defiled the place to prevent this horrific practice (2 Kgs 23:10). The name later became synonymous with the concept of hell (Gehenna).",
      "koreanDescription": "예루살렘 성벽 바로 밖에 있는 **힌놈의 골짜기**(게헨나) 안에 있던 악명 높은 장소입니다. \n 유다 백성들이 아몬 자녀들을 이방 신 **몰렉**에게 불로 태워 바치는 끔찍한 인신 제사를 행했던 곳으로 알려져 있습니다(렘 7:31). \n **요시야 왕**이 이곳을 더럽혔으며(왕하 23:10), 훗날 이 힌놈의 골짜기는 불타는 지옥을 상징하는 단어(**게헨나**)의 어원이 되었습니다.",
      "verses": [
        "2Kgs.23.10",
        "Isa.30.33",
        "Jer.7.31",
        "Jer.7.32",
        "Jer.19.6",
        "Jer.19.11",
        "Jer.19.12",
        "Jer.19.13",
        "Jer.19.14"
      ],
      "placeUrl": "/geo/ancient/ad81b79/topheth",
      "identificationPaths": ["/geo/modern/m4ec2d3"],
      "types": ["altar"],
      "unknownPlacePossibility": null,
      "geojsonText": "{\"bbox\":[35.225251,31.767602,35.233463,31.771254],\"features\":[{\"geometry\":{\"coordinates\":[[[35.225251,31.770514],[35.227004,31.768727],[35.229032,31.767879],[35.233463,31.767602],[35.233167,31.769886],[35.228634,31.769635],[35.226637,31.771019],[35.225251,31.770514]]],\"type\":\"Polygon\"},\"properties\":{\"id\":\"g35f425.geometry\",\"land_or_water\":\"land\"},\"type\":\"Feature\"},{\"geometry\":{\"coordinates\":[[[35.226521,31.771194],[35.226425,31.771254],[35.226178,31.771219],[35.226009,31.771178],[35.225877,31.771114],[35.225765,31.770953],[35.225701,31.770872],[35.22563,31.770469],[35.225646,31.770223],[35.225748,31.770201],[35.225911,31.770267],[35.22639,31.76966],[35.226178,31.769549],[35.226088,31.769457],[35.226429,31.769186],[35.22665,31.768919],[35.22765,31.768532],[35.227962,31.768429],[35.228058,31.768491],[35.22831,31.768459],[35.228461,31.768852],[35.228289,31.768961],[35.227421,31.769785],[35.227024,31.769776],[35.226863,31.769967],[35.227024,31.77014],[35.226681,31.770825],[35.226668,31.771002],[35.226594,31.771138],[35.226521,31.771194]]],\"type\":\"Polygon\"},\"properties\":{\"id\":\"gdd99be.geometry\",\"land_or_water\":\"land\"},\"type\":\"Feature\"},{\"geometry\":{\"coordinates\":[35.228056,31.769167],\"type\":\"Point\"},\"properties\":{\"id\":\"m4ec2d3.point\"},\"type\":\"Feature\"}],\"metadata\":{\"geometry_credit\":\"Some data © OpenStreetMap contributors\",\"name\":\"Topheth\"},\"type\":\"FeatureCollection\"}",
      "anotherNames": null,
      "koreanName": "도벳",
      "anotherKoreanNames": null
    },
    {
      "id": "m8bd1e6",
      "name": "Tel Main",
      "isModern": true,
      "stereo": "child",
      "description": "A modern tel/ruin site in the southern hill country. It is one of the suggested identifications (35% possibility) for the ancient biblical city of **Timnah 3** (related to the Judah and Tamar story in Gen. 38).",
      "koreanDescription": "남부 산지에 위치한 현대 유적 언덕(텔)입니다. 고대 성경 지명인 **딤나 3**의 후보지 중 하나로 거론됩니다(35% 가능성).",
      "imageTitle": "m8bd1e6.i708a1d.jpg",
      "types": ["settlement"],
      "geojsonText": "{\"bbox\":[35.129,31.408007,35.135432,31.414087],\"features\":[{\"geometry\":{\"coordinates\":[35.133839,31.409448],\"type\":\"Point\"},\"properties\":{\"id\":\"m8bd1e6.point\",\"role\":\"point\"},\"type\":\"Feature\"},{\"geometry\":{\"coordinates\":[[[35.130496,31.413263],[35.130223,31.412356],[35.12988,31.411752],[35.129759,31.411557],[35.12955,31.411226],[35.129258,31.410772],[35.129054,31.410315],[35.129022,31.40993],[35.129032,31.409371],[35.129,31.409051],[35.129137,31.408835],[35.129285,31.408751],[35.129853,31.408502],[35.130196,31.408502],[35.130582,31.408282],[35.13114,31.408007],[35.131419,31.408026],[35.132363,31.408264],[35.133028,31.408685],[35.133114,31.409106],[35.133629,31.409491],[35.134445,31.409839],[35.13511,31.410333],[35.135432,31.410754],[35.135196,31.411414],[35.134895,31.412201],[35.134166,31.412714],[35.133736,31.413666],[35.13335,31.414051],[35.132857,31.414087],[35.13247,31.413849],[35.132191,31.413373],[35.132063,31.412934],[35.131376,31.413135],[35.130496,31.413263]]],\"type\":\"Polygon\"},\"properties\":{\"id\":\"g14627e.local\",\"land_or_water\":\"land\",\"role\":\"local\"},\"type\":\"Feature\"},{\"geometry\":{\"coordinates\":[[[35.13384,31.4099],[35.13378,31.4099],[35.13373,31.40989],[35.13368,31.40988],[35.13362,31.40986],[35.13358,31.40984],[35.13353,31.40981],[35.13349,31.40978],[35.13345,31.40975],[35.13341,31.40971],[35.13338,31.40967],[35.13336,31.40963],[35.13334,31.40959],[35.13332,31.40954],[35.13332,31.4095],[35.13331,31.40945],[35.13332,31.4094],[35.13332,31.40935],[35.13334,31.40931],[35.13336,31.40927],[35.13338,31.40922],[35.13341,31.40918],[35.13345,31.40915],[35.13349,31.40911],[35.13353,31.40908],[35.13358,31.40906],[35.13362,31.40904],[35.13368,31.40902],[35.13373,31.40901],[35.13378,31.409],[35.13384,31.409],[35.13389,31.409],[35.13395,31.40901],[35.134,31.40902],[35.13405,31.40904],[35.1341,31.40906],[35.13415,31.40908],[35.13419,31.40911],[35.13423,31.40915],[35.13427,31.40918],[35.1343,31.40922],[35.13432,31.40927],[35.13434,31.40931],[35.13435,31.40935],[35.13436,31.4094],[35.13437,31.40945],[35.13436,31.4095],[35.13435,31.40954],[35.13434,31.40959],[35.13432,31.40963],[35.1343,31.40967],[35.13427,31.40971],[35.13423,31.40975],[35.13419,31.40978],[35.13415,31.40981],[35.1341,31.40984],[35.13405,31.40986],[35.134,31.40988],[35.13395,31.40989],[35.13389,31.4099],[35.13384,31.4099]]],\"type\":\"Polygon\"},\"properties\":{\"id\":\"g9a00fe.precision_radius\",\"land_or_water\":\"land\",\"role\":\"precision_radius\"},\"type\":\"Feature\"}],\"metadata\":{\"class\":\"human\",\"geometry_credit\":\"Some data © OpenStreetMap contributors\",\"land_or_water\":\"land\",\"name\":\"Tel Main\",\"type\":\"settlement\"},\"type\":\"FeatureCollection\"}",
      "anotherNames": "Horvat Ma’on, Khirbet Ma’in",
      "koreanName": "텔 마인",
      "anotherKoreanNames": "호르밧 마온, 키르벳 마인"
    },
    {
      "id": "mae3962",
      "name": "Khirbet et Tabbaneh",
      "isModern": true,
      "stereo": "child",
      "description": "A modern ruin site in the hill country. It is one of the multiple proposed locations (35% possibility) for the biblical city of **Timnah 3** (Gen. 38).",
      "koreanDescription": "유다 산지에 있는 현대 유적지입니다. 고대 성경 지명인 **딤나 3**의 위치를 추정하는 여러 후보지 중 하나입니다(35% 가능성).",
      "imageTitle": "mae3962.iab0dbb.jpg",
      "types": ["settlement"],
      "geojsonText": "{\"bbox\":[35.04853,31.6936,35.04959,31.6945],\"features\":[{\"geometry\":{\"coordinates\":[35.04906,31.69405],\"type\":\"Point\"},\"properties\":{\"id\":\"mae3962.point\",\"role\":\"point\"},\"type\":\"Feature\"},{\"geometry\":{\"coordinates\":[[[35.04906,31.6945],[35.049,31.6945],[35.04895,31.69449],[35.0489,31.69448],[35.04885,31.69446],[35.0488,31.69444],[35.04875,31.69441],[35.04871,31.69438],[35.04867,31.69435],[35.04863,31.69431],[35.0486,31.69427],[35.04858,31.69423],[35.04856,31.69419],[35.04854,31.69414],[35.04853,31.6941],[35.04853,31.69405],[35.04853,31.694],[35.04854,31.69396],[35.04856,31.69391],[35.04858,31.69387],[35.0486,31.69383],[35.04863,31.69379],[35.04867,31.69375],[35.04871,31.69372],[35.04875,31.69369],[35.0488,31.69366],[35.04885,31.69364],[35.0489,31.69362],[35.04895,31.69361],[35.049,31.6936],[35.04906,31.6936],[35.04912,31.6936],[35.04917,31.69361],[35.04922,31.69362],[35.04927,31.69364],[35.04932,31.69366],[35.04937,31.69369],[35.04941,31.69372],[35.04945,31.69375],[35.04949,31.69379],[35.04952,31.69383],[35.04954,31.69387],[35.04956,31.69391],[35.04958,31.69396],[35.04959,31.694],[35.04959,31.69405],[35.04959,31.6941],[35.04958,31.69414],[35.04956,31.69419],[35.04954,31.69423],[35.04952,31.69427],[35.04949,31.69431],[35.04945,31.69435],[35.04941,31.69438],[35.04937,31.69441],[35.04932,31.69444],[35.04927,31.69446],[35.04922,31.69448],[35.04917,31.69449],[35.04912,31.6945],[35.04906,31.6945]]],\"type\":\"Polygon\"},\"properties\":{\"id\":\"gdf67c3.precision_radius\",\"land_or_water\":\"land\",\"role\":\"precision_radius\"},\"type\":\"Feature\"}],\"metadata\":{\"class\":\"human\",\"land_or_water\":\"land\",\"name\":\"Khirbet et Tabbaneh\",\"type\":\"settlement\"},\"type\":\"FeatureCollection\"}",
      "anotherNames": "Horvat Tivna, Khirbet et Tabbana, Khirbet et Tibbaneh, Khirbet Tibna, Khirbet Tibneh",
      "koreanName": "키르벳 엣 탑바네",
      "anotherKoreanNames": "호르밧 티브나, 키르벳 엣 탑바나, 키르벳 엣 팁바네, 키르벳 티브나, 키르벳 팁네"
    },
    {
      "id": "m613c2e",
      "name": "Khirbet Umm Lasafa",
      "isModern": true,
      "stereo": "child",
      "description": "A modern ruin site considered a possible identification (35% possibility) for the ancient biblical city of **Timnah 3**.",
      "koreanDescription": "고대 성경 지명인 **딤나 3**의 위치를 추정하는 후보지 중 하나인 현대 유적지입니다(35% 가능성).",
      "imageTitle": "m613c2e.satellite.jpg",
      "types": ["settlement"],
      "geojsonText": "{\"bbox\":[35.15577,31.43688,35.15894,31.43958],\"features\":[{\"geometry\":{\"coordinates\":[35.157356,31.438229],\"type\":\"Point\"},\"properties\":{\"geometry_credit\":\"osm\",\"id\":\"m613c2e.point\",\"role\":\"point\"},\"type\":\"Feature\"},{\"geometry\":{\"coordinates\":[[[35.15736,31.43958],[35.15719,31.43957],[35.15703,31.43955],[35.15687,31.43951],[35.15671,31.43946],[35.15657,31.4394],[35.15643,31.43932],[35.1563,31.43923],[35.15618,31.43913],[35.15608,31.43902],[35.15599,31.4389],[35.15591,31.43878],[35.15585,31.43865],[35.15581,31.43851],[35.15578,31.43837],[35.15577,31.43823],[35.15578,31.43809],[35.15581,31.43795],[35.15585,31.43781],[35.15591,31.43768],[35.15599,31.43755],[35.15608,31.43744],[35.15618,31.43733],[35.1563,31.43723],[35.15643,31.43714],[35.15657,31.43706],[35.15671,31.437],[35.15687,31.43695],[35.15703,31.43691],[35.15719,31.43689],[35.15736,31.43688],[35.15752,31.43689],[35.15768,31.43691],[35.15784,31.43695],[35.158,31.437],[35.15815,31.43706],[35.15829,31.43714],[35.15841,31.43723],[35.15853,31.43733],[35.15864,31.43744],[35.15873,31.43755],[35.1588,31.43768],[35.15886,31.43781],[35.1589,31.43795],[35.15893,31.43809],[35.15894,31.43823],[35.15893,31.43837],[35.1589,31.43851],[35.15886,31.43865],[35.1588,31.43878],[35.15873,31.4389],[35.15864,31.43902],[35.15853,31.43913],[35.15841,31.43923],[35.15829,31.43932],[35.15815,31.4394],[35.158,31.43946],[35.15784,31.43951],[35.15768,31.43955],[35.15752,31.43957],[35.15736,31.43958]]],\"type\":\"Polygon\"},\"properties\":{\"id\":\"g2978fc.precision_radius\",\"land_or_water\":\"land\",\"role\":\"precision_radius\"},\"type\":\"Feature\"}],\"metadata\":{\"class\":\"human\",\"land_or_water\":\"land\",\"name\":\"Khirbet Umm Lasafa\",\"type\":\"settlement\"},\"type\":\"FeatureCollection\"}",
      "anotherNames": "Khirbet umm el Asfa, Khirbet umm el Asfeh",
      "koreanName": "키르벳 움 라사파",
      "anotherKoreanNames": "키르벳 움 엘 아스파, 키르벳 움 엘 아스페"
    },
    {
      "id": "mc7cf8a",
      "name": "Rujm al Hamri",
      "isModern": true,
      "stereo": "child",
      "description": "A modern site considered a possible identification (35% possibility) for the ancient biblical city of **Timnah 3**.",
      "koreanDescription": "고대 성경 지명인 **딤나 3**의 위치를 추정하는 후보지 중 하나인 현대 유적지입니다(35% 가능성).",
      "imageTitle": "mc7cf8a.satellite.jpg",
      "types": ["settlement"],
      "geojsonText": "{\"bbox\":[35.11067,31.3957,35.11173,31.3966],\"features\":[{\"geometry\":{\"coordinates\":[35.1112,31.39615],\"type\":\"Point\"},\"properties\":{\"id\":\"mc7cf8a.point\",\"role\":\"point\"},\"type\":\"Feature\"},{\"geometry\":{\"coordinates\":[[[35.1112,31.3966],[35.11114,31.3966],[35.11109,31.39659],[35.11104,31.39658],[35.11099,31.39656],[35.11094,31.39654],[35.11089,31.39651],[35.11085,31.39648],[35.11081,31.39645],[35.11077,31.39641],[35.11074,31.39637],[35.11072,31.39633],[35.1107,31.39629],[35.11068,31.39624],[35.11068,31.3962],[35.11067,31.39615],[35.11068,31.3961],[35.11068,31.39606],[35.1107,31.39601],[35.11072,31.39597],[35.11074,31.39593],[35.11077,31.39589],[35.11081,31.39585],[35.11085,31.39582],[35.11089,31.39579],[35.11094,31.39576],[35.11099,31.39574],[35.11104,31.39572],[35.11109,31.39571],[35.11114,31.3957],[35.1112,31.3957],[35.11126,31.3957],[35.11131,31.39571],[35.11136,31.39572],[35.11141,31.39574],[35.11146,31.39576],[35.11151,31.39579],[35.11155,31.39582],[35.11159,31.39585],[35.11163,31.39589],[35.11166,31.39593],[35.11168,31.39597],[35.1117,31.39601],[35.11172,31.39606],[35.11172,31.3961],[35.11173,31.39615],[35.11172,31.3962],[35.11172,31.39624],[35.1117,31.39629],[35.11168,31.39633],[35.11166,31.39637],[35.11163,31.39641],[35.11159,31.39645],[35.11155,31.39648],[35.11151,31.39651],[35.11146,31.39654],[35.11141,31.39656],[35.11136,31.39658],[35.11131,31.39659],[35.11126,31.3966],[35.1112,31.3966]]],\"type\":\"Polygon\"},\"properties\":{\"id\":\"g251a98.precision_radius\",\"land_or_water\":\"land\",\"role\":\"precision_radius\"},\"type\":\"Feature\"}],\"metadata\":{\"class\":\"human\",\"land_or_water\":\"land\",\"name\":\"Rujm al Hamri\",\"type\":\"settlement\"},\"type\":\"FeatureCollection\"}",
      "anotherNames": "Rujm el Hamiri",
      "koreanName": "룸 알 함리",
      "anotherKoreanNames": "룸 엘 하미리"
    },
    {
      "id": "m81f259",
      "name": "Tell Tuwani",
      "isModern": true,
      "stereo": "child",
      "description": "A modern tel site considered a possible identification (35% possibility) for the ancient biblical city of **Timnah 3**.",
      "koreanDescription": "고대 성경 지명인 **딤나 3**의 위치를 추정하는 후보지 중 하나인 현대 유적 언덕(텔)입니다(35% 가능성).",
      "imageTitle": "m81f259.ia75b27.jpg",
      "types": ["settlement"],
      "geojsonText": "{\"bbox\":[35.16024,31.40899,35.16129,31.40989],\"features\":[{\"geometry\":{\"coordinates\":[35.160762,31.409436],\"type\":\"Point\"},\"properties\":{\"id\":\"m81f259.point\",\"role\":\"point\"},\"type\":\"Feature\"},{\"geometry\":{\"coordinates\":[[[35.16076,31.40989],[35.16071,31.40988],[35.16065,31.40988],[35.1606,31.40986],[35.16055,31.40985],[35.1605,31.40983],[35.16045,31.4098],[35.16041,31.40977],[35.16037,31.40974],[35.16034,31.4097],[35.16031,31.40966],[35.16028,31.40962],[35.16026,31.40957],[35.16025,31.40953],[35.16024,31.40948],[35.16024,31.40944],[35.16024,31.40939],[35.16025,31.40934],[35.16026,31.4093],[35.16028,31.40925],[35.16031,31.40921],[35.16034,31.40917],[35.16037,31.40914],[35.16041,31.4091],[35.16045,31.40907],[35.1605,31.40905],[35.16055,31.40903],[35.1606,31.40901],[35.16065,31.409],[35.16071,31.40899],[35.16076,31.40899],[35.16082,31.40899],[35.16087,31.409],[35.16092,31.40901],[35.16098,31.40903],[35.16103,31.40905],[35.16107,31.40907],[35.16111,31.4091],[35.16115,31.40914],[35.16119,31.40917],[35.16122,31.40921],[35.16124,31.40925],[35.16126,31.4093],[35.16128,31.40934],[35.16129,31.40939],[35.16129,31.40944],[35.16129,31.40948],[35.16128,31.40953],[35.16126,31.40957],[35.16124,31.40962],[35.16122,31.40966],[35.16119,31.4097],[35.16115,31.40974],[35.16111,31.40977],[35.16107,31.4098],[35.16103,31.40983],[35.16098,31.40985],[35.16092,31.40986],[35.16087,31.40988],[35.16082,31.40988],[35.16076,31.40989]]],\"type\":\"Polygon\"},\"properties\":{\"id\":\"g0d73ee.precision_radius\",\"land_or_water\":\"land\",\"role\":\"precision_radius\"},\"type\":\"Feature\"}],\"metadata\":{\"class\":\"human\",\"land_or_water\":\"land\",\"name\":\"Tell Tuwani\",\"type\":\"settlement\"},\"type\":\"FeatureCollection\"}",
      "anotherNames": null,
      "koreanName": "텔 투와니",
      "anotherKoreanNames": null
    },
    {
      "id": "m69807c",
      "name": "Khirbet Abu Shaban",
      "isModern": true,
      "stereo": "child",
      "description": "A modern ruin site considered a possible identification (35% possibility) for the ancient biblical city of **Timnah 3**.",
      "koreanDescription": "고대 성경 지명인 **딤나 3**의 위치를 추정하는 후보지 중 하나인 현대 유적지입니다(35% 가능성).",
      "imageTitle": "m69807c.satellite.jpg",
      "types": ["settlement"],
      "geojsonText": "{\"bbox\":[35.16253,31.43418,35.16337,31.43489],\"features\":[{\"geometry\":{\"coordinates\":[35.16295,31.434535],\"type\":\"Point\"},\"properties\":{\"geometry_credit\":\"osm\",\"id\":\"m69807c.point\",\"role\":\"point\"},\"type\":\"Feature\"},{\"geometry\":{\"coordinates\":[[[35.16295,31.43489],[35.16291,31.43489],[35.16286,31.43489],[35.16282,31.43488],[35.16278,31.43486],[35.16274,31.43485],[35.1627,31.43483],[35.16267,31.4348],[35.16264,31.43478],[35.16261,31.43475],[35.16258,31.43471],[35.16256,31.43468],[35.16255,31.43465],[35.16254,31.43461],[35.16253,31.43457],[35.16253,31.43453],[35.16253,31.4345],[35.16254,31.43446],[35.16255,31.43442],[35.16256,31.43439],[35.16258,31.43436],[35.16261,31.43432],[35.16264,31.43429],[35.16267,31.43427],[35.1627,31.43424],[35.16274,31.43422],[35.16278,31.43421],[35.16282,31.43419],[35.16286,31.43418],[35.16291,31.43418],[35.16295,31.43418],[35.16299,31.43418],[35.16304,31.43418],[35.16308,31.43419],[35.16312,31.43421],[35.16316,31.43422],[35.1632,31.43424],[35.16323,31.43427],[35.16326,31.43429],[35.16329,31.43432],[35.16332,31.43436],[35.16334,31.43439],[35.16335,31.43442],[35.16336,31.43446],[35.16337,31.4345],[35.16337,31.43453],[35.16337,31.43457],[35.16336,31.43461],[35.16335,31.43465],[35.16334,31.43468],[35.16332,31.43471],[35.16329,31.43475],[35.16326,31.43478],[35.16323,31.4348],[35.1632,31.43483],[35.16316,31.43485],[35.16312,31.43486],[35.16308,31.43488],[35.16304,31.43489],[35.16299,31.43489],[35.16295,31.43489]]],\"type\":\"Polygon\"},\"properties\":{\"id\":\"g349763.precision_radius\",\"land_or_water\":\"land\",\"role\":\"precision_radius\"},\"type\":\"Feature\"}],\"metadata\":{\"class\":\"human\",\"land_or_water\":\"land\",\"name\":\"Khirbet Abu Shaban\",\"type\":\"settlement\"},\"type\":\"FeatureCollection\"}",
      "anotherNames": null,
      "koreanName": "키르벳 아부 샤반",
      "anotherKoreanNames": null
    },
    {
      "id": "m0e5df3",
      "name": "Horbat Timna",
      "isModern": true,
      "stereo": "child",
      "description": "A modern ruin site considered a possible identification (35% possibility) for the ancient biblical city of **Timnah 3**.",
      "koreanDescription": "고대 성경 지명인 **딤나 3**의 위치를 추정하는 후보지 중 하나인 현대 유적지입니다(35% 가능성).",
      "imageTitle": "m0e5df3.satellite.jpg",
      "types": ["settlement"],
      "geojsonText": "{\"bbox\":[34.93436,31.74214,34.93648,31.74394],\"features\":[{\"geometry\":{\"coordinates\":[34.935419,31.743041],\"type\":\"Point\"},\"properties\":{\"id\":\"m0e5df3.point\",\"role\":\"point\"},\"type\":\"Feature\"},{\"geometry\":{\"coordinates\":[[[34.93542,31.74394],[34.93531,31.74394],[34.9352,31.74392],[34.93509,31.7439],[34.93499,31.74386],[34.93489,31.74382],[34.9348,31.74377],[34.93471,31.74371],[34.93463,31.74364],[34.93456,31.74357],[34.9345,31.74349],[34.93445,31.74341],[34.93441,31.74332],[34.93438,31.74323],[34.93437,31.74314],[34.93436,31.74304],[34.93437,31.74295],[34.93438,31.74285],[34.93441,31.74276],[34.93445,31.74268],[34.9345,31.74259],[34.93456,31.74251],[34.93463,31.74244],[34.93471,31.74237],[34.9348,31.74231],[34.93489,31.74226],[34.93499,31.74222],[34.93509,31.74219],[34.9352,31.74216],[34.93531,31.74215],[34.93542,31.74214],[34.93553,31.74215],[34.93564,31.74216],[34.93575,31.74219],[34.93585,31.74222],[34.93595,31.74226],[34.93604,31.74231],[34.93613,31.74237],[34.9362,31.74244],[34.93627,31.74251],[34.93633,31.74259],[34.93639,31.74268],[34.93642,31.74276],[34.93645,31.74285],[34.93647,31.74295],[34.93648,31.74304],[34.93647,31.74314],[34.93645,31.74323],[34.93642,31.74332],[34.93639,31.74341],[34.93633,31.74349],[34.93627,31.74357],[34.9362,31.74364],[34.93613,31.74371],[34.93604,31.74377],[34.93595,31.74382],[34.93585,31.74386],[34.93575,31.7439],[34.93564,31.74392],[34.93553,31.74394],[34.93542,31.74394]]],\"type\":\"Polygon\"},\"properties\":{\"id\":\"g435e5c.precision_radius\",\"land_or_water\":\"land\",\"role\":\"precision_radius\"},\"type\":\"Feature\"}],\"metadata\":{\"class\":\"human\",\"land_or_water\":\"land\",\"name\":\"Horbat Timna\",\"type\":\"settlement\"},\"type\":\"FeatureCollection\"}",
      "anotherNames": "Khirbet Tibna",
      "koreanName": "호르밧 팀나",
      "anotherKoreanNames": "키르벳 팁나"
    },
    {
      "id": "mc7f587",
      "name": "Tel Batash",
      "isModern": true,
      "stereo": "child",
      "description": "A significant archaeological tel, widely identified with the biblical **Timnah** associated with Samson (Judges 14), and one of the suggested identifications (35% possibility) for **Timnah 3** (Gen 38).",
      "koreanDescription": "중요한 고고학적 유적 언덕(텔)이며, **삼손**과 관련된 딤나(삿 14장)로 널리 알려져 있습니다. 이는 **딤나 3**의 여러 후보지 중 하나이기도 합니다(35% 가능성).",
      "imageTitle": "mc7f587.ic4b4d9.jpg",
      "types": ["settlement"],
      "geojsonText": "{\"bbox\":[34.90977,31.78438,34.91083,31.78528],\"features\":[{\"geometry\":{\"coordinates\":[34.910297,31.784831],\"type\":\"Point\"},\"properties\":{\"id\":\"mc7f587.point\",\"role\":\"point\"},\"type\":\"Feature\"},{\"geometry\":{\"coordinates\":[[[34.9103,31.78528],[34.91024,31.78528],[34.91019,31.78527],[34.91013,31.78526],[34.91008,31.78524],[34.91003,31.78522],[34.90999,31.78519],[34.90994,31.78517],[34.9099,31.78513],[34.90987,31.7851],[34.90984,31.78506],[34.90981,31.78501],[34.90979,31.78497],[34.90978,31.78492],[34.90977,31.78488],[34.90977,31.78483],[34.90977,31.78478],[34.90978,31.78474],[34.90979,31.78469],[34.90981,31.78465],[34.90984,31.78461],[34.90987,31.78457],[34.9099,31.78453],[34.90994,31.7845],[34.90999,31.78447],[34.91003,31.78444],[34.91008,31.78442],[34.91013,31.7844],[34.91019,31.78439],[34.91024,31.78438],[34.9103,31.78438],[34.91035,31.78438],[34.91041,31.78439],[34.91046,31.7844],[34.91051,31.78442],[34.91056,31.78444],[34.91061,31.78447],[34.91065,31.7845],[34.91069,31.78453],[34.91072,31.78457],[34.91076,31.78461],[34.91078,31.78465],[34.9108,31.78469],[34.91081,31.78474],[34.91082,31.78478],[34.91083,31.78483],[34.91082,31.78488],[34.91081,31.78492],[34.9108,31.78497],[34.91078,31.78501],[34.91076,31.78506],[34.91072,31.7851],[34.91069,31.78513],[34.91065,31.78517],[34.91061,31.78519],[34.91056,31.78522],[34.91051,31.78524],[34.91046,31.78526],[34.91041,31.78527],[34.91035,31.78528],[34.9103,31.78528]]],\"type\":\"Polygon\"},\"properties\":{\"id\":\"g21c3df.precision_radius\",\"land_or_water\":\"land\",\"role\":\"precision_radius\"},\"type\":\"Feature\"}],\"metadata\":{\"class\":\"human\",\"land_or_water\":\"land\",\"name\":\"Tel Batash\",\"type\":\"settlement\"},\"type\":\"FeatureCollection\"}",
      "anotherNames": "Tall Butashi, Tell el Batashi",
      "koreanName": "텔 바타쉬",
      "anotherKoreanNames": "탈 부타쉬, 텔 엘 바타쉬"
    },
    {
      "id": "me233de",
      "name": "Khirbet Tibnah",
      "isModern": true,
      "stereo": "child",
      "description": "Generally accepted as the modern identification (85% possibility) for the ancient site of **Timnath-heres (Timnath-Serah)**, the inherited town and burial place of Joshua in the hill country of Ephraim.",
      "koreanDescription": "에브라임 산지에 위치하며, 이스라엘의 지도자 **여호수아**의 기업이자 무덤이 있던 고대 성읍 **딤낫헤레스(딤낫세라)**의 위치로 가장 유력하게 인정받는(85% 가능성) 현대 유적지입니다.",
      "imageTitle": "me233de.i8274d5.jpg",
      "types": ["settlement"],
      "geojsonText": "{\"bbox\":[35.10676,32.00761,35.10782,32.00851],\"features\":[{\"geometry\":{\"coordinates\":[35.10729,32.00806],\"type\":\"Point\"},\"properties\":{\"id\":\"me233de.point\",\"role\":\"point\"},\"type\":\"Feature\"},{\"geometry\":{\"coordinates\":[[[35.10729,32.00851],[35.10723,32.00851],[35.10718,32.0085],[35.10713,32.00849],[35.10707,32.00847],[35.10702,32.00845],[35.10698,32.00842],[35.10694,32.00839],[35.1069,32.00836],[35.10686,32.00832],[35.10683,32.00828],[35.10681,32.00824],[35.10679,32.0082],[35.10677,32.00815],[35.10676,32.00811],[35.10676,32.00806],[35.10676,32.00801],[35.10677,32.00797],[35.10679,32.00792],[35.10681,32.00788],[35.10683,32.00784],[35.10686,32.0078],[35.1069,32.00776],[35.10694,32.00773],[35.10698,32.0077],[35.10702,32.00767],[35.10707,32.00765],[35.10713,32.00763],[35.10718,32.00762],[35.10723,32.00761],[35.10729,32.00761],[35.10735,32.00761],[35.1074,32.00762],[35.10745,32.00763],[35.10751,32.00765],[35.10756,32.00767],[35.1076,32.0077],[35.10764,32.00773],[35.10768,32.00776],[35.10772,32.0078],[35.10775,32.00784],[35.10777,32.00788],[35.10779,32.00792],[35.10781,32.00797],[35.10782,32.00801],[35.10782,32.00806],[35.10782,32.00811],[35.10781,32.00815],[35.10779,32.0082],[35.10777,32.00824],[35.10775,32.00828],[35.10772,32.00832],[35.10768,32.00836],[35.10764,32.00839],[35.1076,32.00842],[35.10756,32.00845],[35.10751,32.00847],[35.10745,32.00849],[35.1074,32.0085],[35.10735,32.00851],[35.10729,32.00851]]],\"type\":\"Polygon\"},\"properties\":{\"id\":\"g8b9aff.precision_radius\",\"land_or_water\":\"land\",\"role\":\"precision_radius\"},\"type\":\"Feature\"}],\"metadata\":{\"class\":\"human\",\"land_or_water\":\"land\",\"name\":\"Khirbet Tibnah\",\"type\":\"settlement\"},\"type\":\"FeatureCollection\"}",
      "anotherNames": "Khirbet Tibna, Khirbet Tibne",
      "koreanName": "키르벳 팁나",
      "anotherKoreanNames": "키르벳 팁나, 키르벳 팁네"
    },
    {
      "id": "m22ee15",
      "name": "Dibseh",
      "isModern": true,
      "stereo": "child",
      "description": "A modern settlement, identified (75% possibility) as the location of **Tiphsah 1**, the strategic city on the Euphrates River that marked the northern border of King Solomon's kingdom.",
      "koreanDescription": "유프라테스강에 위치하여 **솔로몬** 왕국(딥사 1)의 북쪽 경계였던 고대 성읍의 위치로 추정되는(75% 가능성) 현대 정착지입니다.",
      "imageTitle": "m22ee15.satellite.jpg",
      "types": ["settlement"],
      "geojsonText": "{\"bbox\":[38.15556,35.94101,38.17778,35.95899],\"features\":[{\"geometry\":{\"coordinates\":[38.16667,35.95],\"type\":\"Point\"},\"properties\":{\"id\":\"m22ee15.point\",\"role\":\"point\"},\"type\":\"Feature\"},{\"geometry\":{\"coordinates\":[[[38.16667,35.95899],[38.16551,35.95894],[38.16436,35.9588],[38.16324,35.95855],[38.16215,35.95822],[38.16111,35.95779],[38.16014,35.95728],[38.15924,35.95668],[38.15841,35.95602],[38.15768,35.95529],[38.15705,35.9545],[38.15652,35.95366],[38.1561,35.95278],[38.1558,35.95187],[38.15562,35.95094],[38.15556,35.95],[38.15562,35.94906],[38.1558,35.94813],[38.1561,35.94722],[38.15652,35.94634],[38.15705,35.9455],[38.15768,35.94471],[38.15841,35.94398],[38.15924,35.94332],[38.16014,35.94272],[38.16112,35.94221],[38.16215,35.94178],[38.16324,35.94145],[38.16436,35.9412],[38.16551,35.94106],[38.16667,35.94101],[38.16783,35.94106],[38.16898,35.9412],[38.1701,35.94145],[38.17119,35.94178],[38.17222,35.94221],[38.1732,35.94272],[38.1741,35.94332],[38.17493,35.94398],[38.17566,35.94471],[38.17629,35.9455],[38.17682,35.94634],[38.17724,35.94722],[38.17754,35.94813],[38.17772,35.94906],[38.17778,35.95],[38.17772,35.95094],[38.17754,35.95187],[38.17724,35.95278],[38.17682,35.95366],[38.17629,35.9545],[38.17566,35.95529],[38.17493,35.95602],[38.1741,35.95668],[38.1732,35.95728],[38.17223,35.95779],[38.17119,35.95822],[38.1701,35.95855],[38.16898,35.9588],[38.16783,35.95894],[38.16667,35.95899]]],\"type\":\"Polygon\"},\"properties\":{\"id\":\"g41b968.precision_radius\",\"land_or_water\":\"land\",\"role\":\"precision_radius\"},\"type\":\"Feature\"}],\"metadata\":{\"class\":\"human\",\"land_or_water\":\"land\",\"name\":\"Dibseh\",\"type\":\"settlement\"},\"type\":\"FeatureCollection\"}",
      "anotherNames": "Dibsi Faraj",
      "koreanName": "딥세",
      "anotherKoreanNames": "딥시 파라즈"
    },
    {
      "id": "m94367d",
      "name": "Tell Abu Zarad",
      "isModern": true,
      "stereo": "child",
      "description": "A modern tel site, identified (60% possibility) as the location of **Tiphsah 2**, the city near Tirzah that was violently attacked by Menahem (2 Kgs 15:16).",
      "koreanDescription": "**므나헴**에게 공격당한(왕하 15:16) 고대 성읍 **딥사 2**의 위치로 가장 유력하게 추정되는(60% 가능성) 현대 유적 언덕(텔)입니다.",
      "imageTitle": "m94367d.satellite.jpg",
      "types": ["settlement"],
      "geojsonText": "{\"bbox\":[35.22952,32.103698,35.23184,32.105447],\"features\":[{\"geometry\":{\"coordinates\":[35.23007,32.10415],\"type\":\"Point\"},\"properties\":{\"id\":\"m94367d.point\",\"role\":\"point\"},\"type\":\"Feature\"},{\"geometry\":{\"coordinates\":[[[35.230907,32.103698],[35.231003,32.103707],[35.231437,32.103761],[35.231692,32.103833],[35.23184,32.103959],[35.23184,32.104076],[35.231766,32.104338],[35.231395,32.104852],[35.230834,32.105276],[35.230537,32.105447],[35.230113,32.105339],[35.22969,32.10515],[35.229552,32.105015],[35.22952,32.104825],[35.229552,32.104582],[35.2297,32.104311],[35.229943,32.104041],[35.230028,32.103987],[35.230388,32.103833],[35.230727,32.103734],[35.230907,32.103698]]],\"type\":\"Polygon\"},\"properties\":{\"id\":\"g5f4274.local\",\"land_or_water\":\"land\",\"role\":\"local\"},\"type\":\"Feature\"},{\"geometry\":{\"coordinates\":[[[35.23007,32.1046],[35.23001,32.1046],[35.22996,32.10459],[35.22991,32.10458],[35.22985,32.10456],[35.2298,32.10454],[35.22976,32.10451],[35.22971,32.10448],[35.22968,32.10445],[35.22964,32.10441],[35.22961,32.10437],[35.22959,32.10433],[35.22957,32.10429],[35.22955,32.10424],[35.22954,32.1042],[35.22954,32.10415],[35.22954,32.1041],[35.22955,32.10406],[35.22957,32.10401],[35.22959,32.10397],[35.22961,32.10393],[35.22964,32.10389],[35.22968,32.10385],[35.22971,32.10382],[35.22976,32.10379],[35.2298,32.10376],[35.22985,32.10374],[35.22991,32.10372],[35.22996,32.10371],[35.23001,32.1037],[35.23007,32.1037],[35.23013,32.1037],[35.23018,32.10371],[35.23023,32.10372],[35.23029,32.10374],[35.23034,32.10376],[35.23038,32.10379],[35.23043,32.10382],[35.23046,32.10385],[35.2305,32.10389],[35.23053,32.10393],[35.23055,32.10397],[35.23057,32.10401],[35.23059,32.10406],[35.2306,32.1041],[35.2306,32.10415],[35.2306,32.1042],[35.23059,32.10424],[35.23057,32.10429],[35.23055,32.10433],[35.23053,32.10437],[35.2305,32.10441],[35.23046,32.10445],[35.23043,32.10448],[35.23038,32.10451],[35.23034,32.10454],[35.23029,32.10456],[35.23023,32.10458],[35.23018,32.10459],[35.23013,32.1046],[35.23007,32.1046]]],\"type\":\"Polygon\"},\"properties\":{\"id\":\"g480f85.precision_radius\",\"land_or_water\":\"land\",\"role\":\"precision_radius\"},\"type\":\"Feature\"}],\"metadata\":{\"class\":\"human\",\"geometry_credit\":\"Some data © OpenStreetMap contributors\",\"land_or_water\":\"land\",\"name\":\"Tell Abu Zarad\",\"type\":\"settlement\"},\"type\":\"FeatureCollection\"}",
      "anotherNames": "Sheikh Abu Zarad, Tell Sheikh Abu Zarad",
      "koreanName": "텔 아부 자라드",
      "anotherKoreanNames": "셰이크 아부 자라드, 텔 셰이크 아부 자라드"
    },
    {
      "id": "m99eb3d",
      "name": "Khirbet Tafsah",
      "isModern": true,
      "stereo": "child",
      "description": "A modern ruin site, also a possible (10% possibility) candidate for the location of **Tiphsah 2**.",
      "koreanDescription": "고대 성읍 **딥사 2**의 위치 후보지 중 하나인 현대 유적지입니다(10% 가능성).",
      "imageTitle": "m99eb3d.satellite.jpg",
      "types": ["settlement"],
      "geojsonText": "{\"bbox\":[35.1686,32.16637,35.17072,32.16817],\"features\":[{\"geometry\":{\"coordinates\":[35.16966,32.16727],\"type\":\"Point\"},\"properties\":{\"id\":\"m99eb3d.point\",\"role\":\"point\"},\"type\":\"Feature\"},{\"geometry\":{\"coordinates\":[[[35.16966,32.16817],[35.16955,32.16816],[35.16944,32.16815],[35.16933,32.16813],[35.16923,32.16809],[35.16913,32.16805],[35.16904,32.168],[35.16895,32.16794],[35.16887,32.16787],[35.1688,32.1678],[35.16874,32.16772],[35.16869,32.16764],[35.16865,32.16755],[35.16862,32.16746],[35.1686,32.16736],[35.1686,32.16727],[35.1686,32.16718],[35.16862,32.16708],[35.16865,32.16699],[35.16869,32.1669],[35.16874,32.16682],[35.1688,32.16674],[35.16887,32.16667],[35.16895,32.1666],[35.16904,32.16654],[35.16913,32.16649],[35.16923,32.16645],[35.16933,32.16641],[35.16944,32.16639],[35.16955,32.16638],[35.16966,32.16637],[35.16977,32.16638],[35.16988,32.16639],[35.16999,32.16641],[35.17009,32.16645],[35.17019,32.16649],[35.17028,32.16654],[35.17037,32.1666],[35.17045,32.16667],[35.17052,32.16674],[35.17058,32.16682],[35.17063,32.1669],[35.17067,32.16699],[35.1707,32.16708],[35.17072,32.16718],[35.17072,32.16727],[35.17072,32.16736],[35.1707,32.16746],[35.17067,32.16755],[35.17063,32.16764],[35.17058,32.16772],[35.17052,32.1678],[35.17045,32.16787],[35.17037,32.16794],[35.17028,32.168],[35.17019,32.16805],[35.17009,32.16809],[35.16999,32.16813],[35.16988,32.16815],[35.16977,32.16816],[35.16966,32.16817]]],\"type\":\"Polygon\"},\"properties\":{\"id\":\"g3145a6.precision_radius\",\"land_or_water\":\"land\",\"role\":\"precision_radius\"},\"type\":\"Feature\"}],\"metadata\":{\"class\":\"human\",\"land_or_water\":\"land\",\"name\":\"Khirbet Tafsah\",\"type\":\"settlement\"},\"type\":\"FeatureCollection\"}",
      "anotherNames": "Khirbet Tafsa",
      "koreanName": "키르벳 타프사",
      "anotherKoreanNames": "키르벳 타프사"
    },
    {
      "id": "ma594e8",
      "name": "Tell el Farah",
      "isModern": true,
      "stereo": "child",
      "description": "The most widely accepted archaeological site (85% possibility) for the biblical city of **Tirzah**, the first capital of the Northern Kingdom of Israel. It is also known as Tell el-Far'ah (North).",
      "koreanDescription": "북이스라엘 왕국의 **첫 번째 수도**였던 고대 성읍 **디르사**의 위치로 가장 유력하게 인정받는(85% 가능성) 현대 유적 언덕(텔)입니다.",
      "imageTitle": "ma594e8.satellite.jpg",
      "types": ["settlement"],
      "geojsonText": "{\"bbox\":[35.33727,32.28695,35.33833,32.28785],\"features\":[{\"geometry\":{\"coordinates\":[35.3378,32.2874],\"type\":\"Point\"},\"properties\":{\"id\":\"ma594e8.point\",\"role\":\"point\"},\"type\":\"Feature\"},{\"geometry\":{\"coordinates\":[[[35.3378,32.28785],[35.33774,32.28785],[35.33769,32.28784],[35.33764,32.28783],[35.33758,32.28781],[35.33753,32.28779],[35.33749,32.28776],[35.33744,32.28773],[35.3374,32.2877],[35.33737,32.28766],[35.33734,32.28762],[35.33731,32.28758],[35.33729,32.28754],[35.33728,32.28749],[35.33727,32.28745],[35.33727,32.2874],[35.33727,32.28735],[35.33728,32.28731],[35.33729,32.28726],[35.33731,32.28722],[35.33734,32.28718],[35.33737,32.28714],[35.3374,32.2871],[35.33744,32.28707],[35.33749,32.28704],[35.33753,32.28701],[35.33758,32.28699],[35.33764,32.28697],[35.33769,32.28696],[35.33774,32.28695],[35.3378,32.28695],[35.33786,32.28695],[35.33791,32.28696],[35.33796,32.28697],[35.33802,32.28699],[35.33807,32.28701],[35.33811,32.28704],[35.33816,32.28707],[35.3382,32.2871],[35.33823,32.28714],[35.33826,32.28718],[35.33829,32.28722],[35.33831,32.28726],[35.33832,32.28731],[35.33833,32.28735],[35.33833,32.2874],[35.33833,32.28745],[35.33832,32.28749],[35.33831,32.28754],[35.33829,32.28758],[35.33826,32.28762],[35.33823,32.28766],[35.3382,32.2877],[35.33816,32.28773],[35.33811,32.28776],[35.33807,32.28779],[35.33802,32.28781],[35.33796,32.28783],[35.33791,32.28784],[35.33786,32.28785],[35.3378,32.28785]]],\"type\":\"Polygon\"},\"properties\":{\"id\":\"ga3cf09.precision_radius\",\"land_or_water\":\"land\",\"role\":\"precision_radius\"},\"type\":\"Feature\"}],\"metadata\":{\"class\":\"human\",\"land_or_water\":\"land\",\"name\":\"Tell el Farah\",\"type\":\"settlement\"},\"type\":\"FeatureCollection\"}",
      "anotherNames": "Khirbet Tell el Farhah, Tell el Far’ah (North)",
      "koreanName": "텔 엘 파라",
      "anotherKoreanNames": "키르벳 텔 엘 파르하, 텔 엘 파라(북부)"
    },
    {
      "id": "m4bcf97",
      "name": "Between Kedesh-naphtali and Hazor",
      "isModern": true,
      "stereo": "child",
      "description": "A 'probability center' region in the Galilee area, one of the suggested, though less likely (10% possibility), areas for the location of **Tishbe**, the hometown of the prophet Elijah.",
      "koreanDescription": "갈릴리 지역의 한 '확률 중심지'입니다. 선지자 **엘리야**의 고향 **디셉**의 위치 후보지 중 하나입니다(10% 가능성).",
      "imageTitle": "m4bcf97.i36fb05.jpg",
      "types": ["probability center radial"],
      "geojsonText": "{\"bbox\":[35.459225,32.990118,35.629417,33.142043],\"features\":[{\"geometry\":{\"coordinates\":[35.539722,33.028611],\"type\":\"Point\"},\"properties\":{\"id\":\"m4bcf97.representative_point\",\"role\":\"representative_point\"},\"type\":\"Feature\"},{\"geometry\":{\"coordinates\":[[[35.459225,33.079162],[35.50477,32.990118],[35.629417,33.031869],[35.604591,33.142043],[35.459225,33.079162]]],\"type\":\"Polygon\"},\"properties\":{\"id\":\"gf4b73b.geometry\",\"land_or_water\":\"land\",\"role\":\"geometry\"},\"type\":\"Feature\"}],\"metadata\":{\"class\":\"natural\",\"land_or_water\":\"land\",\"name\":\"between Kedesh-naphtali and Hazor\",\"type\":\"probability center radial\"},\"type\":\"FeatureCollection\"}",
      "anotherNames": null,
      "koreanName": "납달리 게데스와 하솔 사이",
      "anotherKoreanNames": null
    },
    {
      "id": "m234519",
      "name": "Tell el Maqlub",
      "isModern": true,
      "stereo": "child",
      "description": "A modern tel site, one of the suggested locations (10% possibility) for the ancient site of **Tishbe**, the hometown of Elijah.",
      "koreanDescription": "선지자 **엘리야**의 고향 **디셉**의 위치 후보지 중 하나인 현대 유적 언덕(텔)입니다(10% 가능성).",
      "imageTitle": "m234519.satellite.jpg",
      "types": ["settlement"],
      "geojsonText": "{\"bbox\":[35.68177,32.40192,35.68283,32.40282],\"features\":[{\"geometry\":{\"coordinates\":[35.6823,32.40237],\"type\":\"Point\"},\"properties\":{\"id\":\"m234519.point\",\"role\":\"point\"},\"type\":\"Feature\"},{\"geometry\":{\"coordinates\":[[[35.6823,32.40282],[35.68224,32.40282],[35.68219,32.40281],[35.68214,32.4028],[35.68208,32.40278],[35.68203,32.40276],[35.68199,32.40273],[35.68194,32.4027],[35.6819,32.40267],[35.68187,32.40263],[35.68184,32.40259],[35.68181,32.40255],[35.68179,32.40251],[35.68178,32.40246],[35.68177,32.40242],[35.68177,32.40237],[35.68177,32.40232],[35.68178,32.40228],[35.68179,32.40223],[35.68181,32.40219],[35.68184,32.40215],[35.68187,32.40211],[35.6819,32.40207],[35.68194,32.40204],[35.68199,32.40201],[35.68203,32.40198],[35.68208,32.40196],[35.68214,32.40194],[35.68219,32.40193],[35.68224,32.40192],[35.6823,32.40192],[35.68236,32.40192],[35.68241,32.40193],[35.68246,32.40194],[35.68252,32.40196],[35.68257,32.40198],[35.68261,32.40201],[35.68266,32.40204],[35.6827,32.40207],[35.68273,32.40211],[35.68276,32.40215],[35.68279,32.40219],[35.68281,32.40223],[35.68282,32.40228],[35.68283,32.40232],[35.68283,32.40237],[35.68283,32.40242],[35.68282,32.40246],[35.68281,32.40251],[35.68279,32.40255],[35.68276,32.40259],[35.68273,32.40263],[35.6827,32.40267],[35.68266,32.4027],[35.68261,32.40273],[35.68257,32.40276],[35.68252,32.40278],[35.68246,32.4028],[35.68241,32.40281],[35.68236,32.40282],[35.6823,32.40282]]],\"type\":\"Polygon\"},\"properties\":{\"id\":\"gb832f6.precision_radius\",\"land_or_water\":\"land\",\"role\":\"precision_radius\"},\"type\":\"Feature\"}],\"metadata\":{\"class\":\"human\",\"land_or_water\":\"land\",\"name\":\"Tell el Maqlub\",\"type\":\"settlement\"},\"type\":\"FeatureCollection\"}",
      "anotherNames": "Tall al Maqlub",
      "koreanName": "텔 엘 마클럽",
      "anotherKoreanNames": "탈 알 마클럽"
    },
    {
      "id": "md42a9f",
      "name": "Tell Abu el Kharaz",
      "isModern": true,
      "stereo": "child",
      "description": "A modern tel site, one of the suggested locations (10% possibility) for the ancient site of **Tishbe**, the hometown of Elijah.",
      "koreanDescription": "선지자 **엘리야**의 고향 **디셉**의 위치 후보지 중 하나인 현대 유적 언덕(텔)입니다(10% 가능성).",
      "imageTitle": "md42a9f.i6664c7.jpg",
      "types": ["settlement"],
      "geojsonText": "{\"bbox\":[35.592502,32.39766,35.596332,32.400496],\"features\":[{\"geometry\":{\"coordinates\":[35.595106,32.398983],\"type\":\"Point\"},\"properties\":{\"id\":\"md42a9f.point\",\"role\":\"point\"},\"type\":\"Feature\"},{\"geometry\":{\"coordinates\":[[[35.593575,32.400496],[35.593575,32.400396],[35.593296,32.400423],[35.592899,32.400414],[35.592609,32.400405],[35.592502,32.400188],[35.592534,32.399662],[35.59277,32.398829],[35.592888,32.397978],[35.593006,32.397778],[35.593306,32.397769],[35.593789,32.397733],[35.594326,32.39766],[35.59425,32.397923],[35.594283,32.397996],[35.594647,32.397978],[35.594787,32.397941],[35.595259,32.39795],[35.595924,32.398041],[35.596203,32.398132],[35.596235,32.398295],[35.596332,32.398421],[35.596332,32.398639],[35.596257,32.398929],[35.596085,32.399191],[35.59616,32.399445],[35.595978,32.399581],[35.596085,32.399708],[35.596053,32.399907],[35.595806,32.399989],[35.595656,32.400188],[35.595495,32.400315],[35.595366,32.400242],[35.595087,32.400288],[35.594776,32.400378],[35.594529,32.400441],[35.593961,32.400451],[35.593821,32.400487],[35.593575,32.400496]]],\"type\":\"Polygon\"},\"properties\":{\"id\":\"g2d61c6.local\",\"land_or_water\":\"land\",\"role\":\"local\"},\"type\":\"Feature\"},{\"geometry\":{\"coordinates\":[[[35.59511,32.39943],[35.59505,32.39943],[35.595,32.39942],[35.59494,32.39941],[35.59489,32.39939],[35.59484,32.39937],[35.59479,32.39935],[35.59475,32.39932],[35.59471,32.39928],[35.59468,32.39925],[35.59464,32.39921],[35.59462,32.39917],[35.5946,32.39912],[35.59459,32.39908],[35.59458,32.39903],[35.59457,32.39898],[35.59458,32.39894],[35.59459,32.39889],[35.5946,32.39884],[35.59462,32.3988],[35.59464,32.39876],[35.59468,32.39872],[35.59471,32.39868],[35.59475,32.39865],[35.59479,32.39862],[35.59484,32.39859],[35.59489,32.39857],[35.59494,32.39856],[35.595,32.39854],[35.59505,32.39854],[35.59511,32.39853],[35.59516,32.39854],[35.59522,32.39854],[35.59527,32.39856],[35.59532,32.39857],[35.59537,32.39859],[35.59542,32.39862],[35.59546,32.39865],[35.5955,32.39868],[35.59554,32.39872],[35.59557,32.39876],[35.59559,32.3988],[35.59561,32.39884],[35.59563,32.39889],[35.59564,32.39894],[35.59564,32.39898],[35.59564,32.39903],[35.59563,32.39908],[35.59561,32.39912],[35.59559,32.39917],[35.59557,32.39921],[35.59554,32.39925],[35.5955,32.39928],[35.59546,32.39932],[35.59542,32.39935],[35.59537,32.39937],[35.59532,32.39939],[35.59527,32.39941],[35.59522,32.39942],[35.59516,32.39943],[35.59511,32.39943]]],\"type\":\"Polygon\"},\"properties\":{\"id\":\"gf8c104.precision_radius\",\"land_or_water\":\"land\",\"role\":\"precision_radius\"},\"type\":\"Feature\"}],\"metadata\":{\"class\":\"human\",\"geometry_credit\":\"Some data © OpenStreetMap contributors\",\"land_or_water\":\"land\",\"name\":\"Tell Abu el Kharaz\",\"type\":\"settlement\"},\"type\":\"FeatureCollection\"}",
      "anotherNames": "Tell Abu Kharaz",
      "koreanName": "텔 아부 엘 카라즈",
      "anotherKoreanNames": "텔 아부 카라즈"
    },
    {
      "id": "m0d6ead",
      "name": "Tall al Meqbarah",
      "isModern": true,
      "stereo": "child",
      "description": "A modern tel site, one of the suggested locations (10% possibility) for the ancient site of **Tishbe**, the hometown of Elijah.",
      "koreanDescription": "선지자 **엘리야**의 고향 **디셉**의 위치 후보지 중 하나인 현대 유적 언덕(텔)입니다(10% 가능성).",
      "imageTitle": "m0d6ead.satellite.jpg",
      "types": ["settlement"],
      "geojsonText": "{\"features\":[{\"geometry\":{\"coordinates\":[35.5905,32.4002],\"type\":\"Point\"},\"properties\":{\"id\":\"m0d6ead.point\",\"role\":\"point\"},\"type\":\"Feature\"}],\"metadata\":{\"class\":\"human\",\"land_or_water\":\"land\",\"name\":\"Tall al Meqbarah\",\"type\":\"settlement\"},\"type\":\"FeatureCollection\"}",
      "anotherNames": "Tall el Maqbara, Tell el Meqbera, Tell el Merkbere",
      "koreanName": "탈 알 메크바라",
      "anotherKoreanNames": "탈 엘 마크바라, 텔 엘 메크베라, 텔 엘 메르크베레"
    },
    {
      "id": "m4a3d57",
      "name": "Listib",
      "isModern": true,
      "stereo": "child",
      "description": "A modern site, one of the suggested locations (10% possibility) for the ancient site of **Tishbe**, the hometown of Elijah.",
      "koreanDescription": "선지자 **엘리야**의 고향 **디셉**의 위치 후보지 중 하나인 현대 유적지입니다(10% 가능성).",
      "imageTitle": "m4a3d57.i8cfd17.jpg",
      "types": ["settlement"],
      "geojsonText": "{\"bbox\":[35.71694,32.3649,35.71906,32.3667],\"features\":[{\"geometry\":{\"coordinates\":[35.718,32.3658],\"type\":\"Point\"},\"properties\":{\"id\":\"m4a3d57.point\",\"role\":\"point\"},\"type\":\"Feature\"},{\"geometry\":{\"coordinates\":[[[35.718,32.3667],[35.71789,32.36669],[35.71778,32.36668],[35.71767,32.36666],[35.71757,32.36662],[35.71747,32.36658],[35.71737,32.36653],[35.71729,32.36647],[35.71721,32.3664],[35.71714,32.36633],[35.71708,32.36625],[35.71703,32.36617],[35.71699,32.36608],[35.71696,32.36599],[35.71694,32.36589],[35.71694,32.3658],[35.71694,32.36571],[35.71696,32.36561],[35.71699,32.36552],[35.71703,32.36543],[35.71708,32.36535],[35.71714,32.36527],[35.71721,32.3652],[35.71729,32.36513],[35.71737,32.36507],[35.71747,32.36502],[35.71757,32.36498],[35.71767,32.36494],[35.71778,32.36492],[35.71789,32.36491],[35.718,32.3649],[35.71811,32.36491],[35.71822,32.36492],[35.71833,32.36494],[35.71843,32.36498],[35.71853,32.36502],[35.71863,32.36507],[35.71871,32.36513],[35.71879,32.3652],[35.71886,32.36527],[35.71892,32.36535],[35.71897,32.36543],[35.71901,32.36552],[35.71904,32.36561],[35.71906,32.36571],[35.71906,32.3658],[35.71906,32.36589],[35.71904,32.36599],[35.71901,32.36608],[35.71897,32.36617],[35.71892,32.36625],[35.71886,32.36633],[35.71879,32.3664],[35.71871,32.36647],[35.71863,32.36653],[35.71853,32.36658],[35.71843,32.36662],[35.71833,32.36666],[35.71822,32.36668],[35.71811,32.36669],[35.718,32.3667]]],\"type\":\"Polygon\"},\"properties\":{\"id\":\"g20b1a4.precision_radius\",\"land_or_water\":\"land\",\"role\":\"precision_radius\"},\"type\":\"Feature\"}],\"metadata\":{\"class\":\"human\",\"land_or_water\":\"land\",\"name\":\"Listib\",\"type\":\"settlement\"},\"type\":\"FeatureCollection\"}",
      "anotherNames": "El Istib, Khirbet Lisdib",
      "koreanName": "리스티브",
      "anotherKoreanNames": "엘 이스티브, 키르벳 리스딥"
    },
    {
      "id": "m43153c",
      "name": "Et Tayibeh",
      "isModern": true,
      "stereo": "child",
      "description": "A modern settlement, generally accepted (65% possibility) as the location for the biblical **Tob**, the region where Jephthah fled and gathered his men (Judg 11).",
      "koreanDescription": "사사 **입다**가 피신했던 성경 지명 **돕**의 위치로 가장 유력하게 추정되는(65% 가능성) 현대 정착지입니다.",
      "imageTitle": "m43153c.satellite.jpg",
      "types": ["settlement"],
      "geojsonText": "{\"bbox\":[36.24122,32.56108,36.24656,32.56558],\"features\":[{\"geometry\":{\"coordinates\":[36.243889,32.563333],\"type\":\"Point\"},\"properties\":{\"id\":\"m43153c.point\",\"role\":\"point\"},\"type\":\"Feature\"},{\"geometry\":{\"coordinates\":[[[36.24389,32.56558],[36.24361,32.56557],[36.24333,32.56553],[36.24306,32.56547],[36.2428,32.56539],[36.24256,32.56528],[36.24232,32.56515],[36.2421,32.565],[36.24191,32.56484],[36.24173,32.56465],[36.24158,32.56446],[36.24145,32.56425],[36.24135,32.56403],[36.24128,32.5638],[36.24124,32.56357],[36.24122,32.56333],[36.24124,32.5631],[36.24128,32.56287],[36.24135,32.56264],[36.24145,32.56242],[36.24158,32.56221],[36.24173,32.56201],[36.24191,32.56183],[36.2421,32.56166],[36.24232,32.56151],[36.24256,32.56139],[36.2428,32.56128],[36.24306,32.56119],[36.24333,32.56113],[36.24361,32.5611],[36.24389,32.56108],[36.24417,32.5611],[36.24444,32.56113],[36.24471,32.56119],[36.24497,32.56128],[36.24522,32.56139],[36.24546,32.56151],[36.24567,32.56166],[36.24587,32.56183],[36.24605,32.56201],[36.2462,32.56221],[36.24633,32.56242],[36.24643,32.56264],[36.2465,32.56287],[36.24654,32.5631],[36.24656,32.56333],[36.24654,32.56357],[36.2465,32.5638],[36.24643,32.56403],[36.24633,32.56425],[36.2462,32.56446],[36.24605,32.56465],[36.24587,32.56484],[36.24567,32.565],[36.24546,32.56515],[36.24522,32.56528],[36.24497,32.56539],[36.24471,32.56547],[36.24444,32.56553],[36.24417,32.56557],[36.24389,32.56558]]],\"type\":\"Polygon\"},\"properties\":{\"id\":\"g109a0a.precision_radius\",\"land_or_water\":\"land\",\"role\":\"precision_radius\"},\"type\":\"Feature\"}],\"metadata\":{\"class\":\"human\",\"land_or_water\":\"land\",\"name\":\"Et Tayibeh\",\"type\":\"settlement\"},\"type\":\"FeatureCollection\"}",
      "anotherNames": "Al Taiyiba, At Tayyibah, El Taebah",
      "koreanName": "엣 타이베",
      "anotherKoreanNames": "알 타이바, 앗 타이바, 엘 타에바"
    },
    {
      "id": "m74c680",
      "name": "Iraq al Amir",
      "isModern": true,
      "stereo": "child",
      "description": "A modern site, also a possible (10% possibility) candidate for the biblical **Tob**.",
      "koreanDescription": "성경 지명 **돕**의 위치 후보지 중 하나인 현대 유적지입니다(10% 가능성).",
      "imageTitle": "m74c680.i9d0015.jpg",
      "types": ["settlement"],
      "geojsonText": "{\"features\":[{\"geometry\":{\"coordinates\":[35.7518,31.9128],\"type\":\"Point\"},\"properties\":{\"id\":\"m74c680.point\",\"role\":\"point\"},\"type\":\"Feature\"}],\"metadata\":{\"class\":\"human\",\"land_or_water\":\"land\",\"name\":\"Iraq al Amir\",\"type\":\"settlement\"},\"type\":\"FeatureCollection\"}",
      "anotherNames": "Iraq el Emir, Qasr al Abd",
      "koreanName": "이라크 알 아미르",
      "anotherKoreanNames": "이라크 엘 에미르, 카스르 알 압드"
    },
    {
      "id": "m710dd6",
      "name": "Khirbet el Ater",
      "isModern": true,
      "stereo": "child",
      "description": "A modern ruin site, one of the suggested (20% possibility) locations for the obscure biblical town of **Tochen** (1 Chr 4:32) in the territory of Simeon.",
      "koreanDescription": "시므온 지파 성읍 **도겐**의 위치 후보지 중 하나인 현대 유적지입니다(20% 가능성).",
      "imageTitle": "m710dd6.satellite.jpg",
      "types": ["settlement"],
      "geojsonText": "{\"bbox\":[34.87777,31.61548,34.87883,31.61638],\"features\":[{\"geometry\":{\"coordinates\":[34.8783,31.61593],\"type\":\"Point\"},\"properties\":{\"id\":\"m710dd6.point\",\"role\":\"point\"},\"type\":\"Feature\"},{\"geometry\":{\"coordinates\":[[[34.8783,31.61638],[34.87824,31.61638],[34.87819,31.61637],[34.87814,31.61636],[34.87809,31.61634],[34.87804,31.61632],[34.87799,31.61629],[34.87795,31.61626],[34.87791,31.61623],[34.87787,31.61619],[34.87784,31.61615],[34.87782,31.61611],[34.8778,31.61607],[34.87778,31.61602],[34.87777,31.61598],[34.87777,31.61593],[34.87777,31.61588],[34.87778,31.61584],[34.8778,31.61579],[34.87782,31.61575],[34.87784,31.61571],[34.87787,31.61567],[34.87791,31.61563],[34.87795,31.6156],[34.87799,31.61557],[34.87804,31.61554],[34.87809,31.61552],[34.87814,31.6155],[34.87819,31.61549],[34.87824,31.61548],[34.8783,31.61548],[34.87836,31.61548],[34.87841,31.61549],[34.87846,31.6155],[34.87851,31.61552],[34.87856,31.61554],[34.87861,31.61557],[34.87865,31.6156],[34.87869,31.61563],[34.87873,31.61567],[34.87876,31.61571],[34.87878,31.61575],[34.8788,31.61579],[34.87882,31.61584],[34.87883,31.61588],[34.87883,31.61593],[34.87883,31.61598],[34.87882,31.61602],[34.8788,31.61607],[34.87878,31.61611],[34.87876,31.61615],[34.87873,31.61619],[34.87869,31.61623],[34.87865,31.61626],[34.87861,31.61629],[34.87856,31.61632],[34.87851,31.61634],[34.87846,31.61636],[34.87841,31.61637],[34.87836,31.61638],[34.8783,31.61638]]],\"type\":\"Polygon\"},\"properties\":{\"id\":\"gd450ec.precision_radius\",\"land_or_water\":\"land\",\"role\":\"precision_radius\"},\"type\":\"Feature\"}],\"metadata\":{\"class\":\"human\",\"land_or_water\":\"land\",\"name\":\"Khirbet el Ater\",\"type\":\"settlement\"},\"type\":\"FeatureCollection\"}",
      "anotherNames": "Tel Eter",
      "koreanName": "키르벳 엘 아테르",
      "anotherKoreanNames": "텔 에테르"
    },
    {
      "id": "m72df71",
      "name": "Khirbet Umm es Salafe",
      "isModern": true,
      "stereo": "child",
      "description": "A modern ruin site, one of the suggested (10% possibility) locations for the obscure biblical town of **Tochen**.",
      "koreanDescription": "시므온 지파 성읍 **도겐**의 위치 후보지 중 하나인 현대 유적지입니다(10% 가능성).",
      "imageTitle": "m72df71.satellite.jpg",
      "types": ["settlement"],
      "geojsonText": "{\"bbox\":[34.95477,30.98083,34.97575,30.99882],\"features\":[{\"geometry\":{\"coordinates\":[34.965257,30.989824],\"type\":\"Point\"},\"properties\":{\"id\":\"m72df71.point\",\"role\":\"point\"},\"type\":\"Feature\"},{\"geometry\":{\"coordinates\":[[[34.96526,30.99882],[34.96416,30.99877],[34.96308,30.99862],[34.96201,30.99838],[34.96099,30.99804],[34.96001,30.99761],[34.95909,30.9971],[34.95824,30.99651],[34.95746,30.99584],[34.95677,30.99511],[34.95617,30.99432],[34.95567,30.99348],[34.95528,30.9926],[34.955,30.99169],[34.95482,30.99076],[34.95477,30.98982],[34.95482,30.98888],[34.955,30.98795],[34.95528,30.98704],[34.95567,30.98617],[34.95617,30.98533],[34.95677,30.98454],[34.95746,30.98381],[34.95824,30.98314],[34.95909,30.98255],[34.96001,30.98204],[34.96099,30.98161],[34.96202,30.98127],[34.96308,30.98103],[34.96416,30.98088],[34.96526,30.98083],[34.96635,30.98088],[34.96744,30.98103],[34.9685,30.98127],[34.96952,30.98161],[34.9705,30.98204],[34.97142,30.98255],[34.97228,30.98314],[34.97305,30.98381],[34.97374,30.98454],[34.97434,30.98533],[34.97484,30.98617],[34.97523,30.98704],[34.97552,30.98795],[34.97569,30.98888],[34.97575,30.98982],[34.97569,30.99076],[34.97552,30.99169],[34.97523,30.9926],[34.97484,30.99348],[34.97434,30.99432],[34.97374,30.99511],[34.97305,30.99584],[34.97228,30.99651],[34.97142,30.9971],[34.9705,30.99761],[34.96952,30.99804],[34.9685,30.99838],[34.96744,30.99862],[34.96635,30.99877],[34.96526,30.99882]]],\"type\":\"Polygon\"},\"properties\":{\"id\":\"g045c2b.precision_radius\",\"land_or_water\":\"land\",\"role\":\"precision_radius\"},\"type\":\"Feature\"}],\"metadata\":{\"class\":\"human\",\"land_or_water\":\"land\",\"name\":\"Khirbet Umm es Salafe\",\"type\":\"settlement\"},\"type\":\"FeatureCollection\"}",
      "anotherNames": "Khirbet Umm es Salafeh, Tell Umm es Salafeh",
      "koreanName": "키르벳 움 에스 살라페",
      "anotherKoreanNames": "키르벳 움 에스 살라페, 텔 움 에스 살라페"
    },
    {
      "id": "m55c579",
      "name": "Horbat Rahba",
      "isModern": true,
      "stereo": "child",
      "description": "A modern ruin site, one of the suggested (10% possibility) locations for the obscure biblical town of **Tochen**.",
      "koreanDescription": "시므온 지파 성읍 **도겐**의 위치 후보지 중 하나인 현대 유적지입니다(10% 가능성).",
      "imageTitle": "m55c579.satellite.jpg",
      "types": ["settlement"],
      "geojsonText": "{\"bbox\":[35.02725,31.04768,35.03039,31.05038],\"features\":[{\"geometry\":{\"coordinates\":[35.02882,31.04903],\"type\":\"Point\"},\"properties\":{\"id\":\"m55c579.point\",\"role\":\"point\"},\"type\":\"Feature\"},{\"geometry\":{\"coordinates\":[[[35.02882,31.05038],[35.02866,31.05037],[35.02849,31.05035],[35.02833,31.05031],[35.02818,31.05026],[35.02803,31.0502],[35.02789,31.05012],[35.02777,31.05003],[35.02765,31.04993],[35.02755,31.04982],[35.02746,31.0497],[35.02738,31.04958],[35.02732,31.04945],[35.02728,31.04931],[35.02725,31.04917],[35.02725,31.04903],[35.02725,31.04889],[35.02728,31.04875],[35.02732,31.04861],[35.02738,31.04848],[35.02746,31.04836],[35.02755,31.04824],[35.02765,31.04813],[35.02777,31.04803],[35.02789,31.04794],[35.02803,31.04786],[35.02818,31.0478],[35.02833,31.04775],[35.02849,31.04771],[35.02866,31.04769],[35.02882,31.04768],[35.02898,31.04769],[35.02915,31.04771],[35.02931,31.04775],[35.02946,31.0478],[35.02961,31.04786],[35.02975,31.04794],[35.02987,31.04803],[35.02999,31.04813],[35.03009,31.04824],[35.03018,31.04836],[35.03026,31.04848],[35.03032,31.04861],[35.03036,31.04875],[35.03039,31.04889],[35.03039,31.04903],[35.03039,31.04917],[35.03036,31.04931],[35.03032,31.04945],[35.03026,31.04958],[35.03018,31.0497],[35.03009,31.04982],[35.02999,31.04993],[35.02987,31.05003],[35.02975,31.05012],[35.02961,31.0502],[35.02946,31.05026],[35.02931,31.05031],[35.02915,31.05035],[35.02898,31.05037],[35.02882,31.05038]]],\"type\":\"Polygon\"},\"properties\":{\"id\":\"gfa50b4.precision_radius\",\"land_or_water\":\"land\",\"role\":\"precision_radius\"},\"type\":\"Feature\"}],\"metadata\":{\"class\":\"human\",\"land_or_water\":\"land\",\"name\":\"Horbat Rahba\",\"type\":\"settlement\"},\"type\":\"FeatureCollection\"}",
      "anotherNames": "Khirbet Irdeiha",
      "koreanName": "호르밧 라흐바",
      "anotherKoreanNames": "키르벳 이르데이야"
    },
    {
      "id": "m71be41",
      "name": "Khirbet Abu Tulul",
      "isModern": true,
      "stereo": "child",
      "description": "A modern ruin site, one of the suggested (10% possibility) locations for the obscure biblical town of **Tochen**.",
      "koreanDescription": "시므온 지파 성읍 **도겐**의 위치 후보지 중 하나인 현대 유적지입니다(10% 가능성).",
      "imageTitle": "m71be41.satellite.jpg",
      "types": ["settlement"],
      "geojsonText": "{\"bbox\":[34.90954,31.1398,34.9148,31.1443],\"features\":[{\"geometry\":{\"coordinates\":[34.91217,31.142053],\"type\":\"Point\"},\"properties\":{\"id\":\"m71be41.point\",\"role\":\"point\"},\"type\":\"Feature\"},{\"geometry\":{\"coordinates\":[[[34.91217,31.1443],[34.9119,31.14429],[34.91162,31.14425],[34.91136,31.14419],[34.9111,31.14411],[34.91086,31.144],[34.91063,31.14387],[34.91041,31.14372],[34.91022,31.14356],[34.91004,31.14337],[34.9099,31.14318],[34.90977,31.14297],[34.90967,31.14275],[34.9096,31.14252],[34.90956,31.14229],[34.90954,31.14205],[34.90956,31.14182],[34.9096,31.14159],[34.90967,31.14136],[34.90977,31.14114],[34.9099,31.14093],[34.91004,31.14073],[34.91022,31.14055],[34.91041,31.14038],[34.91063,31.14023],[34.91086,31.14011],[34.9111,31.14],[34.91136,31.13991],[34.91162,31.13985],[34.9119,31.13982],[34.91217,31.1398],[34.91244,31.13982],[34.91272,31.13985],[34.91298,31.13991],[34.91324,31.14],[34.91348,31.14011],[34.91371,31.14023],[34.91393,31.14038],[34.91412,31.14055],[34.9143,31.14073],[34.91444,31.14093],[34.91457,31.14114],[34.91467,31.14136],[34.91474,31.14159],[34.91478,31.14182],[34.9148,31.14205],[34.91478,31.14229],[34.91474,31.14252],[34.91467,31.14275],[34.91457,31.14297],[34.91444,31.14318],[34.9143,31.14337],[34.91412,31.14356],[34.91393,31.14372],[34.91371,31.14387],[34.91348,31.144],[34.91324,31.14411],[34.91298,31.14419],[34.91272,31.14425],[34.91244,31.14429],[34.91217,31.1443]]],\"type\":\"Polygon\"},\"properties\":{\"id\":\"g9052a0.precision_radius\",\"land_or_water\":\"land\",\"role\":\"precision_radius\"},\"type\":\"Feature\"}],\"metadata\":{\"class\":\"human\",\"land_or_water\":\"land\",\"name\":\"Khirbet Abu Tulul\",\"type\":\"settlement\"},\"type\":\"FeatureCollection\"}",
      "anotherNames": "El Medbah, Khirbet Abu Tellul el Medhbah",
      "koreanName": "키르벳 아부 툴룰",
      "anotherKoreanNames": "엘 메드바, 키르벳 아부 텔룰 엘 메드바"
    },
    {
      "id": "me74322",
      "name": "El Alem",
      "isModern": true,
      "stereo": "child",
      "description": "A modern site, one of the suggested (10% possibility) locations for the obscure biblical town of **Tochen**.",
      "koreanDescription": "시므온 지파 성읍 **도겐**의 위치 후보지 중 하나인 현대 유적지입니다(10% 가능성).",
      "imageTitle": "me74322.satellite.jpg",
      "types": ["settlement"],
      "geojsonText": "{\"bbox\":[34.8161,30.91402,35.06796,31.12986],\"features\":[{\"geometry\":{\"coordinates\":[34.942026,31.021943],\"type\":\"Point\"},\"properties\":{\"id\":\"me74322.point\",\"role\":\"point\"},\"type\":\"Feature\"},{\"geometry\":{\"coordinates\":[[[34.94203,31.12986],[34.92885,31.12927],[34.91581,31.1275],[34.90307,31.12457],[34.89075,31.12052],[34.879,31.11539],[34.86794,31.10923],[34.85769,31.10211],[34.84837,31.09412],[34.84008,31.08534],[34.83291,31.07586],[34.82693,31.06579],[34.82222,31.05524],[34.81882,31.04432],[34.81677,31.03316],[34.8161,31.02188],[34.8168,31.0106],[34.81888,30.99945],[34.8223,30.98854],[34.82704,30.978],[34.83303,30.96794],[34.84021,30.95847],[34.84851,30.9497],[34.85783,30.94172],[34.86807,30.93461],[34.87912,30.92847],[34.89086,30.92334],[34.90315,30.9193],[34.91587,30.91638],[34.92888,30.91462],[34.94203,30.91402],[34.95517,30.91462],[34.96818,30.91638],[34.9809,30.9193],[34.99319,30.92334],[35.00493,30.92847],[35.01598,30.93461],[35.02622,30.94172],[35.03554,30.9497],[35.04384,30.95847],[35.05102,30.96794],[35.05702,30.978],[35.06175,30.98854],[35.06518,30.99945],[35.06725,31.0106],[35.06796,31.02188],[35.06728,31.03316],[35.06523,31.04432],[35.06183,31.05524],[35.05712,31.06579],[35.05115,31.07586],[35.04397,31.08534],[35.03568,31.09412],[35.02636,31.10211],[35.01611,31.10923],[35.00505,31.11539],[34.9933,31.12052],[34.98098,31.12457],[34.96824,31.1275],[34.9552,31.12927],[34.94203,31.12986]]],\"type\":\"Polygon\"},\"properties\":{\"id\":\"ga351eb.precision_radius\",\"land_or_water\":\"land\",\"role\":\"precision_radius\"},\"type\":\"Feature\"}],\"metadata\":{\"class\":\"human\",\"land_or_water\":\"land\",\"name\":\"El Alem\",\"type\":\"settlement\"},\"type\":\"FeatureCollection\"}",
      "anotherNames": "Ras el Eleim",
      "koreanName": "엘 알렘",
      "anotherKoreanNames": "라스 엘 엘레임"
    },
    {
      "id": "m51dd81",
      "name": "Khirbet ez Zeifeh",
      "isModern": true,
      "stereo": "child",
      "description": "A modern ruin site, one of the suggested (10% possibility) locations for the obscure biblical town of **Tochen**.",
      "koreanDescription": "시므온 지파 성읍 **도겐**의 위치 후보지 중 하나인 현대 유적지입니다(10% 가능성).",
      "imageTitle": "m51dd81.satellite.jpg",
      "types": ["settlement"],
      "geojsonText": "{\"bbox\":[34.98083,30.99587,34.98293,30.99767],\"features\":[{\"geometry\":{\"coordinates\":[34.98188,30.99677],\"type\":\"Point\"},\"properties\":{\"id\":\"m51dd81.point\",\"role\":\"point\"},\"type\":\"Feature\"},{\"geometry\":{\"coordinates\":[[[34.98188,30.99767],[34.98177,30.99766],[34.98166,30.99765],[34.98156,30.99763],[34.98145,30.99759],[34.98136,30.99755],[34.98126,30.9975],[34.98118,30.99744],[34.9811,30.99737],[34.98103,30.9973],[34.98097,30.99722],[34.98092,30.99714],[34.98088,30.99705],[34.98085,30.99696],[34.98084,30.99686],[34.98083,30.99677],[34.98084,30.99668],[34.98085,30.99658],[34.98088,30.99649],[34.98092,30.9964],[34.98097,30.99632],[34.98103,30.99624],[34.9811,30.99617],[34.98118,30.9961],[34.98126,30.99604],[34.98136,30.99599],[34.98145,30.99595],[34.98156,30.99591],[34.98166,30.99589],[34.98177,30.99588],[34.98188,30.99587],[34.98199,30.99588],[34.9821,30.99589],[34.9822,30.99591],[34.98231,30.99595],[34.9824,30.99599],[34.9825,30.99604],[34.98258,30.9961],[34.98266,30.99617],[34.98273,30.99624],[34.98279,30.99632],[34.98284,30.9964],[34.98288,30.99649],[34.98291,30.99658],[34.98292,30.99668],[34.98293,30.99677],[34.98292,30.99686],[34.98291,30.99696],[34.98288,30.99705],[34.98284,30.99714],[34.98279,30.99722],[34.98273,30.9973],[34.98266,30.99737],[34.98258,30.99744],[34.9825,30.9975],[34.9824,30.99755],[34.98231,30.99759],[34.9822,30.99763],[34.9821,30.99765],[34.98199,30.99766],[34.98188,30.99767]]],\"type\":\"Polygon\"},\"properties\":{\"id\":\"g34f2cd.precision_radius\",\"land_or_water\":\"land\",\"role\":\"precision_radius\"},\"type\":\"Feature\"}],\"metadata\":{\"class\":\"human\",\"land_or_water\":\"land\",\"name\":\"Khirbet ez Zeifeh\",\"type\":\"settlement\"},\"type\":\"FeatureCollection\"}",
      "anotherNames": "Khirbet ez Zeife, Mezudat Hatirah",
      "koreanName": "키르벳 에즈 제이페",
      "anotherKoreanNames": "키르벳 에즈 제이페, 메주닷 하티라"
    },
    {
      "id": "ma9cf6e",
      "name": "Tel Malhata",
      "isModern": true,
      "stereo": "child",
      "description": "A prominent tel site in the Negev, included as one of the suggested (10% possibility) locations for the obscure biblical town of **Tochen**.",
      "koreanDescription": "네게브에 위치한 현대 유적 언덕(텔)입니다. 시므온 지파 성읍 **도겐**의 위치 후보지 중 하나입니다(10% 가능성).",
      "imageTitle": "ma9cf6e.i120d66.jpg",
      "types": ["settlement"],
      "geojsonText": "{\"bbox\":[35.02527,31.21675,35.02633,31.21765],\"features\":[{\"geometry\":{\"coordinates\":[35.0258,31.2172],\"type\":\"Point\"},\"properties\":{\"id\":\"ma9cf6e.point\",\"role\":\"point\"},\"type\":\"Feature\"},{\"geometry\":{\"coordinates\":[[[35.0258,31.21765],[35.02575,31.21765],[35.02569,31.21764],[35.02564,31.21763],[35.02559,31.21761],[35.02554,31.21759],[35.02549,31.21756],[35.02545,31.21753],[35.02541,31.2175],[35.02537,31.21746],[35.02534,31.21742],[35.02532,31.21738],[35.0253,31.21734],[35.02529,31.21729],[35.02528,31.21725],[35.02527,31.2172],[35.02528,31.21715],[35.02529,31.21711],[35.0253,31.21706],[35.02532,31.21702],[35.02534,31.21698],[35.02537,31.21694],[35.02541,31.2169],[35.02545,31.21687],[35.02549,31.21684],[35.02554,31.21681],[35.02559,31.21679],[35.02564,31.21677],[35.02569,31.21676],[35.02575,31.21675],[35.0258,31.21675],[35.02585,31.21675],[35.02591,31.21676],[35.02596,31.21677],[35.02601,31.21679],[35.02606,31.21681],[35.02611,31.21684],[35.02615,31.21687],[35.02619,31.2169],[35.02623,31.21694],[35.02626,31.21698],[35.02628,31.21702],[35.0263,31.21706],[35.02631,31.21711],[35.02632,31.21715],[35.02633,31.2172],[35.02632,31.21725],[35.02631,31.21729],[35.0263,31.21734],[35.02628,31.21738],[35.02626,31.21742],[35.02623,31.21746],[35.02619,31.2175],[35.02615,31.21753],[35.02611,31.21756],[35.02606,31.21759],[35.02601,31.21761],[35.02596,31.21763],[35.02591,31.21764],[35.02585,31.21765],[35.0258,31.21765]]],\"type\":\"Polygon\"},\"properties\":{\"id\":\"gc1c85f.precision_radius\",\"land_or_water\":\"land\",\"role\":\"precision_radius\"},\"type\":\"Feature\"}],\"metadata\":{\"class\":\"human\",\"land_or_water\":\"land\",\"name\":\"Tel Malhata\",\"type\":\"settlement\"},\"type\":\"FeatureCollection\"}",
      "anotherNames": "Tall al Milh, Tell el Milh",
      "koreanName": "텔 말하타",
      "anotherKoreanNames": "탈 알 밀, 텔 엘 밀"
    },
    {
      "id": "m2558cc",
      "name": "Tafila",
      "isModern": true,
      "stereo": "child",
      "description": "A modern town in southern Jordan, widely identified (20% possibility) with the biblical site of **Tophel**, where Moses delivered his speeches (Deut 1:1).",
      "koreanDescription": "현재 요르단 남부에 위치한 도시로, **모세**가 이스라엘 백성에게 연설했던 성경 지명 **도벨**의 위치로 가장 유력하게 추정됩니다(20% 가능성).",
      "imageTitle": "m2558cc.if8ba5d.jpg",
      "types": ["settlement"],
      "geojsonText": "{\"bbox\":[35.60155,30.83525,35.60679,30.83975],\"features\":[{\"geometry\":{\"coordinates\":[35.604167,30.8375],\"type\":\"Point\"},\"properties\":{\"id\":\"m2558cc.point\",\"role\":\"point\"},\"type\":\"Feature\"},{\"geometry\":{\"coordinates\":[[[35.60417,30.83975],[35.60389,30.83974],[35.60362,30.8397],[35.60336,30.83964],[35.6031,30.83955],[35.60286,30.83945],[35.60263,30.83932],[35.60241,30.83917],[35.60222,30.839],[35.60205,30.83882],[35.6019,30.83862],[35.60177,30.83841],[35.60168,30.83819],[35.60161,30.83797],[35.60156,30.83773],[35.60155,30.8375],[35.60156,30.83726],[35.60161,30.83703],[35.60168,30.83681],[35.60177,30.83659],[35.6019,30.83638],[35.60205,30.83618],[35.60222,30.836],[35.60241,30.83583],[35.60263,30.83568],[35.60286,30.83555],[35.6031,30.83545],[35.60336,30.83536],[35.60362,30.8353],[35.60389,30.83526],[35.60417,30.83525],[35.60444,30.83526],[35.60471,30.8353],[35.60498,30.83536],[35.60523,30.83545],[35.60548,30.83555],[35.60571,30.83568],[35.60592,30.83583],[35.60611,30.836],[35.60629,30.83618],[35.60643,30.83638],[35.60656,30.83659],[35.60666,30.83681],[35.60673,30.83703],[35.60677,30.83726],[35.60679,30.8375],[35.60677,30.83773],[35.60673,30.83797],[35.60666,30.83819],[35.60656,30.83841],[35.60643,30.83862],[35.60629,30.83882],[35.60611,30.839],[35.60592,30.83917],[35.60571,30.83932],[35.60548,30.83945],[35.60523,30.83955],[35.60498,30.83964],[35.60471,30.8397],[35.60444,30.83974],[35.60417,30.83975]]],\"type\":\"Polygon\"},\"properties\":{\"id\":\"g63b75c.precision_radius\",\"land_or_water\":\"land\",\"role\":\"precision_radius\"},\"type\":\"Feature\"}],\"metadata\":{\"class\":\"human\",\"land_or_water\":\"land\",\"name\":\"Tafila\",\"type\":\"settlement\"},\"type\":\"FeatureCollection\"}",
      "anotherNames": "Et Tafila, Et Taflieh, Tafileh",
      "koreanName": "타필라",
      "anotherKoreanNames": "엣 타필라, 엣 타플리에, 타필레"
    },
    {
      "id": "m3a252c",
      "name": "Between Punon and Zered",
      "isModern": true,
      "stereo": "child",
      "description": "A 'probability center' region in southern Jordan, an alternate, less precise (15% possibility) suggested area for the location of the biblical site of **Tophel**.",
      "koreanDescription": "요르단 남부의 '확률 중심지' 지역입니다. 성경 지명 **도벨**의 위치를 추정하는 후보지 중 하나입니다(15% 가능성).",
      "imageTitle": "m3a252c.ied2e08.jpg",
      "types": ["probability center n-s"],
      "geojsonText": "{\"bbox\":[35.431987,30.635848,35.566869,31.015878],\"features\":[{\"geometry\":{\"coordinates\":[35.458842,30.939606],\"type\":\"Point\"},\"properties\":{\"id\":\"m3a252c.representative_point\",\"role\":\"representative_point\"},\"type\":\"Feature\"},{\"geometry\":{\"coordinates\":[[[35.566869,31.003574],[35.454466,31.015878],[35.431987,30.640987],[35.549878,30.635848],[35.566869,31.003574]]],\"type\":\"Polygon\"},\"properties\":{\"id\":\"g74c094.geometry\",\"land_or_water\":\"land\",\"role\":\"geometry\"},\"type\":\"Feature\"}],\"metadata\":{\"class\":\"natural\",\"land_or_water\":\"land\",\"name\":\"between Punon and Zered\",\"type\":\"probability center n-s\"},\"type\":\"FeatureCollection\"}",
      "anotherNames": null,
      "koreanName": "부논과 세렛 사이",
      "anotherKoreanNames": null
    },
    {
      "id": "m4ec2d3",
      "name": "Hinnom Valley",
      "isModern": true,
      "stereo": "child",
      "description": "The modern name for the famous valley just outside Jerusalem that was the location of **Topheth** (100% possibility), the infamous cultic site for child sacrifice. It is also the origin of the term Gehenna, meaning 'hell.'",
      "koreanDescription": "예루살렘 성벽 밖에 있는 유명한 골짜기입니다. 아몬 자녀를 몰렉에게 바쳤던 악명 높은 제사 장소인 **도벳**이 있던 곳으로 확실시됩니다(100% 가능성). \n 훗날 '지옥'을 뜻하는 **게헨나**의 어원이 되었습니다.",
      "imageTitle": "m4ec2d3.i93a1e2.jpg",
      "types": ["valley"],
      "geojsonText": "{\"bbox\":[35.225251,31.767602,35.233463,31.771254],\"features\":[{\"geometry\":{\"coordinates\":[35.228056,31.769167],\"type\":\"Point\"},\"properties\":{\"id\":\"m4ec2d3.representative_point\",\"role\":\"representative_point\"},\"type\":\"Feature\"},{\"geometry\":{\"coordinates\":[[[35.225251,31.770514],[35.227004,31.768727],[35.229032,31.767879],[35.233463,31.767602],[35.233167,31.769886],[35.228634,31.769635],[35.226637,31.771019],[35.225251,31.770514]]],\"type\":\"Polygon\"},\"properties\":{\"id\":\"g35f425.geometry\",\"land_or_water\":\"land\",\"role\":\"geometry\"},\"type\":\"Feature\"},{\"geometry\":{\"coordinates\":[[[35.226521,31.771194],[35.226425,31.771254],[35.226178,31.771219],[35.226009,31.771178],[35.225877,31.771114],[35.225765,31.770953],[35.225701,31.770872],[35.22563,31.770469],[35.225646,31.770223],[35.225748,31.770201],[35.225911,31.770267],[35.22639,31.76966],[35.226178,31.769549],[35.226088,31.769457],[35.226429,31.769186],[35.22665,31.768919],[35.22765,31.768532],[35.227962,31.768429],[35.228058,31.768491],[35.22831,31.768459],[35.228461,31.768852],[35.228289,31.768961],[35.227421,31.769785],[35.227024,31.769776],[35.226863,31.769967],[35.227024,31.77014],[35.226681,31.770825],[35.226668,31.771002],[35.226594,31.771138],[35.226521,31.771194]]],\"type\":\"Polygon\"},\"properties\":{\"id\":\"gdd99be.precise\",\"land_or_water\":\"land\",\"role\":\"precise\"},\"type\":\"Feature\"}],\"metadata\":{\"class\":\"natural\",\"geometry_credit\":\"Some data © OpenStreetMap contributors\",\"land_or_water\":\"land\",\"name\":\"Hinnom Valley\",\"type\":\"valley\"},\"type\":\"FeatureCollection\"}",
      "anotherNames": "Gehenna",
      "koreanName": "힌놈의 골짜기",
      "anotherKoreanNames": "게헨나"
    }
  ],
  "relations": [
    { "parentId": "abf2443", "childId": "m94367d", "possibility": 60 },
    { "parentId": "abf2443", "childId": "m99eb3d", "possibility": 10 },
    { "parentId": "a6e6528", "childId": "me233de", "possibility": 85 },
    { "parentId": "aab8f2d", "childId": "m22ee15", "possibility": 75 },
    { "parentId": "a17c178", "childId": "m8bd1e6", "possibility": 35 },
    { "parentId": "a17c178", "childId": "mae3962", "possibility": 35 },
    { "parentId": "a17c178", "childId": "m613c2e", "possibility": 35 },
    { "parentId": "a17c178", "childId": "mc7cf8a", "possibility": 35 },
    { "parentId": "a17c178", "childId": "m81f259", "possibility": 35 },
    { "parentId": "a17c178", "childId": "m69807c", "possibility": 35 },
    { "parentId": "a17c178", "childId": "m0e5df3", "possibility": 35 },
    { "parentId": "a17c178", "childId": "mc7f587", "possibility": 35 },
    { "parentId": "a80d317", "childId": "ma594e8", "possibility": 85 },
    { "parentId": "ad81b79", "childId": "m4ec2d3", "possibility": 100 },
    { "parentId": "a23a2e6", "childId": "m710dd6", "possibility": 20 },
    { "parentId": "a23a2e6", "childId": "m72df71", "possibility": 10 },
    { "parentId": "a23a2e6", "childId": "m55c579", "possibility": 10 },
    { "parentId": "a23a2e6", "childId": "m71be41", "possibility": 10 },
    { "parentId": "a23a2e6", "childId": "me74322", "possibility": 10 },
    { "parentId": "a23a2e6", "childId": "m51dd81", "possibility": 10 },
    { "parentId": "a23a2e6", "childId": "ma9cf6e", "possibility": 10 },
    { "parentId": "a4199a1", "childId": "m4bcf97", "possibility": 10 },
    { "parentId": "a4199a1", "childId": "m234519", "possibility": 10 },
    { "parentId": "a4199a1", "childId": "md42a9f", "possibility": 10 },
    { "parentId": "a4199a1", "childId": "m0d6ead", "possibility": 10 },
    { "parentId": "a4199a1", "childId": "m4a3d57", "possibility": 10 },
    { "parentId": "aaff3e1", "childId": "m43153c", "possibility": 65 },
    { "parentId": "aaff3e1", "childId": "m74c680", "possibility": 10 },
    { "parentId": "a7ecf6c", "childId": "m2558cc", "possibility": 20 },
    { "parentId": "a7ecf6c", "childId": "m3a252c", "possibility": 15 }
  ],
  "total": 40
}
