{
  "data": [
    {
      "id": "a0c9a06",
      "name": "Geliloth",
      "imageTitle": "m220d13.i5eb175.jpg",
      "isModern": false,
      "stereo": "parent",
      "description": "An ancient settlement and boundary marker located on the northern border of the tribal territory of Benjamin. \nIts name appears in the book of Joshua as part of the description of the boundary line. \nIt is also mentioned in connection with an altar of witness built by the tribes on the east side of the Jordan River.",
      "koreanDescription": "베냐민 지파의 경계선 북쪽에 위치했던 고대 정착지입니다.\n여호수아기에 지파 경계의 일부로 언급되며,\n요단강 동편 지파(르우벤, 갓, 므낫세 반 지파)가 쌓은\n증거의 제단과 관련하여 언급됩니다.",
      "verses": ["Josh.18.17", "Josh.22.10", "Josh.22.11"],
      "placeUrl": "/geo/ancient/a0c9a06/geliloth",
      "identificationPaths": [
        "/geo/modern/m220d13",
        "/geo/modern/maffe87",
        "/geo/modern/mef7914",
        "/geo/modern/m538ee9"
      ],
      "types": ["settlement"],
      "unknownPlacePossibility": null,
      "geojsonText": "{\"bbox\":[35.28876,31.76492,35.360304,31.818431],\"features\":[{\"geometry\":{\"coordinates\":[[[35.336424,31.792638],[35.335869,31.792431],[35.336166,31.791857],[35.33672,31.792064],[35.336424,31.792638]]],\"type\":\"Polygon\"},\"properties\":{\"id\":\"g05a4de.geometry\",\"land_or_water\":\"land\"},\"type\":\"Feature\"},{\"geometry\":{\"coordinates\":[35.32262,31.79052],\"type\":\"Point\"},\"properties\":{\"id\":\"m220d13.point\"},\"type\":\"Feature\"},{\"geometry\":{\"coordinates\":[35.360304,31.818431],\"type\":\"Point\"},\"properties\":{\"id\":\"m538ee9.point\"},\"type\":\"Feature\"},{\"geometry\":{\"coordinates\":[35.28876,31.76492],\"type\":\"Point\"},\"properties\":{\"id\":\"maffe87.point\"},\"type\":\"Feature\"},{\"geometry\":{\"coordinates\":[35.3363,31.79239],\"type\":\"Point\"},\"properties\":{\"id\":\"mef7914.point\"},\"type\":\"Feature\"}],\"metadata\":{\"geometry_credit\":\"Some data © OpenStreetMap contributors\",\"name\":\"Geliloth\"},\"type\":\"FeatureCollection\"}",
      "anotherNames": null,
      "koreanName": "글릴롯",
      "anotherKoreanNames": null
    },
    {
      "id": "a7de69e",
      "name": "Gennesaret",
      "imageTitle": "m6ee789.i34542a.jpg",
      "isModern": false,
      "stereo": "parent",
      "description": "A small, highly fertile plain on the northwestern shore of the Sea of Galilee. \nIt was a central location in the ministry of Jesus Christ, who visited the area and performed miracles there after feeding the five thousand. \nThe Gospels record that He came to the shore of Gennesaret after crossing the sea.",
      "koreanDescription": "갈릴리 호수 서북쪽 연안에 있는 작고 비옥한 평야 지대입니다.\n예수 그리스도의 사역 중 중요한 장소였으며,\n오병이어 기적 후 예수님이 배를 타고 도착하여\n많은 병자를 고치신 곳으로 복음서에 기록되어 있습니다.",
      "verses": ["Matt.14.34", "Mark.6.53", "Luke.5.1"],
      "placeUrl": "/geo/ancient/a7de69e/gennesaret",
      "identificationPaths": ["/geo/modern/m6ee789"],
      "types": ["region"],
      "unknownPlacePossibility": null,
      "geojsonText": "{\"bbox\":[35.48292,32.824081,35.543429,32.869915],\"features\":[{\"geometry\":{\"coordinates\":[[[35.516378,32.824081],[35.543429,32.869915],[35.50442,32.868939],[35.48292,32.850893],[35.516378,32.824081]]],\"type\":\"Polygon\"},\"properties\":{\"id\":\"g0e7a2e.geometry\",\"land_or_water\":\"land\"},\"type\":\"Feature\"},{\"geometry\":{\"coordinates\":[35.507222,32.860556],\"type\":\"Point\"},\"properties\":{\"id\":\"m6ee789.point\"},\"type\":\"Feature\"}],\"metadata\":{\"name\":\"Gennesaret\"},\"type\":\"FeatureCollection\"}",
      "anotherNames": null,
      "koreanName": "게네사렛",
      "anotherKoreanNames": null
    },
    {
      "id": "a3f5814",
      "name": "Gerar",
      "imageTitle": "maaf3b2.i357ffe.jpg",
      "isModern": false,
      "stereo": "parent",
      "description": "A major ancient Philistine city located in the southern region of Judah (the Negev). \nIt is prominently featured in the book of Genesis as the city where both Abraham and his son Isaac stayed, interacting with the Philistine king Abimelech. \nIt was a center of conflict over water rights (wells).",
      "koreanDescription": "유다 남부(네게브) 지역에 위치했던 고대 블레셋의 주요 성읍입니다.\n창세기에서 아브라함과 그의 아들 이삭이 머물렀고,\n블레셋 왕 아비멜렉과 교류했던 장소로 유명합니다.\n이곳에서 우물 소유권을 두고 분쟁이 있었습니다.",
      "verses": [
        "Gen.10.19",
        "Gen.20.1",
        "Gen.20.2",
        "Gen.26.1",
        "Gen.26.6",
        "Gen.26.20",
        "Gen.26.26",
        "2Chr.14.13",
        "2Chr.14.14"
      ],
      "placeUrl": "/geo/ancient/a3f5814/gerar",
      "identificationPaths": [
        "/geo/modern/maaf3b2",
        "/geo/modern/m489f67",
        "/geo/modern/m010604",
        "/geo/modern/m3f6c55"
      ],
      "types": ["settlement"],
      "unknownPlacePossibility": null,
      "geojsonText": "{\"bbox\":[34.44506,31.183861,34.6816,31.3912],\"features\":[{\"geometry\":{\"coordinates\":[34.567048,31.183861],\"type\":\"Point\"},\"properties\":{\"id\":\"m010604.point\"},\"type\":\"Feature\"},{\"geometry\":{\"coordinates\":[34.44506,31.38724],\"type\":\"Point\"},\"properties\":{\"id\":\"m3f6c55.point\"},\"type\":\"Feature\"},{\"geometry\":{\"coordinates\":[34.6816,31.3912],\"type\":\"Point\"},\"properties\":{\"id\":\"m489f67.point\"},\"type\":\"Feature\"},{\"geometry\":{\"coordinates\":[34.6065,31.3821],\"type\":\"Point\"},\"properties\":{\"id\":\"maaf3b2.point\"},\"type\":\"Feature\"}],\"metadata\":{\"name\":\"Gerar\"},\"type\":\"FeatureCollection\"}",
      "anotherNames": null,
      "koreanName": "그랄",
      "anotherKoreanNames": null
    },
    {
      "id": "ada6b64",
      "name": "Gerasa",
      "imageTitle": "m23c9bd.i49f51f.jpg",
      "isModern": false,
      "stereo": "parent",
      "description": "A major Hellenistic-Roman city that was a part of the Decapolis, located east of the Jordan River (modern Jerash, Jordan). \nIt is identified by many scholars as the city or region of the *Gerasenes* where Jesus cast out a legion of demons from a man, who then spread the news throughout the Decapolis.",
      "koreanDescription": "요단강 동편에 위치했던 헬레니즘-로마 시대의 데가볼리\n(Decapolis, 열 개의 도시 연맹) 주요 도시입니다.\n예수님께서 군대 귀신 들린 사람을 고치신 장소로 알려진\n'거라사인의 땅' 또는 '가다라인의 땅'과 연관된 곳으로 추정됩니다.",
      "verses": ["Mark.5.1", "Luke.8.26", "Luke.8.37"],
      "placeUrl": "/geo/ancient/ada6b64/gerasa",
      "identificationPaths": ["/geo/modern/m23c9bd"],
      "types": ["settlement"],
      "unknownPlacePossibility": null,
      "geojsonText": "{\"bbox\":[35.886815,32.271891,35.894941,32.285276],\"features\":[{\"geometry\":{\"coordinates\":[[[35.886815,32.278813],[35.88791,32.277496],[35.888522,32.276783],[35.889006,32.27628],[35.889529,32.276239],[35.88957,32.275887],[35.88952,32.275492],[35.889249,32.275008],[35.889906,32.274785],[35.889906,32.274768],[35.889906,32.274355],[35.889866,32.274248],[35.889674,32.273745],[35.889495,32.273462],[35.889011,32.2727],[35.889209,32.272477],[35.889169,32.272147],[35.889315,32.272184],[35.890215,32.272606],[35.890391,32.272261],[35.890513,32.272023],[35.890647,32.27195],[35.890808,32.271891],[35.891208,32.271903],[35.891479,32.271927],[35.891503,32.272365],[35.891441,32.27359],[35.891258,32.275242],[35.891728,32.276276],[35.891918,32.276698],[35.892113,32.27713],[35.892172,32.277262],[35.892212,32.277683],[35.892224,32.277806],[35.892327,32.278685],[35.892296,32.278729],[35.892469,32.278943],[35.892483,32.278968],[35.892493,32.278985],[35.892502,32.279001],[35.892516,32.279028],[35.892707,32.279323],[35.893126,32.279888],[35.893444,32.280313],[35.893632,32.280774],[35.893769,32.281138],[35.89393,32.281437],[35.894239,32.281671],[35.894175,32.281802],[35.894156,32.282455],[35.89418,32.282663],[35.894246,32.283222],[35.89489,32.284099],[35.894941,32.284338],[35.894461,32.284892],[35.893914,32.285075],[35.893236,32.285276],[35.892675,32.285037],[35.891651,32.285002],[35.890506,32.284961],[35.889884,32.284938],[35.889861,32.284937],[35.889228,32.284214],[35.888908,32.283848],[35.887833,32.282923],[35.887537,32.2824],[35.887427,32.281524],[35.887446,32.280844],[35.887331,32.280386],[35.887124,32.279754],[35.886815,32.278813]]],\"type\":\"Polygon\"},\"properties\":{\"id\":\"g66bb55.geometry\",\"land_or_water\":\"land\"},\"type\":\"Feature\"},{\"geometry\":{\"coordinates\":[35.891397,32.272281],\"type\":\"Point\"},\"properties\":{\"id\":\"m23c9bd.point\"},\"type\":\"Feature\"}],\"metadata\":{\"geometry_credit\":\"Some data © OpenStreetMap contributors\",\"name\":\"Gerasa\"},\"type\":\"FeatureCollection\"}",
      "anotherNames": null,
      "koreanName": "게라사",
      "anotherKoreanNames": null
    },
    {
      "id": "a1c28f1",
      "name": "Geruth Chimham",
      "imageTitle": "m9b8daa.i3d3eaa.jpg",
      "isModern": false,
      "stereo": "parent",
      "description": "A resting place or lodging area located near Bethlehem (likely south of it), mentioned in the book of Jeremiah. \nIt was the last stop where Johanan and the people, who had rescued the captives from Ishmael, stayed before planning to flee to Egypt. \nIts name is thought to be derived from Chimham, a son of Barzillai the Gileadite.",
      "koreanDescription": "예레미야서에 언급된 베들레헴 근처의 숙소 또는 쉼터입니다.\n이스마엘에게 잡혔던 포로들을 구출한 요하난과 백성들이\n이집트로 피신하기 전 마지막으로 머물렀던 장소입니다.\n이름은 길르앗 사람 바르실래의 아들인 김함에게서 유래된 것으로 추정됩니다.",
      "verses": ["Jer.41.17"],
      "placeUrl": "/geo/ancient/a1c28f1/geruth-chimham",
      "identificationPaths": ["/geo/modern/m9b8daa"],
      "types": ["natural area"],
      "unknownPlacePossibility": null,
      "geojsonText": "{\"bbox\":[35.15479,31.65934,35.26049,31.74927],\"features\":[{\"geometry\":{\"coordinates\":[[[35.206971,31.704345],[35.206951,31.704212],[35.20701,31.704207],[35.207012,31.704227],[35.207017,31.704272],[35.207074,31.704268],[35.20707,31.704238],[35.207146,31.704232],[35.207189,31.704228],[35.207473,31.704204],[35.207478,31.704185],[35.207489,31.704168],[35.207507,31.704156],[35.207529,31.704151],[35.207552,31.704153],[35.207572,31.704162],[35.207586,31.704177],[35.207589,31.704193],[35.207634,31.704189],[35.207637,31.704214],[35.207682,31.70421],[35.207687,31.704252],[35.207712,31.704255],[35.207733,31.704267],[35.207746,31.704285],[35.207749,31.704306],[35.20774,31.704327],[35.207722,31.704342],[35.207698,31.704348],[35.207703,31.704386],[35.207659,31.70439],[35.207662,31.704418],[35.207616,31.704422],[35.207611,31.704442],[35.2076,31.704459],[35.207582,31.704472],[35.20756,31.704477],[35.207538,31.704475],[35.207518,31.704465],[35.207503,31.70445],[35.2075,31.704433],[35.207402,31.704441],[35.207229,31.704456],[35.207171,31.704461],[35.207095,31.704467],[35.207084,31.704359],[35.207082,31.704338],[35.206971,31.704345]]],\"type\":\"Polygon\"},\"properties\":{\"id\":\"gb01aff.geometry\",\"land_or_water\":\"land\"},\"type\":\"Feature\"},{\"geometry\":{\"coordinates\":[[[35.20764,31.74927],[35.20211,31.74903],[35.19664,31.74829],[35.1913,31.74707],[35.18613,31.74538],[35.1812,31.74324],[35.17656,31.74068],[35.17226,31.73772],[35.16835,31.73439],[35.16487,31.73073],[35.16186,31.72678],[35.15935,31.72259],[35.15737,31.71819],[35.15594,31.71364],[35.15507,31.709],[35.15479,31.7043],[35.15508,31.69959],[35.15595,31.69495],[35.15738,31.6904],[35.15936,31.68601],[35.16188,31.68181],[35.16489,31.67787],[35.16837,31.67421],[35.17229,31.67088],[35.17658,31.66792],[35.18122,31.66536],[35.18615,31.66323],[35.19131,31.66154],[35.19666,31.66032],[35.20212,31.65959],[35.20764,31.65934],[35.21316,31.65959],[35.21862,31.66032],[35.22396,31.66154],[35.22913,31.66323],[35.23405,31.66536],[35.23869,31.66792],[35.24299,31.67088],[35.2469,31.67421],[35.25039,31.67787],[35.2534,31.68181],[35.25591,31.68601],[35.2579,31.6904],[35.25933,31.69495],[35.2602,31.69959],[35.26049,31.7043],[35.26021,31.709],[35.25934,31.71364],[35.25791,31.71819],[35.25593,31.72259],[35.25342,31.72678],[35.25041,31.73073],[35.24693,31.73439],[35.24302,31.73772],[35.23872,31.74068],[35.23408,31.74324],[35.22915,31.74538],[35.22398,31.74707],[35.21863,31.74829],[35.21317,31.74903],[35.20764,31.74927]]],\"type\":\"Polygon\"},\"properties\":{\"id\":\"gdf3ad7.geometry\",\"land_or_water\":\"land\"},\"type\":\"Feature\"},{\"geometry\":{\"coordinates\":[35.207639,31.704306],\"type\":\"Point\"},\"properties\":{\"id\":\"m9b8daa.5000m\"},\"type\":\"Feature\"}],\"metadata\":{\"geometry_credit\":\"Some data © OpenStreetMap contributors\",\"name\":\"Geruth Chimham\"},\"type\":\"FeatureCollection\"}",
      "anotherNames": null,
      "koreanName": "김함의 숙소",
      "anotherKoreanNames": null
    },
    {
      "id": "af6c325",
      "name": "Geshur",
      "imageTitle": "af6c325.ic51450.jpg",
      "isModern": false,
      "stereo": "parent",
      "description": "A small Aramaean kingdom located northeast of the Sea of Galilee and the Jordan River. \nThe region was not fully conquered by the Israelites. \nIt is famous in the Davidic narrative because David married Maacah, a princess of Geshur, and their son Absalom later fled to his maternal grandfather, Talmai, the king of Geshur, after murdering his half-brother Amnon.",
      "koreanDescription": "갈릴리 호수와 요단강 동북쪽에 위치했던 작은 아람 왕국입니다.\n이스라엘 지파에게 완전히 정복되지 않은 지역이었습니다.\n다윗 왕이 그술의 공주 마아가와 결혼했으며,\n그들의 아들 압살롬이 암논을 살해한 후\n외할아버지인 그술 왕 달매에게 도피했던 곳으로 유명합니다.",
      "verses": [
        "Josh.12.5",
        "Josh.13.11",
        "Josh.13.13",
        "2Sam.3.3",
        "2Sam.13.37",
        "2Sam.13.38",
        "2Sam.14.23",
        "2Sam.14.32",
        "2Sam.15.8",
        "1Chr.2.23",
        "1Chr.3.2"
      ],
      "placeUrl": "/geo/ancient/af6c325/geshur",
      "identificationPaths": ["/geo/modern/m22ecef"],
      "types": ["region"],
      "unknownPlacePossibility": null,
      "geojsonText": "{\"bbox\":[35.62976,32.71731,36.04299,33.08875],\"features\":[{\"geometry\":{\"coordinates\":[[[[35.85015,33.08875],[35.83638,33.08875],[35.65731,33.04232],[35.64353,32.93785],[35.62976,32.74053],[35.64353,32.72892],[35.65731,32.71731],[35.8777,32.76374],[35.97412,32.82178],[36.04299,32.91464],[36.02922,32.93785],[35.89147,33.07714],[35.8777,33.08875],[35.86393,33.08875],[35.85015,33.08875]]],[[[35.64353,32.89142],[35.64353,32.79856],[35.64353,32.78696],[35.64353,32.77535],[35.65731,32.75213],[35.67108,32.72892],[35.85015,32.77535],[35.9879,32.8566],[35.9879,32.86821],[35.9879,32.87982],[35.97412,32.93785],[35.91902,33.04232],[35.89147,33.06554],[35.86393,33.07714],[35.79505,33.04232],[35.65731,32.94946],[35.64353,32.91464],[35.64353,32.90303],[35.64353,32.89142]]],[[[35.65731,32.90303],[35.65731,32.89142],[35.65731,32.87982],[35.65731,32.86821],[35.65731,32.79856],[35.65731,32.78696],[35.65731,32.77535],[35.67108,32.75213],[35.68486,32.74053],[35.72618,32.75213],[35.8226,32.78696],[35.85015,32.79856],[35.97412,32.8566],[35.96035,32.92625],[35.90525,33.01911],[35.89147,33.03071],[35.8777,33.03071],[35.86393,33.03071],[35.7675,33.0075],[35.65731,32.93785],[35.65731,32.92625],[35.65731,32.91464],[35.65731,32.90303]]],[[[35.65731,32.87982],[35.65731,32.78696],[35.67108,32.75213],[35.68486,32.75213],[35.69863,32.75213],[35.73995,32.76374],[35.8777,32.82178],[35.9328,32.8566],[35.9328,32.87982],[35.9328,32.90303],[35.89147,33.0075],[35.86393,33.01911],[35.80883,33.0075],[35.75373,32.99589],[35.65731,32.93785],[35.65731,32.92625],[35.65731,32.91464],[35.65731,32.87982]]],[[[35.85015,33.0075],[35.8226,33.0075],[35.65731,32.93785],[35.65731,32.92625],[35.65731,32.91464],[35.65731,32.87982],[35.67108,32.77535],[35.68486,32.76374],[35.69863,32.76374],[35.7124,32.76374],[35.79505,32.79856],[35.85015,32.82178],[35.8777,32.86821],[35.89147,32.90303],[35.85015,33.0075]]],[[[35.65731,32.93785],[35.65731,32.91464],[35.68486,32.77535],[35.7124,32.76374],[35.79505,32.82178],[35.80883,32.83339],[35.8226,32.84499],[35.83638,32.8566],[35.85015,32.86821],[35.86393,32.87982],[35.8777,32.90303],[35.83638,32.99589],[35.8226,32.99589],[35.65731,32.93785]]],[[[35.67108,32.91464],[35.67108,32.90303],[35.67108,32.87982],[35.67108,32.8566],[35.68486,32.77535],[35.69863,32.77535],[35.7124,32.77535],[35.79505,32.82178],[35.80883,32.83339],[35.83638,32.8566],[35.85015,32.86821],[35.8777,32.90303],[35.83638,32.98428],[35.8226,32.98428],[35.80883,32.98428],[35.69863,32.93785],[35.68486,32.92625],[35.67108,32.91464]]],[[[35.68486,32.78696],[35.69863,32.78696],[35.78128,32.82178],[35.8226,32.8566],[35.83638,32.87982],[35.83638,32.93785],[35.8226,32.98428],[35.72618,32.93785],[35.7124,32.92625],[35.69863,32.91464],[35.67108,32.87982],[35.68486,32.78696]]],[[[35.68486,32.8566],[35.69863,32.82178],[35.7124,32.82178],[35.8226,32.8566],[35.83638,32.87982],[35.83638,32.93785],[35.8226,32.97268],[35.80883,32.97268],[35.7124,32.92625],[35.68486,32.87982],[35.68486,32.8566]]]],\"type\":\"MultiPolygon\"},\"properties\":{\"format\":\"isobands\",\"id\":\"g307887.isobands\",\"land_or_water\":\"land\",\"max_confidence\":90,\"min_confidence\":10,\"role\":\"isobands\"},\"type\":\"Feature\"},{\"geometry\":{\"coordinates\":[35.7,32.766667],\"type\":\"Point\"},\"properties\":{\"id\":\"m22ecef.point\"},\"type\":\"Feature\"}],\"metadata\":{\"name\":\"Geshur\"},\"type\":\"FeatureCollection\"}",
      "anotherNames": null,
      "koreanName": "그술",
      "anotherKoreanNames": null
    },
    {
      "id": "a42418f",
      "name": "Gethsemane",
      "imageTitle": "m835caa.i615f7f.jpg",
      "isModern": false,
      "stereo": "parent",
      "description": "A garden or olive press located at the foot of the Mount of Olives, just across the Kidron Valley from Jerusalem. \nThis site is immensely significant in the New Testament as the place where Jesus Christ prayed in agony before his crucifixion and where he was betrayed by Judas Iscariot and arrested. \nThe name literally means 'oil press'.",
      "koreanDescription": "예루살렘의 기드론 골짜기 건너편, 감람산(올리브 산) 기슭에 위치한\n동산 또는 올리브 압착기 장소입니다. (지명 자체가 '기름 짜는 틀'이라는 의미)\n예수 그리스도께서 십자가에 달리시기 전\n고뇌하며 기도하셨고, 유다의 배신으로 체포되신\n신약 성경에서 가장 중요한 장소 중 하나입니다.",
      "verses": ["Matt.26.36", "Mark.14.32"],
      "placeUrl": "/geo/ancient/a42418f/gethsemane",
      "identificationPaths": ["/geo/modern/m835caa"],
      "types": ["garden"],
      "unknownPlacePossibility": null,
      "geojsonText": "{\"bbox\":[35.239425,31.779419,35.23984,31.779773],\"features\":[{\"geometry\":{\"coordinates\":[[[35.239507,31.779773],[35.239512,31.779423],[35.23984,31.779454],[35.23983,31.779718],[35.239507,31.779773]]],\"type\":\"Polygon\"},\"properties\":{\"id\":\"g4b92ad.geometry\",\"land_or_water\":\"land\"},\"type\":\"Feature\"},{\"geometry\":{\"coordinates\":[35.239425,31.779419],\"type\":\"Point\"},\"properties\":{\"id\":\"m835caa.point\"},\"type\":\"Feature\"}],\"metadata\":{\"geometry_credit\":\"Some data © OpenStreetMap contributors\",\"name\":\"Gethsemane\"},\"type\":\"FeatureCollection\"}",
      "anotherNames": null,
      "koreanName": "겟세마네",
      "anotherKoreanNames": null
    },
    {
      "id": "aed6538",
      "name": "Gezer",
      "imageTitle": "mcd1a5c.i3517cb.jpg",
      "isModern": false,
      "stereo": "parent",
      "description": "A major Canaanite city located on a strategic crossroads, controlling the main road between the coastal plain and the Judean hills. \nIt was a key city conquered by Joshua, though the Canaanites were not fully expelled. \nLater, it was captured by the Pharaoh of Egypt, who gave it as a dowry to his daughter, Solomon's wife. \nKing Solomon subsequently rebuilt and fortified Gezer.",
      "koreanDescription": "해안 평야와 유다 산지 사이의 주요 길목을 통제하는\n전략적 요충지에 위치했던 고대 가나안의 중요 도시입니다.\n여호수아가 정복했으나 완전히 축출되지 않았습니다.\n후에 애굽의 바로 왕이 이 도시를 정복하여 솔로몬의 아내에게\n지참금으로 주었고, 솔로몬 왕이 이 도시를 재건하고 요새화했습니다.",
      "verses": [
        "Josh.10.33",
        "Josh.12.12",
        "Josh.16.3",
        "Josh.16.10",
        "Josh.21.21",
        "Judg.1.29",
        "2Sam.5.25",
        "1Kgs.9.15",
        "1Kgs.9.16",
        "1Kgs.9.17",
        "1Chr.6.67",
        "1Chr.7.28",
        "1Chr.14.16",
        "1Chr.20.4"
      ],
      "placeUrl": "/geo/ancient/aed6538/gezer",
      "identificationPaths": ["/geo/modern/mcd1a5c"],
      "types": ["settlement"],
      "unknownPlacePossibility": null,
      "geojsonText": "{\"bbox\":[34.916679,31.855959,34.928689,31.86334],\"features\":[{\"geometry\":{\"coordinates\":[[[34.92179,31.863191],[34.920798,31.862565],[34.920409,31.862549],[34.920105,31.862492],[34.919543,31.862289],[34.918879,31.861916],[34.917356,31.862116],[34.916949,31.861544],[34.917131,31.860904],[34.916953,31.860376],[34.916679,31.859331],[34.917074,31.85849],[34.91702,31.857432],[34.917137,31.857242],[34.917372,31.857032],[34.917635,31.856908],[34.918001,31.856789],[34.918417,31.856676],[34.918907,31.856533],[34.919354,31.856243],[34.919637,31.856106],[34.919985,31.855959],[34.920242,31.856134],[34.920649,31.856229],[34.921146,31.856116],[34.921599,31.856148],[34.924353,31.856488],[34.924674,31.856633],[34.925349,31.856776],[34.925971,31.856904],[34.927452,31.857614],[34.92834,31.85821],[34.928689,31.860533],[34.928499,31.861015],[34.928422,31.861141],[34.928143,31.86135],[34.927873,31.861712],[34.927597,31.86232],[34.927122,31.863269],[34.92411,31.863089],[34.92326,31.86334],[34.922595,31.863167],[34.922254,31.863305],[34.92179,31.863191]]],\"type\":\"Polygon\"},\"properties\":{\"id\":\"gf87e67.geometry\",\"land_or_water\":\"land\"},\"type\":\"Feature\"},{\"geometry\":{\"coordinates\":[34.919167,31.859167],\"type\":\"Point\"},\"properties\":{\"id\":\"mcd1a5c.point\"},\"type\":\"Feature\"}],\"metadata\":{\"geometry_credit\":\"Some data © OpenStreetMap contributors\",\"name\":\"Gezer\"},\"type\":\"FeatureCollection\"}",
      "anotherNames": null,
      "koreanName": "게셀",
      "anotherKoreanNames": null
    },
    {
      "id": "ac66d7a",
      "name": "Giah",
      "imageTitle": "mef630c.i9c1561.jpg",
      "isModern": false,
      "stereo": "parent",
      "description": "A location mentioned in the narrative of the war between the house of David and the house of Saul. \nIt is cited as a place 'by the way of the wilderness of Gibeon' where Joab and his men pursued Abner after the killing of Asahel. \nIt is often identified with a valley or area near Gibeon.",
      "koreanDescription": "다윗 가문과 사울 가문의 전쟁 이야기(사무엘하)에 언급된 장소입니다.\n아사헬의 죽음 후 요압이 아브넬을 추격하던 경로상에 위치하며,\n'기브온 광야 길' 근처에 있는 골짜기 또는 지역으로 추정됩니다.",
      "verses": ["2Sam.2.24"],
      "placeUrl": "/geo/ancient/ac66d7a/giah",
      "identificationPaths": ["/geo/modern/mef630c", "/geo/modern/m8c21f0"],
      "types": ["natural area", "valley"],
      "unknownPlacePossibility": null,
      "geojsonText": "{\"bbox\":[35.17367,31.75111,35.3854,31.93098],\"features\":[{\"geometry\":{\"coordinates\":[[[35.27049,31.840701],[35.292989,31.840106],[35.289802,31.846147],[35.269657,31.844873],[35.27049,31.840701]]],\"type\":\"Polygon\"},\"properties\":{\"id\":\"g896059.geometry\",\"land_or_water\":\"land\"},\"type\":\"Feature\"},{\"geometry\":{\"coordinates\":[[[35.27954,31.93098],[35.26846,31.93049],[35.2575,31.92901],[35.24679,31.92657],[35.23644,31.9232],[35.22656,31.91892],[35.21726,31.91379],[35.20865,31.90786],[35.20081,31.9012],[35.19384,31.89388],[35.18781,31.88598],[35.18279,31.87759],[35.17882,31.8688],[35.17596,31.8597],[35.17424,31.8504],[35.17367,31.841],[35.17426,31.8316],[35.17601,31.82231],[35.17888,31.81322],[35.18286,31.80443],[35.1879,31.79605],[35.19394,31.78816],[35.20091,31.78085],[35.20875,31.77419],[35.21736,31.76828],[35.22665,31.76315],[35.23651,31.75888],[35.24685,31.75551],[35.25755,31.75308],[35.26848,31.75161],[35.27954,31.75111],[35.29059,31.75161],[35.30152,31.75308],[35.31222,31.75551],[35.32256,31.75888],[35.33242,31.76315],[35.34171,31.76828],[35.35032,31.77419],[35.35816,31.78085],[35.36513,31.78816],[35.37117,31.79605],[35.37621,31.80443],[35.38019,31.81322],[35.38306,31.82231],[35.38481,31.8316],[35.3854,31.841],[35.38483,31.8504],[35.38311,31.8597],[35.38025,31.8688],[35.37628,31.87759],[35.37126,31.88598],[35.36523,31.89388],[35.35826,31.9012],[35.35042,31.90786],[35.34181,31.91379],[35.33251,31.91892],[35.32263,31.9232],[35.31228,31.92657],[35.30157,31.92901],[35.29061,31.93049],[35.27954,31.93098]]],\"type\":\"Polygon\"},\"properties\":{\"id\":\"gf09047.geometry\",\"land_or_water\":\"land\"},\"type\":\"Feature\"},{\"geometry\":{\"coordinates\":[35.279535,31.841047],\"type\":\"Point\"},\"properties\":{\"id\":\"m8c21f0.10000m\"},\"type\":\"Feature\"},{\"geometry\":{\"coordinates\":[35.279535,31.841047],\"type\":\"Point\"},\"properties\":{\"id\":\"m8c21f0.point\"},\"type\":\"Feature\"},{\"geometry\":{\"coordinates\":[35.279535,31.841047],\"type\":\"Point\"},\"properties\":{\"id\":\"mef630c.10000m\"},\"type\":\"Feature\"}],\"metadata\":{\"name\":\"Giah\"},\"type\":\"FeatureCollection\"}",
      "anotherNames": null,
      "koreanName": "기아",
      "anotherKoreanNames": null
    },
    {
      "id": "af0ee3a",
      "name": "Gibbar",
      "imageTitle": "mf55105.i7e2bb4.jpg",
      "isModern": false,
      "stereo": "parent",
      "description": "A place listed in the Book of Ezra whose inhabitants returned from the Babylonian exile with Zerubbabel. \nThe name is often equated with Geba or Gibeah in other lists (like Nehemiah 7:25), suggesting it was a settlement near Jerusalem or Benjamin's territory.",
      "koreanDescription": "에스라서에 기록된, 스룹바벨과 함께 바벨론 포로에서 귀환한\n사람들의 목록에 언급된 장소의 이름입니다.\n(느헤미야서의 게바 또는 기브아와 동일시되기도 합니다.)\n예루살렘이나 베냐민 지파 영역 내의 정착지로 추정됩니다.",
      "verses": ["Ezra.2.20"],
      "placeUrl": "/geo/ancient/af0ee3a/gibbar",
      "identificationPaths": ["/geo/modern/mf55105"],
      "types": ["settlement"],
      "unknownPlacePossibility": null,
      "geojsonText": "{\"features\":[{\"geometry\":{\"coordinates\":[35.183351,31.847451],\"type\":\"Point\"},\"properties\":{\"id\":\"mf55105.point\"},\"type\":\"Feature\"}],\"metadata\":{\"name\":\"Gibbar\"},\"type\":\"FeatureCollection\"}",
      "anotherNames": null,
      "koreanName": "깁발",
      "anotherKoreanNames": null
    },
    {
      "id": "m220d13",
      "name": "Araq ed Deir",
      "isModern": true,
      "stereo": "child",
      "description": "A modern mountain/ridge believed to be one of the possible locations (35% possibility) for the ancient biblical settlement of Geliloth, though with low certainty. \nIt is located near the traditional boundary region of the tribe of Benjamin.",
      "koreanDescription": "고대 정착지 '글릴롯'의 가능한 후보지 중 하나로 여겨지는 현대 산/능선입니다. (35% 가능성)\n베냐민 지파의 경계 지역 근처에 위치합니다.",
      "imageTitle": "m220d13.i5eb175.jpg",
      "types": ["mountain"],
      "geojsonText": "{\"bbox\":[35.31204,31.78153,35.3332,31.79951],\"features\":[{\"geometry\":{\"coordinates\":[35.32262,31.79052],\"type\":\"Point\"},\"properties\":{\"id\":\"m220d13.point\",\"role\":\"point\"},\"type\":\"Feature\"},{\"geometry\":{\"coordinates\":[[[35.32262,31.79951],[35.32151,31.79946],[35.32042,31.79932],[35.31935,31.79907],[35.31832,31.79874],[35.31733,31.79831],[35.3164,31.7978],[35.31554,31.7972],[35.31476,31.79654],[35.31406,31.79581],[35.31346,31.79502],[35.31295,31.79418],[35.31256,31.7933],[35.31227,31.79239],[35.3121,31.79146],[35.31204,31.79052],[35.3121,31.78958],[35.31227,31.78865],[35.31256,31.78774],[35.31295,31.78686],[35.31346,31.78602],[35.31406,31.78523],[35.31476,31.7845],[35.31554,31.78384],[35.3164,31.78324],[35.31733,31.78273],[35.31832,31.7823],[35.31935,31.78197],[35.32042,31.78172],[35.32151,31.78158],[35.32262,31.78153],[35.32373,31.78158],[35.32482,31.78172],[35.32589,31.78197],[35.32692,31.7823],[35.32791,31.78273],[35.32884,31.78324],[35.3297,31.78384],[35.33048,31.7845],[35.33118,31.78523],[35.33178,31.78602],[35.33229,31.78686],[35.33268,31.78774],[35.33297,31.78865],[35.33314,31.78958],[35.3332,31.79052],[35.33314,31.79146],[35.33297,31.79239],[35.33268,31.7933],[35.33229,31.79418],[35.33178,31.79502],[35.33118,31.79581],[35.33048,31.79654],[35.3297,31.7972],[35.32884,31.7978],[35.32791,31.79831],[35.32692,31.79874],[35.32589,31.79907],[35.32482,31.79932],[35.32373,31.79946],[35.32262,31.79951]]],\"type\":\"Polygon\"},\"properties\":{\"id\":\"g4da7f3.precision_radius\",\"land_or_water\":\"land\",\"role\":\"precision_radius\"},\"type\":\"Feature\"}],\"metadata\":{\"class\":\"natural\",\"land_or_water\":\"land\",\"name\":\"Araq ed Deir\",\"type\":\"mountain\"},\"type\":\"FeatureCollection\"}",
      "anotherNames": "Iraq ad Dayr, Iraq ed Deir",
      "koreanName": "아라크 엣 데이르",
      "anotherKoreanNames": "이라크 앗 다이르, 이라크 엣 데이르"
    },
    {
      "id": "maffe87",
      "name": "El Khirbeh",
      "isModern": true,
      "stereo": "child",
      "description": "A modern settlement ruin (Khirbet) that is considered another possible (15% possibility), albeit minor, candidate for the location of the biblical Geliloth. \nIt is situated in the central region of the West Bank.",
      "koreanDescription": "성경의 '글릴롯' 위치에 대한 또 다른 가능성 있는 (15% 가능성) 현대 정착지 폐허(키르벳)입니다.\n서안 지구 중앙 지역에 위치합니다.",
      "imageTitle": "maffe87.satellite.jpg",
      "types": ["settlement"],
      "geojsonText": "{\"bbox\":[35.2877,31.76402,35.28982,31.76582],\"features\":[{\"geometry\":{\"coordinates\":[35.28876,31.76492],\"type\":\"Point\"},\"properties\":{\"id\":\"maffe87.point\",\"role\":\"point\"},\"type\":\"Feature\"},{\"geometry\":{\"coordinates\":[[[35.28876,31.76582],[35.28865,31.76581],[35.28854,31.7658],[35.28843,31.76578],[35.28833,31.76574],[35.28823,31.7657],[35.28814,31.76565],[35.28805,31.76559],[35.28797,31.76552],[35.2879,31.76545],[35.28784,31.76537],[35.28779,31.76529],[35.28775,31.7652],[35.28773,31.76511],[35.28771,31.76501],[35.2877,31.76492],[35.28771,31.76483],[35.28773,31.76473],[35.28775,31.76464],[35.28779,31.76455],[35.28784,31.76447],[35.2879,31.76439],[35.28797,31.76432],[35.28805,31.76425],[35.28814,31.76419],[35.28823,31.76414],[35.28833,31.7641],[35.28843,31.76406],[35.28854,31.76404],[35.28865,31.76403],[35.28876,31.76402],[35.28887,31.76403],[35.28898,31.76404],[35.28909,31.76406],[35.28919,31.7641],[35.28929,31.76414],[35.28938,31.76419],[35.28947,31.76425],[35.28955,31.76432],[35.28962,31.76439],[35.28968,31.76447],[35.28973,31.76455],[35.28977,31.76464],[35.28979,31.76473],[35.28981,31.76483],[35.28982,31.76492],[35.28981,31.76501],[35.28979,31.76511],[35.28977,31.7652],[35.28973,31.76529],[35.28968,31.76537],[35.28962,31.76545],[35.28955,31.76552],[35.28947,31.76559],[35.28938,31.76565],[35.28929,31.7657],[35.28919,31.76574],[35.28909,31.76578],[35.28898,31.7658],[35.28887,31.76581],[35.28876,31.76582]]],\"type\":\"Polygon\"},\"properties\":{\"id\":\"g955dd8.precision_radius\",\"land_or_water\":\"land\",\"role\":\"precision_radius\"},\"type\":\"Feature\"}],\"metadata\":{\"class\":\"human\",\"land_or_water\":\"land\",\"name\":\"El Khirbeh\",\"type\":\"settlement\"},\"type\":\"FeatureCollection\"}",
      "anotherNames": "El Khirbe, Khirbet Karrit",
      "koreanName": "엘 키르베",
      "anotherKoreanNames": "엘 키르베, 키르벳 카릿"
    },
    {
      "id": "mef7914",
      "name": "Khan el Ahmar",
      "isModern": true,
      "stereo": "child",
      "description": "A modern settlement near the route to Jericho, considered one of the minor candidates (10% possibility) for the ancient site of Geliloth. \nIt is known for its location in the Judean wilderness.",
      "koreanDescription": "예리코로 가는 길 근처의 현대 정착지로, 고대 '글릴롯'의 작은 후보지 중 하나입니다. (10% 가능성)\n유대 광야 지역에 위치합니다.",
      "imageTitle": "mef7914.i4d35cf.jpg",
      "types": ["settlement"],
      "geojsonText": "{\"bbox\":[35.335869,31.791857,35.33672,31.792638],\"features\":[{\"geometry\":{\"coordinates\":[35.3363,31.79239],\"type\":\"Point\"},\"properties\":{\"id\":\"mef7914.point\",\"role\":\"point\"},\"type\":\"Feature\"},{\"geometry\":{\"coordinates\":[[[35.336424,31.792638],[35.335869,31.792431],[35.336166,31.791857],[35.33672,31.792064],[35.336424,31.792638]]],\"type\":\"Polygon\"},\"properties\":{\"id\":\"g05a4de.local\",\"land_or_water\":\"land\",\"role\":\"local\"},\"type\":\"Feature\"}],\"metadata\":{\"class\":\"human\",\"geometry_credit\":\"Some data © OpenStreetMap contributors\",\"land_or_water\":\"land\",\"name\":\"Khan el Ahmar\",\"type\":\"settlement\"},\"type\":\"FeatureCollection\"}",
      "anotherNames": "Khan al Ahmar",
      "koreanName": "칸 엘 아흐마르",
      "anotherKoreanNames": "칸 알 아흐마르"
    },
    {
      "id": "m538ee9",
      "name": "Tal‘at ed Damm",
      "isModern": true,
      "stereo": "child",
      "description": "A modern mountain/ridge, possibly associated with the area of Geliloth (10% possibility), located near the road descending from Jerusalem to Jericho. \nThe name means 'Ascent of Blood,' reflecting a difficult or dangerous pass.",
      "koreanDescription": "'글릴롯' 지역과 연관되었을 가능성이 있는 (10% 가능성) 현대 산/능선으로,\n예루살렘에서 여리고로 내려가는 길 근처에 위치합니다.\n지명은 '피의 오르막길'이라는 뜻을 가지고 있습니다.",
      "imageTitle": "m538ee9.i5cb4d0.jpg",
      "types": ["mountain"],
      "geojsonText": "{\"bbox\":[35.34972,31.80944,35.37089,31.82742],\"features\":[{\"geometry\":{\"coordinates\":[35.360304,31.818431],\"type\":\"Point\"},\"properties\":{\"id\":\"m538ee9.point\",\"role\":\"point\"},\"type\":\"Feature\"},{\"geometry\":{\"coordinates\":[[[35.3603,31.82742],[35.3592,31.82737],[35.3581,31.82723],[35.35703,31.82698],[35.356,31.82665],[35.35501,31.82622],[35.35408,31.82571],[35.35322,31.82511],[35.35244,31.82445],[35.35174,31.82372],[35.35114,31.82293],[35.35063,31.82209],[35.35024,31.82121],[35.34995,31.8203],[35.34978,31.81937],[35.34972,31.81843],[35.34978,31.81749],[35.34995,31.81656],[35.35024,31.81565],[35.35064,31.81477],[35.35114,31.81393],[35.35174,31.81314],[35.35244,31.81241],[35.35322,31.81175],[35.35408,31.81116],[35.35501,31.81064],[35.356,31.81022],[35.35703,31.80988],[35.3581,31.80963],[35.3592,31.80949],[35.3603,31.80944],[35.36141,31.80949],[35.3625,31.80963],[35.36357,31.80988],[35.36461,31.81022],[35.3656,31.81064],[35.36652,31.81116],[35.36739,31.81175],[35.36817,31.81241],[35.36887,31.81314],[35.36947,31.81393],[35.36997,31.81477],[35.37037,31.81565],[35.37066,31.81656],[35.37083,31.81749],[35.37089,31.81843],[35.37083,31.81937],[35.37066,31.8203],[35.37037,31.82121],[35.36997,31.82209],[35.36947,31.82293],[35.36887,31.82372],[35.36817,31.82445],[35.36739,31.82511],[35.36653,31.82571],[35.3656,31.82622],[35.36461,31.82665],[35.36357,31.82698],[35.3625,31.82723],[35.36141,31.82737],[35.3603,31.82742]]],\"type\":\"Polygon\"},\"properties\":{\"id\":\"g8d585a.precision_radius\",\"land_or_water\":\"land\",\"role\":\"precision_radius\"},\"type\":\"Feature\"}],\"metadata\":{\"class\":\"natural\",\"land_or_water\":\"land\",\"name\":\"Tal‘at ed Damm\",\"type\":\"mountain\"},\"type\":\"FeatureCollection\"}",
      "anotherNames": "Tal‘at ad Dam",
      "koreanName": "탈랏 엣 담",
      "anotherKoreanNames": "탈랏 앗 담"
    },
    {
      "id": "m6ee789",
      "name": "El Ghuweir",
      "isModern": true,
      "stereo": "child",
      "description": "The modern name for the Plain of Gennesaret, the confirmed site (100% possibility) for the ancient biblical region. \nIt is a highly fertile plain on the northwestern shore of the Sea of Galilee (Lake Kinneret).",
      "koreanDescription": "고대 '게네사렛' 평야의 현대 지명으로, 성경 속 지역과 100% 동일시됩니다.\n갈릴리 호수(키네렛 호수)의 서북쪽 연안에 있는\n매우 비옥한 평야 지대입니다.",
      "imageTitle": "m6ee789.i34542a.jpg",
      "types": ["region"],
      "geojsonText": "{\"bbox\":[35.48292,32.824081,35.543429,32.869915],\"features\":[{\"geometry\":{\"coordinates\":[35.507222,32.860556],\"type\":\"Point\"},\"properties\":{\"id\":\"m6ee789.representative_point\",\"role\":\"representative_point\"},\"type\":\"Feature\"},{\"geometry\":{\"coordinates\":[[[35.516378,32.824081],[35.543429,32.869915],[35.50442,32.868939],[35.48292,32.850893],[35.516378,32.824081]]],\"type\":\"Polygon\"},\"properties\":{\"id\":\"g0e7a2e.geometry\",\"land_or_water\":\"land\",\"role\":\"geometry\"},\"type\":\"Feature\"}],\"metadata\":{\"class\":\"natural\",\"land_or_water\":\"land\",\"name\":\"El Ghuweir\",\"type\":\"region\"},\"type\":\"FeatureCollection\"}",
      "anotherNames": null,
      "koreanName": "엘 구웨이르",
      "anotherKoreanNames": null
    },
    {
      "id": "maaf3b2",
      "name": "Tel Haror",
      "isModern": true,
      "stereo": "child",
      "description": "A significant archaeological mound (Tell) in the western Negev, which is the most widely accepted identification (70% possibility) for the ancient Philistine city of Gerar. \nExcavations reveal a major site from the Bronze and Iron Ages.",
      "koreanDescription": "네게브 서부에 위치한 중요한 고고학적 언덕(텔)으로,\n고대 블레셋 도시 '그랄'의 가장 유력한(70% 가능성) 후보지입니다.\n청동기 시대와 철기 시대의 주요 유적지입니다.",
      "imageTitle": "maaf3b2.i357ffe.jpg",
      "types": ["settlement"],
      "geojsonText": "{\"bbox\":[34.60597,31.38165,34.60703,31.38255],\"features\":[{\"geometry\":{\"coordinates\":[34.6065,31.3821],\"type\":\"Point\"},\"properties\":{\"id\":\"maaf3b2.point\",\"role\":\"point\"},\"type\":\"Feature\"},{\"geometry\":{\"coordinates\":[[[34.6065,31.38255],[34.60644,31.38255],[34.60639,31.38254],[34.60634,31.38253],[34.60629,31.38251],[34.60624,31.38249],[34.60619,31.38246],[34.60615,31.38243],[34.60611,31.3824],[34.60607,31.38236],[34.60604,31.38232],[34.60602,31.38228],[34.606,31.38224],[34.60598,31.38219],[34.60598,31.38215],[34.60597,31.3821],[34.60598,31.38205],[34.60598,31.38201],[34.606,31.38196],[34.60602,31.38192],[34.60604,31.38188],[34.60607,31.38184],[34.60611,31.3818],[34.60615,31.38177],[34.60619,31.38174],[34.60624,31.38171],[34.60629,31.38169],[34.60634,31.38167],[34.60639,31.38166],[34.60644,31.38165],[34.6065,31.38165],[34.60656,31.38165],[34.60661,31.38166],[34.60666,31.38167],[34.60671,31.38169],[34.60676,31.38171],[34.60681,31.38174],[34.60685,31.38177],[34.60689,31.3818],[34.60693,31.38184],[34.60696,31.38188],[34.60698,31.38192],[34.607,31.38196],[34.60702,31.38201],[34.60702,31.38205],[34.60703,31.3821],[34.60702,31.38215],[34.60702,31.38219],[34.607,31.38224],[34.60698,31.38228],[34.60696,31.38232],[34.60693,31.38236],[34.60689,31.3824],[34.60685,31.38243],[34.60681,31.38246],[34.60676,31.38249],[34.60671,31.38251],[34.60666,31.38253],[34.60661,31.38254],[34.60656,31.38255],[34.6065,31.38255]]],\"type\":\"Polygon\"},\"properties\":{\"id\":\"g53bfc4.precision_radius\",\"land_or_water\":\"land\",\"role\":\"precision_radius\"},\"type\":\"Feature\"}],\"metadata\":{\"class\":\"human\",\"land_or_water\":\"land\",\"name\":\"Tel Haror\",\"type\":\"settlement\"},\"type\":\"FeatureCollection\"}",
      "anotherNames": "Tell Abu Hureira, Tell Abu Hureirah, Tell Haror",
      "koreanName": "텔 하로르",
      "anotherKoreanNames": "텔 아부 후레이라, 텔 하로르"
    },
    {
      "id": "m489f67",
      "name": "Tell esh Sharia",
      "isModern": true,
      "stereo": "child",
      "description": "An archaeological mound in the northern Negev, considered a minor candidate (10% possibility) for the ancient city of Gerar. \nIt is located near the modern city of Netivot, east of Gaza.",
      "koreanDescription": "네게브 북쪽에 위치한 고고학적 언덕으로, 고대 도시 '그랄'의 또 다른 후보지 중 하나입니다. (10% 가능성)\n가자 지구 동쪽, 네티봇 근처에 있습니다.",
      "imageTitle": "m489f67.i7c6bab.jpg",
      "types": ["settlement"],
      "geojsonText": "{\"bbox\":[34.68107,31.39075,34.68213,31.39165],\"features\":[{\"geometry\":{\"coordinates\":[34.6816,31.3912],\"type\":\"Point\"},\"properties\":{\"id\":\"m489f67.point\",\"role\":\"point\"},\"type\":\"Feature\"},{\"geometry\":{\"coordinates\":[[[34.6816,31.39165],[34.68154,31.39165],[34.68149,31.39164],[34.68144,31.39163],[34.68139,31.39161],[34.68134,31.39159],[34.68129,31.39156],[34.68125,31.39153],[34.68121,31.3915],[34.68117,31.39146],[34.68114,31.39142],[34.68112,31.39138],[34.6811,31.39134],[34.68108,31.39129],[34.68108,31.39125],[34.68107,31.3912],[34.68108,31.39115],[34.68108,31.39111],[34.6811,31.39106],[34.68112,31.39102],[34.68114,31.39098],[34.68117,31.39094],[34.68121,31.3909],[34.68125,31.39087],[34.68129,31.39084],[34.68134,31.39081],[34.68139,31.39079],[34.68144,31.39077],[34.68149,31.39076],[34.68154,31.39075],[34.6816,31.39075],[34.68166,31.39075],[34.68171,31.39076],[34.68176,31.39077],[34.68181,31.39079],[34.68186,31.39081],[34.68191,31.39084],[34.68195,31.39087],[34.68199,31.3909],[34.68203,31.39094],[34.68206,31.39098],[34.68208,31.39102],[34.6821,31.39106],[34.68212,31.39111],[34.68212,31.39115],[34.68213,31.3912],[34.68212,31.39125],[34.68212,31.39129],[34.6821,31.39134],[34.68208,31.39138],[34.68206,31.39142],[34.68203,31.39146],[34.68199,31.3915],[34.68195,31.39153],[34.68191,31.39156],[34.68186,31.39159],[34.68181,31.39161],[34.68176,31.39163],[34.68171,31.39164],[34.68166,31.39165],[34.6816,31.39165]]],\"type\":\"Polygon\"},\"properties\":{\"id\":\"gba8823.precision_radius\",\"land_or_water\":\"land\",\"role\":\"precision_radius\"},\"type\":\"Feature\"}],\"metadata\":{\"class\":\"human\",\"land_or_water\":\"land\",\"name\":\"Tell esh Sharia\",\"type\":\"settlement\"},\"type\":\"FeatureCollection\"}",
      "anotherNames": "Tell al Shari’a, Tell esh Shariah, Tell esh Sheriah, Tell Shariah, Tell Shera, Tel Sera",
      "koreanName": "텔 엣 샤리아",
      "anotherKoreanNames": "텔 알 샤리아, 텔 샤리아, 텔 쉐라, 텔 세라"
    },
    {
      "id": "m010604",
      "name": "Tell Tuweiyil",
      "isModern": true,
      "stereo": "child",
      "description": "A small mound in the Negev region, listed as a minor candidate (10% possibility) for the ancient city of Gerar.",
      "koreanDescription": "네게브 지역의 작은 언덕으로, 고대 도시 '그랄'의 낮은 가능성 후보지 중 하나입니다. (10% 가능성)",
      "imageTitle": "m010604.satellite.jpg",
      "types": ["settlement"],
      "geojsonText": "{\"bbox\":[34.56652,31.18341,34.56757,31.18431],\"features\":[{\"geometry\":{\"coordinates\":[34.567048,31.183861],\"type\":\"Point\"},\"properties\":{\"id\":\"m010604.point\",\"role\":\"point\"},\"type\":\"Feature\"},{\"geometry\":{\"coordinates\":[[[34.56705,31.18431],[34.56699,31.18431],[34.56694,31.1843],[34.56689,31.18429],[34.56683,31.18427],[34.56679,31.18425],[34.56674,31.18422],[34.5667,31.1842],[34.56666,31.18416],[34.56662,31.18413],[34.56659,31.18409],[34.56657,31.18404],[34.56655,31.184],[34.56653,31.18395],[34.56653,31.18391],[34.56652,31.18386],[34.56653,31.18381],[34.56653,31.18377],[34.56655,31.18372],[34.56657,31.18368],[34.56659,31.18364],[34.56662,31.1836],[34.56666,31.18356],[34.5667,31.18353],[34.56674,31.1835],[34.56679,31.18347],[34.56683,31.18345],[34.56689,31.18343],[34.56694,31.18342],[34.56699,31.18341],[34.56705,31.18341],[34.5671,31.18341],[34.56716,31.18342],[34.56721,31.18343],[34.56726,31.18345],[34.56731,31.18347],[34.56736,31.1835],[34.5674,31.18353],[34.56744,31.18356],[34.56747,31.1836],[34.5675,31.18364],[34.56753,31.18368],[34.56755,31.18372],[34.56756,31.18377],[34.56757,31.18381],[34.56757,31.18386],[34.56757,31.18391],[34.56756,31.18395],[34.56755,31.184],[34.56753,31.18404],[34.5675,31.18409],[34.56747,31.18413],[34.56744,31.18416],[34.5674,31.1842],[34.56736,31.18422],[34.56731,31.18425],[34.56726,31.18427],[34.56721,31.18429],[34.56716,31.1843],[34.5671,31.18431],[34.56705,31.18431]]],\"type\":\"Polygon\"},\"properties\":{\"id\":\"gb3f0a0.precision_radius\",\"land_or_water\":\"land\",\"role\":\"precision_radius\"},\"type\":\"Feature\"}],\"metadata\":{\"class\":\"human\",\"land_or_water\":\"land\",\"name\":\"Tell Tuweiyil\",\"type\":\"settlement\"},\"type\":\"FeatureCollection\"}",
      "anotherNames": "Tell et Tuwail",
      "koreanName": "텔 투웨이일",
      "anotherKoreanNames": "텔 엣 투웨일"
    },
    {
      "id": "m3f6c55",
      "name": "Tell Jemmeh",
      "isModern": true,
      "stereo": "child",
      "description": "An important archaeological mound near the Gaza strip, situated on the banks of Nahal Besor, which has also been proposed as a candidate (10% possibility) for the ancient city of Gerar.",
      "koreanDescription": "가자 지구 근처, 브솔 시냇가에 위치한 중요한 고고학적 언덕으로, 고대 도시 '그랄'의 후보지 중 하나로 제시되었습니다. (10% 가능성)",
      "imageTitle": "m3f6c55.ic6701f.jpg",
      "types": ["settlement"],
      "geojsonText": "{\"bbox\":[34.44453,31.38679,34.44559,31.38769],\"features\":[{\"geometry\":{\"coordinates\":[34.44506,31.38724],\"type\":\"Point\"},\"properties\":{\"id\":\"m3f6c55.point\",\"role\":\"point\"},\"type\":\"Feature\"},{\"geometry\":{\"coordinates\":[[[34.44506,31.38769],[34.445,31.38769],[34.44495,31.38768],[34.4449,31.38767],[34.44485,31.38765],[34.4448,31.38763],[34.44475,31.3876],[34.44471,31.38757],[34.44467,31.38754],[34.44463,31.3875],[34.4446,31.38746],[34.44458,31.38742],[34.44456,31.38738],[34.44454,31.38733],[34.44454,31.38729],[34.44453,31.38724],[34.44454,31.38719],[34.44454,31.38715],[34.44456,31.3871],[34.44458,31.38706],[34.4446,31.38702],[34.44463,31.38698],[34.44467,31.38694],[34.44471,31.38691],[34.44475,31.38688],[34.4448,31.38685],[34.44485,31.38683],[34.4449,31.38681],[34.44495,31.3868],[34.445,31.38679],[34.44506,31.38679],[34.44512,31.38679],[34.44517,31.3868],[34.44522,31.38681],[34.44527,31.38683],[34.44532,31.38685],[34.44537,31.38688],[34.44541,31.38691],[34.44545,31.38694],[34.44549,31.38698],[34.44552,31.38702],[34.44554,31.38706],[34.44556,31.3871],[34.44558,31.38715],[34.44558,31.38719],[34.44559,31.38724],[34.44558,31.38729],[34.44558,31.38733],[34.44556,31.38738],[34.44554,31.38742],[34.44552,31.38746],[34.44549,31.3875],[34.44545,31.38754],[34.44541,31.38757],[34.44537,31.3876],[34.44532,31.38763],[34.44527,31.38765],[34.44522,31.38767],[34.44517,31.38768],[34.44512,31.38769],[34.44506,31.38769]]],\"type\":\"Polygon\"},\"properties\":{\"id\":\"g4fc0c4.precision_radius\",\"land_or_water\":\"land\",\"role\":\"precision_radius\"},\"type\":\"Feature\"}],\"metadata\":{\"class\":\"human\",\"land_or_water\":\"land\",\"name\":\"Tell Jemmeh\",\"type\":\"settlement\"},\"type\":\"FeatureCollection\"}",
      "anotherNames": "Tell Gama, Tell Gamma",
      "koreanName": "텔 젬메",
      "anotherKoreanNames": "텔 가마, 텔 감마"
    },
    {
      "id": "m23c9bd",
      "name": "Jerash",
      "isModern": true,
      "stereo": "child",
      "description": "A modern city in Jordan, known for its remarkably well-preserved ruins of the Roman city of Gerasa, the strongest identification (100% possibility) for the biblical place. \nIt is one of the grandest and best-preserved Roman cities outside of Italy.",
      "koreanDescription": "요르단의 현대 도시로, 고대 로마 도시 '게라사'(Gerasa)의 유적이 놀라울 정도로 잘 보존되어 있는 곳입니다. \n성경 속 '게라사'와 100% 동일시되는 가장 확실한 장소 중 하나이며, 이탈리아 외 지역에서 가장 웅장하고 잘 보존된 로마 도시 유적입니다.",
      "imageTitle": "m23c9bd.i49f51f.jpg",
      "types": ["settlement"],
      "geojsonText": "{\"bbox\":[35.886815,32.271891,35.894941,32.285276],\"features\":[{\"geometry\":{\"coordinates\":[35.891397,32.272281],\"type\":\"Point\"},\"properties\":{\"id\":\"m23c9bd.point\",\"role\":\"point\"},\"type\":\"Feature\"},{\"geometry\":{\"coordinates\":[[[35.886815,32.278813],[35.88791,32.277496],[35.888522,32.276783],[35.889006,32.27628],[35.889529,32.276239],[35.88957,32.275887],[35.88952,32.275492],[35.889249,32.275008],[35.889906,32.274785],[35.889906,32.274768],[35.889906,32.274355],[35.889866,32.274248],[35.889674,32.273745],[35.889495,32.273462],[35.889011,32.2727],[35.889209,32.272477],[35.889169,32.272147],[35.889315,32.272184],[35.890215,32.272606],[35.890391,32.272261],[35.890513,32.272023],[35.890647,32.27195],[35.890808,32.271891],[35.891208,32.271903],[35.891479,32.271927],[35.891503,32.272365],[35.891441,32.27359],[35.891258,32.275242],[35.891728,32.276276],[35.891918,32.276698],[35.892113,32.27713],[35.892172,32.277262],[35.892212,32.277683],[35.892224,32.277806],[35.892327,32.278685],[35.892296,32.278729],[35.892469,32.278943],[35.892483,32.278968],[35.892493,32.278985],[35.892502,32.279001],[35.892516,32.279028],[35.892707,32.279323],[35.893126,32.279888],[35.893444,32.280313],[35.893632,32.280774],[35.893769,32.281138],[35.89393,32.281437],[35.894239,32.281671],[35.894175,32.281802],[35.894156,32.282455],[35.89418,32.282663],[35.894246,32.283222],[35.89489,32.284099],[35.894941,32.284338],[35.894461,32.284892],[35.893914,32.285075],[35.893236,32.285276],[35.892675,32.285037],[35.891651,32.285002],[35.890506,32.284961],[35.889884,32.284938],[35.889861,32.284937],[35.889228,32.284214],[35.888908,32.283848],[35.887833,32.282923],[35.887537,32.2824],[35.887427,32.281524],[35.887446,32.280844],[35.887331,32.280386],[35.887124,32.279754],[35.886815,32.278813]]],\"type\":\"Polygon\"},\"properties\":{\"id\":\"g66bb55.local\",\"land_or_water\":\"land\",\"role\":\"local\"},\"type\":\"Feature\"}],\"metadata\":{\"class\":\"human\",\"geometry_credit\":\"Some data © OpenStreetMap contributors\",\"land_or_water\":\"land\",\"name\":\"Jerash\",\"type\":\"settlement\"},\"type\":\"FeatureCollection\"}",
      "anotherNames": null,
      "koreanName": "제라쉬",
      "anotherKoreanNames": null
    },
    {
      "id": "m9b8daa",
      "name": "Bethlehem",
      "isModern": true,
      "stereo": "child",
      "description": "A major modern city in the West Bank, famous worldwide as the birthplace of King David and, most significantly, the birthplace of Jesus Christ. \nIt is located near where the ancient place Geruth Chimham is believed to have been. (95% possibility)",
      "koreanDescription": "전 세계적으로 다윗 왕의 고향이자 예수 그리스도의 탄생지로 유명한 서안 지구의 주요 현대 도시입니다.\n고대 '김함의 숙소(Geruth Chimham)'가 위치했을 것으로 추정되는 지역과 가깝습니다. (95% 가능성)",
      "imageTitle": "m9b8daa.i3d3eaa.jpg",
      "types": ["settlement"],
      "geojsonText": "{\"bbox\":[35.205,31.70206,35.21028,31.70655],\"features\":[{\"geometry\":{\"coordinates\":[35.207639,31.704306],\"type\":\"Point\"},\"properties\":{\"id\":\"m9b8daa.point\",\"role\":\"point\"},\"type\":\"Feature\"},{\"geometry\":{\"coordinates\":[[[35.206971,31.704345],[35.206951,31.704212],[35.20701,31.704207],[35.207012,31.704227],[35.207017,31.704272],[35.207074,31.704268],[35.20707,31.704238],[35.207146,31.704232],[35.207189,31.704228],[35.207473,31.704204],[35.207478,31.704185],[35.207489,31.704168],[35.207507,31.704156],[35.207529,31.704151],[35.207552,31.704153],[35.207572,31.704162],[35.207586,31.704177],[35.207589,31.704193],[35.207634,31.704189],[35.207637,31.704214],[35.207682,31.70421],[35.207687,31.704252],[35.207712,31.704255],[35.207733,31.704267],[35.207746,31.704285],[35.207749,31.704306],[35.20774,31.704327],[35.207722,31.704342],[35.207698,31.704348],[35.207703,31.704386],[35.207659,31.70439],[35.207662,31.704418],[35.207616,31.704422],[35.207611,31.704442],[35.2076,31.704459],[35.207582,31.704472],[35.20756,31.704477],[35.207538,31.704475],[35.207518,31.704465],[35.207503,31.70445],[35.2075,31.704433],[35.207402,31.704441],[35.207229,31.704456],[35.207171,31.704461],[35.207095,31.704467],[35.207084,31.704359],[35.207082,31.704338],[35.206971,31.704345]]],\"type\":\"Polygon\"},\"properties\":{\"id\":\"gb01aff.local\",\"land_or_water\":\"land\",\"role\":\"local\"},\"type\":\"Feature\"},{\"geometry\":{\"coordinates\":[[[35.20764,31.70655],[35.20736,31.70654],[35.20709,31.70651],[35.20682,31.70644],[35.20656,31.70636],[35.20632,31.70625],[35.20609,31.70612],[35.20587,31.70598],[35.20568,31.70581],[35.2055,31.70563],[35.20535,31.70543],[35.20522,31.70522],[35.20513,31.705],[35.20505,31.70477],[35.20501,31.70454],[35.205,31.70431],[35.20501,31.70407],[35.20505,31.70384],[35.20513,31.70361],[35.20522,31.70339],[35.20535,31.70318],[35.2055,31.70298],[35.20568,31.7028],[35.20587,31.70264],[35.20609,31.70249],[35.20632,31.70236],[35.20656,31.70225],[35.20682,31.70217],[35.20709,31.70211],[35.20736,31.70207],[35.20764,31.70206],[35.20792,31.70207],[35.20819,31.70211],[35.20846,31.70217],[35.20871,31.70225],[35.20896,31.70236],[35.20919,31.70249],[35.20941,31.70264],[35.2096,31.7028],[35.20978,31.70298],[35.20993,31.70318],[35.21005,31.70339],[35.21015,31.70361],[35.21022,31.70384],[35.21027,31.70407],[35.21028,31.70431],[35.21027,31.70454],[35.21022,31.70477],[35.21015,31.705],[35.21005,31.70522],[35.20993,31.70543],[35.20978,31.70563],[35.2096,31.70581],[35.20941,31.70598],[35.20919,31.70612],[35.20896,31.70625],[35.20871,31.70636],[35.20846,31.70644],[35.20819,31.70651],[35.20792,31.70654],[35.20764,31.70655]]],\"type\":\"Polygon\"},\"properties\":{\"id\":\"gca6c53.precision_radius\",\"land_or_water\":\"land\",\"role\":\"precision_radius\"},\"type\":\"Feature\"}],\"metadata\":{\"class\":\"human\",\"geometry_credit\":\"Some data © OpenStreetMap contributors\",\"land_or_water\":\"land\",\"name\":\"Bethlehem\",\"type\":\"settlement\"},\"type\":\"FeatureCollection\"}",
      "anotherNames": null,
      "koreanName": "베들레헴",
      "anotherKoreanNames": null
    },
    {
      "id": "m22ecef",
      "name": "Fiq",
      "isModern": true,
      "stereo": "child",
      "description": "A modern settlement on the Golan Heights (Syria/Israel border region), which is the confirmed site (100% possibility) for the ancient kingdom of Geshur. \nIt sits on a commanding position overlooking the Sea of Galilee.",
      "koreanDescription": "골란 고원(시리아/이스라엘 국경 지역)에 위치한 현대 정착지로, 고대 아람 왕국 '그술'의 100% 확인된 장소입니다.\n갈릴리 호수를 내려다보는 전략적으로 중요한 위치에 있습니다.",
      "imageTitle": "m22ecef.ic2c18a.jpg",
      "types": ["settlement"],
      "geojsonText": "{\"bbox\":[35.69733,32.76442,35.70267,32.76892],\"features\":[{\"geometry\":{\"coordinates\":[35.7,32.766667],\"type\":\"Point\"},\"properties\":{\"id\":\"m22ecef.point\",\"role\":\"point\"},\"type\":\"Feature\"},{\"geometry\":{\"coordinates\":[[[35.7,32.76892],[35.69972,32.7689],[35.69944,32.76887],[35.69917,32.76881],[35.69891,32.76872],[35.69866,32.76861],[35.69843,32.76849],[35.69821,32.76834],[35.69801,32.76817],[35.69784,32.76799],[35.69768,32.76779],[35.69756,32.76758],[35.69746,32.76736],[35.69738,32.76713],[35.69734,32.7669],[35.69733,32.76667],[35.69734,32.76643],[35.69738,32.7662],[35.69746,32.76597],[35.69756,32.76575],[35.69768,32.76554],[35.69784,32.76535],[35.69801,32.76516],[35.69821,32.765],[35.69843,32.76485],[35.69866,32.76472],[35.69891,32.76461],[35.69917,32.76453],[35.69944,32.76447],[35.69972,32.76443],[35.7,32.76442],[35.70028,32.76443],[35.70056,32.76447],[35.70083,32.76453],[35.70109,32.76461],[35.70134,32.76472],[35.70157,32.76485],[35.70179,32.765],[35.70199,32.76516],[35.70216,32.76535],[35.70232,32.76554],[35.70244,32.76575],[35.70254,32.76597],[35.70262,32.7662],[35.70266,32.76643],[35.70267,32.76667],[35.70266,32.7669],[35.70262,32.76713],[35.70254,32.76736],[35.70244,32.76758],[35.70232,32.76779],[35.70216,32.76799],[35.70199,32.76817],[35.70179,32.76834],[35.70157,32.76849],[35.70134,32.76861],[35.70109,32.76872],[35.70083,32.76881],[35.70056,32.76887],[35.70028,32.7689],[35.7,32.76892]]],\"type\":\"Polygon\"},\"properties\":{\"id\":\"g35426b.precision_radius\",\"land_or_water\":\"land\",\"role\":\"precision_radius\"},\"type\":\"Feature\"}],\"metadata\":{\"class\":\"human\",\"land_or_water\":\"land\",\"name\":\"Fiq\",\"type\":\"settlement\"},\"type\":\"FeatureCollection\"}",
      "anotherNames": "Afik, Afiq, Fik",
      "koreanName": "픽",
      "anotherKoreanNames": "아픽, 아피크, 피크"
    },
    {
      "id": "m835caa",
      "name": "Gethsemane",
      "isModern": true,
      "stereo": "child",
      "description": "The modern garden (100% possibility) located at the foot of the Mount of Olives, which preserves the traditional site of the biblical Garden of Gethsemane. \nIt contains ancient olive trees, some of which are centuries old.",
      "koreanDescription": "감람산(올리브 산) 기슭에 위치하며, 성경 속 '겟세마네' 동산의 전통적인 장소를 보존하고 있는 현대 정원입니다. (100% 가능성)\n수백 년 된 것으로 추정되는 고대 올리브나무들이 있습니다.",
      "imageTitle": "m835caa.i615f7f.jpg",
      "types": ["garden"],
      "geojsonText": "{\"bbox\":[35.23678,31.77717,35.24207,31.78167],\"features\":[{\"geometry\":{\"coordinates\":[35.239425,31.779419],\"type\":\"Point\"},\"properties\":{\"id\":\"m835caa.point\",\"role\":\"point\"},\"type\":\"Feature\"},{\"geometry\":{\"coordinates\":[[[35.239507,31.779773],[35.239512,31.779423],[35.23984,31.779454],[35.23983,31.779718],[35.239507,31.779773]]],\"type\":\"Polygon\"},\"properties\":{\"id\":\"g4b92ad.local\",\"land_or_water\":\"land\",\"role\":\"local\"},\"type\":\"Feature\"},{\"geometry\":{\"coordinates\":[[[35.23942,31.78167],[35.23915,31.78165],[35.23888,31.78162],[35.23861,31.78156],[35.23835,31.78147],[35.2381,31.78137],[35.23787,31.78124],[35.23766,31.78109],[35.23746,31.78092],[35.23729,31.78074],[35.23713,31.78054],[35.23701,31.78033],[35.23691,31.78011],[35.23684,31.77989],[35.23679,31.77965],[35.23678,31.77942],[35.23679,31.77918],[35.23684,31.77895],[35.23691,31.77872],[35.23701,31.7785],[35.23713,31.77829],[35.23729,31.7781],[35.23746,31.77791],[35.23766,31.77775],[35.23787,31.7776],[35.2381,31.77747],[35.23835,31.77737],[35.23861,31.77728],[35.23888,31.77722],[35.23915,31.77718],[35.23942,31.77717],[35.2397,31.77718],[35.23997,31.77722],[35.24024,31.77728],[35.2405,31.77737],[35.24075,31.77747],[35.24098,31.7776],[35.24119,31.77775],[35.24139,31.77791],[35.24156,31.7781],[35.24172,31.77829],[35.24184,31.7785],[35.24194,31.77872],[35.24201,31.77895],[35.24206,31.77918],[35.24207,31.77942],[35.24206,31.77965],[35.24201,31.77989],[35.24194,31.78011],[35.24184,31.78033],[35.24172,31.78054],[35.24156,31.78074],[35.24139,31.78092],[35.24119,31.78109],[35.24098,31.78124],[35.24075,31.78137],[35.2405,31.78147],[35.24024,31.78156],[35.23997,31.78162],[35.2397,31.78165],[35.23942,31.78167]]],\"type\":\"Polygon\"},\"properties\":{\"id\":\"g6bdf6b.precision_radius\",\"land_or_water\":\"land\",\"role\":\"precision_radius\"},\"type\":\"Feature\"}],\"metadata\":{\"class\":\"natural\",\"geometry_credit\":\"Some data © OpenStreetMap contributors\",\"land_or_water\":\"land\",\"name\":\"Gethsemane\",\"type\":\"garden\"},\"type\":\"FeatureCollection\"}",
      "anotherNames": null,
      "koreanName": "겟세마네",
      "anotherKoreanNames": null
    },
    {
      "id": "mcd1a5c",
      "name": "Tel Gezer",
      "isModern": true,
      "stereo": "child",
      "description": "A major archaeological site (Tell) in the Shephelah region of Israel, confirmed as the site (95% possibility) of the ancient biblical city of Gezer. \nExcavations have uncovered significant structures, including a Solomonic gate and a Canaanite water system.",
      "koreanDescription": "이스라엘 쉐펠라(평지) 지역에 있는 주요 고고학 유적지(텔)로, 고대 도시 '게셀'로 확인된 곳입니다. (95% 가능성)\n솔로몬 성문과 가나안 시대의 급수 시설 등 중요한 유적이 발굴되었습니다.",
      "imageTitle": "mcd1a5c.i3517cb.jpg",
      "types": ["settlement"],
      "geojsonText": "{\"bbox\":[34.916679,31.855959,34.928689,31.86334],\"features\":[{\"geometry\":{\"coordinates\":[34.919167,31.859167],\"type\":\"Point\"},\"properties\":{\"id\":\"mcd1a5c.point\",\"role\":\"point\"},\"type\":\"Feature\"},{\"geometry\":{\"coordinates\":[[[34.92179,31.863191],[34.920798,31.862565],[34.920409,31.862549],[34.920105,31.862492],[34.919543,31.862289],[34.918879,31.861916],[34.917356,31.862116],[34.916949,31.861544],[34.917131,31.860904],[34.916953,31.860376],[34.916679,31.859331],[34.917074,31.85849],[34.91702,31.857432],[34.917137,31.857242],[34.917372,31.857032],[34.917635,31.856908],[34.918001,31.856789],[34.918417,31.856676],[34.918907,31.856533],[34.919354,31.856243],[34.919637,31.856106],[34.919985,31.855959],[34.920242,31.856134],[34.920649,31.856229],[34.921146,31.856116],[34.921599,31.856148],[34.924353,31.856488],[34.924674,31.856633],[34.925349,31.856776],[34.925971,31.856904],[34.927452,31.857614],[34.92834,31.85821],[34.928689,31.860533],[34.928499,31.861015],[34.928422,31.861141],[34.928143,31.86135],[34.927873,31.861712],[34.927597,31.86232],[34.927122,31.863269],[34.92411,31.863089],[34.92326,31.86334],[34.922595,31.863167],[34.922254,31.863305],[34.92179,31.863191]]],\"type\":\"Polygon\"},\"properties\":{\"id\":\"gf87e67.local\",\"land_or_water\":\"land\",\"role\":\"local\"},\"type\":\"Feature\"},{\"geometry\":{\"coordinates\":[[[34.91917,31.85962],[34.91911,31.85961],[34.91906,31.85961],[34.919,31.85959],[34.91895,31.85958],[34.9189,31.85956],[34.91886,31.85953],[34.91881,31.8595],[34.91877,31.85947],[34.91874,31.85943],[34.91871,31.85939],[34.91868,31.85935],[34.91866,31.85931],[34.91865,31.85926],[34.91864,31.85921],[34.91864,31.85917],[34.91864,31.85912],[34.91865,31.85907],[34.91866,31.85903],[34.91868,31.85898],[34.91871,31.85894],[34.91874,31.8589],[34.91877,31.85887],[34.91881,31.85883],[34.91886,31.8588],[34.9189,31.85878],[34.91895,31.85876],[34.919,31.85874],[34.91906,31.85873],[34.91911,31.85872],[34.91917,31.85872],[34.91922,31.85872],[34.91928,31.85873],[34.91933,31.85874],[34.91938,31.85876],[34.91943,31.85878],[34.91948,31.8588],[34.91952,31.85883],[34.91956,31.85887],[34.9196,31.8589],[34.91963,31.85894],[34.91965,31.85898],[34.91967,31.85903],[34.91968,31.85907],[34.91969,31.85912],[34.9197,31.85917],[34.91969,31.85921],[34.91968,31.85926],[34.91967,31.85931],[34.91965,31.85935],[34.91963,31.85939],[34.9196,31.85943],[34.91956,31.85947],[34.91952,31.8595],[34.91948,31.85953],[34.91943,31.85956],[34.91938,31.85958],[34.91933,31.85959],[34.91928,31.85961],[34.91922,31.85961],[34.91917,31.85962]]],\"type\":\"Polygon\"},\"properties\":{\"id\":\"gbd4ba3.precision_radius\",\"land_or_water\":\"land\",\"role\":\"precision_radius\"},\"type\":\"Feature\"}],\"metadata\":{\"class\":\"human\",\"geometry_credit\":\"Some data © OpenStreetMap contributors\",\"land_or_water\":\"land\",\"name\":\"Tel Gezer\",\"type\":\"settlement\"},\"type\":\"FeatureCollection\"}",
      "anotherNames": "Tell Abu Shusha, Tell el Jazari, Tell el Jezer, Tell el Jisr, Tell Jazari, Tell Jezer",
      "koreanName": "텔 게셀",
      "anotherKoreanNames": "텔 아부 슈샤, 텔 엘 자자리, 텔 엘 이제르, 텔 이제르"
    },
    {
      "id": "mef630c",
      "name": "East of Gibeon",
      "isModern": true,
      "stereo": "child",
      "description": "A general region to the east of the ancient city of Gibeon, which is one of the possible locations (60% possibility) for the biblical place Giah, mentioned in the context of Joab's pursuit of Abner.",
      "koreanDescription": "고대 도시 기브온의 동쪽에 있는 일반적인 지역으로, 성경의 '기아'로 추정되는 후보지 중 하나입니다. (60% 가능성)",
      "imageTitle": "mef630c.i9c1561.jpg",
      "types": ["region"],
      "geojsonText": "{\"bbox\":[35.209155,31.790308,35.365188,31.869794],\"features\":[{\"geometry\":{\"coordinates\":[35.279535,31.841047],\"type\":\"Point\"},\"properties\":{\"id\":\"mef630c.representative_point\",\"role\":\"representative_point\"},\"type\":\"Feature\"},{\"geometry\":{\"coordinates\":[[[35.220887,31.869794],[35.209155,31.818554],[35.258554,31.798025],[35.34905,31.790308],[35.365188,31.830728],[35.331441,31.843328],[35.220887,31.869794]]],\"type\":\"Polygon\"},\"properties\":{\"id\":\"g22aebc.geometry\",\"land_or_water\":\"land\",\"role\":\"geometry\"},\"type\":\"Feature\"}],\"metadata\":{\"class\":\"natural\",\"land_or_water\":\"land\",\"name\":\"east of Gibeon\",\"type\":\"region\"},\"type\":\"FeatureCollection\"}",
      "anotherNames": null,
      "koreanName": "기브온 동쪽",
      "anotherKoreanNames": null
    },
    {
      "id": "m8c21f0",
      "name": "Sahel Geba",
      "isModern": true,
      "stereo": "child",
      "description": "A valley or plain near the settlement of Geba, which is also a possible location (60% possibility) for the biblical Giah. \nThe name 'Sahel' refers to a coastal plain or valley.",
      "koreanDescription": "게바 정착지 근처의 골짜기 또는 평야로, 성경의 '기아'로 추정되는 또 다른 후보지입니다. (60% 가능성)\n'사헬'은 평야 또는 계곡을 의미합니다.",
      "imageTitle": "m8c21f0.i2e1c06.jpg",
      "types": ["valley"],
      "geojsonText": "{\"bbox\":[35.269657,31.840106,35.292989,31.846147],\"features\":[{\"geometry\":{\"coordinates\":[35.279535,31.841047],\"type\":\"Point\"},\"properties\":{\"id\":\"m8c21f0.representative_point\",\"role\":\"representative_point\"},\"type\":\"Feature\"},{\"geometry\":{\"coordinates\":[[[35.27049,31.840701],[35.292989,31.840106],[35.289802,31.846147],[35.269657,31.844873],[35.27049,31.840701]]],\"type\":\"Polygon\"},\"properties\":{\"id\":\"g896059.geometry\",\"land_or_water\":\"land\",\"role\":\"geometry\"},\"type\":\"Feature\"}],\"metadata\":{\"class\":\"natural\",\"land_or_water\":\"land\",\"name\":\"Sahel Geba\",\"type\":\"valley\"},\"type\":\"FeatureCollection\"}",
      "anotherNames": "Jurat es Saqqawi, Sahel Jeba",
      "koreanName": "사헬 게바",
      "anotherKoreanNames": "주랏 엣 사콰위, 사헬 예바"
    },
    {
      "id": "mf55105",
      "name": "El Jib",
      "isModern": true,
      "stereo": "child",
      "description": "A modern Palestinian village, widely identified as the ancient city of Gibeon, located northwest of Jerusalem. \nIt is considered a minor candidate (30% possibility) for the biblical Gibbar.",
      "koreanDescription": "예루살렘 북서쪽에 위치한 현대 팔레스타인 마을로, 고대 도시 '기브온'으로 널리 알려진 곳입니다.\n성경의 '깁발' 후보지 중 하나로 여겨지기도 합니다. (30% 가능성)",
      "imageTitle": "mf55105.i7e2bb4.jpg",
      "types": ["settlement"],
      "geojsonText": "{\"bbox\":[35.1807,31.8452,35.186,31.8497],\"features\":[{\"geometry\":{\"coordinates\":[35.183351,31.847451],\"type\":\"Point\"},\"properties\":{\"id\":\"mf55105.point\",\"role\":\"point\"},\"type\":\"Feature\"},{\"geometry\":{\"coordinates\":[[[35.18335,31.8497],[35.18307,31.84969],[35.1828,31.84965],[35.18253,31.84959],[35.18227,31.8495],[35.18203,31.8494],[35.1818,31.84927],[35.18158,31.84912],[35.18138,31.84896],[35.18121,31.84877],[35.18106,31.84858],[35.18093,31.84837],[35.18083,31.84815],[35.18076,31.84792],[35.18072,31.84769],[35.1807,31.84745],[35.18072,31.84722],[35.18076,31.84698],[35.18083,31.84676],[35.18093,31.84654],[35.18106,31.84633],[35.18121,31.84613],[35.18138,31.84595],[35.18158,31.84578],[35.1818,31.84563],[35.18203,31.8455],[35.18227,31.8454],[35.18253,31.84531],[35.1828,31.84525],[35.18307,31.84522],[35.18335,31.8452],[35.18363,31.84522],[35.1839,31.84525],[35.18417,31.84531],[35.18443,31.8454],[35.18467,31.8455],[35.18491,31.84563],[35.18512,31.84578],[35.18532,31.84595],[35.18549,31.84613],[35.18564,31.84633],[35.18577,31.84654],[35.18587,31.84676],[35.18594,31.84698],[35.18598,31.84722],[35.186,31.84745],[35.18598,31.84769],[35.18594,31.84792],[35.18587,31.84815],[35.18577,31.84837],[35.18564,31.84858],[35.18549,31.84877],[35.18532,31.84896],[35.18512,31.84912],[35.18491,31.84927],[35.18467,31.8494],[35.18443,31.8495],[35.18417,31.84959],[35.1839,31.84965],[35.18363,31.84969],[35.18335,31.8497]]],\"type\":\"Polygon\"},\"properties\":{\"id\":\"gd2df1f.precision_radius\",\"land_or_water\":\"land\",\"role\":\"precision_radius\"},\"type\":\"Feature\"}],\"metadata\":{\"class\":\"human\",\"land_or_water\":\"land\",\"name\":\"El Jib\",\"type\":\"settlement\"},\"type\":\"FeatureCollection\"}",
      "anotherNames": "Al Gib, Ej Jib",
      "koreanName": "엘 지브",
      "anotherKoreanNames": "알 깁, 엣 지브"
    }
  ],
  "relations": [
    { "parentId": "a1c28f1", "childId": "m9b8daa", "possibility": 95 },
    { "parentId": "a7de69e", "childId": "m6ee789", "possibility": 100 },
    { "parentId": "a0c9a06", "childId": "m220d13", "possibility": 35 },
    { "parentId": "a0c9a06", "childId": "maffe87", "possibility": 15 },
    { "parentId": "a0c9a06", "childId": "mef7914", "possibility": 10 },
    { "parentId": "a0c9a06", "childId": "m538ee9", "possibility": 10 },
    { "parentId": "ada6b64", "childId": "m23c9bd", "possibility": 100 },
    { "parentId": "a3f5814", "childId": "maaf3b2", "possibility": 70 },
    { "parentId": "a3f5814", "childId": "m489f67", "possibility": 10 },
    { "parentId": "a3f5814", "childId": "m010604", "possibility": 10 },
    { "parentId": "a3f5814", "childId": "m3f6c55", "possibility": 10 },
    { "parentId": "a42418f", "childId": "m835caa", "possibility": 100 },
    { "parentId": "af0ee3a", "childId": "mf55105", "possibility": 30 },
    { "parentId": "af6c325", "childId": "m22ecef", "possibility": 100 },
    { "parentId": "ac66d7a", "childId": "mef630c", "possibility": 60 },
    { "parentId": "ac66d7a", "childId": "m8c21f0", "possibility": 60 },
    { "parentId": "aed6538", "childId": "mcd1a5c", "possibility": 95 }
  ],
  "total": 27
}
