{
  "data": [
    {
      "id": "a64ff72",
      "name": "Socoh 3",
      "imageTitle": "m6c43bf.satellite.jpg",
      "isModern": false,
      "stereo": "parent",
      "description": "Socoh, one of the administrative districts from which King Solomon drew his supplies, governed by Ben-Hesed (1 Kings 4:10). This specific Socoh is believed to be in the Sharon Plain, distinguished from the others in Judah.",
      "koreanDescription": "솔로몬 왕의 행정 구역 중 하나로, 벤-헤셋이 관할하며 왕실에 보급품을 공급했던 성읍입니다 (열왕기상 4:10). \n샤론 평야에 위치했던 것으로 추정되며, 유다 지파에 속했던 다른 소고와는 구분됩니다.",
      "verses": ["1Kgs.4.10"],
      "placeUrl": "/geo/ancient/a64ff72/socoh-3",
      "identificationPaths": ["/geo/modern/m6c43bf"],
      "types": ["settlement"],
      "unknownPlacePossibility": null,
      "geojsonText": "{\"features\":[{\"geometry\":{\"coordinates\":[35.03202,32.3421],\"type\":\"Point\"},\"properties\":{\"id\":\"m6c43bf.point\"},\"type\":\"Feature\"}],\"metadata\":{\"name\":\"Socoh 3\"},\"type\":\"FeatureCollection\"}",
      "anotherNames": null,
      "koreanName": "소고 3",
      "anotherKoreanNames": null
    },
    {
      "id": "a0aa664",
      "name": "Sodom",
      "imageTitle": "m3edbe2.i0213bf.jpg",
      "isModern": false,
      "stereo": "parent",
      "description": "An infamous city mentioned throughout the Bible, destroyed by God along with Gomorrah for its great wickedness (Genesis 19). It was located in the fertile 'Cities of the Plain' (Gen 13:12) near the Dead Sea, though its exact location is still debated among archaeologists, with theories suggesting sites both north and south of the sea. It serves as a symbol of divine judgment.",
      "koreanDescription": "성경에서 가장 악명 높은 도시 중 하나로, 고모라와 함께 극심한 죄악으로 인해 하늘에서 내린 유황과 불로 멸망당했습니다 (창세기 19장). \n아브라함의 조카 롯이 거주했던 '평지 성읍' 중 하나로 사해 근처에 위치했으나, 정확한 위치에 대해서는 고고학자들 사이에 의견이 분분합니다 (사해 남쪽 또는 북쪽 평야). \n하나님의 준엄한 심판의 상징으로 자주 언급됩니다.",
      "verses": [
        "Gen.10.19",
        "Gen.13.10",
        "Gen.13.12",
        "Gen.13.13",
        "Gen.14.2",
        "Gen.14.8",
        "Gen.14.10",
        "Gen.14.11",
        "Gen.14.12",
        "Gen.14.17",
        "Gen.14.21",
        "Gen.14.22",
        "Gen.18.16",
        "Gen.18.20",
        "Gen.18.22",
        "Gen.18.26",
        "Gen.19.1",
        "Gen.19.4",
        "Gen.19.24",
        "Gen.19.28",
        "Deut.29.23",
        "Deut.32.32",
        "Isa.1.9",
        "Isa.1.10",
        "Isa.3.9",
        "Isa.13.19",
        "Jer.23.14",
        "Jer.49.18",
        "Jer.50.40",
        "Lam.4.6",
        "Ezek.16.46",
        "Ezek.16.48",
        "Ezek.16.49",
        "Ezek.16.53",
        "Ezek.16.55",
        "Ezek.16.56",
        "Ezek.16.61",
        "Amos.4.11",
        "Zeph.2.9",
        "Matt.10.15",
        "Matt.11.23",
        "Matt.11.24",
        "Mark.6.11",
        "Luke.10.12",
        "Luke.17.29",
        "Rom.9.29",
        "2Pet.2.6",
        "2Pet.2.7",
        "Jude.1.7",
        "Rev.11.8"
      ],
      "placeUrl": "/geo/ancient/a0aa664/sodom",
      "identificationPaths": [
        "/geo/modern/m3edbe2",
        "/geo/modern/m713b74",
        "/geo/modern/m56a09d",
        "/geo/modern/m37a078",
        "/geo/modern/m9c42da"
      ],
      "types": ["settlement"],
      "unknownPlacePossibility": null,
      "geojsonText": "{\"bbox\":[35.305248,30.90329,35.701387,32.0442],\"features\":[{\"geometry\":{\"coordinates\":[[[35.674952,31.841386],[35.674812,31.841381],[35.674142,31.840994],[35.673903,31.840584],[35.673632,31.84041],[35.673415,31.840044],[35.673034,31.839729],[35.673082,31.83962],[35.67323,31.839567],[35.673442,31.839602],[35.67404,31.840064],[35.675177,31.8409],[35.67537,31.841144],[35.675145,31.84124],[35.675067,31.841301],[35.674952,31.841386]]],\"type\":\"Polygon\"},\"properties\":{\"id\":\"g27508a.geometry\",\"land_or_water\":\"land\"},\"type\":\"Feature\"},{\"geometry\":{\"coordinates\":[[[35.408824,31.314783],[35.305248,30.924507],[35.479241,30.90329],[35.546828,31.303317],[35.408824,31.314783]]],\"type\":\"Polygon\"},\"properties\":{\"id\":\"g9db00b.geometry\",\"land_or_water\":\"land\"},\"type\":\"Feature\"},{\"geometry\":{\"coordinates\":[[[35.641497,31.738839],[35.701387,31.844513],[35.595213,31.965858],[35.605654,32.028979],[35.473661,32.0442],[35.447941,31.960009],[35.398864,31.951947],[35.377756,31.918242],[35.421166,31.893264],[35.430094,31.847714],[35.454051,31.779867],[35.494221,31.751456],[35.641497,31.738839]]],\"type\":\"Polygon\"},\"properties\":{\"id\":\"gfca720.geometry\",\"land_or_water\":\"land\"},\"type\":\"Feature\"},{\"geometry\":{\"coordinates\":[35.67368,31.84018],\"type\":\"Point\"},\"properties\":{\"id\":\"m37a078.point\"},\"type\":\"Feature\"},{\"geometry\":{\"coordinates\":[35.449223,31.20849],\"type\":\"Point\"},\"properties\":{\"id\":\"m3edbe2.point\"},\"type\":\"Feature\"},{\"geometry\":{\"coordinates\":[35.595278,31.795],\"type\":\"Point\"},\"properties\":{\"id\":\"m56a09d.point\"},\"type\":\"Feature\"},{\"geometry\":{\"coordinates\":[35.523005,31.248729],\"type\":\"Point\"},\"properties\":{\"id\":\"m713b74.point\"},\"type\":\"Feature\"},{\"geometry\":{\"coordinates\":[35.529368,31.129757],\"type\":\"Point\"},\"properties\":{\"id\":\"m9c42da.point\"},\"type\":\"Feature\"}],\"metadata\":{\"geometry_credit\":\"Some data © OpenStreetMap contributors\",\"name\":\"Sodom\"},\"type\":\"FeatureCollection\"}",
      "anotherNames": null,
      "koreanName": "소돔",
      "anotherKoreanNames": null
    },
    {
      "id": "a47c817",
      "name": "Solomon’s Portico",
      "imageTitle": "m66c5b8.i6449a7.jpg",
      "isModern": false,
      "stereo": "parent",
      "description": "A famous covered walkway or colonnade on the eastern side of the Temple Mount in Jerusalem, likely part of Herod's reconstruction but named in honor of King Solomon. \nThis place is significant in the New Testament as it was where Jesus walked and taught (John 10:23) and where the early apostles, like Peter and John, gathered to preach and perform miracles, marking it as a central gathering point for the fledgling Christian church (Acts 3:11, 5:12).",
      "koreanDescription": "예루살렘 성전 동쪽 면에 위치했던 지붕 달린 회랑(기둥 현관)입니다. 헤롯 성전의 일부였으나 솔로몬의 이름을 따서 명명되었습니다. \n신약 성경에서 중요한 장소로, 예수님께서 이곳에서 가르치셨고 (요한복음 10:23), 오순절 이후 사도 베드로와 요한을 비롯한 초대교회 신자들이 모여 복음을 전하고 기적을 행했던 중심지였습니다 (사도행전 3:11, 5:12).",
      "verses": ["John.10.23", "Acts.3.11", "Acts.5.12"],
      "placeUrl": "/geo/ancient/a47c817/solomons-portico",
      "identificationPaths": ["/geo/modern/m66c5b8"],
      "types": ["structure"],
      "unknownPlacePossibility": null,
      "geojsonText": "{\"bbox\":[35.225701,31.772808,35.237558,31.783742],\"features\":[{\"geometry\":{\"coordinates\":[[[35.227657,31.776599],[35.227747,31.776508],[35.227659,31.776394],[35.227825,31.776289],[35.227753,31.775875],[35.227642,31.775883],[35.227618,31.775624],[35.227772,31.775611],[35.227848,31.775599],[35.227849,31.775535],[35.227847,31.775424],[35.227806,31.774544],[35.227729,31.774545],[35.22773,31.774387],[35.22779,31.774376],[35.227778,31.774048],[35.227782,31.773881],[35.227836,31.773872],[35.227858,31.773486],[35.227791,31.773485],[35.227794,31.77336],[35.227865,31.773336],[35.22787,31.773082],[35.227819,31.773084],[35.22782,31.772896],[35.228621,31.772903],[35.229503,31.772898],[35.229592,31.772872],[35.229638,31.772857],[35.229742,31.772823],[35.229792,31.772808],[35.230644,31.772943],[35.230646,31.772918],[35.230707,31.772927],[35.230773,31.772936],[35.230772,31.772966],[35.231011,31.773026],[35.231003,31.77306],[35.231499,31.773154],[35.231483,31.773234],[35.232293,31.773404],[35.23234,31.773362],[35.232427,31.773437],[35.23238,31.773479],[35.23242,31.773833],[35.232459,31.773913],[35.232517,31.773913],[35.232535,31.774013],[35.233242,31.774283],[35.233551,31.774736],[35.233704,31.774761],[35.233848,31.774781],[35.234179,31.774828],[35.235563,31.775017],[35.235767,31.775046],[35.23572,31.77531],[35.235672,31.775582],[35.235771,31.775594],[35.235759,31.775672],[35.235843,31.775681],[35.235812,31.775846],[35.23624,31.775911],[35.23653,31.775954],[35.237558,31.7761],[35.237298,31.778181],[35.237292,31.778227],[35.237209,31.778892],[35.237235,31.778894],[35.237218,31.779043],[35.237191,31.779041],[35.23719,31.779052],[35.237154,31.779343],[35.23714,31.779461],[35.237062,31.78007],[35.237088,31.780073],[35.237085,31.780094],[35.237056,31.780297],[35.237014,31.780728],[35.236999,31.780797],[35.236976,31.780907],[35.236961,31.780973],[35.236918,31.781381],[35.236999,31.781391],[35.236982,31.781533],[35.236931,31.781529],[35.236915,31.781703],[35.236964,31.781709],[35.236928,31.78197],[35.236965,31.78197],[35.236956,31.782097],[35.236927,31.782096],[35.236907,31.782264],[35.236953,31.782268],[35.236944,31.782362],[35.236895,31.782359],[35.236809,31.783188],[35.236712,31.783628],[35.236817,31.783648],[35.236792,31.783742],[35.236687,31.783722],[35.236691,31.783697],[35.236318,31.783629],[35.236306,31.783671],[35.236225,31.783657],[35.236227,31.78362],[35.235913,31.783553],[35.235908,31.783579],[35.235839,31.783565],[35.235848,31.78354],[35.235445,31.783448],[35.235443,31.783456],[35.235137,31.783383],[35.235125,31.78342],[35.235017,31.783394],[35.23503,31.783353],[35.234933,31.783327],[35.234972,31.783237],[35.234743,31.783195],[35.234724,31.783232],[35.234557,31.78319],[35.234552,31.783152],[35.233739,31.782979],[35.233725,31.783022],[35.233611,31.782996],[35.233626,31.782947],[35.233061,31.782816],[35.233045,31.782862],[35.232924,31.782847],[35.232926,31.782763],[35.232536,31.782697],[35.232511,31.782542],[35.232177,31.782489],[35.231864,31.782508],[35.231792,31.78258],[35.231637,31.782555],[35.231589,31.782585],[35.2313,31.782492],[35.231251,31.782425],[35.23105,31.78231],[35.231087,31.78227],[35.230952,31.782181],[35.230921,31.782215],[35.230846,31.782165],[35.23091,31.78209],[35.230745,31.781977],[35.230771,31.78194],[35.230558,31.781784],[35.230533,31.781808],[35.230496,31.781843],[35.230391,31.781763],[35.230432,31.781724],[35.230393,31.781695],[35.23035,31.781662],[35.230303,31.781627],[35.230276,31.781606],[35.230233,31.781647],[35.230134,31.781572],[35.230196,31.781513],[35.229897,31.781289],[35.229808,31.781363],[35.229702,31.78128],[35.229673,31.781302],[35.2295,31.781176],[35.229568,31.781111],[35.229465,31.781022],[35.229496,31.780984],[35.228562,31.780281],[35.228517,31.780306],[35.228397,31.780217],[35.228425,31.780181],[35.228198,31.77999],[35.228165,31.780013],[35.228074,31.779955],[35.228101,31.779928],[35.22775,31.779661],[35.227458,31.779963],[35.22688,31.779603],[35.226831,31.779646],[35.226419,31.779403],[35.226215,31.77931],[35.226086,31.779249],[35.226044,31.779314],[35.225883,31.779211],[35.226176,31.778899],[35.225701,31.778412],[35.22588,31.778287],[35.225868,31.77815],[35.225926,31.778132],[35.225926,31.778046],[35.227419,31.77679],[35.227578,31.776657],[35.227544,31.776628],[35.227503,31.776595],[35.227574,31.776528],[35.227657,31.776599]]],\"type\":\"Polygon\"},\"properties\":{\"id\":\"g1c795f.geometry\",\"land_or_water\":\"land\"},\"type\":\"Feature\"},{\"geometry\":{\"coordinates\":[[[35.227657,31.776599],[35.227747,31.776508],[35.227659,31.776394],[35.227825,31.776289],[35.227753,31.775875],[35.227642,31.775883],[35.227618,31.775624],[35.227848,31.775599],[35.227806,31.774544],[35.227729,31.774545],[35.227858,31.773486],[35.227791,31.773485],[35.227794,31.77336],[35.227865,31.773336],[35.22782,31.772896],[35.229503,31.772898],[35.229792,31.772808],[35.230773,31.772936],[35.231003,31.77306],[35.231499,31.773154],[35.231483,31.773234],[35.232293,31.773404],[35.23234,31.773362],[35.232427,31.773437],[35.23238,31.773479],[35.23242,31.773833],[35.232535,31.774013],[35.233242,31.774283],[35.233551,31.774736],[35.235767,31.775046],[35.235672,31.775582],[35.235843,31.775681],[35.235812,31.775846],[35.237558,31.7761],[35.236918,31.781381],[35.236999,31.781391],[35.236915,31.781703],[35.236964,31.781709],[35.236907,31.782264],[35.236953,31.782268],[35.236712,31.783628],[35.236817,31.783648],[35.236792,31.783742],[35.235017,31.783394],[35.234933,31.783327],[35.234972,31.783237],[35.234724,31.783232],[35.233739,31.782979],[35.233725,31.783022],[35.233611,31.782996],[35.233626,31.782947],[35.233061,31.782816],[35.232924,31.782847],[35.232926,31.782763],[35.232536,31.782697],[35.232511,31.782542],[35.232177,31.782489],[35.231589,31.782585],[35.2313,31.782492],[35.23105,31.78231],[35.231087,31.78227],[35.230846,31.782165],[35.23091,31.78209],[35.230745,31.781977],[35.230771,31.78194],[35.230558,31.781784],[35.230496,31.781843],[35.230276,31.781606],[35.230233,31.781647],[35.230134,31.781572],[35.230196,31.781513],[35.229897,31.781289],[35.229808,31.781363],[35.2295,31.781176],[35.229568,31.781111],[35.229465,31.781022],[35.229496,31.780984],[35.228562,31.780281],[35.228397,31.780217],[35.228425,31.780181],[35.22775,31.779661],[35.227458,31.779963],[35.22688,31.779603],[35.226831,31.779646],[35.226086,31.779249],[35.226044,31.779314],[35.225883,31.779211],[35.226176,31.778899],[35.225701,31.778412],[35.22588,31.778287],[35.225926,31.778046],[35.227578,31.776657],[35.227503,31.776595],[35.227574,31.776528],[35.227657,31.776599]]],\"type\":\"Polygon\"},\"properties\":{\"id\":\"g1c795f.simplified\",\"land_or_water\":\"land\"},\"type\":\"Feature\"},{\"geometry\":{\"coordinates\":[35.234167,31.776667],\"type\":\"Point\"},\"properties\":{\"id\":\"m66c5b8.point\"},\"type\":\"Feature\"}],\"metadata\":{\"geometry_credit\":\"Some data © OpenStreetMap contributors\",\"name\":\"Solomon’s Portico\"},\"type\":\"FeatureCollection\"}",
      "anotherNames": null,
      "koreanName": "솔로몬 행각",
      "anotherKoreanNames": null
    },
    {
      "id": "a2d4170",
      "name": "South 1",
      "imageTitle": "a1cb244.i10d5a5.jpg",
      "isModern": false,
      "stereo": "parent",
      "description": "Refers to the southern region, often the Negev, mentioned in the context of Old Testament prophecy. \nZechariah 7:7 mentions the cities in the South (Negev) being inhabited during a time of prosperity before the Babylonian exile. It is linked to the area around modern Tel Beer Sheva.",
      "koreanDescription": "구약 성경에서 언급되는 남방(네게브) 지역을 가리킵니다. \n스가랴 7장 7절에서 바벨론 포로 이전의 번영했던 시기에 남방의 성읍들이 사람들이 거주하고 있었음을 언급하는 구절과 관련 있습니다. 현대의 텔 브엘세바 주변 지역과 연결됩니다.",
      "verses": ["Zech.7.7"],
      "placeUrl": "/geo/ancient/a2d4170/south-1",
      "identificationPaths": ["/geo/modern/m392188"],
      "types": ["region"],
      "unknownPlacePossibility": null,
      "geojsonText": "{\"bbox\":[34.30748,30.45654,35.27295,31.36995],\"features\":[{\"geometry\":{\"coordinates\":[[[[34.30748,30.6446],[34.30748,30.61773],[34.36977,30.53714],[34.86807,30.45654],[34.89922,30.45654],[34.93036,30.4834],[34.96151,30.51027],[35.14837,30.83265],[35.27295,31.07444],[35.27295,31.1013],[35.27295,31.34309],[34.65006,31.36995],[34.4632,31.34309],[34.36977,31.26249],[34.30748,30.6446]]],[[[34.4632,31.26249],[34.40091,31.1819],[34.40091,30.99384],[34.49434,30.83265],[34.71235,30.80579],[34.7435,30.80579],[34.77464,30.80579],[34.80579,30.80579],[34.83693,30.80579],[34.89922,30.80579],[34.99265,30.83265],[35.08608,30.91325],[35.11723,30.94011],[35.14837,31.02071],[35.17952,31.1013],[35.17952,31.23563],[35.17952,31.28936],[34.86807,31.34309],[34.83693,31.34309],[34.80579,31.34309],[34.77464,31.34309],[34.7435,31.34309],[34.71235,31.34309],[34.68121,31.34309],[34.65006,31.34309],[34.61892,31.34309],[34.58778,31.34309],[34.55663,31.34309],[34.52549,31.34309],[34.4632,31.26249]]],[[[34.40091,30.99384],[34.49434,30.83265],[34.52549,30.83265],[34.55663,30.83265],[34.58778,30.83265],[34.61892,30.83265],[34.65006,30.83265],[34.68121,30.83265],[34.71235,30.83265],[34.7435,30.83265],[34.77464,30.83265],[34.80579,30.83265],[34.83693,30.83265],[34.86807,30.83265],[34.89922,30.83265],[34.96151,30.83265],[35.08608,30.91325],[35.11723,30.96698],[35.14837,31.07444],[35.14837,31.1013],[35.14837,31.12817],[35.11723,31.28936],[34.77464,31.34309],[34.7435,31.34309],[34.71235,31.34309],[34.68121,31.34309],[34.65006,31.34309],[34.61892,31.34309],[34.58778,31.31622],[34.49434,31.23563],[34.4632,31.20876],[34.43205,31.1819],[34.40091,30.99384]]],[[[34.49434,30.99384],[34.71235,30.83265],[34.7435,30.83265],[34.77464,30.83265],[34.99265,30.85952],[35.05494,30.91325],[35.08608,30.94011],[35.11723,30.99384],[35.14837,31.07444],[35.14837,31.1013],[35.14837,31.12817],[35.11723,31.26249],[34.89922,31.28936],[34.86807,31.28936],[34.83693,31.28936],[34.80579,31.28936],[34.77464,31.28936],[34.7435,31.28936],[34.71235,31.28936],[34.68121,31.28936],[34.65006,31.28936],[34.61892,31.28936],[34.58778,31.28936],[34.49434,31.20876],[34.4632,31.1819],[34.49434,30.99384]]],[[[34.80579,31.28936],[34.77464,31.28936],[34.7435,31.28936],[34.71235,31.28936],[34.68121,31.28936],[34.65006,31.28936],[34.61892,31.28936],[34.49434,30.99384],[34.71235,30.85952],[34.7435,30.85952],[34.77464,30.85952],[34.96151,30.85952],[35.05494,30.91325],[35.08608,30.99384],[35.11723,31.07444],[35.11723,31.15503],[35.11723,31.1819],[35.11723,31.20876],[35.08608,31.26249],[34.89922,31.28936],[34.86807,31.28936],[34.83693,31.28936],[34.80579,31.28936]]],[[[34.55663,31.04757],[34.55663,30.99384],[34.77464,30.91325],[34.80579,30.91325],[34.83693,30.91325],[34.86807,30.91325],[35.0238,30.99384],[35.11723,31.1819],[34.86807,31.28936],[34.83693,31.28936],[34.80579,31.28936],[34.77464,31.28936],[34.7435,31.28936],[34.71235,31.28936],[34.68121,31.28936],[34.65006,31.28936],[34.61892,31.28936],[34.55663,31.04757]]],[[[34.68121,31.28936],[34.61892,31.28936],[34.58778,31.04757],[34.58778,31.02071],[34.58778,30.99384],[34.77464,30.91325],[34.80579,30.91325],[34.83693,30.91325],[34.93036,30.99384],[34.96151,31.02071],[35.0238,31.07444],[35.08608,31.15503],[35.08608,31.1819],[34.86807,31.28936],[34.68121,31.28936]]],[[[34.61892,31.20876],[34.61892,31.1819],[34.61892,31.07444],[34.61892,31.04757],[34.61892,31.02071],[34.80579,30.91325],[35.0238,31.07444],[35.08608,31.15503],[35.08608,31.1819],[34.99265,31.20876],[34.86807,31.23563],[34.61892,31.20876]]],[[[34.61892,31.20876],[34.61892,31.1819],[34.68121,31.04757],[34.71235,31.02071],[34.77464,30.99384],[34.80579,30.99384],[34.83693,30.99384],[34.99265,31.07444],[34.99265,31.1013],[34.99265,31.15503],[34.99265,31.1819],[34.96151,31.20876],[34.93036,31.20876],[34.89922,31.20876],[34.86807,31.20876],[34.83693,31.20876],[34.80579,31.20876],[34.77464,31.20876],[34.7435,31.20876],[34.71235,31.20876],[34.68121,31.20876],[34.65006,31.20876],[34.61892,31.20876]]]],\"type\":\"MultiPolygon\"},\"properties\":{\"format\":\"isobands\",\"id\":\"gf328fd.isobands\",\"land_or_water\":\"land\",\"max_confidence\":90,\"min_confidence\":10,\"role\":\"isobands\"},\"type\":\"Feature\"},{\"geometry\":{\"coordinates\":[34.840833,31.244722],\"type\":\"Point\"},\"properties\":{\"id\":\"m392188.point\"},\"type\":\"Feature\"}],\"metadata\":{\"name\":\"South 1\"},\"type\":\"FeatureCollection\"}",
      "anotherNames": null,
      "koreanName": "남방 1",
      "anotherKoreanNames": null
    },
    {
      "id": "a422f1c",
      "name": "South 2",
      "imageTitle": "m06de45.i91c219.jpg",
      "isModern": false,
      "stereo": "parent",
      "description": "The region referred to as 'the South' from which the Queen of Sheba (or Queen of the South) came to hear the wisdom of Solomon (Matthew 12:42, Luke 11:31). This region is widely identified with ancient Sheba (Saba), located in what is now Yemen or Ethiopia.",
      "koreanDescription": "솔로몬의 지혜를 들으러 왔던 '남방 여왕'(스바 여왕)이 왔던 지역을 가리킵니다 (마태복음 12:42, 누가복음 11:31). \n이 지역은 고대 스바(Saba) 왕국으로, 현재의 예멘 또는 에티오피아 지역과 연결되는 것으로 알려져 있습니다.",
      "verses": ["Matt.12.42", "Luke.11.31"],
      "placeUrl": "/geo/ancient/a422f1c/south-2",
      "identificationPaths": ["/geo/modern/m06de45"],
      "types": ["region"],
      "unknownPlacePossibility": null,
      "geojsonText": "{\"bbox\":[43.22383,13.48129,48.73444,16.23667],\"features\":[{\"geometry\":{\"coordinates\":[[[[43.96851,16.09165],[43.37276,15.94663],[43.22383,15.36655],[43.22383,15.22153],[43.5217,13.91635],[43.96851,13.48129],[44.11744,13.48129],[44.41531,13.48129],[44.56425,13.48129],[44.71318,13.48129],[44.86212,13.48129],[45.01105,13.48129],[46.50041,13.91635],[48.43657,14.93149],[48.73444,15.94663],[48.43657,16.23667],[48.28764,16.23667],[48.1387,16.23667],[47.98976,16.23667],[47.84083,16.23667],[47.69189,16.23667],[47.54296,16.23667],[47.39402,16.23667],[47.24509,16.23667],[47.09615,16.23667],[46.94722,16.23667],[46.79828,16.23667],[46.64934,16.23667],[46.50041,16.23667],[43.96851,16.09165]]],[[[43.37276,14.93149],[43.5217,14.06137],[43.67064,13.91635],[44.26638,13.62631],[44.41531,13.62631],[46.50041,14.06137],[48.28764,14.93149],[48.43657,15.94663],[47.84083,16.09165],[47.69189,16.09165],[47.54296,16.09165],[47.39402,16.09165],[47.24509,16.09165],[47.09615,16.09165],[46.94722,16.09165],[46.79828,16.09165],[46.64934,16.09165],[46.50041,16.09165],[43.5217,15.94663],[43.37276,15.65659],[43.37276,15.51157],[43.37276,15.36655],[43.37276,15.22153],[43.37276,15.07651],[43.37276,14.93149]]],[[[43.37276,15.07651],[43.37276,14.93149],[43.5217,14.49643],[43.67064,14.20639],[43.81957,13.91635],[43.96851,13.91635],[44.11744,13.91635],[44.26638,13.91635],[44.41531,13.91635],[44.56425,13.91635],[44.71318,13.91635],[44.86212,13.91635],[45.01105,13.91635],[45.15999,13.91635],[45.30893,13.91635],[46.50041,14.20639],[47.69189,14.93149],[47.84083,15.07651],[47.84083,15.22153],[47.84083,15.36655],[47.84083,15.51157],[47.84083,15.65659],[47.84083,15.80161],[47.84083,15.94663],[47.69189,15.94663],[47.54296,15.94663],[47.39402,15.94663],[47.24509,15.94663],[47.09615,15.94663],[46.94722,15.94663],[46.79828,15.94663],[46.64934,15.94663],[46.50041,15.94663],[46.35147,15.94663],[46.20254,15.94663],[46.0536,15.94663],[45.90467,15.94663],[45.75573,15.94663],[45.6068,15.94663],[45.45786,15.94663],[45.30893,15.94663],[45.15999,15.94663],[45.01105,15.94663],[44.86212,15.94663],[44.71318,15.94663],[44.56425,15.94663],[44.41531,15.94663],[44.26638,15.94663],[44.11744,15.94663],[43.96851,15.94663],[43.81957,15.94663],[43.67064,15.94663],[43.5217,15.94663],[43.37276,15.65659],[43.37276,15.51157],[43.37276,15.36655],[43.37276,15.22153],[43.37276,15.07651]]],[[[43.5217,14.49643],[43.81957,14.20639],[44.11744,13.91635],[44.26638,13.91635],[44.41531,13.91635],[47.24509,14.93149],[47.24509,15.07651],[47.24509,15.22153],[47.24509,15.36655],[46.35147,15.80161],[45.75573,15.94663],[45.6068,15.94663],[45.45786,15.94663],[45.30893,15.94663],[45.15999,15.94663],[45.01105,15.94663],[44.86212,15.94663],[44.71318,15.94663],[44.11744,15.94663],[43.96851,15.94663],[43.81957,15.94663],[43.5217,15.80161],[43.37276,15.51157],[43.37276,15.36655],[43.37276,15.22153],[43.37276,15.07651],[43.37276,14.93149],[43.5217,14.49643]]],[[[43.81957,15.80161],[43.5217,15.65659],[43.37276,15.36655],[43.37276,15.22153],[43.37276,15.07651],[43.67064,14.49643],[43.96851,14.20639],[44.11744,14.20639],[44.26638,14.20639],[46.50041,14.93149],[46.50041,15.07651],[46.50041,15.22153],[46.50041,15.36655],[46.20254,15.65659],[46.0536,15.80161],[45.90467,15.80161],[45.75573,15.80161],[45.6068,15.80161],[45.45786,15.80161],[45.30893,15.80161],[45.15999,15.80161],[45.01105,15.80161],[44.86212,15.80161],[44.71318,15.80161],[44.26638,15.80161],[44.11744,15.80161],[43.96851,15.80161],[43.81957,15.80161]]],[[[43.5217,14.93149],[43.81957,14.49643],[43.96851,14.49643],[44.11744,14.49643],[44.26638,14.49643],[46.35147,14.93149],[46.35147,15.07651],[46.35147,15.22153],[46.35147,15.36655],[46.0536,15.65659],[45.75573,15.80161],[45.6068,15.80161],[45.45786,15.80161],[45.30893,15.80161],[43.67064,15.65659],[43.5217,15.51157],[43.37276,15.36655],[43.5217,14.93149]]],[[[43.81957,15.65659],[43.5217,15.51157],[43.5217,15.36655],[43.5217,15.22153],[43.5217,15.07651],[43.5217,14.93149],[43.81957,14.49643],[43.96851,14.49643],[44.11744,14.49643],[46.20254,14.93149],[46.20254,15.07651],[46.20254,15.22153],[46.20254,15.36655],[45.15999,15.51157],[44.26638,15.65659],[44.11744,15.65659],[43.96851,15.65659],[43.81957,15.65659]]],[[[43.81957,15.51157],[43.67064,15.51157],[43.5217,15.36655],[43.5217,15.22153],[43.5217,15.07651],[43.67064,14.93149],[43.81957,14.78647],[43.96851,14.78647],[44.11744,14.78647],[44.71318,14.78647],[44.86212,14.78647],[46.0536,14.93149],[46.0536,15.07651],[46.0536,15.22153],[46.0536,15.36655],[44.41531,15.51157],[44.26638,15.51157],[44.11744,15.51157],[43.96851,15.51157],[43.81957,15.51157]]],[[[43.81957,15.51157],[43.67064,15.36655],[43.5217,15.07651],[43.67064,14.93149],[43.81957,14.93149],[43.96851,14.93149],[44.11744,14.93149],[44.26638,14.93149],[44.41531,14.93149],[44.56425,14.93149],[44.71318,14.93149],[44.86212,14.93149],[45.01105,14.93149],[45.15999,14.93149],[45.30893,14.93149],[45.45786,14.93149],[45.6068,14.93149],[45.75573,14.93149],[45.75573,15.07651],[45.15999,15.36655],[43.81957,15.51157]]]],\"type\":\"MultiPolygon\"},\"properties\":{\"format\":\"isobands\",\"id\":\"g718940.isobands\",\"land_or_water\":\"land\",\"max_confidence\":90,\"min_confidence\":10,\"role\":\"isobands\"},\"type\":\"Feature\"},{\"geometry\":{\"coordinates\":[44.206389,15.348333],\"type\":\"Point\"},\"properties\":{\"id\":\"m06de45.point\"},\"type\":\"Feature\"}],\"metadata\":{\"name\":\"South 2\"},\"type\":\"FeatureCollection\"}",
      "anotherNames": null,
      "koreanName": "남방 2",
      "anotherKoreanNames": null
    },
    {
      "id": "a1c0469",
      "name": "South 3",
      "imageTitle": "m363196.i70a752.jpg",
      "isModern": false,
      "stereo": "parent",
      "description": "The 'King of the South' and the 'King of the North' are key figures in the prophetic visions of Daniel 11, representing the rival dynasties that succeeded Alexander the Great's empire. \nThe King of the South is historically interpreted as the ruler of the Ptolemaic Kingdom, which was based in Egypt and is linked to the modern city of Alexandria.",
      "koreanDescription": "다니엘서 11장의 예언에 등장하는 '남방 왕'을 가리키는 지명입니다. \n알렉산더 대왕 사후 제국을 계승한 두 주요 세력 중 하나로, 역사적으로는 이집트를 중심으로 한 프톨레마이오스 왕조를 의미합니다. \n현대의 알렉산드리아 지역과 연관됩니다.",
      "verses": [
        "Dan.11.5",
        "Dan.11.6",
        "Dan.11.7",
        "Dan.11.9",
        "Dan.11.11",
        "Dan.11.12",
        "Dan.11.14",
        "Dan.11.15",
        "Dan.11.17",
        "Dan.11.25",
        "Dan.11.29",
        "Dan.11.40"
      ],
      "placeUrl": "/geo/ancient/a1c0469/south-3",
      "identificationPaths": ["/geo/modern/m363196"],
      "types": ["region"],
      "unknownPlacePossibility": null,
      "geojsonText": "{\"bbox\":[19.735522,23.787459,35.934553,33.076284],\"features\":[{\"geometry\":{\"coordinates\":[[[34.759119,30.951767],[34.245563,31.486923],[33.597806,31.246292],[31.955746,31.608568],[31.036461,31.68],[30.22332,31.559695],[29.165015,30.948079],[27.86803,31.348749],[25.933921,31.764756],[23.400281,32.432239],[23.22827,32.792654],[21.612046,33.076284],[20.113931,32.642361],[19.735522,31.874133],[19.879151,30.860927],[28.326508,24.036595],[35.934553,23.787459],[34.065666,27.647518],[33.024104,28.646454],[32.534101,29.991446],[34.643027,30.242631],[34.759119,30.951767]]],\"type\":\"Polygon\"},\"properties\":{\"id\":\"gd70643.geometry\",\"land_or_water\":\"land\"},\"type\":\"Feature\"},{\"geometry\":{\"coordinates\":[29.8965,31.1825],\"type\":\"Point\"},\"properties\":{\"id\":\"m363196.point\"},\"type\":\"Feature\"}],\"metadata\":{\"name\":\"South 3\"},\"type\":\"FeatureCollection\"}",
      "anotherNames": null,
      "koreanName": "남방 3",
      "anotherKoreanNames": null
    },
    {
      "id": "a092025",
      "name": "South Gate",
      "imageTitle": "m66c5b8.i6449a7.jpg",
      "isModern": false,
      "stereo": "parent",
      "description": "A gate, likely part of the Temple complex or a fortified area in Jerusalem, as mentioned in the Old Testament. \nIt is specifically noted in 1 Chronicles 26:15 as a gate guarded by the Levites during the time of David. It is situated within the bounds of ancient Jerusalem.",
      "koreanDescription": "구약 시대 예루살렘 성전 구역이나 요새화된 지역의 문 중 하나입니다. \n역대상 26장 15절에 다윗 왕 시대에 레위인들이 이 문을 지켰던 것으로 기록되어 있습니다. 현대의 예루살렘 성읍과 연결됩니다.",
      "verses": ["1Chr.26.15"],
      "placeUrl": "/geo/ancient/a092025/south-gate",
      "identificationPaths": ["/geo/modern/m66c5b8"],
      "types": ["gate"],
      "unknownPlacePossibility": null,
      "geojsonText": "{\"bbox\":[35.225701,31.772808,35.237558,31.783742],\"features\":[{\"geometry\":{\"coordinates\":[[[35.227657,31.776599],[35.227747,31.776508],[35.227659,31.776394],[35.227825,31.776289],[35.227753,31.775875],[35.227642,31.775883],[35.227618,31.775624],[35.227772,31.775611],[35.227848,31.775599],[35.227849,31.775535],[35.227847,31.775424],[35.227806,31.774544],[35.227729,31.774545],[35.22773,31.774387],[35.22779,31.774376],[35.227778,31.774048],[35.227782,31.773881],[35.227836,31.773872],[35.227858,31.773486],[35.227791,31.773485],[35.227794,31.77336],[35.227865,31.773336],[35.22787,31.773082],[35.227819,31.773084],[35.22782,31.772896],[35.228621,31.772903],[35.229503,31.772898],[35.229592,31.772872],[35.229638,31.772857],[35.229742,31.772823],[35.229792,31.772808],[35.230644,31.772943],[35.230646,31.772918],[35.230707,31.772927],[35.230773,31.772936],[35.230772,31.772966],[35.231011,31.773026],[35.231003,31.77306],[35.231499,31.773154],[35.231483,31.773234],[35.232293,31.773404],[35.23234,31.773362],[35.232427,31.773437],[35.23238,31.773479],[35.23242,31.773833],[35.232459,31.773913],[35.232517,31.773913],[35.232535,31.774013],[35.233242,31.774283],[35.233551,31.774736],[35.233704,31.774761],[35.233848,31.774781],[35.234179,31.774828],[35.235563,31.775017],[35.235767,31.775046],[35.23572,31.77531],[35.235672,31.775582],[35.235771,31.775594],[35.235759,31.775672],[35.235843,31.775681],[35.235812,31.775846],[35.23624,31.775911],[35.23653,31.775954],[35.237558,31.7761],[35.237298,31.778181],[35.237292,31.778227],[35.237209,31.778892],[35.237235,31.778894],[35.237218,31.779043],[35.237191,31.779041],[35.23719,31.779052],[35.237154,31.779343],[35.23714,31.779461],[35.237062,31.78007],[35.237088,31.780073],[35.237085,31.780094],[35.237056,31.780297],[35.237014,31.780728],[35.236999,31.780797],[35.236976,31.780907],[35.236961,31.780973],[35.236918,31.781381],[35.236999,31.781391],[35.236982,31.781533],[35.236931,31.781529],[35.236915,31.781703],[35.236964,31.781709],[35.236928,31.78197],[35.236965,31.78197],[35.236956,31.782097],[35.236927,31.782096],[35.236907,31.782264],[35.236953,31.782268],[35.236944,31.782362],[35.236895,31.782359],[35.236809,31.783188],[35.236712,31.783628],[35.236817,31.783648],[35.236792,31.783742],[35.236687,31.783722],[35.236691,31.783697],[35.236318,31.783629],[35.236306,31.783671],[35.236225,31.783657],[35.236227,31.78362],[35.235913,31.783553],[35.235908,31.783579],[35.235839,31.783565],[35.235848,31.78354],[35.235445,31.783448],[35.235443,31.783456],[35.235137,31.783383],[35.235125,31.78342],[35.235017,31.783394],[35.23503,31.783353],[35.234933,31.783327],[35.234972,31.783237],[35.234743,31.783195],[35.234724,31.783232],[35.234557,31.78319],[35.234552,31.783152],[35.233739,31.782979],[35.233725,31.783022],[35.233611,31.782996],[35.233626,31.782947],[35.233061,31.782816],[35.233045,31.782862],[35.232924,31.782847],[35.232926,31.782763],[35.232536,31.782697],[35.232511,31.782542],[35.232177,31.782489],[35.231864,31.782508],[35.231792,31.78258],[35.231637,31.782555],[35.231589,31.782585],[35.2313,31.782492],[35.231251,31.782425],[35.23105,31.78231],[35.231087,31.78227],[35.230952,31.782181],[35.230921,31.782215],[35.230846,31.782165],[35.23091,31.78209],[35.230745,31.781977],[35.230771,31.78194],[35.230558,31.781784],[35.230533,31.781808],[35.230496,31.781843],[35.230391,31.781763],[35.230432,31.781724],[35.230393,31.781695],[35.23035,31.781662],[35.230303,31.781627],[35.230276,31.781606],[35.230233,31.781647],[35.230134,31.781572],[35.230196,31.781513],[35.229897,31.781289],[35.229808,31.781363],[35.229702,31.78128],[35.229673,31.781302],[35.2295,31.781176],[35.229568,31.781111],[35.229465,31.781022],[35.229496,31.780984],[35.228562,31.780281],[35.228517,31.780306],[35.228397,31.780217],[35.228425,31.780181],[35.228198,31.77999],[35.228165,31.780013],[35.228074,31.779955],[35.228101,31.779928],[35.22775,31.779661],[35.227458,31.779963],[35.22688,31.779603],[35.226831,31.779646],[35.226419,31.779403],[35.226215,31.77931],[35.226086,31.779249],[35.226044,31.779314],[35.225883,31.779211],[35.226176,31.778899],[35.225701,31.778412],[35.22588,31.778287],[35.225868,31.77815],[35.225926,31.778132],[35.225926,31.778046],[35.227419,31.77679],[35.227578,31.776657],[35.227544,31.776628],[35.227503,31.776595],[35.227574,31.776528],[35.227657,31.776599]]],\"type\":\"Polygon\"},\"properties\":{\"id\":\"g1c795f.geometry\",\"land_or_water\":\"land\"},\"type\":\"Feature\"},{\"geometry\":{\"coordinates\":[[[35.227657,31.776599],[35.227747,31.776508],[35.227659,31.776394],[35.227825,31.776289],[35.227753,31.775875],[35.227642,31.775883],[35.227618,31.775624],[35.227848,31.775599],[35.227806,31.774544],[35.227729,31.774545],[35.227858,31.773486],[35.227791,31.773485],[35.227794,31.77336],[35.227865,31.773336],[35.22782,31.772896],[35.229503,31.772898],[35.229792,31.772808],[35.230773,31.772936],[35.231003,31.77306],[35.231499,31.773154],[35.231483,31.773234],[35.232293,31.773404],[35.23234,31.773362],[35.232427,31.773437],[35.23238,31.773479],[35.23242,31.773833],[35.232535,31.774013],[35.233242,31.774283],[35.233551,31.774736],[35.235767,31.775046],[35.235672,31.775582],[35.235843,31.775681],[35.235812,31.775846],[35.237558,31.7761],[35.236918,31.781381],[35.236999,31.781391],[35.236915,31.781703],[35.236964,31.781709],[35.236907,31.782264],[35.236953,31.782268],[35.236712,31.783628],[35.236817,31.783648],[35.236792,31.783742],[35.235017,31.783394],[35.234933,31.783327],[35.234972,31.783237],[35.234724,31.783232],[35.233739,31.782979],[35.233725,31.783022],[35.233611,31.782996],[35.233626,31.782947],[35.233061,31.782816],[35.232924,31.782847],[35.232926,31.782763],[35.232536,31.782697],[35.232511,31.782542],[35.232177,31.782489],[35.231589,31.782585],[35.2313,31.782492],[35.23105,31.78231],[35.231087,31.78227],[35.230846,31.782165],[35.23091,31.78209],[35.230745,31.781977],[35.230771,31.78194],[35.230558,31.781784],[35.230496,31.781843],[35.230276,31.781606],[35.230233,31.781647],[35.230134,31.781572],[35.230196,31.781513],[35.229897,31.781289],[35.229808,31.781363],[35.2295,31.781176],[35.229568,31.781111],[35.229465,31.781022],[35.229496,31.780984],[35.228562,31.780281],[35.228397,31.780217],[35.228425,31.780181],[35.22775,31.779661],[35.227458,31.779963],[35.22688,31.779603],[35.226831,31.779646],[35.226086,31.779249],[35.226044,31.779314],[35.225883,31.779211],[35.226176,31.778899],[35.225701,31.778412],[35.22588,31.778287],[35.225926,31.778046],[35.227578,31.776657],[35.227503,31.776595],[35.227574,31.776528],[35.227657,31.776599]]],\"type\":\"Polygon\"},\"properties\":{\"id\":\"g1c795f.simplified\",\"land_or_water\":\"land\"},\"type\":\"Feature\"},{\"geometry\":{\"coordinates\":[35.234167,31.776667],\"type\":\"Point\"},\"properties\":{\"id\":\"m66c5b8.point\"},\"type\":\"Feature\"}],\"metadata\":{\"geometry_credit\":\"Some data © OpenStreetMap contributors\",\"name\":\"South Gate\"},\"type\":\"FeatureCollection\"}",
      "anotherNames": null,
      "koreanName": "남문",
      "anotherKoreanNames": null
    },
    {
      "id": "a3f0f69",
      "name": "Spain",
      "imageTitle": "m6581f3.i944e5b.jpg",
      "isModern": false,
      "stereo": "parent",
      "description": "An ancient region, known as Hispania in Roman times, located at the western edge of the Roman Empire. \nThe Apostle Paul expressed his intention to visit Spain to preach the Gospel after his ministry in Rome, highlighting his ambition for missions to the uttermost parts of the known world (Romans 15:24, 28).",
      "koreanDescription": "로마 시대에 '히스파니아'(Hispania)라고 불렸던 지역으로, 로마 제국의 서쪽 끝에 위치했습니다. \n사도 바울이 로마에서 사역을 마친 후 복음 전파를 위해 방문할 계획을 밝혔던 곳입니다. 이는 바울이 알려진 세계의 가장 먼 곳까지 선교하려 했던 그의 열정을 보여줍니다 (로마서 15:24, 28).",
      "verses": ["Rom.15.24", "Rom.15.28"],
      "placeUrl": "/geo/ancient/a3f0f69/spain",
      "identificationPaths": ["/geo/modern/m6581f3"],
      "types": ["region"],
      "unknownPlacePossibility": null,
      "geojsonText": "{\"bbox\":[-9.805025,35.915235,3.441922,43.909061],\"features\":[{\"geometry\":{\"coordinates\":[[[-1.927994,43.341489],[-3.510451,43.663214],[-7.984571,43.909061],[-9.592818,43.166065],[-8.865002,41.04423],[-9.805025,38.672948],[-9.02412,38.356384],[-9.233945,36.894223],[-7.855718,36.6784],[-7.323612,37.05308],[-6.792985,36.894482],[-5.997221,35.915235],[-5.63588,35.930215],[-5.314237,35.989189],[-4.261698,36.51723],[-2.034662,36.499076],[-1.403817,37.232246],[-0.504093,37.444006],[0.362429,38.74489],[-0.027561,39.330489],[1.238274,40.847495],[3.364906,41.814738],[3.441922,42.317559],[0.236568,42.641819],[-1.927994,43.341489]]],\"type\":\"Polygon\"},\"properties\":{\"id\":\"g504a8f.geometry\",\"land_or_water\":\"land\"},\"type\":\"Feature\"},{\"geometry\":{\"coordinates\":[-4.35,40.21],\"type\":\"Point\"},\"properties\":{\"id\":\"m6581f3.point\"},\"type\":\"Feature\"}],\"metadata\":{\"name\":\"Spain\"},\"type\":\"FeatureCollection\"}",
      "anotherNames": null,
      "koreanName": "스페인",
      "anotherKoreanNames": null
    },
    {
      "id": "af23dbb",
      "name": "Straight Street",
      "imageTitle": "mb2d6b9.id30dd0.jpg",
      "isModern": false,
      "stereo": "parent",
      "description": "The main east-west Roman road (Decumanus Maximus) running through the ancient city of Damascus, Syria. \nIt is biblically significant as the street where the disciple Ananias was sent by the Lord to find Saul (who would become Paul) at the 'house of Judas,' after Saul's blinding conversion experience on the road to Damascus (Acts 9:11).",
      "koreanDescription": "시리아 다마스쿠스(다메섹)의 고대 도시를 가로지르는 주요 동서 로마 도로(데쿠마누스 막시무스)입니다. \n사도행전에서 중요한 의미를 가지는데, 주님께서 제자 아나니아를 보내어 다메섹 도상에서 눈이 먼 사울(훗날 바울)을 '유다의 집'에서 만나도록 지시하신 거리입니다 (사도행전 9:11).",
      "verses": ["Acts.9.11"],
      "placeUrl": "/geo/ancient/af23dbb/straight-street",
      "identificationPaths": ["/geo/modern/mb2d6b9"],
      "types": ["road"],
      "unknownPlacePossibility": null,
      "geojsonText": "{\"bbox\":[36.301562,33.508393,36.318003,33.50952],\"features\":[{\"geometry\":{\"coordinates\":[[36.301562,33.508393],[36.302004,33.508428],[36.30252,33.508463],[36.302987,33.508506],[36.30302,33.508509],[36.303174,33.508521],[36.303507,33.508552],[36.304073,33.508588],[36.304495,33.508624],[36.305285,33.508684],[36.305628,33.508707],[36.306058,33.50874],[36.30639,33.508766],[36.30673,33.508815],[36.306993,33.508832],[36.307559,33.508888],[36.308919,33.509006],[36.309058,33.509024],[36.310119,33.509115],[36.31071,33.509157],[36.310976,33.509203],[36.311012,33.509209],[36.311032,33.509212],[36.311179,33.509236],[36.311284,33.509237],[36.311666,33.509187],[36.31213,33.509199],[36.312747,33.509239],[36.31424,33.509337],[36.314746,33.509372],[36.316006,33.509434],[36.316482,33.509453],[36.317011,33.509485],[36.317674,33.50952],[36.317936,33.509505],[36.317991,33.508848],[36.318003,33.50871]],\"type\":\"LineString\"},\"properties\":{\"id\":\"gbe0d9c.geometry\",\"land_or_water\":\"land\"},\"type\":\"Feature\"},{\"geometry\":{\"coordinates\":[36.311389,33.509167],\"type\":\"Point\"},\"properties\":{\"id\":\"mb2d6b9.point\"},\"type\":\"Feature\"}],\"metadata\":{\"geometry_credit\":\"Some data © OpenStreetMap contributors\",\"name\":\"Straight Street\"},\"type\":\"FeatureCollection\"}",
      "anotherNames": null,
      "koreanName": "곧은 거리",
      "anotherKoreanNames": null
    },
    {
      "id": "a0905b5",
      "name": "Succoth 1",
      "imageTitle": "m1123d9.satellite.jpg",
      "isModern": false,
      "stereo": "parent",
      "description": "A city east of the Jordan River in the territory of the tribe of Gad. Its name, meaning 'booths,' derives from the temporary shelters Jacob built here for his herds after reconciling with Esau (Genesis 33:17). \nLater, it was near the plain of the Jordan, between Succoth and Zarethan, where King Solomon cast the large bronze vessels for the Temple (1 Kings 7:46).",
      "koreanDescription": "요단강 동편 갓 지파의 영역에 위치했던 성읍입니다. 그 이름은 야곱이 에서와 화해한 후 이곳에 가축들을 위한 임시 거처(초막)를 지은 것에서 유래했습니다 (창세기 33:17). \n훗날 솔로몬 왕이 성전에 사용할 큰 놋그릇들을 주조했던 곳인 '요단 평야의 진흙 땅'이 숙곳과 사르단 사이에 있었습니다 (열왕기상 7:46).",
      "verses": [
        "Gen.33.17",
        "Josh.13.27",
        "Judg.8.5",
        "Judg.8.6",
        "Judg.8.8",
        "Judg.8.14",
        "Judg.8.15",
        "Judg.8.16",
        "1Kgs.7.46",
        "2Chr.4.17"
      ],
      "placeUrl": "/geo/ancient/a0905b5/succoth-1",
      "identificationPaths": ["/geo/modern/m1123d9", "/geo/modern/md51198"],
      "types": ["settlement"],
      "unknownPlacePossibility": null,
      "geojsonText": "{\"bbox\":[35.59396,32.19321,35.62118,32.1966],\"features\":[{\"geometry\":{\"coordinates\":[35.62118,32.1966],\"type\":\"Point\"},\"properties\":{\"id\":\"m1123d9.point\"},\"type\":\"Feature\"},{\"geometry\":{\"coordinates\":[35.59396,32.19321],\"type\":\"Point\"},\"properties\":{\"id\":\"md51198.point\"},\"type\":\"Feature\"}],\"metadata\":{\"name\":\"Succoth 1\"},\"type\":\"FeatureCollection\"}",
      "anotherNames": null,
      "koreanName": "숙곳 1",
      "anotherKoreanNames": null
    },
    {
      "id": "m6c43bf",
      "name": "Khirbet Shuweikat er Ras",
      "isModern": true,
      "stereo": "child",
      "description": "An archaeological ruin site in the Sharon Plain, Israel. It is the widely accepted modern identification for the biblical city of Socoh (Socoh 3, in the district of Ben-Hesed) mentioned in 1 Kings 4:10.",
      "koreanDescription": "이스라엘 샤론 평야에 있는 고고학 유적지입니다. \n성경 열왕기상 4장 10절에 언급된 솔로몬의 행정 구역 중 하나인 고대 도시 소고(Socoh 3)의 위치로 가장 유력하게 인정되는 곳입니다.",
      "imageTitle": "m6c43bf.satellite.jpg",
      "types": ["settlement"],
      "geojsonText": "{\"bbox\":[35.03096,32.3412,35.03308,32.343],\"features\":[{\"geometry\":{\"coordinates\":[35.03202,32.3421],\"type\":\"Point\"},\"properties\":{\"id\":\"m6c43bf.point\",\"role\":\"point\"},\"type\":\"Feature\"},{\"geometry\":{\"coordinates\":[[[35.03202,32.343],[35.03191,32.34299],[35.0318,32.34298],[35.03169,32.34296],[35.03159,32.34292],[35.03149,32.34288],[35.03139,32.34283],[35.03131,32.34277],[35.03123,32.3427],[35.03116,32.34263],[35.0311,32.34255],[35.03105,32.34247],[35.03101,32.34238],[35.03098,32.34229],[35.03096,32.34219],[35.03096,32.3421],[35.03096,32.34201],[35.03098,32.34191],[35.03101,32.34182],[35.03105,32.34173],[35.0311,32.34165],[35.03116,32.34157],[35.03123,32.3415],[35.03131,32.34143],[35.03139,32.34137],[35.03149,32.34132],[35.03159,32.34128],[35.03169,32.34124],[35.0318,32.34122],[35.03191,32.34121],[35.03202,32.3412],[35.03213,32.34121],[35.03224,32.34122],[35.03235,32.34124],[35.03245,32.34128],[35.03255,32.34132],[35.03265,32.34137],[35.03273,32.34143],[35.03281,32.3415],[35.03288,32.34157],[35.03294,32.34165],[35.03299,32.34173],[35.03303,32.34182],[35.03306,32.34191],[35.03308,32.34201],[35.03308,32.3421],[35.03308,32.34219],[35.03306,32.34229],[35.03303,32.34238],[35.03299,32.34247],[35.03294,32.34255],[35.03288,32.34263],[35.03281,32.3427],[35.03273,32.34277],[35.03265,32.34283],[35.03255,32.34288],[35.03245,32.34292],[35.03235,32.34296],[35.03224,32.34298],[35.03213,32.34299],[35.03202,32.343]]],\"type\":\"Polygon\"},\"properties\":{\"id\":\"g70ed3d.precision_radius\",\"land_or_water\":\"land\",\"role\":\"precision_radius\"},\"type\":\"Feature\"}],\"metadata\":{\"class\":\"human\",\"land_or_water\":\"land\",\"name\":\"Khirbet Shuweikat er Ras\",\"type\":\"settlement\"},\"type\":\"FeatureCollection\"}",
      "anotherNames": "Tell er Ras, Tell er Ras Shuweika",
      "koreanName": "키르벳 슈웨이캇 에르 라스",
      "anotherKoreanNames": "텔 에르 라스, 텔 에르 라스 슈웨이카"
    },
    {
      "id": "m3edbe2",
      "name": "South of the Lisan",
      "isModern": true,
      "stereo": "child",
      "description": "Refers to the region south of the Lisan peninsula (the 'Tongue') in the Dead Sea, which is part of the area associated with the Southern Dead Sea Hypothesis for the location of the biblical city of Sodom (a0aa664).",
      "koreanDescription": "사해(死海) 리산 반도(Lisan, '혀') 남쪽 지역을 가리킵니다. \n성경 도시 소돔(Sodom)의 위치를 사해 남부 지역으로 보는 가설과 관련된 현대 지명입니다.",
      "imageTitle": "m3edbe2.i0213bf.jpg",
      "types": ["region"],
      "geojsonText": "{\"bbox\":[35.305248,30.90329,35.546828,31.314783],\"features\":[{\"geometry\":{\"coordinates\":[35.449223,31.20849],\"type\":\"Point\"},\"properties\":{\"id\":\"m3edbe2.representative_point\",\"role\":\"representative_point\"},\"type\":\"Feature\"},{\"geometry\":{\"coordinates\":[[[35.408824,31.314783],[35.305248,30.924507],[35.479241,30.90329],[35.546828,31.303317],[35.408824,31.314783]]],\"type\":\"Polygon\"},\"properties\":{\"id\":\"g9db00b.geometry\",\"land_or_water\":\"land\",\"role\":\"geometry\"},\"type\":\"Feature\"}],\"metadata\":{\"class\":\"natural\",\"land_or_water\":\"land\",\"name\":\"south of the Lisan\",\"type\":\"region\"},\"type\":\"FeatureCollection\"}",
      "anotherNames": null,
      "koreanName": "리산 남부",
      "anotherKoreanNames": null
    },
    {
      "id": "m713b74",
      "name": "Bab edh Dhra",
      "isModern": true,
      "stereo": "child",
      "description": "A major Early Bronze Age archaeological site located near the southeastern shore of the Dead Sea in Jordan. It is a prominent candidate for Sodom or one of the other biblical 'Cities of the Plain' due to evidence of sudden, fiery destruction.",
      "koreanDescription": "요르단 사해 남동쪽 해안 근처에 위치한 주요 초기 청동기 시대의 고고학 유적지입니다. \n급작스러운 화재 파괴의 증거가 발견되어 성경 속 도시 소돔(Sodom) 또는 평지 성읍 중 하나의 유력한 후보지로 꼽힙니다.",
      "imageTitle": "m713b74.id0e0aa.jpg",
      "types": ["settlement"],
      "geojsonText": "{\"bbox\":[35.52248,31.24828,35.52353,31.24918],\"features\":[{\"geometry\":{\"coordinates\":[35.523005,31.248729],\"type\":\"Point\"},\"properties\":{\"id\":\"m713b74.point\",\"role\":\"point\"},\"type\":\"Feature\"},{\"geometry\":{\"coordinates\":[[[35.52301,31.24918],[35.52295,31.24918],[35.5229,31.24917],[35.52284,31.24916],[35.52279,31.24914],[35.52274,31.24912],[35.5227,31.24909],[35.52265,31.24906],[35.52261,31.24903],[35.52258,31.24899],[35.52255,31.24895],[35.52252,31.24891],[35.5225,31.24887],[35.52249,31.24882],[35.52248,31.24878],[35.52248,31.24873],[35.52248,31.24868],[35.52249,31.24864],[35.5225,31.24859],[35.52252,31.24855],[35.52255,31.2485],[35.52258,31.24846],[35.52261,31.24843],[35.52265,31.24839],[35.5227,31.24837],[35.52274,31.24834],[35.52279,31.24832],[35.52284,31.2483],[35.5229,31.24829],[35.52295,31.24828],[35.52301,31.24828],[35.52306,31.24828],[35.52311,31.24829],[35.52317,31.2483],[35.52322,31.24832],[35.52327,31.24834],[35.52331,31.24837],[35.52336,31.24839],[35.5234,31.24843],[35.52343,31.24846],[35.52346,31.2485],[35.52349,31.24855],[35.52351,31.24859],[35.52352,31.24864],[35.52353,31.24868],[35.52353,31.24873],[35.52353,31.24878],[35.52352,31.24882],[35.52351,31.24887],[35.52349,31.24891],[35.52346,31.24895],[35.52343,31.24899],[35.5234,31.24903],[35.52336,31.24906],[35.52331,31.24909],[35.52327,31.24912],[35.52322,31.24914],[35.52317,31.24916],[35.52311,31.24917],[35.52306,31.24918],[35.52301,31.24918]]],\"type\":\"Polygon\"},\"properties\":{\"id\":\"g369c51.precision_radius\",\"land_or_water\":\"land\",\"role\":\"precision_radius\"},\"type\":\"Feature\"}],\"metadata\":{\"class\":\"human\",\"land_or_water\":\"land\",\"name\":\"Bab edh Dhra\",\"type\":\"settlement\"},\"type\":\"FeatureCollection\"}",
      "anotherNames": "Bab edh Dra",
      "koreanName": "밥 에드 드라",
      "anotherKoreanNames": "밥 에드 드라"
    },
    {
      "id": "m56a09d",
      "name": "North of the Dead Sea",
      "isModern": true,
      "stereo": "child",
      "description": "A geographical region encompassing the area immediately north of the Dead Sea, including the fertile Jordan River plain (Ha-Kikkar). \nThis region is associated with the Northern Dead Sea Hypothesis for the location of Sodom (a0aa664) and the other Cities of the Plain.",
      "koreanDescription": "사해 북부 지역, 즉 요단강의 비옥한 평야(하-키카르)를 포함하는 지리적 지역입니다. \n소돔(Sodom)과 평지 성읍의 위치를 사해 북쪽으로 보는 가설과 관련된 현대 지명입니다.",
      "imageTitle": "m56a09d.i7f1cd9.jpg",
      "types": ["region"],
      "geojsonText": "{\"bbox\":[35.377756,31.738839,35.701387,32.0442],\"features\":[{\"geometry\":{\"coordinates\":[35.595278,31.795],\"type\":\"Point\"},\"properties\":{\"id\":\"m56a09d.representative_point\",\"role\":\"representative_point\"},\"type\":\"Feature\"},{\"geometry\":{\"coordinates\":[[[35.641497,31.738839],[35.701387,31.844513],[35.595213,31.965858],[35.605654,32.028979],[35.473661,32.0442],[35.447941,31.960009],[35.398864,31.951947],[35.377756,31.918242],[35.421166,31.893264],[35.430094,31.847714],[35.454051,31.779867],[35.494221,31.751456],[35.641497,31.738839]]],\"type\":\"Polygon\"},\"properties\":{\"id\":\"gfca720.geometry\",\"land_or_water\":\"land\",\"role\":\"geometry\"},\"type\":\"Feature\"}],\"metadata\":{\"class\":\"natural\",\"land_or_water\":\"land\",\"name\":\"north of the Dead Sea\",\"type\":\"region\"},\"type\":\"FeatureCollection\"}",
      "anotherNames": null,
      "koreanName": "사해 북부",
      "anotherKoreanNames": null
    },
    {
      "id": "m37a078",
      "name": "Tall el Hammam",
      "isModern": true,
      "stereo": "child",
      "description": "A large archaeological tell located in the Jordan Valley, northeast of the Dead Sea. It is considered a strong candidate for the biblical city of Sodom (a0aa664) based on the Northern Dead Sea Hypothesis and evidence of catastrophic destruction.",
      "koreanDescription": "요단 계곡, 사해 북동쪽에 위치한 거대한 고고학적 텔입니다. \n사해 북부 가설에 따라 성경 속 소돔(Sodom)의 위치로 가장 유력한 후보지 중 하나로 꼽히며, 대재앙적인 파괴의 증거가 발견되었습니다.",
      "imageTitle": "m37a078.ic74ccf.jpg",
      "types": ["settlement"],
      "geojsonText": "{\"bbox\":[35.673034,31.839567,35.67537,31.841386],\"features\":[{\"geometry\":{\"coordinates\":[35.67368,31.84018],\"type\":\"Point\"},\"properties\":{\"id\":\"m37a078.point\",\"role\":\"point\"},\"type\":\"Feature\"},{\"geometry\":{\"coordinates\":[[[35.674952,31.841386],[35.674812,31.841381],[35.674142,31.840994],[35.673903,31.840584],[35.673632,31.84041],[35.673415,31.840044],[35.673034,31.839729],[35.673082,31.83962],[35.67323,31.839567],[35.673442,31.839602],[35.67404,31.840064],[35.675177,31.8409],[35.67537,31.841144],[35.675145,31.84124],[35.675067,31.841301],[35.674952,31.841386]]],\"type\":\"Polygon\"},\"properties\":{\"id\":\"g27508a.local\",\"land_or_water\":\"land\",\"role\":\"local\"},\"type\":\"Feature\"},{\"geometry\":{\"coordinates\":[[[35.67368,31.84063],[35.67362,31.84063],[35.67357,31.84062],[35.67352,31.84061],[35.67346,31.84059],[35.67342,31.84057],[35.67337,31.84054],[35.67333,31.84051],[35.67329,31.84048],[35.67325,31.84044],[35.67322,31.8404],[35.6732,31.84036],[35.67318,31.84032],[35.67316,31.84027],[35.67315,31.84023],[35.67315,31.84018],[35.67315,31.84013],[35.67316,31.84009],[35.67318,31.84004],[35.6732,31.84],[35.67322,31.83996],[35.67325,31.83992],[35.67329,31.83988],[35.67333,31.83985],[35.67337,31.83982],[35.67342,31.83979],[35.67346,31.83977],[35.67352,31.83975],[35.67357,31.83974],[35.67362,31.83973],[35.67368,31.83973],[35.67374,31.83973],[35.67379,31.83974],[35.67384,31.83975],[35.6739,31.83977],[35.67394,31.83979],[35.67399,31.83982],[35.67403,31.83985],[35.67407,31.83988],[35.67411,31.83992],[35.67414,31.83996],[35.67416,31.84],[35.67418,31.84004],[35.6742,31.84009],[35.67421,31.84013],[35.67421,31.84018],[35.67421,31.84023],[35.6742,31.84027],[35.67418,31.84032],[35.67416,31.84036],[35.67414,31.8404],[35.67411,31.84044],[35.67407,31.84048],[35.67403,31.84051],[35.67399,31.84054],[35.67394,31.84057],[35.6739,31.84059],[35.67384,31.84061],[35.67379,31.84062],[35.67374,31.84063],[35.67368,31.84063]]],\"type\":\"Polygon\"},\"properties\":{\"id\":\"ge51796.precision_radius\",\"land_or_water\":\"land\",\"role\":\"precision_radius\"},\"type\":\"Feature\"}],\"metadata\":{\"class\":\"human\",\"geometry_credit\":\"Some data © OpenStreetMap contributors\",\"land_or_water\":\"land\",\"name\":\"Tall el Hammam\",\"type\":\"settlement\"},\"type\":\"FeatureCollection\"}",
      "anotherNames": null,
      "koreanName": "탈 엘 함맘",
      "anotherKoreanNames": null
    },
    {
      "id": "m9c42da",
      "name": "Numeira",
      "isModern": true,
      "stereo": "child",
      "description": "An archaeological site near the southeastern Dead Sea shore in Jordan, located a few kilometers south of Bab edh-Dhra. It is often identified as Gomorrah or one of the Cities of the Plain destroyed with Sodom (a0aa664), showing signs of destruction by fire.",
      "koreanDescription": "요르단 사해 남동쪽 해안, 밥 에드 드라(Bab edh Dhra)에서 남쪽으로 수 킬로미터 떨어진 고고학 유적지입니다. \n소돔과 함께 멸망한 평지 성읍(고모라 등) 중 하나로 추정되며, 화재에 의한 파괴 흔적이 발견되었습니다.",
      "imageTitle": "m9c42da.ib38738.jpg",
      "types": ["settlement"],
      "geojsonText": "{\"bbox\":[35.52884,31.12931,35.52989,31.13021],\"features\":[{\"geometry\":{\"coordinates\":[35.529368,31.129757],\"type\":\"Point\"},\"properties\":{\"id\":\"m9c42da.point\",\"role\":\"point\"},\"type\":\"Feature\"},{\"geometry\":{\"coordinates\":[[[35.52937,31.13021],[35.52931,31.1302],[35.52926,31.1302],[35.52921,31.13018],[35.52915,31.13017],[35.52911,31.13015],[35.52906,31.13012],[35.52902,31.13009],[35.52898,31.13006],[35.52894,31.13002],[35.52891,31.12998],[35.52889,31.12994],[35.52887,31.1299],[35.52885,31.12985],[35.52885,31.1298],[35.52884,31.12976],[35.52885,31.12971],[35.52885,31.12966],[35.52887,31.12962],[35.52889,31.12957],[35.52891,31.12953],[35.52894,31.12949],[35.52898,31.12946],[35.52902,31.12942],[35.52906,31.12939],[35.52911,31.12937],[35.52915,31.12935],[35.52921,31.12933],[35.52926,31.12932],[35.52931,31.12931],[35.52937,31.12931],[35.52942,31.12931],[35.52948,31.12932],[35.52953,31.12933],[35.52958,31.12935],[35.52963,31.12937],[35.52968,31.12939],[35.52972,31.12942],[35.52976,31.12946],[35.52979,31.12949],[35.52982,31.12953],[35.52985,31.12957],[35.52987,31.12962],[35.52988,31.12966],[35.52989,31.12971],[35.52989,31.12976],[35.52989,31.1298],[35.52988,31.12985],[35.52987,31.1299],[35.52985,31.12994],[35.52982,31.12998],[35.52979,31.13002],[35.52976,31.13006],[35.52972,31.13009],[35.52968,31.13012],[35.52963,31.13015],[35.52958,31.13017],[35.52953,31.13018],[35.52948,31.1302],[35.52942,31.1302],[35.52937,31.13021]]],\"type\":\"Polygon\"},\"properties\":{\"id\":\"ga1367b.precision_radius\",\"land_or_water\":\"land\",\"role\":\"precision_radius\"},\"type\":\"Feature\"}],\"metadata\":{\"class\":\"human\",\"land_or_water\":\"land\",\"name\":\"Numeira\",\"type\":\"settlement\"},\"type\":\"FeatureCollection\"}",
      "anotherNames": null,
      "koreanName": "누메이라",
      "anotherKoreanNames": null
    },
    {
      "id": "m66c5b8",
      "name": "Jerusalem",
      "isModern": true,
      "stereo": "child",
      "description": "The capital of ancient Judah and modern Israel, and a holy city for Judaism, Christianity, and Islam. \nIn biblical times, it contained the Temple Mount, where Solomon's Portico (a47c817) and the South Gate (a092025) were located.",
      "koreanDescription": "고대 유다 왕국의 수도이자 현대 이스라엘의 수도이며, 유대교, 기독교, 이슬람교의 성지입니다. \n솔로몬 행각(Solomon’s Portico)과 남문(South Gate)을 비롯한 수많은 성경적 사건의 무대였던 성전산이 이곳에 있었습니다.",
      "imageTitle": "m66c5b8.i6449a7.jpg",
      "types": ["settlement"],
      "geojsonText": "{\"bbox\":[35.225701,31.772808,35.237558,31.783742],\"features\":[{\"geometry\":{\"coordinates\":[35.234167,31.776667],\"type\":\"Point\"},\"properties\":{\"id\":\"m66c5b8.point\",\"role\":\"point\"},\"type\":\"Feature\"},{\"geometry\":{\"coordinates\":[[[35.227657,31.776599],[35.227747,31.776508],[35.227659,31.776394],[35.227825,31.776289],[35.227753,31.775875],[35.227642,31.775883],[35.227618,31.775624],[35.227772,31.775611],[35.227848,31.775599],[35.227849,31.775535],[35.227847,31.775424],[35.227806,31.774544],[35.227729,31.774545],[35.22773,31.774387],[35.22779,31.774376],[35.227778,31.774048],[35.227782,31.773881],[35.227836,31.773872],[35.227858,31.773486],[35.227791,31.773485],[35.227794,31.77336],[35.227865,31.773336],[35.22787,31.773082],[35.227819,31.773084],[35.22782,31.772896],[35.228621,31.772903],[35.229503,31.772898],[35.229592,31.772872],[35.229638,31.772857],[35.229742,31.772823],[35.229792,31.772808],[35.230644,31.772943],[35.230646,31.772918],[35.230707,31.772927],[35.230773,31.772936],[35.230772,31.772966],[35.231011,31.773026],[35.231003,31.77306],[35.231499,31.773154],[35.231483,31.773234],[35.232293,31.773404],[35.23234,31.773362],[35.232427,31.773437],[35.23238,31.773479],[35.23242,31.773833],[35.232459,31.773913],[35.232517,31.773913],[35.232535,31.774013],[35.233242,31.774283],[35.233551,31.774736],[35.233704,31.774761],[35.233848,31.774781],[35.234179,31.774828],[35.235563,31.775017],[35.235767,31.775046],[35.23572,31.77531],[35.235672,31.775582],[35.235771,31.775594],[35.235759,31.775672],[35.235843,31.775681],[35.235812,31.775846],[35.23624,31.775911],[35.23653,31.775954],[35.237558,31.7761],[35.237298,31.778181],[35.237292,31.778227],[35.237209,31.778892],[35.237235,31.778894],[35.237218,31.779043],[35.237191,31.779041],[35.23719,31.779052],[35.237154,31.779343],[35.23714,31.779461],[35.237062,31.78007],[35.237088,31.780073],[35.237085,31.780094],[35.237056,31.780297],[35.237014,31.780728],[35.236999,31.780797],[35.236976,31.780907],[35.236961,31.780973],[35.236918,31.781381],[35.236999,31.781391],[35.236982,31.781533],[35.236931,31.781529],[35.236915,31.781703],[35.236964,31.781709],[35.236928,31.78197],[35.236965,31.78197],[35.236956,31.782097],[35.236927,31.782096],[35.236907,31.782264],[35.236953,31.782268],[35.236944,31.782362],[35.236895,31.782359],[35.236809,31.783188],[35.236712,31.783628],[35.236817,31.783648],[35.236792,31.783742],[35.236687,31.783722],[35.236691,31.783697],[35.236318,31.783629],[35.236306,31.783671],[35.236225,31.783657],[35.236227,31.78362],[35.235913,31.783553],[35.235908,31.783579],[35.235839,31.783565],[35.235848,31.78354],[35.235445,31.783448],[35.235443,31.783456],[35.235137,31.783383],[35.235125,31.78342],[35.235017,31.783394],[35.23503,31.783353],[35.234933,31.783327],[35.234972,31.783237],[35.234743,31.783195],[35.234724,31.783232],[35.234557,31.78319],[35.234552,31.783152],[35.233739,31.782979],[35.233725,31.783022],[35.233611,31.782996],[35.233626,31.782947],[35.233061,31.782816],[35.233045,31.782862],[35.232924,31.782847],[35.232926,31.782763],[35.232536,31.782697],[35.232511,31.782542],[35.232177,31.782489],[35.231864,31.782508],[35.231792,31.78258],[35.231637,31.782555],[35.231589,31.782585],[35.2313,31.782492],[35.231251,31.782425],[35.23105,31.78231],[35.231087,31.78227],[35.230952,31.782181],[35.230921,31.782215],[35.230846,31.782165],[35.23091,31.78209],[35.230745,31.781977],[35.230771,31.78194],[35.230558,31.781784],[35.230533,31.781808],[35.230496,31.781843],[35.230391,31.781763],[35.230432,31.781724],[35.230393,31.781695],[35.23035,31.781662],[35.230303,31.781627],[35.230276,31.781606],[35.230233,31.781647],[35.230134,31.781572],[35.230196,31.781513],[35.229897,31.781289],[35.229808,31.781363],[35.229702,31.78128],[35.229673,31.781302],[35.2295,31.781176],[35.229568,31.781111],[35.229465,31.781022],[35.229496,31.780984],[35.228562,31.780281],[35.228517,31.780306],[35.228397,31.780217],[35.228425,31.780181],[35.228198,31.77999],[35.228165,31.780013],[35.228074,31.779955],[35.228101,31.779928],[35.22775,31.779661],[35.227458,31.779963],[35.22688,31.779603],[35.226831,31.779646],[35.226419,31.779403],[35.226215,31.77931],[35.226086,31.779249],[35.226044,31.779314],[35.225883,31.779211],[35.226176,31.778899],[35.225701,31.778412],[35.22588,31.778287],[35.225868,31.77815],[35.225926,31.778132],[35.225926,31.778046],[35.227419,31.77679],[35.227578,31.776657],[35.227544,31.776628],[35.227503,31.776595],[35.227574,31.776528],[35.227657,31.776599]]],\"type\":\"Polygon\"},\"properties\":{\"id\":\"g1c795f.local\",\"land_or_water\":\"land\",\"role\":\"local\"},\"type\":\"Feature\"},{\"geometry\":{\"coordinates\":[[[35.227657,31.776599],[35.227747,31.776508],[35.227659,31.776394],[35.227825,31.776289],[35.227753,31.775875],[35.227642,31.775883],[35.227618,31.775624],[35.227848,31.775599],[35.227806,31.774544],[35.227729,31.774545],[35.227858,31.773486],[35.227791,31.773485],[35.227794,31.77336],[35.227865,31.773336],[35.22782,31.772896],[35.229503,31.772898],[35.229792,31.772808],[35.230773,31.772936],[35.231003,31.77306],[35.231499,31.773154],[35.231483,31.773234],[35.232293,31.773404],[35.23234,31.773362],[35.232427,31.773437],[35.23238,31.773479],[35.23242,31.773833],[35.232535,31.774013],[35.233242,31.774283],[35.233551,31.774736],[35.235767,31.775046],[35.235672,31.775582],[35.235843,31.775681],[35.235812,31.775846],[35.237558,31.7761],[35.236918,31.781381],[35.236999,31.781391],[35.236915,31.781703],[35.236964,31.781709],[35.236907,31.782264],[35.236953,31.782268],[35.236712,31.783628],[35.236817,31.783648],[35.236792,31.783742],[35.235017,31.783394],[35.234933,31.783327],[35.234972,31.783237],[35.234724,31.783232],[35.233739,31.782979],[35.233725,31.783022],[35.233611,31.782996],[35.233626,31.782947],[35.233061,31.782816],[35.232924,31.782847],[35.232926,31.782763],[35.232536,31.782697],[35.232511,31.782542],[35.232177,31.782489],[35.231589,31.782585],[35.2313,31.782492],[35.23105,31.78231],[35.231087,31.78227],[35.230846,31.782165],[35.23091,31.78209],[35.230745,31.781977],[35.230771,31.78194],[35.230558,31.781784],[35.230496,31.781843],[35.230276,31.781606],[35.230233,31.781647],[35.230134,31.781572],[35.230196,31.781513],[35.229897,31.781289],[35.229808,31.781363],[35.2295,31.781176],[35.229568,31.781111],[35.229465,31.781022],[35.229496,31.780984],[35.228562,31.780281],[35.228397,31.780217],[35.228425,31.780181],[35.22775,31.779661],[35.227458,31.779963],[35.22688,31.779603],[35.226831,31.779646],[35.226086,31.779249],[35.226044,31.779314],[35.225883,31.779211],[35.226176,31.778899],[35.225701,31.778412],[35.22588,31.778287],[35.225926,31.778046],[35.227578,31.776657],[35.227503,31.776595],[35.227574,31.776528],[35.227657,31.776599]]],\"type\":\"Polygon\"},\"properties\":{\"id\":\"g1c795f.simplified_local\",\"land_or_water\":\"land\",\"role\":\"simplified_local\"},\"type\":\"Feature\"},{\"geometry\":{\"coordinates\":[[[35.23417,31.77892],[35.23389,31.7789],[35.23362,31.77887],[35.23335,31.77881],[35.23309,31.77872],[35.23284,31.77861],[35.23261,31.77849],[35.2324,31.77834],[35.2322,31.77817],[35.23203,31.77799],[35.23188,31.77779],[35.23175,31.77758],[35.23165,31.77736],[35.23158,31.77713],[35.23154,31.7769],[35.23152,31.77667],[35.23154,31.77643],[35.23158,31.7762],[35.23165,31.77597],[35.23175,31.77575],[35.23188,31.77554],[35.23203,31.77535],[35.2322,31.77516],[35.2324,31.775],[35.23261,31.77485],[35.23284,31.77472],[35.23309,31.77461],[35.23335,31.77453],[35.23362,31.77447],[35.23389,31.77443],[35.23417,31.77442],[35.23444,31.77443],[35.23472,31.77447],[35.23498,31.77453],[35.23524,31.77461],[35.23549,31.77472],[35.23572,31.77485],[35.23594,31.775],[35.23613,31.77516],[35.23631,31.77535],[35.23646,31.77554],[35.23658,31.77575],[35.23668,31.77597],[35.23675,31.7762],[35.2368,31.77643],[35.23681,31.77667],[35.2368,31.7769],[35.23675,31.77713],[35.23668,31.77736],[35.23658,31.77758],[35.23646,31.77779],[35.23631,31.77799],[35.23613,31.77817],[35.23594,31.77834],[35.23572,31.77849],[35.23549,31.77861],[35.23524,31.77872],[35.23498,31.77881],[35.23472,31.77887],[35.23444,31.7789],[35.23417,31.77892]]],\"type\":\"Polygon\"},\"properties\":{\"id\":\"gd974ad.precision_radius\",\"land_or_water\":\"land\",\"role\":\"precision_radius\"},\"type\":\"Feature\"}],\"metadata\":{\"class\":\"human\",\"geometry_credit\":\"Some data © OpenStreetMap contributors\",\"land_or_water\":\"land\",\"name\":\"Jerusalem\",\"type\":\"settlement\"},\"type\":\"FeatureCollection\"}",
      "anotherNames": null,
      "koreanName": "예루살렘",
      "anotherKoreanNames": null
    },
    {
      "id": "m392188",
      "name": "Tel Beer Sheva",
      "isModern": true,
      "stereo": "child",
      "description": "An archaeological tell and Israeli National Park in the northern Negev desert. \nIt is identified as the site of the biblical city of Beer-sheba, a major center in the 'South' (a2d4170) and frequently mentioned in the phrase 'from Dan to Beer-sheba.'",
      "koreanDescription": "이스라엘 네게브 사막 북부에 있는 고고학적 텔이자 국립공원입니다. \n성경에 나오는 브엘세바 성읍의 유적지로, '단에서 브엘세바까지'라는 표현으로 자주 언급되는 '남방'(South 1) 지역의 주요 중심지였습니다.",
      "imageTitle": "m392188.iae4b38.jpg",
      "types": ["settlement"],
      "geojsonText": "{\"bbox\":[34.839549,31.244081,34.842236,31.247004],\"features\":[{\"geometry\":{\"coordinates\":[34.840833,31.244722],\"type\":\"Point\"},\"properties\":{\"id\":\"m392188.point\",\"role\":\"point\"},\"type\":\"Feature\"},{\"geometry\":{\"coordinates\":[[[34.84152,31.246925],[34.841139,31.246329],[34.840833,31.245838],[34.84047,31.245802],[34.840055,31.245604],[34.839549,31.245395],[34.839614,31.24495],[34.839803,31.244305],[34.840436,31.244081],[34.841144,31.244192],[34.841494,31.244592],[34.841815,31.245666],[34.841993,31.246056],[34.842134,31.246461],[34.842236,31.246504],[34.842236,31.246628],[34.842236,31.247004],[34.84152,31.246925]]],\"type\":\"Polygon\"},\"properties\":{\"id\":\"gd9b586.local\",\"land_or_water\":\"land\",\"role\":\"local\"},\"type\":\"Feature\"}],\"metadata\":{\"class\":\"human\",\"geometry_credit\":\"Some data © OpenStreetMap contributors\",\"land_or_water\":\"land\",\"name\":\"Tel Beer Sheva\",\"type\":\"settlement\"},\"type\":\"FeatureCollection\"}",
      "anotherNames": "Tell el Imshash, Tell el Masah, Tell es Sab, Tell es Saba, Tell es Seba",
      "koreanName": "텔 브엘세바",
      "anotherKoreanNames": "텔 엘 임샤시, 텔 엘 마사, 텔 에스 삽, 텔 에스 사바, 텔 에스 세바"
    },
    {
      "id": "m06de45",
      "name": "Sheba",
      "isModern": true,
      "stereo": "child",
      "description": "The ancient kingdom of Sheba (Saba), believed to be the home of the Queen of the South (a422f1c). \nThe region's wealth and fame are mentioned in connection with her visit to King Solomon. It was located in the Arabian Peninsula, likely modern-day Yemen.",
      "koreanDescription": "'남방 여왕'(Queen of the South)의 고향으로 알려진 고대 스바(Saba) 왕국입니다. \n이 지역의 부와 명성은 솔로몬 왕을 방문한 여왕 이야기와 함께 언급됩니다. 아라비아 반도, 현재의 예멘 지역에 위치했던 것으로 추정됩니다.",
      "imageTitle": "m06de45.i91c219.jpg",
      "types": ["region"],
      "geojsonText": "{\"bbox\":[43.22383,13.48129,48.73444,16.23667],\"features\":[{\"geometry\":{\"coordinates\":[44.206389,15.348333],\"type\":\"Point\"},\"properties\":{\"id\":\"m06de45.representative_point\",\"role\":\"representative_point\"},\"type\":\"Feature\"},{\"geometry\":{\"coordinates\":[[[[43.96851,16.09165],[43.37276,15.94663],[43.22383,15.36655],[43.22383,15.22153],[43.5217,13.91635],[43.96851,13.48129],[44.11744,13.48129],[44.41531,13.48129],[44.56425,13.48129],[44.71318,13.48129],[44.86212,13.48129],[45.01105,13.48129],[46.50041,13.91635],[48.43657,14.93149],[48.73444,15.94663],[48.43657,16.23667],[48.28764,16.23667],[48.1387,16.23667],[47.98976,16.23667],[47.84083,16.23667],[47.69189,16.23667],[47.54296,16.23667],[47.39402,16.23667],[47.24509,16.23667],[47.09615,16.23667],[46.94722,16.23667],[46.79828,16.23667],[46.64934,16.23667],[46.50041,16.23667],[43.96851,16.09165]]],[[[43.37276,14.93149],[43.5217,14.06137],[43.67064,13.91635],[44.26638,13.62631],[44.41531,13.62631],[46.50041,14.06137],[48.28764,14.93149],[48.43657,15.94663],[47.84083,16.09165],[47.69189,16.09165],[47.54296,16.09165],[47.39402,16.09165],[47.24509,16.09165],[47.09615,16.09165],[46.94722,16.09165],[46.79828,16.09165],[46.64934,16.09165],[46.50041,16.09165],[43.5217,15.94663],[43.37276,15.65659],[43.37276,15.51157],[43.37276,15.36655],[43.37276,15.22153],[43.37276,15.07651],[43.37276,14.93149]]],[[[43.37276,15.07651],[43.37276,14.93149],[43.5217,14.49643],[43.67064,14.20639],[43.81957,13.91635],[43.96851,13.91635],[44.11744,13.91635],[44.26638,13.91635],[44.41531,13.91635],[44.56425,13.91635],[44.71318,13.91635],[44.86212,13.91635],[45.01105,13.91635],[45.15999,13.91635],[45.30893,13.91635],[46.50041,14.20639],[47.69189,14.93149],[47.84083,15.07651],[47.84083,15.22153],[47.84083,15.36655],[47.84083,15.51157],[47.84083,15.65659],[47.84083,15.80161],[47.84083,15.94663],[47.69189,15.94663],[47.54296,15.94663],[47.39402,15.94663],[47.24509,15.94663],[47.09615,15.94663],[46.94722,15.94663],[46.79828,15.94663],[46.64934,15.94663],[46.50041,15.94663],[46.35147,15.94663],[46.20254,15.94663],[46.0536,15.94663],[45.90467,15.94663],[45.75573,15.94663],[45.6068,15.94663],[45.45786,15.94663],[45.30893,15.94663],[45.15999,15.94663],[45.01105,15.94663],[44.86212,15.94663],[44.71318,15.94663],[44.56425,15.94663],[44.41531,15.94663],[44.26638,15.94663],[44.11744,15.94663],[43.96851,15.94663],[43.81957,15.94663],[43.67064,15.94663],[43.5217,15.94663],[43.37276,15.65659],[43.37276,15.51157],[43.37276,15.36655],[43.37276,15.22153],[43.37276,15.07651]]],[[[43.5217,14.49643],[43.81957,14.20639],[44.11744,13.91635],[44.26638,13.91635],[44.41531,13.91635],[47.24509,14.93149],[47.24509,15.07651],[47.24509,15.22153],[47.24509,15.36655],[46.35147,15.80161],[45.75573,15.94663],[45.6068,15.94663],[45.45786,15.94663],[45.30893,15.94663],[45.15999,15.94663],[45.01105,15.94663],[44.86212,15.94663],[44.71318,15.94663],[44.11744,15.94663],[43.96851,15.94663],[43.81957,15.94663],[43.5217,15.80161],[43.37276,15.51157],[43.37276,15.36655],[43.37276,15.22153],[43.37276,15.07651],[43.37276,14.93149],[43.5217,14.49643]]],[[[43.81957,15.80161],[43.5217,15.65659],[43.37276,15.36655],[43.37276,15.22153],[43.37276,15.07651],[43.67064,14.49643],[43.96851,14.20639],[44.11744,14.20639],[44.26638,14.20639],[46.50041,14.93149],[46.50041,15.07651],[46.50041,15.22153],[46.50041,15.36655],[46.20254,15.65659],[46.0536,15.80161],[45.90467,15.80161],[45.75573,15.80161],[45.6068,15.80161],[45.45786,15.80161],[45.30893,15.80161],[45.15999,15.80161],[45.01105,15.80161],[44.86212,15.80161],[44.71318,15.80161],[44.26638,15.80161],[44.11744,15.80161],[43.96851,15.80161],[43.81957,15.80161]]],[[[43.5217,14.93149],[43.81957,14.49643],[43.96851,14.49643],[44.11744,14.49643],[44.26638,14.49643],[46.35147,14.93149],[46.35147,15.07651],[46.35147,15.22153],[46.35147,15.36655],[46.0536,15.65659],[45.75573,15.80161],[45.6068,15.80161],[45.45786,15.80161],[45.30893,15.80161],[43.67064,15.65659],[43.5217,15.51157],[43.37276,15.36655],[43.5217,14.93149]]],[[[43.81957,15.65659],[43.5217,15.51157],[43.5217,15.36655],[43.5217,15.22153],[43.5217,15.07651],[43.5217,14.93149],[43.81957,14.49643],[43.96851,14.49643],[44.11744,14.49643],[46.20254,14.93149],[46.20254,15.07651],[46.20254,15.22153],[46.20254,15.36655],[45.15999,15.51157],[44.26638,15.65659],[44.11744,15.65659],[43.96851,15.65659],[43.81957,15.65659]]],[[[43.81957,15.51157],[43.67064,15.51157],[43.5217,15.36655],[43.5217,15.22153],[43.5217,15.07651],[43.67064,14.93149],[43.81957,14.78647],[43.96851,14.78647],[44.11744,14.78647],[44.71318,14.78647],[44.86212,14.78647],[46.0536,14.93149],[46.0536,15.07651],[46.0536,15.22153],[46.0536,15.36655],[44.41531,15.51157],[44.26638,15.51157],[44.11744,15.51157],[43.96851,15.51157],[43.81957,15.51157]]],[[[43.81957,15.51157],[43.67064,15.36655],[43.5217,15.07651],[43.67064,14.93149],[43.81957,14.93149],[43.96851,14.93149],[44.11744,14.93149],[44.26638,14.93149],[44.41531,14.93149],[44.56425,14.93149],[44.71318,14.93149],[44.86212,14.93149],[45.01105,14.93149],[45.15999,14.93149],[45.30893,14.93149],[45.45786,14.93149],[45.6068,14.93149],[45.75573,14.93149],[45.75573,15.07651],[45.15999,15.36655],[43.81957,15.51157]]]],\"type\":\"MultiPolygon\"},\"properties\":{\"format\":\"isobands\",\"id\":\"g718940.isobands\",\"land_or_water\":\"land\",\"max_confidence\":90,\"min_confidence\":10,\"role\":\"isobands\"},\"type\":\"Feature\"}],\"metadata\":{\"class\":\"human\",\"land_or_water\":\"land\",\"name\":\"Sheba\",\"type\":\"region\"},\"type\":\"FeatureCollection\"}",
      "anotherNames": null,
      "koreanName": "스바",
      "anotherKoreanNames": null
    },
    {
      "id": "m363196",
      "name": "Alexandria",
      "isModern": true,
      "stereo": "child",
      "description": "A major port city in Egypt, founded by Alexander the Great. \nIn the prophecies of Daniel 11 (South 3), it was the capital and power base of the Ptolemaic dynasty, the 'King of the South,' who frequently contended with the Seleucid 'King of the North.'",
      "koreanDescription": "이집트의 주요 항구 도시로, 알렉산더 대왕에 의해 건설되었습니다. \n다니엘 11장의 예언(남방 3)에서 '남방 왕'으로 불린 프톨레마이오스 왕조의 수도이자 거점이었으며, 북방 왕인 셀레우코스 왕조와 끊임없이 대립했습니다.",
      "imageTitle": "m363196.i70a752.jpg",
      "types": ["settlement"],
      "geojsonText": "{\"bbox\":[29.895417,31.181256,29.897211,31.183085],\"features\":[{\"geometry\":{\"coordinates\":[29.8965,31.1825],\"type\":\"Point\"},\"properties\":{\"id\":\"m363196.point\",\"role\":\"point\"},\"type\":\"Feature\"},{\"geometry\":{\"coordinates\":[[[29.897083,31.183085],[29.895592,31.182707],[29.895417,31.182519],[29.895538,31.18249],[29.896164,31.181388],[29.896542,31.181256],[29.896851,31.181366],[29.897177,31.18166],[29.897211,31.182225],[29.897048,31.18296],[29.897083,31.183085]]],\"type\":\"Polygon\"},\"properties\":{\"id\":\"g2ae082.local\",\"land_or_water\":\"land\",\"role\":\"local\"},\"type\":\"Feature\"}],\"metadata\":{\"class\":\"human\",\"geometry_credit\":\"Some data © OpenStreetMap contributors\",\"land_or_water\":\"land\",\"name\":\"Alexandria\",\"type\":\"settlement\"},\"type\":\"FeatureCollection\"}",
      "anotherNames": null,
      "koreanName": "알렉산드리아",
      "anotherKoreanNames": null
    },
    {
      "id": "m6581f3",
      "name": "Hispania (ancient name)",
      "isModern": true,
      "stereo": "child",
      "description": "The historical name used by the Romans for the Iberian Peninsula, which includes modern-day Spain and Portugal. \nThis is the geographical area the Apostle Paul intended to visit for missionary work, as mentioned in his letter to the Romans (Romans 15:24, 28).",
      "koreanDescription": "현대의 스페인과 포르투갈을 포함하는 이베리아 반도에 대해 로마인들이 사용했던 역사적 명칭입니다. \n사도 바울이 로마서에서 선교를 위해 방문할 의도를 밝혔던 지역(Spain, a3f0f69)의 고대 지명입니다.",
      "imageTitle": "m6581f3.i944e5b.jpg",
      "types": ["region"],
      "geojsonText": "{\"bbox\":[-9.805025,35.915235,3.441922,43.909061],\"features\":[{\"geometry\":{\"coordinates\":[-4.35,40.21],\"type\":\"Point\"},\"properties\":{\"id\":\"m6581f3.representative_point\",\"role\":\"representative_point\"},\"type\":\"Feature\"},{\"geometry\":{\"coordinates\":[[[-1.927994,43.341489],[-3.510451,43.663214],[-7.984571,43.909061],[-9.592818,43.166065],[-8.865002,41.04423],[-9.805025,38.672948],[-9.02412,38.356384],[-9.233945,36.894223],[-7.855718,36.6784],[-7.323612,37.05308],[-6.792985,36.894482],[-5.997221,35.915235],[-5.63588,35.930215],[-5.314237,35.989189],[-4.261698,36.51723],[-2.034662,36.499076],[-1.403817,37.232246],[-0.504093,37.444006],[0.362429,38.74489],[-0.027561,39.330489],[1.238274,40.847495],[3.364906,41.814738],[3.441922,42.317559],[0.236568,42.641819],[-1.927994,43.341489]]],\"type\":\"Polygon\"},\"properties\":{\"id\":\"g504a8f.geometry\",\"land_or_water\":\"land\",\"role\":\"geometry\"},\"type\":\"Feature\"}],\"metadata\":{\"class\":\"human\",\"land_or_water\":\"land\",\"name\":\"Hispania\",\"type\":\"region\"},\"type\":\"FeatureCollection\"}",
      "anotherNames": null,
      "koreanName": "히스파니아 (고대 명칭)",
      "anotherKoreanNames": null
    },
    {
      "id": "mb2d6b9",
      "name": "Straight Street",
      "isModern": true,
      "stereo": "child",
      "description": "The modern-day name of the ancient main east-west street in the Old City of Damascus, Syria (Arabic: Al-Shāriʿ al-Mustaqīm, 'the Straight Street'). \nIt preserves the location of the biblical street (af23dbb) where the conversion of Paul was completed by Ananias (Acts 9:11).",
      "koreanDescription": "시리아 다마스쿠스(다메섹) 구시가지에 있는 고대 동서 주요 도로의 현재 이름입니다. \n사도행전 9장 11절에 언급된 '곧은 거리'(Straight Street)의 위치를 보존하고 있으며, 아나니아가 사도 바울을 만나 그의 눈을 뜨게 했던 장소입니다.",
      "imageTitle": "mb2d6b9.id30dd0.jpg",
      "types": ["road"],
      "geojsonText": "{\"bbox\":[36.301562,33.508393,36.318003,33.50952],\"features\":[{\"geometry\":{\"coordinates\":[36.311389,33.509167],\"type\":\"Point\"},\"properties\":{\"id\":\"mb2d6b9.representative_point\",\"role\":\"representative_point\"},\"type\":\"Feature\"},{\"geometry\":{\"coordinates\":[[36.301562,33.508393],[36.302004,33.508428],[36.30252,33.508463],[36.302987,33.508506],[36.30302,33.508509],[36.303174,33.508521],[36.303507,33.508552],[36.304073,33.508588],[36.304495,33.508624],[36.305285,33.508684],[36.305628,33.508707],[36.306058,33.50874],[36.30639,33.508766],[36.30673,33.508815],[36.306993,33.508832],[36.307559,33.508888],[36.308919,33.509006],[36.309058,33.509024],[36.310119,33.509115],[36.31071,33.509157],[36.310976,33.509203],[36.311012,33.509209],[36.311032,33.509212],[36.311179,33.509236],[36.311284,33.509237],[36.311666,33.509187],[36.31213,33.509199],[36.312747,33.509239],[36.31424,33.509337],[36.314746,33.509372],[36.316006,33.509434],[36.316482,33.509453],[36.317011,33.509485],[36.317674,33.50952],[36.317936,33.509505],[36.317991,33.508848],[36.318003,33.50871]],\"type\":\"LineString\"},\"properties\":{\"id\":\"gbe0d9c.precise\",\"land_or_water\":\"land\",\"role\":\"precise\"},\"type\":\"Feature\"}],\"metadata\":{\"class\":\"human\",\"geometry_credit\":\"Some data © OpenStreetMap contributors\",\"land_or_water\":\"land\",\"name\":\"Straight Street\",\"type\":\"road\"},\"type\":\"FeatureCollection\"}",
      "anotherNames": null,
      "koreanName": "곧은 거리",
      "anotherKoreanNames": null
    },
    {
      "id": "m1123d9",
      "name": "Tell Deir Alla",
      "isModern": true,
      "stereo": "child",
      "description": "A prominent archaeological mound located in the Jordan Valley, Jordan, just north of the Jabbok River. \nIt is widely considered the most probable location for the biblical city of Succoth (a0905b5), known for Jacob's building of booths (Genesis 33:17) and the casting of the Temple's bronze vessels (1 Kings 7:46).",
      "koreanDescription": "요르단 요단 계곡, 얍복강 바로 북쪽에 위치한 저명한 고고학적 텔입니다. \n야곱이 초막을 지었고 (창세기 33:17) 솔로몬 성전의 놋그릇을 주조했던 지역 (열왕기상 7:46)과 관련된 고대 도시 숙곳(Succoth 1)의 가장 유력한 위치로 간주됩니다.",
      "imageTitle": "m1123d9.satellite.jpg",
      "types": ["settlement"],
      "geojsonText": "{\"bbox\":[35.62065,32.19615,35.62171,32.19705],\"features\":[{\"geometry\":{\"coordinates\":[35.62118,32.1966],\"type\":\"Point\"},\"properties\":{\"id\":\"m1123d9.point\",\"role\":\"point\"},\"type\":\"Feature\"},{\"geometry\":{\"coordinates\":[[[35.62118,32.19705],[35.62112,32.19705],[35.62107,32.19704],[35.62102,32.19703],[35.62096,32.19701],[35.62091,32.19699],[35.62087,32.19696],[35.62082,32.19693],[35.62079,32.1969],[35.62075,32.19686],[35.62072,32.19682],[35.62069,32.19678],[35.62067,32.19674],[35.62066,32.19669],[35.62065,32.19665],[35.62065,32.1966],[35.62065,32.19655],[35.62066,32.19651],[35.62067,32.19646],[35.62069,32.19642],[35.62072,32.19638],[35.62075,32.19634],[35.62079,32.1963],[35.62082,32.19627],[35.62087,32.19624],[35.62091,32.19621],[35.62096,32.19619],[35.62102,32.19617],[35.62107,32.19616],[35.62112,32.19615],[35.62118,32.19615],[35.62124,32.19615],[35.62129,32.19616],[35.62134,32.19617],[35.6214,32.19619],[35.62145,32.19621],[35.62149,32.19624],[35.62154,32.19627],[35.62157,32.1963],[35.62161,32.19634],[35.62164,32.19638],[35.62167,32.19642],[35.62169,32.19646],[35.6217,32.19651],[35.62171,32.19655],[35.62171,32.1966],[35.62171,32.19665],[35.6217,32.19669],[35.62169,32.19674],[35.62167,32.19678],[35.62164,32.19682],[35.62161,32.19686],[35.62157,32.1969],[35.62154,32.19693],[35.62149,32.19696],[35.62145,32.19699],[35.6214,32.19701],[35.62134,32.19703],[35.62129,32.19704],[35.62124,32.19705],[35.62118,32.19705]]],\"type\":\"Polygon\"},\"properties\":{\"id\":\"ga05d71.precision_radius\",\"land_or_water\":\"land\",\"role\":\"precision_radius\"},\"type\":\"Feature\"}],\"metadata\":{\"class\":\"human\",\"land_or_water\":\"land\",\"name\":\"Tell Deir Alla\",\"type\":\"settlement\"},\"type\":\"FeatureCollection\"}",
      "anotherNames": "Tall Dayr Alla",
      "koreanName": "텔 데이르 알라",
      "anotherKoreanNames": "탈 다이르 알라"
    },
    {
      "id": "md51198",
      "name": "Tell el Ekhsas",
      "isModern": true,
      "stereo": "child",
      "description": "An archaeological tell in the Jordan Valley, close to Tell Deir Alla. \nIts Arabic name is phonetically similar to the Hebrew word for 'booths,' and some scholars propose it as the biblical site of Succoth (a0905b5).",
      "koreanDescription": "요단 계곡, 텔 데이르 알라와 가까운 곳에 위치한 고고학적 텔입니다. \n아랍어 이름이 히브리어 '초막'(Succoth)과 유사하여, 일부 학자들은 이곳을 성경 속 숙곳(Succoth 1)의 위치로 추정하기도 합니다.",
      "imageTitle": "md51198.satellite.jpg",
      "types": ["settlement"],
      "geojsonText": "{\"bbox\":[35.5913,32.19096,35.59662,32.19546],\"features\":[{\"geometry\":{\"coordinates\":[35.59396,32.19321],\"type\":\"Point\"},\"properties\":{\"id\":\"md51198.point\",\"role\":\"point\"},\"type\":\"Feature\"},{\"geometry\":{\"coordinates\":[[[35.59396,32.19546],[35.59368,32.19545],[35.59341,32.19541],[35.59314,32.19535],[35.59288,32.19526],[35.59263,32.19516],[35.5924,32.19503],[35.59218,32.19488],[35.59199,32.19471],[35.59181,32.19453],[35.59166,32.19433],[35.59153,32.19412],[35.59143,32.1939],[35.59136,32.19368],[35.59132,32.19344],[35.5913,32.19321],[35.59132,32.19297],[35.59136,32.19274],[35.59143,32.19252],[35.59153,32.1923],[35.59166,32.19209],[35.59181,32.19189],[35.59199,32.19171],[35.59218,32.19154],[35.5924,32.19139],[35.59263,32.19126],[35.59288,32.19116],[35.59314,32.19107],[35.59341,32.19101],[35.59368,32.19097],[35.59396,32.19096],[35.59424,32.19097],[35.59451,32.19101],[35.59478,32.19107],[35.59504,32.19116],[35.59529,32.19126],[35.59552,32.19139],[35.59574,32.19154],[35.59593,32.19171],[35.59611,32.19189],[35.59626,32.19209],[35.59639,32.1923],[35.59649,32.19252],[35.59656,32.19274],[35.5966,32.19297],[35.59662,32.19321],[35.5966,32.19344],[35.59656,32.19368],[35.59649,32.1939],[35.59639,32.19412],[35.59626,32.19433],[35.59611,32.19453],[35.59593,32.19471],[35.59574,32.19488],[35.59552,32.19503],[35.59529,32.19516],[35.59504,32.19526],[35.59478,32.19535],[35.59451,32.19541],[35.59424,32.19545],[35.59396,32.19546]]],\"type\":\"Polygon\"},\"properties\":{\"id\":\"gcce13f.precision_radius\",\"land_or_water\":\"land\",\"role\":\"precision_radius\"},\"type\":\"Feature\"}],\"metadata\":{\"class\":\"human\",\"land_or_water\":\"land\",\"name\":\"Tell el Ekhsas\",\"type\":\"settlement\"},\"type\":\"FeatureCollection\"}",
      "anotherNames": "El Khesas, Tall al Khisas",
      "koreanName": "텔 엘 에크사스",
      "anotherKoreanNames": "엘 케사스, 탈 알 키사스"
    }
  ],
  "relations": [
    { "parentId": "a422f1c", "childId": "m06de45", "possibility": 100 },
    { "parentId": "a64ff72", "childId": "m6c43bf", "possibility": 80 },
    { "parentId": "a2d4170", "childId": "m392188", "possibility": 100 },
    { "parentId": "a47c817", "childId": "m66c5b8", "possibility": 100 },
    { "parentId": "a0aa664", "childId": "m3edbe2", "possibility": 45 },
    { "parentId": "a0aa664", "childId": "m713b74", "possibility": 15 },
    { "parentId": "a0aa664", "childId": "m56a09d", "possibility": 10 },
    { "parentId": "a0aa664", "childId": "m37a078", "possibility": 10 },
    { "parentId": "a0aa664", "childId": "m9c42da", "possibility": 10 },
    { "parentId": "a1c0469", "childId": "m363196", "possibility": 100 },
    { "parentId": "a3f0f69", "childId": "m6581f3", "possibility": 100 },
    { "parentId": "a0905b5", "childId": "m1123d9", "possibility": 60 },
    { "parentId": "a0905b5", "childId": "md51198", "possibility": 15 },
    { "parentId": "a092025", "childId": "m66c5b8", "possibility": 100 },
    { "parentId": "af23dbb", "childId": "mb2d6b9", "possibility": 100 }
  ],
  "total": 24
}
