{"data":[{"id":"ada3369","name":"Almon","imageTitle":"m71a823.satellite.jpg","isModern":false,"stereo":"parent","description":"A Levitical city in the territory of Benjamin, also known as Alameth (1 Chr. 6:60). It was one of the cities given to the priests, the sons of Aaron, descendants of Kohath.\nIt is mentioned in Joshua 21:18 alongside Anathoth.","koreanDescription":"베냐민 지파의 영토에 속한 레위인의 성읍으로, 아론의 자손인 제사장들에게 주어진 도시 중 하나입니다. 성경에서는 아나돗과 함께 언급됩니다.\n이는 이스라엘 지파들에게 땅을 분배하는 맥락에서 중요한 종교적, 지리적 중요성을 가집니다.","verses":["Josh.21.18"],"placeUrl":"/geo/ancient/ada3369/almon","identificationPaths":["/geo/modern/m71a823"],"types":["settlement"],"unknownPlacePossibility":null,"geojsonText":"{\"features\":[{\"geometry\":{\"coordinates\":[35.273498,31.824903],\"type\":\"Point\"},\"properties\":{\"id\":\"m71a823.point\"},\"type\":\"Feature\"}],\"metadata\":{\"name\":\"Almon\"},\"type\":\"FeatureCollection\"}","anotherNames":null,"koreanName":"알몬","anotherKoreanNames":null},{"id":"aeb052c","name":"Almon-diblathaim","imageTitle":"mc8b658.satellite.jpg","isModern":false,"stereo":"parent","description":"One of the last stopping places for the Israelites during their wilderness wanderings, located in Moab between Dibon-Gad and the mountains of Abarim (Num. 33:46-47).\nThe name possibly means 'Almon of the double cake of figs' and is thought to be the same place as Beth-diblathaim (Jer. 48:22).","koreanDescription":"이스라엘 자손이 광야를 방황하는 동안 멈췄던 장소 중 하나로, 모압 지역의 디본-갓과 아바림 산맥 사이에 위치했습니다 (민수기 33:46-47).\n이 이름은 '두 개의 무화과 빵의 알몬'을 의미할 수 있으며, 예레미야 48:22에 언급된 벧-디블라다임과 동일한 장소로 여겨집니다.","verses":["Num.33.46","Num.33.47"],"placeUrl":"/geo/ancient/aeb052c/almon-diblathaim","identificationPaths":["/geo/modern/mc8b658","/geo/modern/ma11565","/geo/modern/mcae10f","/geo/modern/m1f0e6a","/geo/modern/m7fba7d"],"types":["settlement"],"unknownPlacePossibility":null,"geojsonText":"{\"bbox\":[35.693472,31.60634,35.826578,31.709549],\"features\":[{\"geometry\":{\"coordinates\":[[[35.693553,31.709382],[35.693472,31.709108],[35.693648,31.708838],[35.694002,31.708701],[35.694411,31.708318],[35.694553,31.708343],[35.695331,31.709019],[35.695063,31.709401],[35.694774,31.709372],[35.69453,31.709299],[35.69438,31.7095],[35.69427,31.709549],[35.693656,31.709483],[35.693553,31.709382]]],\"type\":\"Polygon\"},\"properties\":{\"id\":\"gd94f03.geometry\",\"land_or_water\":\"land\"},\"type\":\"Feature\"},{\"geometry\":{\"coordinates\":[35.774441,31.69557],\"type\":\"Point\"},\"properties\":{\"id\":\"m1f0e6a.point\"},\"type\":\"Feature\"},{\"geometry\":{\"coordinates\":[35.694296,31.708935],\"type\":\"Point\"},\"properties\":{\"id\":\"m7fba7d.point\"},\"type\":\"Feature\"},{\"geometry\":{\"coordinates\":[35.761261,31.60634],\"type\":\"Point\"},\"properties\":{\"id\":\"ma11565.point\"},\"type\":\"Feature\"},{\"geometry\":{\"coordinates\":[35.826578,31.638727],\"type\":\"Point\"},\"properties\":{\"id\":\"mc8b658.point\"},\"type\":\"Feature\"},{\"geometry\":{\"coordinates\":[35.793646,31.619221],\"type\":\"Point\"},\"properties\":{\"id\":\"mcae10f.point\"},\"type\":\"Feature\"}],\"metadata\":{\"geometry_credit\":\"Some data © OpenStreetMap contributors\",\"name\":\"Almon-diblathaim\"},\"type\":\"FeatureCollection\"}","anotherNames":null,"koreanName":"알몬-디블라다임","anotherKoreanNames":null},{"id":"a32397f","name":"Alush","imageTitle":"m6dddbb.satellite.jpg","isModern":false,"stereo":"parent","description":"The eleventh station of the Israelites in the wilderness after leaving Egypt, located between Dophkah and Rephidim (Num. 33:13-14).\nIts exact location is debated, but it was generally situated in the Sinai Peninsula.","koreanDescription":"이스라엘 자손이 애굽을 떠난 후 광야에서 열한 번째로 진을 쳤던 장소로, 돕가와 르비딤 사이에 위치했습니다 (민수기 33:13-14).\n이 장소의 정확한 위치는 논쟁의 여지가 있지만, 일반적으로 시나이 반도에 위치했던 것으로 보입니다.","verses":["Num.33.13","Num.33.14"],"placeUrl":"/geo/ancient/a32397f/alush","identificationPaths":["/geo/modern/m6dddbb"],"types":["campsite"],"unknownPlacePossibility":null,"geojsonText":"{\"bbox\":[33.76432,28.759852,33.789714,28.922051],\"features\":[{\"geometry\":{\"coordinates\":[[33.765422,28.759852],[33.767295,28.768176],[33.767339,28.768558],[33.767493,28.770311],[33.767546,28.770735],[33.768147,28.772841],[33.768368,28.773509],[33.771428,28.781184],[33.771672,28.781906],[33.772651,28.785999],[33.772678,28.786168],[33.772882,28.788032],[33.772913,28.788212],[33.772995,28.788453],[33.77471,28.791906],[33.77471,28.792822],[33.774187,28.794884],[33.774612,28.7958],[33.774187,28.797117],[33.77337,28.797804],[33.770822,28.803416],[33.768698,28.809486],[33.767032,28.816013],[33.765627,28.821882],[33.764679,28.826347],[33.76432,28.82961],[33.76432,28.83253],[33.765006,28.837338],[33.765364,28.839998],[33.765757,28.84292],[33.766296,28.844954],[33.770639,28.852947],[33.771933,28.858229],[33.77191,28.860981],[33.772834,28.867921],[33.774022,28.870593],[33.775356,28.880123],[33.775787,28.883204],[33.776397,28.885419],[33.784772,28.915813],[33.785418,28.917333],[33.786382,28.918677],[33.788162,28.920879],[33.789714,28.922051]],\"type\":\"LineString\"},\"properties\":{\"id\":\"g54a1c3.geometry\",\"land_or_water\":\"water\"},\"type\":\"Feature\"},{\"geometry\":{\"coordinates\":[33.767493,28.770311],\"type\":\"Point\"},\"properties\":{\"id\":\"m6dddbb.point\"},\"type\":\"Feature\"}],\"metadata\":{\"geometry_credit\":\"Some data © OpenStreetMap contributors\",\"name\":\"Alush\"},\"type\":\"FeatureCollection\"}","anotherNames":null,"koreanName":"알루스","anotherKoreanNames":null},{"id":"a2f1fa1","name":"Amad","imageTitle":"mf9b7d7.i047ce9.jpg","isModern":false,"stereo":"parent","description":"A town mentioned as part of the border and inheritance of the tribe of Asher in the Promised Land (Josh. 19:26).\nIt was located in the northern part of the territory of Asher, near the Mediterranean coast and Mount Carmel.","koreanDescription":"약속의 땅에서 아셀 지파의 경계와 유산의 일부로 언급된 성읍입니다 (여호수아 19:26).\n지중해 연안과 갈멜 산 근처에 있는 아셀 지파 영토의 북부에 위치했습니다.","verses":["Josh.19.26"],"placeUrl":"/geo/ancient/a2f1fa1/amad","identificationPaths":["/geo/modern/mf9b7d7","/geo/modern/m4e0815"],"types":["settlement"],"unknownPlacePossibility":null,"geojsonText":"{\"bbox\":[34.9165,32.58257,35.171797,32.76243],\"features\":[{\"geometry\":{\"coordinates\":[[[35.02333,32.76243],[35.01215,32.76194],[35.0011,32.76046],[34.99029,32.75803],[34.97984,32.75465],[34.96987,32.75037],[34.96048,32.74524],[34.95179,32.73931],[34.94388,32.73265],[34.93685,32.72533],[34.93076,32.71743],[34.92569,32.70904],[34.92169,32.70025],[34.91881,32.69115],[34.91707,32.68186],[34.9165,32.67245],[34.91709,32.66305],[34.91885,32.65376],[34.92176,32.64467],[34.92577,32.63588],[34.93086,32.6275],[34.93695,32.61961],[34.94399,32.6123],[34.9519,32.60565],[34.96059,32.59973],[34.96996,32.59461],[34.97992,32.59034],[34.99035,32.58697],[35.00114,32.58453],[35.01218,32.58306],[35.02333,32.58257],[35.03449,32.58306],[35.04552,32.58453],[35.05632,32.58697],[35.06675,32.59034],[35.0767,32.59461],[35.08608,32.59973],[35.09477,32.60565],[35.10267,32.6123],[35.10971,32.61961],[35.11581,32.6275],[35.12089,32.63588],[35.12491,32.64467],[35.12781,32.65376],[35.12957,32.66305],[35.13017,32.67245],[35.1296,32.68186],[35.12786,32.69115],[35.12497,32.70025],[35.12097,32.70904],[35.1159,32.71743],[35.10982,32.72533],[35.10278,32.73265],[35.09487,32.73931],[35.08618,32.74524],[35.0768,32.75037],[35.06683,32.75465],[35.05638,32.75803],[35.04557,32.76046],[35.03451,32.76194],[35.02333,32.76243]]],\"type\":\"Polygon\"},\"properties\":{\"id\":\"g269a47.geometry\",\"land_or_water\":\"land\"},\"type\":\"Feature\"},{\"geometry\":{\"coordinates\":[35.171797,32.7295],\"type\":\"Point\"},\"properties\":{\"id\":\"m4e0815.point\"},\"type\":\"Feature\"},{\"geometry\":{\"coordinates\":[35.023333,32.6725],\"type\":\"Point\"},\"properties\":{\"id\":\"mf9b7d7.10000m\"},\"type\":\"Feature\"}],\"metadata\":{\"name\":\"Amad\"},\"type\":\"FeatureCollection\"}","anotherNames":null,"koreanName":"아맛","anotherKoreanNames":null},{"id":"ab95484","name":"Amalek","imageTitle":"ab95484.i3287fd.jpg","isModern":false,"stereo":"parent","description":"The name of a nomadic people descended from Esau's grandson Amalek, and also the name of the region where they lived. \nThey were persistent enemies of Israel, first attacking them after the Exodus at Rephidim (Exod. 17:8).\nTheir territory was generally in the Negev desert region, extending into the Sinai and Arabian deserts.","koreanDescription":"에서(Esau)의 손자 아말렉의 후손들로 이루어진 유목 민족의 이름이자, 그들이 거주했던 지역의 이름입니다. \n이들은 출애굽 후 르비딤에서 이스라엘을 공격했던(출애굽기 17:8) 이스라엘의 오랜 적대자들이었습니다.\n그들의 영역은 일반적으로 네게브 사막 지역에 있었으며 시나이와 아라비아 사막까지 뻗어 있었습니다.","verses":["Exod.17.8","Exod.17.9","Exod.17.10","Exod.17.11","Exod.17.13","Exod.17.14","Exod.17.16","Num.13.29","Num.24.20","Num.24.24","Deut.25.17","Deut.25.19","Judg.3.13","Judg.5.14","Judg.6.3","Judg.6.33","Judg.7.12","Judg.10.12","1Sam.15.2","1Sam.15.3","1Sam.15.5","1Sam.15.8","1Sam.15.20","1Sam.15.32","1Sam.28.18","2Sam.8.12","1Chr.18.11","Ps.83.7"],"placeUrl":"/geo/ancient/ab95484/amalek","identificationPaths":["/geo/modern/m6da23a"],"types":["region"],"unknownPlacePossibility":null,"geojsonText":"{\"bbox\":[34.14492,30.648333,35.25892,31.19208],\"features\":[{\"geometry\":{\"coordinates\":[[[[34.22449,30.80387],[34.35711,30.73536],[34.38364,30.73536],[34.51626,30.75819],[34.64888,30.78103],[35.02021,30.84954],[35.04673,30.87238],[35.07326,30.89521],[35.25892,31.16925],[34.96716,31.19208],[34.5693,31.14641],[34.30407,31.12358],[34.14492,31.0779],[34.17145,30.98656],[34.19797,30.89521],[34.22449,30.80387]]],[[[34.25102,31.0779],[34.17145,31.03223],[34.33059,30.8267],[34.43668,30.75819],[34.59583,30.78103],[35.04673,30.87238],[35.09978,31.03223],[35.07326,31.0779],[34.64888,31.14641],[34.35711,31.12358],[34.25102,31.0779]]],[[[34.30407,31.0779],[34.25102,31.03223],[34.46321,30.78103],[34.59583,30.80387],[34.6754,30.8267],[34.91411,30.91805],[34.96716,30.94088],[35.02021,30.96372],[35.02021,30.98656],[35.02021,31.00939],[35.02021,31.03223],[34.5693,31.12358],[34.43668,31.10074],[34.30407,31.0779]]],[[[34.5693,31.10074],[34.35711,31.0779],[34.46321,30.80387],[34.48973,30.80387],[34.62235,30.8267],[34.70192,30.84954],[34.96716,30.96372],[34.99368,30.98656],[34.99368,31.00939],[34.59583,31.10074],[34.5693,31.10074]]],[[[34.5693,31.10074],[34.54278,31.00939],[34.64888,30.84954],[34.6754,30.84954],[34.70192,30.84954],[34.94064,30.96372],[34.96716,31.00939],[34.59583,31.10074],[34.5693,31.10074]]],[[[34.64888,31.03223],[34.62235,31.03223],[34.64888,30.96372],[34.86107,30.94088],[34.91411,30.96372],[34.91411,30.98656],[34.64888,31.03223]]]],\"type\":\"MultiPolygon\"},\"properties\":{\"format\":\"isobands\",\"id\":\"g3ccc7b.isobands\",\"land_or_water\":\"land\",\"max_confidence\":60,\"min_confidence\":10,\"role\":\"isobands\"},\"type\":\"Feature\"},{\"geometry\":{\"coordinates\":[34.422222,30.648333],\"type\":\"Point\"},\"properties\":{\"id\":\"m6da23a.point\"},\"type\":\"Feature\"}],\"metadata\":{\"name\":\"Amalek\"},\"type\":\"FeatureCollection\"}","anotherNames":null,"koreanName":"아말렉","anotherKoreanNames":null},{"id":"a3e2b20","name":"Amam","imageTitle":"mdaf25b.satellite.jpg","isModern":false,"stereo":"parent","description":"A city located in the southernmost part of the territory allotted to the tribe of Judah (Josh. 15:26).\nIt is listed with other towns in the Negev region of Judah.","koreanDescription":"유다 지파에게 할당된 영토의 가장 남쪽 부분에 위치했던 성읍입니다 (여호수아 15:26).\n유다의 네게브 지역에 있는 다른 마을들과 함께 목록에 기록되어 있습니다.","verses":["Josh.15.26"],"placeUrl":"/geo/ancient/a3e2b20/amam","identificationPaths":["/geo/modern/mdaf25b","/geo/modern/m1824ed","/geo/modern/m81d48b"],"types":["settlement"],"unknownPlacePossibility":null,"geojsonText":"{\"bbox\":[34.58011,31.19186,34.90684,31.243718],\"features\":[{\"geometry\":{\"coordinates\":[34.897308,31.243718],\"type\":\"Point\"},\"properties\":{\"id\":\"m1824ed.point\"},\"type\":\"Feature\"},{\"geometry\":{\"coordinates\":[34.58011,31.19186],\"type\":\"Point\"},\"properties\":{\"id\":\"m81d48b.point\"},\"type\":\"Feature\"},{\"geometry\":{\"coordinates\":[34.90684,31.2185],\"type\":\"Point\"},\"properties\":{\"id\":\"mdaf25b.point\"},\"type\":\"Feature\"}],\"metadata\":{\"name\":\"Amam\"},\"type\":\"FeatureCollection\"}","anotherNames":null,"koreanName":"아맘","anotherKoreanNames":null},{"id":"ab428de","name":"Amana","imageTitle":"m702acc.satellite.jpg","isModern":false,"stereo":"parent","description":"A mountain or mountain range, mentioned in the Song of Solomon 4:8.\nIt is generally identified with the southern part of the Anti-Lebanon mountain range, which includes Mount Hermon, and is often associated with the source of the river Abana (Barada) near Damascus.","koreanDescription":"아가 4:8에 언급된 산 또는 산맥입니다.\n일반적으로 헬몬 산을 포함하는 안티-레바논 산맥의 남쪽 부분으로 여겨지며, 다마스쿠스 근처 아바나 강(바라다 강)의 발원지와 관련이 있습니다.","verses":["Song.4.8"],"placeUrl":"/geo/ancient/ab428de/amana","identificationPaths":["/geo/modern/m702acc","/geo/modern/m6fa42d"],"types":["mountain","mountain ridge"],"unknownPlacePossibility":null,"geojsonText":"{\"bbox\":[35.963333,33.567778,36.072821,33.743231],\"features\":[{\"geometry\":{\"coordinates\":[[[36.013654,33.621927],[36.036276,33.678289],[36.072821,33.735011],[36.029676,33.743231],[35.985055,33.634683],[36.013654,33.621927]]],\"type\":\"Polygon\"},\"properties\":{\"id\":\"g66ae51.geometry\",\"land_or_water\":\"land\"},\"type\":\"Feature\"},{\"geometry\":{\"coordinates\":[35.963333,33.567778],\"type\":\"Point\"},\"properties\":{\"id\":\"m6fa42d.point\"},\"type\":\"Feature\"},{\"geometry\":{\"coordinates\":[36.031667,33.688889],\"type\":\"Point\"},\"properties\":{\"id\":\"m702acc.point\"},\"type\":\"Feature\"}],\"metadata\":{\"name\":\"Amana\"},\"type\":\"FeatureCollection\"}","anotherNames":null,"koreanName":"아마나","anotherKoreanNames":null},{"id":"ac5cab3","name":"Amaw","imageTitle":"m6cc8f5.id9942b.jpg","isModern":false,"stereo":"parent","description":"A location, possibly a region, mentioned in Numbers 22:5 as the place from which Balak, king of Moab, summoned the prophet Balaam.\nIt is generally identified as being in the vicinity of the Euphrates River, near the city Pethor.","koreanDescription":"모압 왕 발락이 선지자 발람을 소환하기 위해 보낸 장소로 민수기 22:5에 언급된 곳입니다.\n일반적으로 유프라테스 강 근처, 발람의 성읍인 브돌 근처 지역으로 여겨집니다.","verses":["Num.22.5"],"placeUrl":"/geo/ancient/ac5cab3/amaw","identificationPaths":["/geo/modern/m6cc8f5","/geo/modern/m0c1bc5"],"types":["region"],"unknownPlacePossibility":null,"geojsonText":"{\"bbox\":[35.64041,31.43971,38.258127,36.932487],\"features\":[{\"geometry\":{\"coordinates\":[[[38.216979,35.914263],[38.054795,36.099649],[38.185103,36.279519],[38.258127,36.435034],[38.246534,36.510609],[38.214163,36.649786],[38.035205,36.74756],[38.05373,36.932487],[37.563504,36.91613],[37.160494,36.102356],[38.216979,35.914263]]],\"type\":\"Polygon\"},\"properties\":{\"id\":\"g3750ec.geometry\",\"land_or_water\":\"land\"},\"type\":\"Feature\"},{\"geometry\":{\"coordinates\":[[[[36.06397,31.43971],[36.09927,31.43971],[36.8758,32.01488],[36.8758,32.04515],[36.8405,32.1057],[36.66402,32.19651],[36.24046,32.37815],[36.20516,32.37815],[36.16986,32.37815],[35.85219,32.37815],[35.7816,32.34787],[35.64041,32.01488],[35.64041,31.98461],[35.64041,31.95434],[35.64041,31.86352],[35.64041,31.83325],[35.7463,31.65162],[36.02868,31.43971],[36.06397,31.43971]]],[[[35.71101,31.95434],[35.71101,31.92407],[35.71101,31.89379],[35.71101,31.86352],[35.7463,31.83325],[36.02868,31.65162],[36.06397,31.65162],[36.09927,31.65162],[36.27575,31.65162],[36.48753,31.80298],[36.69931,32.01488],[36.69931,32.04515],[36.66402,32.13597],[36.20516,32.37815],[35.7816,32.22679],[35.71101,32.16624],[35.71101,32.13597],[35.71101,32.1057],[35.71101,32.07543],[35.71101,32.04515],[35.71101,32.01488],[35.71101,31.98461],[35.71101,31.95434]]],[[[35.71101,32.07543],[35.71101,32.04515],[35.71101,32.01488],[35.71101,31.86352],[35.85219,31.80298],[36.06397,31.71216],[36.09927,31.71216],[36.16986,31.71216],[36.20516,31.71216],[36.24046,31.71216],[36.27575,31.71216],[36.38164,31.77271],[36.41694,31.80298],[36.45224,31.83325],[36.48753,31.86352],[36.52283,31.89379],[36.55813,31.92407],[36.66402,32.04515],[36.66402,32.07543],[36.66402,32.1057],[36.34635,32.19651],[36.16986,32.22679],[36.13457,32.22679],[35.92279,32.19651],[35.85219,32.16624],[35.71101,32.07543]]],[[[35.7816,31.86352],[35.88749,31.80298],[36.09927,31.71216],[36.20516,31.71216],[36.24046,31.71216],[36.48753,31.86352],[36.62872,32.04515],[36.66402,32.1057],[36.34635,32.19651],[35.99338,32.19651],[35.95808,32.19651],[35.85219,32.16624],[35.7463,31.89379],[35.7816,31.86352]]],[[[35.7816,31.92407],[35.7816,31.89379],[35.7816,31.86352],[36.13457,31.74243],[36.27575,31.77271],[36.59342,32.01488],[36.55813,32.1057],[36.31105,32.16624],[35.99338,32.19651],[35.95808,32.19651],[35.85219,32.16624],[35.7816,31.92407]]],[[[35.99338,32.19651],[35.85219,32.16624],[35.8169,31.92407],[35.8169,31.89379],[35.92279,31.83325],[36.09927,31.77271],[36.13457,31.77271],[36.16986,31.77271],[36.38164,31.86352],[36.38164,31.89379],[36.38164,31.92407],[36.38164,31.98461],[36.38164,32.01488],[36.38164,32.04515],[36.38164,32.07543],[36.38164,32.1057],[36.38164,32.13597],[35.99338,32.19651]]],[[[36.13457,31.80298],[36.16986,31.80298],[36.27575,31.86352],[36.31105,31.89379],[36.38164,31.98461],[36.38164,32.04515],[36.38164,32.07543],[36.34635,32.1057],[36.31105,32.13597],[35.99338,32.16624],[35.95808,32.16624],[35.92279,32.16624],[35.88749,32.16624],[35.85219,32.16624],[35.85219,32.13597],[35.85219,32.07543],[35.85219,32.04515],[35.85219,32.01488],[35.85219,31.98461],[35.85219,31.95434],[35.85219,31.92407],[35.85219,31.89379],[35.95808,31.83325],[36.06397,31.80298],[36.13457,31.80298]]],[[[35.85219,31.92407],[35.99338,31.83325],[36.02868,31.83325],[36.06397,31.83325],[36.09927,31.83325],[36.20516,31.86352],[36.24046,31.89379],[36.27575,31.92407],[36.31105,31.95434],[36.38164,32.04515],[36.31105,32.13597],[35.95808,32.16624],[35.92279,32.16624],[35.88749,32.1057],[35.85219,32.04515],[35.85219,32.01488],[35.85219,31.98461],[35.85219,31.95434],[35.85219,31.92407]]],[[[35.85219,31.95434],[35.85219,31.92407],[35.99338,31.83325],[36.06397,31.83325],[36.20516,31.86352],[36.27575,31.92407],[36.34635,32.04515],[36.34635,32.07543],[36.09927,32.13597],[36.06397,32.13597],[36.02868,32.13597],[35.99338,32.13597],[35.95808,32.13597],[35.92279,32.1057],[35.88749,32.07543],[35.85219,32.04515],[35.85219,32.01488],[35.85219,31.98461],[35.85219,31.95434]]]],\"type\":\"MultiPolygon\"},\"properties\":{\"format\":\"isobands\",\"id\":\"gadb142.isobands\",\"land_or_water\":\"land\",\"max_confidence\":90,\"min_confidence\":10,\"role\":\"isobands\"},\"type\":\"Feature\"},{\"geometry\":{\"coordinates\":[35.9343,31.9547],\"type\":\"Point\"},\"properties\":{\"id\":\"m0c1bc5.point\"},\"type\":\"Feature\"},{\"geometry\":{\"coordinates\":[38.0865,36.7014],\"type\":\"Point\"},\"properties\":{\"id\":\"m6cc8f5.point\"},\"type\":\"Feature\"}],\"metadata\":{\"name\":\"Amaw\"},\"type\":\"FeatureCollection\"}","anotherNames":null,"koreanName":"아마우","anotherKoreanNames":null},{"id":"a8e4a15","name":"Ammah","imageTitle":"mef630c.i9c1561.jpg","isModern":false,"stereo":"parent","description":"A hill mentioned in the account of the pursuit of Abner by Joab and Abishai (2 Sam. 2:24).\nIt is described as lying 'before Giah by the way of the wilderness of Gibeon', suggesting an elevation east of Gibeon.","koreanDescription":"요압과 아비새가 아브넬을 추격하는 과정에서 언급된 언덕입니다 (사무엘하 2:24).\n'기브온 광야 길의 기아 맞은편'에 있다고 묘사되어 있으며, 기브온 동쪽에 있는 높은 지형으로 추정됩니다.","verses":["2Sam.2.24"],"placeUrl":"/geo/ancient/a8e4a15/ammah","identificationPaths":["/geo/modern/mef630c","/geo/modern/m8c21f0"],"types":["hill"],"unknownPlacePossibility":null,"geojsonText":"{\"bbox\":[35.17367,31.75111,35.3854,31.93098],\"features\":[{\"geometry\":{\"coordinates\":[[[35.220887,31.869794],[35.209155,31.818554],[35.258554,31.798025],[35.34905,31.790308],[35.365188,31.830728],[35.331441,31.843328],[35.220887,31.869794]]],\"type\":\"Polygon\"},\"properties\":{\"id\":\"g22aebc.geometry\",\"land_or_water\":\"land\"},\"type\":\"Feature\"},{\"geometry\":{\"coordinates\":[[[35.27954,31.93098],[35.26846,31.93049],[35.2575,31.92901],[35.24679,31.92657],[35.23644,31.9232],[35.22656,31.91892],[35.21726,31.91379],[35.20865,31.90786],[35.20081,31.9012],[35.19384,31.89388],[35.18781,31.88598],[35.18279,31.87759],[35.17882,31.8688],[35.17596,31.8597],[35.17424,31.8504],[35.17367,31.841],[35.17426,31.8316],[35.17601,31.82231],[35.17888,31.81322],[35.18286,31.80443],[35.1879,31.79605],[35.19394,31.78816],[35.20091,31.78085],[35.20875,31.77419],[35.21736,31.76828],[35.22665,31.76315],[35.23651,31.75888],[35.24685,31.75551],[35.25755,31.75308],[35.26848,31.75161],[35.27954,31.75111],[35.29059,31.75161],[35.30152,31.75308],[35.31222,31.75551],[35.32256,31.75888],[35.33242,31.76315],[35.34171,31.76828],[35.35032,31.77419],[35.35816,31.78085],[35.36513,31.78816],[35.37117,31.79605],[35.37621,31.80443],[35.38019,31.81322],[35.38306,31.82231],[35.38481,31.8316],[35.3854,31.841],[35.38483,31.8504],[35.38311,31.8597],[35.38025,31.8688],[35.37628,31.87759],[35.37126,31.88598],[35.36523,31.89388],[35.35826,31.9012],[35.35042,31.90786],[35.34181,31.91379],[35.33251,31.91892],[35.32263,31.9232],[35.31228,31.92657],[35.30157,31.92901],[35.29061,31.93049],[35.27954,31.93098]]],\"type\":\"Polygon\"},\"properties\":{\"id\":\"gf09047.geometry\",\"land_or_water\":\"land\"},\"type\":\"Feature\"},{\"geometry\":{\"coordinates\":[35.279535,31.841047],\"type\":\"Point\"},\"properties\":{\"id\":\"m8c21f0.10000m\"},\"type\":\"Feature\"},{\"geometry\":{\"coordinates\":[35.279535,31.841047],\"type\":\"Point\"},\"properties\":{\"id\":\"mef630c.point\"},\"type\":\"Feature\"}],\"metadata\":{\"name\":\"Ammah\"},\"type\":\"FeatureCollection\"}","anotherNames":null,"koreanName":"암마","anotherKoreanNames":null},{"id":"a6046fa","name":"Ammon","imageTitle":"m0c1bc5.i8f8a9a.jpg","isModern":false,"stereo":"parent","description":"An ancient kingdom east of the Jordan River, settled by the descendants of Lot's younger son, Ben-Ammi (Gen. 19:38).\nThe capital city was Rabbath-Ammon, modern-day Amman.\nThe Ammonites were frequently in conflict with the Israelites throughout biblical history.","koreanDescription":"요단 강 동쪽에 위치했던 고대 왕국으로, 롯의 막내아들 벤암미의 후손들이 정착했습니다 (창세기 19:38).\n수도는 랍밧-암몬이었으며, 현재 요르단의 수도인 암만입니다.\n암몬 족속은 성경 역사 전반에 걸쳐 이스라엘과 자주 충돌했습니다.","verses":["Gen.19.38","Num.21.24","Deut.2.19","Deut.2.37","Deut.3.11","Deut.3.16","Josh.12.2","Josh.13.10","Josh.13.25","Judg.3.13","Judg.10.6","Judg.10.7","Judg.10.9","Judg.10.11","Judg.10.17","Judg.10.18","Judg.11.4","Judg.11.5","Judg.11.6","Judg.11.8","Judg.11.9","Judg.11.12","Judg.11.13","Judg.11.14","Judg.11.15","Judg.11.27","Judg.11.28","Judg.11.29","Judg.11.30","Judg.11.31","Judg.11.32","Judg.11.33","Judg.11.36","Judg.12.1","Judg.12.2","Judg.12.3","1Sam.11.1","1Sam.12.12","1Sam.14.47","2Sam.8.12","2Sam.10.1","2Sam.10.2","2Sam.10.3","2Sam.10.6","2Sam.10.8","2Sam.10.10","2Sam.10.11","2Sam.10.14","2Sam.10.19","2Sam.11.1","2Sam.12.9","2Sam.12.26","2Sam.12.31","2Sam.17.27","2Sam.23.37","1Kgs.11.1","1Kgs.11.7","1Kgs.11.33","2Kgs.23.13","2Kgs.24.2","1Chr.11.39","1Chr.18.11","1Chr.19.1","1Chr.19.2","1Chr.19.3","1Chr.19.6","1Chr.19.7","1Chr.19.9","1Chr.19.11","1Chr.19.12","1Chr.19.15","1Chr.19.19","1Chr.20.1","1Chr.20.3","2Chr.12.13","2Chr.20.1","2Chr.20.10","2Chr.20.22","2Chr.20.23","2Chr.27.5","Neh.13.23","Ps.83.7","Isa.11.14","Jer.9.26","Jer.25.21","Jer.27.3","Jer.40.11","Jer.40.14","Jer.41.10","Jer.41.15","Jer.49.1","Jer.49.2","Jer.49.3","Jer.49.4","Jer.49.6","Ezek.21.20","Ezek.21.28","Ezek.25.2","Ezek.25.3","Ezek.25.5","Ezek.25.10","Dan.11.41","Amos.1.13","Amos.1.15","Zeph.2.8","Zeph.2.9"],"placeUrl":"/geo/ancient/a6046fa/ammon","identificationPaths":["/geo/modern/m0c1bc5"],"types":["region"],"unknownPlacePossibility":null,"geojsonText":"{\"bbox\":[35.64041,31.43971,36.8758,32.37815],\"features\":[{\"geometry\":{\"coordinates\":[[[[36.06397,31.43971],[36.09927,31.43971],[36.8758,32.01488],[36.8758,32.04515],[36.8405,32.1057],[36.66402,32.19651],[36.24046,32.37815],[36.20516,32.37815],[36.16986,32.37815],[35.85219,32.37815],[35.7816,32.34787],[35.64041,32.01488],[35.64041,31.98461],[35.64041,31.95434],[35.64041,31.86352],[35.64041,31.83325],[35.7463,31.65162],[36.02868,31.43971],[36.06397,31.43971]]],[[[35.71101,31.95434],[35.71101,31.92407],[35.71101,31.89379],[35.71101,31.86352],[35.7463,31.83325],[36.02868,31.65162],[36.06397,31.65162],[36.09927,31.65162],[36.27575,31.65162],[36.48753,31.80298],[36.69931,32.01488],[36.69931,32.04515],[36.66402,32.13597],[36.20516,32.37815],[35.7816,32.22679],[35.71101,32.16624],[35.71101,32.13597],[35.71101,32.1057],[35.71101,32.07543],[35.71101,32.04515],[35.71101,32.01488],[35.71101,31.98461],[35.71101,31.95434]]],[[[35.71101,32.07543],[35.71101,32.04515],[35.71101,32.01488],[35.71101,31.86352],[35.85219,31.80298],[36.06397,31.71216],[36.09927,31.71216],[36.16986,31.71216],[36.20516,31.71216],[36.24046,31.71216],[36.27575,31.71216],[36.38164,31.77271],[36.41694,31.80298],[36.45224,31.83325],[36.48753,31.86352],[36.52283,31.89379],[36.55813,31.92407],[36.66402,32.04515],[36.66402,32.07543],[36.66402,32.1057],[36.34635,32.19651],[36.16986,32.22679],[36.13457,32.22679],[35.92279,32.19651],[35.85219,32.16624],[35.71101,32.07543]]],[[[35.7816,31.86352],[35.88749,31.80298],[36.09927,31.71216],[36.20516,31.71216],[36.24046,31.71216],[36.48753,31.86352],[36.62872,32.04515],[36.66402,32.1057],[36.34635,32.19651],[35.99338,32.19651],[35.95808,32.19651],[35.85219,32.16624],[35.7463,31.89379],[35.7816,31.86352]]],[[[35.7816,31.92407],[35.7816,31.89379],[35.7816,31.86352],[36.13457,31.74243],[36.27575,31.77271],[36.59342,32.01488],[36.55813,32.1057],[36.31105,32.16624],[35.99338,32.19651],[35.95808,32.19651],[35.85219,32.16624],[35.7816,31.92407]]],[[[35.99338,32.19651],[35.85219,32.16624],[35.8169,31.92407],[35.8169,31.89379],[35.92279,31.83325],[36.09927,31.77271],[36.13457,31.77271],[36.16986,31.77271],[36.38164,31.86352],[36.38164,31.89379],[36.38164,31.92407],[36.38164,31.98461],[36.38164,32.01488],[36.38164,32.04515],[36.38164,32.07543],[36.38164,32.1057],[36.38164,32.13597],[35.99338,32.19651]]],[[[36.13457,31.80298],[36.16986,31.80298],[36.27575,31.86352],[36.31105,31.89379],[36.38164,31.98461],[36.38164,32.04515],[36.38164,32.07543],[36.34635,32.1057],[36.31105,32.13597],[35.99338,32.16624],[35.95808,32.16624],[35.92279,32.16624],[35.88749,32.16624],[35.85219,32.16624],[35.85219,32.13597],[35.85219,32.07543],[35.85219,32.04515],[35.85219,32.01488],[35.85219,31.98461],[35.85219,31.95434],[35.85219,31.92407],[35.85219,31.89379],[35.95808,31.83325],[36.06397,31.80298],[36.13457,31.80298]]],[[[35.85219,31.92407],[35.99338,31.83325],[36.02868,31.83325],[36.06397,31.83325],[36.09927,31.83325],[36.20516,31.86352],[36.24046,31.89379],[36.27575,31.92407],[36.31105,31.95434],[36.38164,32.04515],[36.31105,32.13597],[35.95808,32.16624],[35.92279,32.16624],[35.88749,32.1057],[35.85219,32.04515],[35.85219,32.01488],[35.85219,31.98461],[35.85219,31.95434],[35.85219,31.92407]]],[[[35.85219,31.95434],[35.85219,31.92407],[35.99338,31.83325],[36.06397,31.83325],[36.20516,31.86352],[36.27575,31.92407],[36.34635,32.04515],[36.34635,32.07543],[36.09927,32.13597],[36.06397,32.13597],[36.02868,32.13597],[35.99338,32.13597],[35.95808,32.13597],[35.92279,32.1057],[35.88749,32.07543],[35.85219,32.04515],[35.85219,32.01488],[35.85219,31.98461],[35.85219,31.95434]]]],\"type\":\"MultiPolygon\"},\"properties\":{\"format\":\"isobands\",\"id\":\"gadb142.isobands\",\"land_or_water\":\"land\",\"max_confidence\":90,\"min_confidence\":10,\"role\":\"isobands\"},\"type\":\"Feature\"},{\"geometry\":{\"coordinates\":[35.9343,31.9547],\"type\":\"Point\"},\"properties\":{\"id\":\"m0c1bc5.point\"},\"type\":\"Feature\"}],\"metadata\":{\"name\":\"Ammon\"},\"type\":\"FeatureCollection\"}","anotherNames":null,"koreanName":"암몬","anotherKoreanNames":null},{"id":"m71a823","name":"Khirbet Almit","isModern":true,"stereo":"child","description":"An archaeological site in the West Bank, located northeast of Mount Scopus and near the modern settlement of 'Anata. It is considered a possible modern identification for the biblical city of Almon (ada3369).","koreanDescription":"서안 지구에 위치한 고고학 유적지로, 스코푸스 산 북동쪽, 현대 정착지인 아나타 근처에 있습니다. 성경의 도시 알몬(Almon, ada3369)의 가능한 현대적 비정지로 여겨집니다.","imageTitle":"m71a823.satellite.jpg","types":["settlement"],"geojsonText":"{\"bbox\":[35.27307,31.82454,35.27392,31.82526],\"features\":[{\"geometry\":{\"coordinates\":[35.273498,31.824903],\"type\":\"Point\"},\"properties\":{\"id\":\"m71a823.point\",\"role\":\"point\"},\"type\":\"Feature\"},{\"geometry\":{\"coordinates\":[[[35.2735,31.82526],[35.27345,31.82526],[35.27341,31.82525],[35.27337,31.82525],[35.27333,31.82523],[35.27329,31.82521],[35.27325,31.82519],[35.27321,31.82517],[35.27318,31.82514],[35.27316,31.82511],[35.27313,31.82508],[35.27311,31.82505],[35.2731,31.82501],[35.27308,31.82498],[35.27308,31.82494],[35.27307,31.8249],[35.27308,31.82487],[35.27308,31.82483],[35.2731,31.82479],[35.27311,31.82476],[35.27313,31.82472],[35.27316,31.82469],[35.27318,31.82466],[35.27321,31.82464],[35.27325,31.82461],[35.27329,31.82459],[35.27333,31.82457],[35.27337,31.82456],[35.27341,31.82455],[35.27345,31.82455],[35.2735,31.82454],[35.27354,31.82455],[35.27359,31.82455],[35.27363,31.82456],[35.27367,31.82457],[35.27371,31.82459],[35.27375,31.82461],[35.27378,31.82464],[35.27381,31.82466],[35.27384,31.82469],[35.27386,31.82472],[35.27388,31.82476],[35.2739,31.82479],[35.27391,31.82483],[35.27392,31.82487],[35.27392,31.8249],[35.27392,31.82494],[35.27391,31.82498],[35.2739,31.82501],[35.27388,31.82505],[35.27386,31.82508],[35.27384,31.82511],[35.27381,31.82514],[35.27378,31.82517],[35.27375,31.82519],[35.27371,31.82521],[35.27367,31.82523],[35.27363,31.82525],[35.27359,31.82525],[35.27354,31.82526],[35.2735,31.82526]]],\"type\":\"Polygon\"},\"properties\":{\"id\":\"g44a0af.precision_radius\",\"land_or_water\":\"land\",\"role\":\"precision_radius\"},\"type\":\"Feature\"}],\"metadata\":{\"class\":\"human\",\"land_or_water\":\"land\",\"name\":\"Khirbet Almit\",\"type\":\"settlement\"},\"type\":\"FeatureCollection\"}","anotherNames":null,"koreanName":"키르벳 알미트","anotherKoreanNames":null},{"id":"mc8b658","name":"Duleilat esh Sharqiyeh","isModern":true,"stereo":"child","description":"A modern settlement/ruin that is one of the possible locations identified for the biblical Almon-diblathaim (aeb052c). The name means 'Eastern Duleilat'.","koreanDescription":"성경의 알몬-디블라다임(Almon-diblathaim, aeb052c)의 가능한 비정지 중 하나인 현대 정착지/폐허입니다. 이름은 '동쪽 둘레일라트'를 의미합니다.","imageTitle":"mc8b658.satellite.jpg","types":["settlement"],"geojsonText":"{\"bbox\":[35.82605,31.63828,35.82711,31.63918],\"features\":[{\"geometry\":{\"coordinates\":[35.826578,31.638727],\"type\":\"Point\"},\"properties\":{\"id\":\"mc8b658.point\",\"role\":\"point\"},\"type\":\"Feature\"},{\"geometry\":{\"coordinates\":[[[35.82658,31.63918],[35.82652,31.63917],[35.82647,31.63917],[35.82641,31.63915],[35.82636,31.63914],[35.82631,31.63912],[35.82627,31.63909],[35.82622,31.63906],[35.82619,31.63903],[35.82615,31.63899],[35.82612,31.63895],[35.8261,31.63891],[35.82608,31.63887],[35.82606,31.63882],[35.82605,31.63877],[35.82605,31.63873],[35.82605,31.63868],[35.82606,31.63863],[35.82608,31.63859],[35.8261,31.63854],[35.82612,31.6385],[35.82615,31.63846],[35.82619,31.63843],[35.82622,31.63839],[35.82627,31.63836],[35.82631,31.63834],[35.82636,31.63832],[35.82641,31.6383],[35.82647,31.63829],[35.82652,31.63828],[35.82658,31.63828],[35.82663,31.63828],[35.82669,31.63829],[35.82674,31.6383],[35.82679,31.63832],[35.82684,31.63834],[35.82689,31.63836],[35.82693,31.63839],[35.82697,31.63843],[35.82701,31.63846],[35.82704,31.6385],[35.82706,31.63854],[35.82708,31.63859],[35.82709,31.63863],[35.8271,31.63868],[35.82711,31.63873],[35.8271,31.63877],[35.82709,31.63882],[35.82708,31.63887],[35.82706,31.63891],[35.82704,31.63895],[35.82701,31.63899],[35.82697,31.63903],[35.82693,31.63906],[35.82689,31.63909],[35.82684,31.63912],[35.82679,31.63914],[35.82674,31.63915],[35.82669,31.63917],[35.82663,31.63917],[35.82658,31.63918]]],\"type\":\"Polygon\"},\"properties\":{\"id\":\"ge750d6.precision_radius\",\"land_or_water\":\"land\",\"role\":\"precision_radius\"},\"type\":\"Feature\"}],\"metadata\":{\"class\":\"human\",\"land_or_water\":\"land\",\"name\":\"Duleilat esh Sharqiyeh\",\"type\":\"settlement\"},\"type\":\"FeatureCollection\"}","anotherNames":"Duleilat el Muterat, Khirbet Deleilat esh Sherqiya","koreanName":"둘레일라트 에쉬 샤르키예","anotherKoreanNames":"둘레일라트 엘 무테라트, 키르벳 델레일라트 에쉬 셰르키야"},{"id":"ma11565","name":"Khirbet Libb","isModern":true,"stereo":"child","description":"A modern ruin identified as a possible location for the biblical Almon-diblathaim (aeb052c).","koreanDescription":"성경의 알몬-디블라다임(Almon-diblathaim, aeb052c)의 가능한 비정지 중 하나로 확인된 현대 폐허입니다. 이는 성경 속 장소의 위치를 찾는 데 도움이 되는 고고학적 지표입니다.","imageTitle":"ma11565.satellite.jpg","types":["settlement"],"geojsonText":"{\"bbox\":[35.75862,31.60409,35.7639,31.60859],\"features\":[{\"geometry\":{\"coordinates\":[35.761261,31.60634],\"type\":\"Point\"},\"properties\":{\"id\":\"ma11565.point\",\"role\":\"point\"},\"type\":\"Feature\"},{\"geometry\":{\"coordinates\":[[[35.76126,31.60859],[35.76099,31.60858],[35.76071,31.60854],[35.76045,31.60848],[35.76019,31.60839],[35.75994,31.60829],[35.75971,31.60816],[35.75949,31.60801],[35.7593,31.60784],[35.75913,31.60766],[35.75897,31.60746],[35.75885,31.60725],[35.75875,31.60703],[35.75868,31.60681],[35.75864,31.60657],[35.75862,31.60634],[35.75864,31.6061],[35.75868,31.60587],[35.75875,31.60565],[35.75885,31.60543],[35.75897,31.60522],[35.75913,31.60502],[35.7593,31.60484],[35.75949,31.60467],[35.75971,31.60452],[35.75994,31.60439],[35.76019,31.60429],[35.76045,31.6042],[35.76071,31.60414],[35.76099,31.6041],[35.76126,31.60409],[35.76154,31.6041],[35.76181,31.60414],[35.76208,31.6042],[35.76233,31.60429],[35.76258,31.60439],[35.76281,31.60452],[35.76303,31.60467],[35.76322,31.60484],[35.7634,31.60502],[35.76355,31.60522],[35.76367,31.60543],[35.76377,31.60565],[35.76384,31.60587],[35.76389,31.6061],[35.7639,31.60634],[35.76389,31.60657],[35.76384,31.60681],[35.76377,31.60703],[35.76367,31.60725],[35.76355,31.60746],[35.7634,31.60766],[35.76322,31.60784],[35.76303,31.60801],[35.76281,31.60816],[35.76258,31.60829],[35.76233,31.60839],[35.76208,31.60848],[35.76181,31.60854],[35.76154,31.60858],[35.76126,31.60859]]],\"type\":\"Polygon\"},\"properties\":{\"id\":\"gb21b8c.precision_radius\",\"land_or_water\":\"land\",\"role\":\"precision_radius\"},\"type\":\"Feature\"}],\"metadata\":{\"class\":\"human\",\"land_or_water\":\"land\",\"name\":\"Khirbet Libb\",\"type\":\"settlement\"},\"type\":\"FeatureCollection\"}","anotherNames":"Libb","koreanName":"키르벳 립","anotherKoreanNames":"립"},{"id":"mcae10f","name":"Duleilat el Gharbiyeh","isModern":true,"stereo":"child","description":"A modern settlement/ruin that is one of the possible locations identified for the biblical Almon-diblathaim (aeb052c). The name means 'Western Duleilat'.","koreanDescription":"성경의 알몬-디블라다임(Almon-diblathaim, aeb052c)의 가능한 비정지 중 하나인 현대 정착지/폐허입니다. 이름은 '서쪽 둘레일라트'를 의미합니다.","imageTitle":"mcae10f.satellite.jpg","types":["settlement"],"geojsonText":"{\"bbox\":[35.79101,31.61697,35.79629,31.62147],\"features\":[{\"geometry\":{\"coordinates\":[35.793646,31.619221],\"type\":\"Point\"},\"properties\":{\"id\":\"mcae10f.point\",\"role\":\"point\"},\"type\":\"Feature\"},{\"geometry\":{\"coordinates\":[[[35.79365,31.62147],[35.79337,31.62146],[35.7931,31.62142],[35.79283,31.62136],[35.79257,31.62127],[35.79233,31.62117],[35.79209,31.62104],[35.79188,31.62089],[35.79168,31.62073],[35.79151,31.62054],[35.79136,31.62035],[35.79123,31.62014],[35.79113,31.61992],[35.79106,31.61969],[35.79102,31.61946],[35.79101,31.61922],[35.79102,31.61899],[35.79106,31.61875],[35.79113,31.61853],[35.79123,31.61831],[35.79136,31.6181],[35.79151,31.6179],[35.79168,31.61772],[35.79188,31.61755],[35.79209,31.6174],[35.79233,31.61727],[35.79257,31.61717],[35.79283,31.61708],[35.7931,31.61702],[35.79337,31.61699],[35.79365,31.61697],[35.79392,31.61699],[35.79419,31.61702],[35.79446,31.61708],[35.79472,31.61717],[35.79497,31.61727],[35.7952,31.6174],[35.79541,31.61755],[35.79561,31.61772],[35.79578,31.6179],[35.79593,31.6181],[35.79606,31.61831],[35.79616,31.61853],[35.79623,31.61875],[35.79627,31.61899],[35.79629,31.61922],[35.79627,31.61946],[35.79623,31.61969],[35.79616,31.61992],[35.79606,31.62014],[35.79593,31.62035],[35.79578,31.62054],[35.79561,31.62073],[35.79541,31.62089],[35.7952,31.62104],[35.79497,31.62117],[35.79472,31.62127],[35.79446,31.62136],[35.79419,31.62142],[35.79392,31.62146],[35.79365,31.62147]]],\"type\":\"Polygon\"},\"properties\":{\"id\":\"g0f7dd7.precision_radius\",\"land_or_water\":\"land\",\"role\":\"precision_radius\"},\"type\":\"Feature\"}],\"metadata\":{\"class\":\"human\",\"land_or_water\":\"land\",\"name\":\"Duleilat el Gharbiyeh\",\"type\":\"settlement\"},\"type\":\"FeatureCollection\"}","anotherNames":"Dleilat el Gharbiyeh, Duleilat al Gharbiyya, Duleilat el Hamayida","koreanName":"둘레일라트 엘 가르비예","anotherKoreanNames":"들레일라트 엘 가르비예, 둘레일라트 알 가르비야, 둘레일라트 엘 하마이다"},{"id":"m1f0e6a","name":"Khirbet et Teim","isModern":true,"stereo":"child","description":"A modern ruin identified as a possible location for the biblical Almon-diblathaim (aeb052c).","koreanDescription":"성경의 알몬-디블라다임(Almon-diblathaim, aeb052c)의 가능한 비정지 중 하나로 확인된 현대 폐허입니다.","imageTitle":"m1f0e6a.satellite.jpg","types":["settlement"],"geojsonText":"{\"bbox\":[35.7718,31.69332,35.77708,31.69782],\"features\":[{\"geometry\":{\"coordinates\":[35.774441,31.69557],\"type\":\"Point\"},\"properties\":{\"id\":\"m1f0e6a.point\",\"role\":\"point\"},\"type\":\"Feature\"},{\"geometry\":{\"coordinates\":[[[35.77444,31.69782],[35.77416,31.69781],[35.77389,31.69777],[35.77362,31.69771],[35.77337,31.69762],[35.77312,31.69752],[35.77289,31.69739],[35.77267,31.69724],[35.77248,31.69707],[35.7723,31.69689],[35.77215,31.69669],[35.77203,31.69648],[35.77193,31.69626],[35.77186,31.69604],[35.77181,31.6958],[35.7718,31.69557],[35.77181,31.69533],[35.77186,31.6951],[35.77193,31.69488],[35.77203,31.69466],[35.77215,31.69445],[35.7723,31.69425],[35.77248,31.69407],[35.77267,31.6939],[35.77289,31.69375],[35.77312,31.69362],[35.77337,31.69352],[35.77362,31.69343],[35.77389,31.69337],[35.77416,31.69333],[35.77444,31.69332],[35.77472,31.69333],[35.77499,31.69337],[35.77526,31.69343],[35.77552,31.69352],[35.77576,31.69362],[35.77599,31.69375],[35.77621,31.6939],[35.7764,31.69407],[35.77658,31.69425],[35.77673,31.69445],[35.77685,31.69466],[35.77695,31.69488],[35.77703,31.6951],[35.77707,31.69533],[35.77708,31.69557],[35.77707,31.6958],[35.77703,31.69604],[35.77695,31.69626],[35.77685,31.69648],[35.77673,31.69669],[35.77658,31.69689],[35.7764,31.69707],[35.77621,31.69724],[35.77599,31.69739],[35.77576,31.69752],[35.77552,31.69762],[35.77526,31.69771],[35.77499,31.69777],[35.77472,31.69781],[35.77444,31.69782]]],\"type\":\"Polygon\"},\"properties\":{\"id\":\"g53e6ef.precision_radius\",\"land_or_water\":\"land\",\"role\":\"precision_radius\"},\"type\":\"Feature\"}],\"metadata\":{\"class\":\"human\",\"land_or_water\":\"land\",\"name\":\"Khirbet et Teim\",\"type\":\"settlement\"},\"type\":\"FeatureCollection\"}","anotherNames":"Khirbet et Tem","koreanName":"키르벳 엣 테임","anotherKoreanNames":"키르벳 엣 템"},{"id":"m7fba7d","name":"Khirbet el Qureiye","isModern":true,"stereo":"child","description":"A modern ruin that is one of the possible locations identified for the biblical Almon-diblathaim (aeb052c).","koreanDescription":"성경의 알몬-디블라다임(Almon-diblathaim, aeb052c)의 가능한 비정지 중 하나인 현대 폐허입니다.","imageTitle":"m7fba7d.satellite.jpg","types":["settlement"],"geojsonText":"{\"bbox\":[35.693472,31.708318,35.695331,31.709549],\"features\":[{\"geometry\":{\"coordinates\":[35.694296,31.708935],\"type\":\"Point\"},\"properties\":{\"id\":\"m7fba7d.point\",\"role\":\"point\"},\"type\":\"Feature\"},{\"geometry\":{\"coordinates\":[[[35.693553,31.709382],[35.693472,31.709108],[35.693648,31.708838],[35.694002,31.708701],[35.694411,31.708318],[35.694553,31.708343],[35.695331,31.709019],[35.695063,31.709401],[35.694774,31.709372],[35.69453,31.709299],[35.69438,31.7095],[35.69427,31.709549],[35.693656,31.709483],[35.693553,31.709382]]],\"type\":\"Polygon\"},\"properties\":{\"id\":\"gd94f03.local\",\"land_or_water\":\"land\",\"role\":\"local\"},\"type\":\"Feature\"},{\"geometry\":{\"coordinates\":[[[35.6943,31.70938],[35.69424,31.70938],[35.69419,31.70937],[35.69413,31.70936],[35.69408,31.70935],[35.69403,31.70932],[35.69399,31.7093],[35.69394,31.70927],[35.6939,31.70924],[35.69387,31.7092],[35.69384,31.70916],[35.69381,31.70912],[35.69379,31.70907],[35.69378,31.70903],[35.69377,31.70898],[35.69377,31.70893],[35.69377,31.70889],[35.69378,31.70884],[35.69379,31.7088],[35.69381,31.70875],[35.69384,31.70871],[35.69387,31.70867],[35.6939,31.70863],[35.69394,31.7086],[35.69399,31.70857],[35.69403,31.70855],[35.69408,31.70852],[35.69413,31.70851],[35.69419,31.7085],[35.69424,31.70849],[35.6943,31.70849],[35.69435,31.70849],[35.69441,31.7085],[35.69446,31.70851],[35.69451,31.70852],[35.69456,31.70855],[35.69461,31.70857],[35.69465,31.7086],[35.69469,31.70863],[35.69472,31.70867],[35.69475,31.70871],[35.69478,31.70875],[35.6948,31.7088],[35.69481,31.70884],[35.69482,31.70889],[35.69482,31.70893],[35.69482,31.70898],[35.69481,31.70903],[35.6948,31.70907],[35.69478,31.70912],[35.69475,31.70916],[35.69472,31.7092],[35.69469,31.70924],[35.69465,31.70927],[35.69461,31.7093],[35.69456,31.70932],[35.69451,31.70935],[35.69446,31.70936],[35.69441,31.70937],[35.69435,31.70938],[35.6943,31.70938]]],\"type\":\"Polygon\"},\"properties\":{\"id\":\"gbdd1ed.precision_radius\",\"land_or_water\":\"land\",\"role\":\"precision_radius\"},\"type\":\"Feature\"}],\"metadata\":{\"class\":\"human\",\"geometry_credit\":\"Some data © OpenStreetMap contributors\",\"land_or_water\":\"land\",\"name\":\"Khirbet el Qureiye\",\"type\":\"settlement\"},\"type\":\"FeatureCollection\"}","anotherNames":"Auon Al Dheeb, Ayun ed Dib, Khirbet el Qereiyat, Khirbet el Qureiyah, Khirbet el Qureiyeh","koreanName":"키르벳 엘 쿠레이예","anotherKoreanNames":"아우온 알 디브, 아윤 엣 딥, 키르벳 엘 케레이야트, 키르벳 엘 쿠레이야, 키르벳 엘 쿠레이예"},{"id":"m6dddbb","name":"Wadi el Esh","isModern":true,"stereo":"child","description":"A modern wadi (dry riverbed) in the Sinai Peninsula, which is a possible location identified for the biblical campsite of Alush (a32397f) during the Exodus.","koreanDescription":"시나이 반도에 있는 현대의 와디(마른 강바닥)로, 출애굽 당시 성경의 야영지인 알루스(Alush, a32397f)의 가능한 비정지로 여겨집니다.","imageTitle":"m6dddbb.satellite.jpg","types":["wadi"],"geojsonText":"{\"bbox\":[33.76432,28.759852,33.789714,28.922051],\"features\":[{\"geometry\":{\"coordinates\":[33.767493,28.770311],\"type\":\"Point\"},\"properties\":{\"geometry_credit\":\"osm\",\"id\":\"m6dddbb.representative_point\",\"role\":\"representative_point\"},\"type\":\"Feature\"},{\"geometry\":{\"coordinates\":[[33.765422,28.759852],[33.767295,28.768176],[33.767339,28.768558],[33.767493,28.770311],[33.767546,28.770735],[33.768147,28.772841],[33.768368,28.773509],[33.771428,28.781184],[33.771672,28.781906],[33.772651,28.785999],[33.772678,28.786168],[33.772882,28.788032],[33.772913,28.788212],[33.772995,28.788453],[33.77471,28.791906],[33.77471,28.792822],[33.774187,28.794884],[33.774612,28.7958],[33.774187,28.797117],[33.77337,28.797804],[33.770822,28.803416],[33.768698,28.809486],[33.767032,28.816013],[33.765627,28.821882],[33.764679,28.826347],[33.76432,28.82961],[33.76432,28.83253],[33.765006,28.837338],[33.765364,28.839998],[33.765757,28.84292],[33.766296,28.844954],[33.770639,28.852947],[33.771933,28.858229],[33.77191,28.860981],[33.772834,28.867921],[33.774022,28.870593],[33.775356,28.880123],[33.775787,28.883204],[33.776397,28.885419],[33.784772,28.915813],[33.785418,28.917333],[33.786382,28.918677],[33.788162,28.920879],[33.789714,28.922051]],\"type\":\"LineString\"},\"properties\":{\"id\":\"g54a1c3.precise\",\"land_or_water\":\"water\",\"role\":\"precise\"},\"type\":\"Feature\"},{\"geometry\":{\"coordinates\":[[[33.76749,28.77121],[33.76739,28.77121],[33.76728,28.77119],[33.76718,28.77117],[33.76708,28.77113],[33.76698,28.77109],[33.76689,28.77104],[33.76681,28.77098],[33.76673,28.77091],[33.76666,28.77084],[33.7666,28.77076],[33.76656,28.77068],[33.76652,28.77059],[33.76649,28.7705],[33.76647,28.77041],[33.76647,28.77031],[33.76647,28.77022],[33.76649,28.77012],[33.76652,28.77003],[33.76656,28.76995],[33.7666,28.76986],[33.76666,28.76978],[33.76673,28.76971],[33.76681,28.76964],[33.76689,28.76958],[33.76698,28.76953],[33.76708,28.76949],[33.76718,28.76946],[33.76728,28.76943],[33.76739,28.76942],[33.76749,28.76941],[33.7676,28.76942],[33.76771,28.76943],[33.76781,28.76946],[33.76791,28.76949],[33.76801,28.76953],[33.7681,28.76958],[33.76818,28.76964],[33.76826,28.76971],[33.76832,28.76978],[33.76838,28.76986],[33.76843,28.76995],[33.76847,28.77003],[33.7685,28.77012],[33.76851,28.77022],[33.76852,28.77031],[33.76851,28.77041],[33.7685,28.7705],[33.76847,28.77059],[33.76843,28.77068],[33.76838,28.77076],[33.76832,28.77084],[33.76826,28.77091],[33.76818,28.77098],[33.7681,28.77104],[33.76801,28.77109],[33.76791,28.77113],[33.76781,28.77117],[33.76771,28.77119],[33.7676,28.77121],[33.76749,28.77121]]],\"type\":\"Polygon\"},\"properties\":{\"id\":\"g03b009.precision_radius\",\"land_or_water\":\"land\",\"role\":\"precision_radius\"},\"type\":\"Feature\"}],\"metadata\":{\"class\":\"natural\",\"geometry_credit\":\"Some data © OpenStreetMap contributors\",\"land_or_water\":\"water\",\"name\":\"Wadi el Esh\",\"type\":\"wadi\"},\"type\":\"FeatureCollection\"}","anotherNames":"Wadi el Eshsh","koreanName":"와디 엘 에쉬","anotherKoreanNames":"와디 엘 에쉬쉬"},{"id":"mf9b7d7","name":"Mount Carmel","isModern":true,"stereo":"child","description":"A coastal mountain range in northern Israel, famous in the Bible as the site of the confrontation between the prophet Elijah and the prophets of Baal (1 Kings 18).\nIt is one of the possible modern identifications associated with the ancient town of Amad (a2f1fa1) which was near its border.","koreanDescription":"이스라엘 북부의 해안 산맥으로, 성경에서 선지자 엘리야와 바알 선지자들 간의 대결 장소로 유명합니다 (열왕기상 18장).\n이는 고대 성읍 아맛(Amad, a2f1fa1)의 경계 근처에 위치했던 것으로 추정되는 가능한 현대 비정지 중 하나입니다.","imageTitle":"mf9b7d7.i047ce9.jpg","types":["mountain"],"geojsonText":"{\"bbox\":[35.01265,32.66351,35.03402,32.68149],\"features\":[{\"geometry\":{\"coordinates\":[35.023333,32.6725],\"type\":\"Point\"},\"properties\":{\"id\":\"mf9b7d7.point\",\"role\":\"point\"},\"type\":\"Feature\"},{\"geometry\":{\"coordinates\":[[[35.02333,32.68149],[35.02222,32.68144],[35.02111,32.6813],[35.02003,32.68105],[35.01899,32.68072],[35.01799,32.68029],[35.01705,32.67978],[35.01618,32.67918],[35.01539,32.67852],[35.01469,32.67779],[35.01408,32.677],[35.01357,32.67616],[35.01317,32.67528],[35.01288,32.67437],[35.01271,32.67344],[35.01265,32.6725],[35.01271,32.67156],[35.01288,32.67063],[35.01317,32.66972],[35.01357,32.66884],[35.01408,32.668],[35.01469,32.66721],[35.01539,32.66648],[35.01618,32.66582],[35.01705,32.66522],[35.01799,32.66471],[35.01899,32.66428],[35.02003,32.66395],[35.02111,32.6637],[35.02222,32.66356],[35.02333,32.66351],[35.02445,32.66356],[35.02555,32.6637],[35.02663,32.66395],[35.02768,32.66428],[35.02867,32.66471],[35.02961,32.66522],[35.03048,32.66582],[35.03127,32.66648],[35.03198,32.66721],[35.03258,32.668],[35.03309,32.66884],[35.03349,32.66972],[35.03378,32.67063],[35.03396,32.67156],[35.03402,32.6725],[35.03396,32.67344],[35.03378,32.67437],[35.03349,32.67528],[35.03309,32.67616],[35.03259,32.677],[35.03198,32.67779],[35.03127,32.67852],[35.03048,32.67918],[35.02961,32.67978],[35.02868,32.68029],[35.02768,32.68072],[35.02663,32.68105],[35.02555,32.6813],[35.02445,32.68144],[35.02333,32.68149]]],\"type\":\"Polygon\"},\"properties\":{\"id\":\"g15f753.precision_radius\",\"land_or_water\":\"land\",\"role\":\"precision_radius\"},\"type\":\"Feature\"}],\"metadata\":{\"class\":\"natural\",\"land_or_water\":\"land\",\"name\":\"Mount Carmel\",\"type\":\"mountain\"},\"type\":\"FeatureCollection\"}","anotherNames":"Jabal Al Karmil","koreanName":"갈멜 산","anotherKoreanNames":"자발 알 카르밀"},{"id":"m4e0815","name":"Umm al Amad","isModern":true,"stereo":"child","description":"A modern settlement/ruin that is another possible location identified for the biblical town of Amad (a2f1fa1) in the territory of Asher.","koreanDescription":"아셀 지파의 영토에 있던 성경의 성읍 아맛(Amad, a2f1fa1)의 또 다른 가능한 비정지로 확인된 현대 정착지/폐허입니다.","imageTitle":"m4e0815.i65c014.jpg","types":["settlement"],"geojsonText":"{\"bbox\":[35.16912,32.72725,35.17447,32.73175],\"features\":[{\"geometry\":{\"coordinates\":[35.171797,32.7295],\"type\":\"Point\"},\"properties\":{\"id\":\"m4e0815.point\",\"role\":\"point\"},\"type\":\"Feature\"},{\"geometry\":{\"coordinates\":[[[35.1718,32.73175],[35.17152,32.73174],[35.17124,32.7317],[35.17097,32.73164],[35.17071,32.73155],[35.17046,32.73145],[35.17023,32.73132],[35.17001,32.73117],[35.16981,32.731],[35.16963,32.73082],[35.16948,32.73062],[35.16936,32.73041],[35.16926,32.73019],[35.16918,32.72997],[35.16914,32.72973],[35.16912,32.7295],[35.16914,32.72926],[35.16918,32.72903],[35.16926,32.72881],[35.16936,32.72859],[35.16948,32.72838],[35.16963,32.72818],[35.16981,32.728],[35.17001,32.72783],[35.17023,32.72768],[35.17046,32.72755],[35.17071,32.72745],[35.17097,32.72736],[35.17124,32.7273],[35.17152,32.72726],[35.1718,32.72725],[35.17208,32.72726],[35.17235,32.7273],[35.17262,32.72736],[35.17288,32.72745],[35.17313,32.72755],[35.17337,32.72768],[35.17359,32.72783],[35.17378,32.728],[35.17396,32.72818],[35.17411,32.72838],[35.17424,32.72859],[35.17434,32.72881],[35.17441,32.72903],[35.17445,32.72926],[35.17447,32.7295],[35.17445,32.72973],[35.17441,32.72997],[35.17434,32.73019],[35.17424,32.73041],[35.17411,32.73062],[35.17396,32.73082],[35.17378,32.731],[35.17359,32.73117],[35.17337,32.73132],[35.17313,32.73145],[35.17288,32.73155],[35.17262,32.73164],[35.17235,32.7317],[35.17208,32.73174],[35.1718,32.73175]]],\"type\":\"Polygon\"},\"properties\":{\"id\":\"gd91bce.precision_radius\",\"land_or_water\":\"land\",\"role\":\"precision_radius\"},\"type\":\"Feature\"}],\"metadata\":{\"class\":\"human\",\"land_or_water\":\"land\",\"name\":\"Umm al Amad\",\"type\":\"settlement\"},\"type\":\"FeatureCollection\"}","anotherNames":null,"koreanName":"움 알 아마드","anotherKoreanNames":null},{"id":"m6da23a","name":"Ain el Qudeirat","isModern":true,"stereo":"child","description":"The most fertile oasis in the northern Sinai, widely considered to be the location of the biblical Kadesh Barnea. \nThis spring is associated with the region of Amalek (ab95484), whose territory extended into the Negev and Sinai.","koreanDescription":"시나이 북부에서 가장 비옥한 오아시스로, 성경의 가데스 바네아 위치로 널리 알려져 있습니다.\n이 샘은 네게브와 시나이까지 영토가 확장되었던 아말렉(Amalek, ab95484) 지역과 관련이 있습니다.","imageTitle":"m6da23a.i61384b.jpg","types":["spring"],"geojsonText":"{\"bbox\":[34.4217,30.64788,34.42274,30.64878],\"features\":[{\"geometry\":{\"coordinates\":[34.422222,30.648333],\"type\":\"Point\"},\"properties\":{\"id\":\"m6da23a.point\",\"role\":\"point\"},\"type\":\"Feature\"},{\"geometry\":{\"coordinates\":[[[34.42222,30.64878],[34.42217,30.64878],[34.42211,30.64877],[34.42206,30.64876],[34.42201,30.64874],[34.42196,30.64872],[34.42191,30.6487],[34.42187,30.64867],[34.42183,30.64863],[34.4218,30.6486],[34.42177,30.64856],[34.42174,30.64852],[34.42172,30.64847],[34.42171,30.64843],[34.4217,30.64838],[34.4217,30.64833],[34.4217,30.64829],[34.42171,30.64824],[34.42172,30.64819],[34.42174,30.64815],[34.42177,30.64811],[34.4218,30.64807],[34.42183,30.64803],[34.42187,30.648],[34.42191,30.64797],[34.42196,30.64794],[34.42201,30.64792],[34.42206,30.64791],[34.42211,30.64789],[34.42217,30.64789],[34.42222,30.64788],[34.42228,30.64789],[34.42233,30.64789],[34.42238,30.64791],[34.42243,30.64792],[34.42248,30.64794],[34.42253,30.64797],[34.42257,30.648],[34.42261,30.64803],[34.42264,30.64807],[34.42267,30.64811],[34.4227,30.64815],[34.42272,30.64819],[34.42273,30.64824],[34.42274,30.64829],[34.42274,30.64833],[34.42274,30.64838],[34.42273,30.64843],[34.42272,30.64847],[34.4227,30.64852],[34.42267,30.64856],[34.42264,30.6486],[34.42261,30.64863],[34.42257,30.64867],[34.42253,30.6487],[34.42248,30.64872],[34.42243,30.64874],[34.42238,30.64876],[34.42233,30.64877],[34.42228,30.64878],[34.42222,30.64878]]],\"type\":\"Polygon\"},\"properties\":{\"id\":\"gaafed4.precision_radius\",\"land_or_water\":\"land\",\"role\":\"precision_radius\"},\"type\":\"Feature\"}],\"metadata\":{\"class\":\"natural\",\"land_or_water\":\"water\",\"name\":\"Ain el Qudeirat\",\"type\":\"spring\"},\"type\":\"FeatureCollection\"}","anotherNames":null,"koreanName":"아인 엘 쿠데이라트","anotherKoreanNames":null},{"id":"mdaf25b","name":"Be’er Nevatim","isModern":true,"stereo":"child","description":"A well or settlement in the Negev desert, associated as a possible identification for the biblical town of Amam (a3e2b20) in the territory of Judah.","koreanDescription":"네게브 사막에 있는 우물 또는 정착지로, 유다 지파 영토에 있던 성경의 성읍 아맘(Amam, a3e2b20)의 가능한 비정지로 추정됩니다.","imageTitle":"mdaf25b.satellite.jpg","types":["settlement"],"geojsonText":"{\"bbox\":[34.90474,31.2167,34.90894,31.2203],\"features\":[{\"geometry\":{\"coordinates\":[34.90684,31.2185],\"type\":\"Point\"},\"properties\":{\"id\":\"mdaf25b.point\",\"role\":\"point\"},\"type\":\"Feature\"},{\"geometry\":{\"coordinates\":[[[34.90684,31.2203],[34.90662,31.22029],[34.9064,31.22026],[34.90619,31.22021],[34.90598,31.22014],[34.90579,31.22006],[34.9056,31.21996],[34.90543,31.21984],[34.90528,31.2197],[34.90514,31.21956],[34.90502,31.2194],[34.90492,31.21923],[34.90484,31.21906],[34.90478,31.21887],[34.90475,31.21869],[34.90474,31.2185],[34.90475,31.21831],[34.90478,31.21813],[34.90484,31.21794],[34.90492,31.21777],[34.90502,31.2176],[34.90514,31.21744],[34.90528,31.2173],[34.90543,31.21716],[34.9056,31.21704],[34.90579,31.21694],[34.90598,31.21686],[34.90619,31.21679],[34.9064,31.21674],[34.90662,31.21671],[34.90684,31.2167],[34.90706,31.21671],[34.90728,31.21674],[34.90749,31.21679],[34.9077,31.21686],[34.90789,31.21694],[34.90808,31.21704],[34.90825,31.21716],[34.9084,31.2173],[34.90854,31.21744],[34.90866,31.2176],[34.90876,31.21777],[34.90884,31.21794],[34.9089,31.21813],[34.90893,31.21831],[34.90894,31.2185],[34.90893,31.21869],[34.9089,31.21887],[34.90884,31.21906],[34.90876,31.21923],[34.90866,31.2194],[34.90854,31.21956],[34.9084,31.2197],[34.90825,31.21984],[34.90808,31.21996],[34.90789,31.22006],[34.9077,31.22014],[34.90749,31.22021],[34.90728,31.22026],[34.90706,31.22029],[34.90684,31.2203]]],\"type\":\"Polygon\"},\"properties\":{\"id\":\"gbdcd6c.precision_radius\",\"land_or_water\":\"land\",\"role\":\"precision_radius\"},\"type\":\"Feature\"}],\"metadata\":{\"class\":\"human\",\"land_or_water\":\"land\",\"name\":\"Be’er Nevatim\",\"type\":\"settlement\"},\"type\":\"FeatureCollection\"}","anotherNames":"Bir el Hamam, Bir Hamam","koreanName":"브에르 네바팀","anotherKoreanNames":"비르 엘 하맘, 비르 하맘"},{"id":"m1824ed","name":"Nahal Yattir 205","isModern":true,"stereo":"child","description":"A modern site/settlement that is one of the possible locations identified for the biblical town of Amam (a3e2b20).","koreanDescription":"성경의 성읍 아맘(Amam, a3e2b20)의 가능한 비정지 중 하나로 확인된 현대 유적지/정착지입니다.","imageTitle":"m1824ed.satellite.jpg","types":["settlement"],"geojsonText":"{\"bbox\":[34.89626,31.24282,34.89836,31.24462],\"features\":[{\"geometry\":{\"coordinates\":[34.897308,31.243718],\"type\":\"Point\"},\"properties\":{\"id\":\"m1824ed.point\",\"role\":\"point\"},\"type\":\"Feature\"},{\"geometry\":{\"coordinates\":[[[34.89731,31.24462],[34.8972,31.24461],[34.89709,31.2446],[34.89698,31.24457],[34.89688,31.24454],[34.89678,31.2445],[34.89669,31.24445],[34.8966,31.24439],[34.89653,31.24432],[34.89646,31.24425],[34.8964,31.24417],[34.89635,31.24408],[34.89631,31.244],[34.89628,31.2439],[34.89626,31.24381],[34.89626,31.24372],[34.89626,31.24362],[34.89628,31.24353],[34.89631,31.24344],[34.89635,31.24335],[34.8964,31.24327],[34.89646,31.24319],[34.89653,31.24312],[34.8966,31.24305],[34.89669,31.24299],[34.89678,31.24294],[34.89688,31.2429],[34.89698,31.24286],[34.89709,31.24284],[34.8972,31.24282],[34.89731,31.24282],[34.89742,31.24282],[34.89753,31.24284],[34.89763,31.24286],[34.89774,31.2429],[34.89783,31.24294],[34.89793,31.24299],[34.89801,31.24305],[34.89809,31.24312],[34.89816,31.24319],[34.89822,31.24327],[34.89827,31.24335],[34.89831,31.24344],[34.89834,31.24353],[34.89835,31.24362],[34.89836,31.24372],[34.89835,31.24381],[34.89834,31.2439],[34.89831,31.244],[34.89827,31.24408],[34.89822,31.24417],[34.89816,31.24425],[34.89809,31.24432],[34.89801,31.24439],[34.89793,31.24445],[34.89783,31.2445],[34.89774,31.24454],[34.89763,31.24457],[34.89753,31.2446],[34.89742,31.24461],[34.89731,31.24462]]],\"type\":\"Polygon\"},\"properties\":{\"id\":\"g305bfd.precision_radius\",\"land_or_water\":\"land\",\"role\":\"precision_radius\"},\"type\":\"Feature\"}],\"metadata\":{\"class\":\"human\",\"land_or_water\":\"land\",\"name\":\"Nahal Yattir 205\",\"type\":\"settlement\"},\"type\":\"FeatureCollection\"}","anotherNames":null,"koreanName":"나할 얏티르 205","anotherKoreanNames":null},{"id":"m81d48b","name":"Bir el Esani","isModern":true,"stereo":"child","description":"A modern well in the Negev desert, associated as a possible identification for the biblical town of Amam (a3e2b20).","koreanDescription":"네게브 사막에 있는 현대의 우물로, 성경의 성읍 아맘(Amam, a3e2b20)의 가능한 비정지로 추정됩니다.","imageTitle":"m81d48b.satellite.jpg","types":["well"],"geojsonText":"{\"bbox\":[34.57906,31.19096,34.58116,31.19276],\"features\":[{\"geometry\":{\"coordinates\":[34.58011,31.19186],\"type\":\"Point\"},\"properties\":{\"id\":\"m81d48b.point\",\"role\":\"point\"},\"type\":\"Feature\"},{\"geometry\":{\"coordinates\":[[[34.58011,31.19276],[34.58,31.19275],[34.57989,31.19274],[34.57979,31.19272],[34.57968,31.19268],[34.57958,31.19264],[34.57949,31.19259],[34.57941,31.19253],[34.57933,31.19246],[34.57926,31.19239],[34.5792,31.19231],[34.57915,31.19223],[34.57911,31.19214],[34.57908,31.19205],[34.57906,31.19195],[34.57906,31.19186],[34.57906,31.19177],[34.57908,31.19167],[34.57911,31.19158],[34.57915,31.19149],[34.5792,31.19141],[34.57926,31.19133],[34.57933,31.19126],[34.57941,31.19119],[34.57949,31.19113],[34.57958,31.19108],[34.57968,31.19104],[34.57979,31.191],[34.57989,31.19098],[34.58,31.19097],[34.58011,31.19096],[34.58022,31.19097],[34.58033,31.19098],[34.58043,31.191],[34.58054,31.19104],[34.58064,31.19108],[34.58073,31.19113],[34.58081,31.19119],[34.58089,31.19126],[34.58096,31.19133],[34.58102,31.19141],[34.58107,31.19149],[34.58111,31.19158],[34.58114,31.19167],[34.58116,31.19177],[34.58116,31.19186],[34.58116,31.19195],[34.58114,31.19205],[34.58111,31.19214],[34.58107,31.19223],[34.58102,31.19231],[34.58096,31.19239],[34.58089,31.19246],[34.58081,31.19253],[34.58073,31.19259],[34.58064,31.19264],[34.58054,31.19268],[34.58043,31.19272],[34.58033,31.19274],[34.58022,31.19275],[34.58011,31.19276]]],\"type\":\"Polygon\"},\"properties\":{\"id\":\"g992238.precision_radius\",\"land_or_water\":\"land\",\"role\":\"precision_radius\"},\"type\":\"Feature\"}],\"metadata\":{\"class\":\"human\",\"land_or_water\":\"water\",\"name\":\"Bir el Esani\",\"type\":\"well\"},\"type\":\"FeatureCollection\"}","anotherNames":"Be’er Asanet, Be’er Osnat, Bir Seneh","koreanName":"비르 엘 에사니","anotherKoreanNames":"브에르 아사넷, 브에르 오스낫, 비르 세네"},{"id":"m702acc","name":"Jebel Zabadani","isModern":true,"stereo":"child","description":"A mountain ridge in the Anti-Lebanon range, near the town of Al-Zabadani in Syria. It is considered a possible modern identification for the biblical Amana (ab428de).","koreanDescription":"시리아의 알-자바다니 마을 근처 안티-레바논 산맥에 있는 산등성이입니다. 성경의 아마나(Amana, ab428de)의 가능한 현대적 비정지로 여겨집니다.","imageTitle":"m702acc.satellite.jpg","types":["mountain ridge"],"geojsonText":"{\"bbox\":[35.985055,33.621927,36.072821,33.743231],\"features\":[{\"geometry\":{\"coordinates\":[36.031667,33.688889],\"type\":\"Point\"},\"properties\":{\"id\":\"m702acc.point\",\"role\":\"point\"},\"type\":\"Feature\"},{\"geometry\":{\"coordinates\":[[[36.013654,33.621927],[36.036276,33.678289],[36.072821,33.735011],[36.029676,33.743231],[35.985055,33.634683],[36.013654,33.621927]]],\"type\":\"Polygon\"},\"properties\":{\"id\":\"g66ae51.geometry\",\"land_or_water\":\"land\",\"role\":\"geometry\"},\"type\":\"Feature\"}],\"metadata\":{\"class\":\"natural\",\"land_or_water\":\"land\",\"name\":\"Jebel Zabadani\",\"type\":\"mountain ridge\"},\"type\":\"FeatureCollection\"}","anotherNames":"Jebel Zebedany","koreanName":"제벨 자바다니","anotherKoreanNames":"제벨 제베다니"},{"id":"m6fa42d","name":"Mount Amana","isModern":true,"stereo":"child","description":"A mountain, generally referring to a summit or part of the Anti-Lebanon range, considered a possible modern identification for the biblical Amana (ab428de).","koreanDescription":"일반적으로 안티-레바논 산맥의 한 봉우리 또는 일부를 지칭하는 산으로, 성경의 아마나(Amana, ab428de)의 가능한 현대적 비정지로 여겨집니다.","imageTitle":"m6fa42d.i55baa6.jpg","types":["mountain"],"geojsonText":"{\"bbox\":[35.8554,33.47785,36.07126,33.65771],\"features\":[{\"geometry\":{\"coordinates\":[35.963333,33.567778],\"type\":\"Point\"},\"properties\":{\"id\":\"m6fa42d.point\",\"role\":\"point\"},\"type\":\"Feature\"},{\"geometry\":{\"coordinates\":[[[35.96333,33.65771],[35.95204,33.65722],[35.94087,33.65574],[35.92995,33.6533],[35.91939,33.64993],[35.90932,33.64565],[35.89984,33.64052],[35.89106,33.63459],[35.88307,33.62793],[35.87596,33.62061],[35.86981,33.61271],[35.86469,33.60432],[35.86065,33.59553],[35.85774,33.58643],[35.85598,33.57713],[35.8554,33.56773],[35.856,33.55833],[35.85778,33.54904],[35.86072,33.53995],[35.86477,33.53116],[35.86991,33.52278],[35.87607,33.51489],[35.88318,33.50758],[35.89117,33.50092],[35.89995,33.49501],[35.90942,33.48988],[35.91947,33.48561],[35.93001,33.48224],[35.94092,33.47981],[35.95206,33.47834],[35.96333,33.47785],[35.9746,33.47834],[35.98575,33.47981],[35.99665,33.48224],[36.00719,33.48561],[36.01725,33.48988],[36.02672,33.49501],[36.0355,33.50092],[36.04349,33.50758],[36.0506,33.51489],[36.05676,33.52278],[36.06189,33.53116],[36.06595,33.53995],[36.06888,33.54904],[36.07066,33.55833],[36.07126,33.56773],[36.07068,33.57713],[36.06893,33.58643],[36.06602,33.59553],[36.06198,33.60432],[36.05685,33.61271],[36.0507,33.62061],[36.0436,33.62793],[36.03561,33.63459],[36.02683,33.64052],[36.01735,33.64565],[36.00727,33.64993],[35.99672,33.6533],[35.9858,33.65574],[35.97463,33.65722],[35.96333,33.65771]]],\"type\":\"Polygon\"},\"properties\":{\"id\":\"g31ceea.precision_radius\",\"land_or_water\":\"land\",\"role\":\"precision_radius\"},\"type\":\"Feature\"}],\"metadata\":{\"class\":\"natural\",\"land_or_water\":\"land\",\"name\":\"Mount Amana\",\"type\":\"mountain\"},\"type\":\"FeatureCollection\"}","anotherNames":null,"koreanName":"아마나 산","anotherKoreanNames":null},{"id":"m6cc8f5","name":"Between Aleppo and Carchemish","isModern":true,"stereo":"child","description":"A geographical region, possibly a broad description of the area encompassing the biblical location of Amaw (ac5cab3), from which Balaam was summoned. This area is near the Euphrates River in modern Syria/Turkey.","koreanDescription":"성경의 아마우(Amaw, ac5cab3) 위치를 포괄하는 지역에 대한 광범위한 지리적 설명일 수 있으며, 발락이 발람을 소환한 곳입니다. 이 지역은 현대 시리아/터키의 유프라테스 강 근처입니다.","imageTitle":"m6cc8f5.id9942b.jpg","types":["region"],"geojsonText":"{\"bbox\":[37.160494,35.914263,38.258127,36.932487],\"features\":[{\"geometry\":{\"coordinates\":[38.0865,36.7014],\"type\":\"Point\"},\"properties\":{\"id\":\"m6cc8f5.representative_point\",\"role\":\"representative_point\"},\"type\":\"Feature\"},{\"geometry\":{\"coordinates\":[[[38.216979,35.914263],[38.054795,36.099649],[38.185103,36.279519],[38.258127,36.435034],[38.246534,36.510609],[38.214163,36.649786],[38.035205,36.74756],[38.05373,36.932487],[37.563504,36.91613],[37.160494,36.102356],[38.216979,35.914263]]],\"type\":\"Polygon\"},\"properties\":{\"id\":\"g3750ec.geometry\",\"land_or_water\":\"land\",\"role\":\"geometry\"},\"type\":\"Feature\"}],\"metadata\":{\"class\":\"natural\",\"land_or_water\":\"land\",\"name\":\"between Aleppo and Carchemish\",\"type\":\"region\"},\"type\":\"FeatureCollection\"}","anotherNames":null,"koreanName":"알레포와 갈그미스 사이","anotherKoreanNames":null},{"id":"m0c1bc5","name":"Amman","isModern":true,"stereo":"child","description":"The capital and largest city of Jordan. It is the modern-day location of the ancient Ammonite capital, Rabbath-Ammon, which was the central city of the biblical kingdom of Ammon (a6046fa).","koreanDescription":"요르단의 수도이자 가장 큰 도시입니다. 이곳은 성경 속 암몬 왕국(Ammon, a6046fa)의 중심 도시였던 고대 암몬 수도 랍밧-암몬의 현대적 위치입니다.","imageTitle":"m0c1bc5.i8f8a9a.jpg","types":["settlement"],"geojsonText":"{\"bbox\":[35.93165,31.95245,35.93695,31.95695],\"features\":[{\"geometry\":{\"coordinates\":[35.9343,31.9547],\"type\":\"Point\"},\"properties\":{\"id\":\"m0c1bc5.point\",\"role\":\"point\"},\"type\":\"Feature\"},{\"geometry\":{\"coordinates\":[[[35.932902,31.956262],[35.932895,31.956272],[35.932809,31.956237],[35.933103,31.955487],[35.933375,31.954454],[35.93348,31.954051],[35.934103,31.953172],[35.936061,31.95368],[35.936936,31.953934],[35.936814,31.954232],[35.93672,31.95436],[35.93664,31.954382],[35.936607,31.954459],[35.936286,31.954395],[35.936253,31.954564],[35.936073,31.9546],[35.93555,31.954706],[35.935209,31.95511],[35.934714,31.955788],[35.934492,31.955678],[35.934466,31.955725],[35.934434,31.955782],[35.934409,31.955828],[35.934388,31.955867],[35.934368,31.955904],[35.934273,31.956075],[35.934167,31.956266],[35.934129,31.956336],[35.934052,31.956299],[35.934033,31.95629],[35.934001,31.956275],[35.933731,31.956668],[35.93341,31.95651],[35.932902,31.956262]]],\"type\":\"Polygon\"},\"properties\":{\"id\":\"g447507.local\",\"land_or_water\":\"land\",\"role\":\"local\"},\"type\":\"Feature\"},{\"geometry\":{\"coordinates\":[[[35.9343,31.95695],[35.93402,31.95694],[35.93375,31.9569],[35.93348,31.95684],[35.93322,31.95675],[35.93298,31.95665],[35.93274,31.95652],[35.93253,31.95637],[35.93233,31.9562],[35.93216,31.95602],[35.93201,31.95582],[35.93188,31.95561],[35.93178,31.95539],[35.93171,31.95517],[35.93166,31.95493],[35.93165,31.9547],[35.93166,31.95446],[35.93171,31.95423],[35.93178,31.95401],[35.93188,31.95379],[35.93201,31.95358],[35.93216,31.95338],[35.93233,31.9532],[35.93253,31.95303],[35.93274,31.95288],[35.93298,31.95275],[35.93322,31.95265],[35.93348,31.95256],[35.93375,31.9525],[35.93402,31.95246],[35.9343,31.95245],[35.93458,31.95246],[35.93485,31.9525],[35.93512,31.95256],[35.93538,31.95265],[35.93562,31.95275],[35.93586,31.95288],[35.93607,31.95303],[35.93627,31.9532],[35.93644,31.95338],[35.93659,31.95358],[35.93672,31.95379],[35.93682,31.95401],[35.93689,31.95423],[35.93694,31.95446],[35.93695,31.9547],[35.93694,31.95493],[35.93689,31.95517],[35.93682,31.95539],[35.93672,31.95561],[35.93659,31.95582],[35.93644,31.95602],[35.93627,31.9562],[35.93607,31.95637],[35.93586,31.95652],[35.93562,31.95665],[35.93538,31.95675],[35.93512,31.95684],[35.93485,31.9569],[35.93458,31.95694],[35.9343,31.95695]]],\"type\":\"Polygon\"},\"properties\":{\"id\":\"g0ca368.precision_radius\",\"land_or_water\":\"land\",\"role\":\"precision_radius\"},\"type\":\"Feature\"}],\"metadata\":{\"class\":\"human\",\"geometry_credit\":\"Some data © OpenStreetMap contributors\",\"land_or_water\":\"land\",\"name\":\"Amman\",\"type\":\"settlement\"},\"type\":\"FeatureCollection\"}","anotherNames":null,"koreanName":"암만","anotherKoreanNames":null},{"id":"mef630c","name":"East of Gibeon","isModern":true,"stereo":"child","description":"A general geographical area identified as a possible location for the biblical hill Ammah (a8e4a15). Gibeon is identified with the modern village of al-Jīb in the West Bank.","koreanDescription":"성경 속 언덕 암마(Ammah, a8e4a15)의 가능한 위치로 확인된 일반적인 지리적 지역입니다. 기브온은 서안 지구의 현대 마을 알-집과 동일시됩니다.","imageTitle":"mef630c.i9c1561.jpg","types":["region"],"geojsonText":"{\"bbox\":[35.209155,31.790308,35.365188,31.869794],\"features\":[{\"geometry\":{\"coordinates\":[35.279535,31.841047],\"type\":\"Point\"},\"properties\":{\"id\":\"mef630c.representative_point\",\"role\":\"representative_point\"},\"type\":\"Feature\"},{\"geometry\":{\"coordinates\":[[[35.220887,31.869794],[35.209155,31.818554],[35.258554,31.798025],[35.34905,31.790308],[35.365188,31.830728],[35.331441,31.843328],[35.220887,31.869794]]],\"type\":\"Polygon\"},\"properties\":{\"id\":\"g22aebc.geometry\",\"land_or_water\":\"land\",\"role\":\"geometry\"},\"type\":\"Feature\"}],\"metadata\":{\"class\":\"natural\",\"land_or_water\":\"land\",\"name\":\"east of Gibeon\",\"type\":\"region\"},\"type\":\"FeatureCollection\"}","anotherNames":null,"koreanName":"기브온 동쪽","anotherKoreanNames":null},{"id":"m8c21f0","name":"Sahel Geba","isModern":true,"stereo":"child","description":"A modern valley/plain near Geba, identified as another possible location for the biblical hill Ammah (a8e4a15) in the area of Gibeon.","koreanDescription":"게바 근처에 있는 현대의 골짜기/평야로, 기브온 지역에 있는 성경 속 언덕 암마(Ammah, a8e4a15)의 또 다른 가능한 비정지로 확인됩니다.","imageTitle":"m8c21f0.i2e1c06.jpg","types":["valley"],"geojsonText":"{\"bbox\":[35.269657,31.840106,35.292989,31.846147],\"features\":[{\"geometry\":{\"coordinates\":[35.279535,31.841047],\"type\":\"Point\"},\"properties\":{\"id\":\"m8c21f0.representative_point\",\"role\":\"representative_point\"},\"type\":\"Feature\"},{\"geometry\":{\"coordinates\":[[[35.27049,31.840701],[35.292989,31.840106],[35.289802,31.846147],[35.269657,31.844873],[35.27049,31.840701]]],\"type\":\"Polygon\"},\"properties\":{\"id\":\"g896059.geometry\",\"land_or_water\":\"land\",\"role\":\"geometry\"},\"type\":\"Feature\"}],\"metadata\":{\"class\":\"natural\",\"land_or_water\":\"land\",\"name\":\"Sahel Geba\",\"type\":\"valley\"},\"type\":\"FeatureCollection\"}","anotherNames":"Jurat es Saqqawi, Sahel Jeba","koreanName":"사헬 게바","anotherKoreanNames":"주랏 에스 삿카위, 사헬 제바"}],"relations":[{"parentId":"a2f1fa1","childId":"mf9b7d7","possibility":60},{"parentId":"a2f1fa1","childId":"m4e0815","possibility":10},{"parentId":"ada3369","childId":"m71a823","possibility":85},{"parentId":"a32397f","childId":"m6dddbb","possibility":30},{"parentId":"ab95484","childId":"m6da23a","possibility":100},{"parentId":"aeb052c","childId":"mc8b658","possibility":60},{"parentId":"aeb052c","childId":"ma11565","possibility":60},{"parentId":"aeb052c","childId":"mcae10f","possibility":60},{"parentId":"aeb052c","childId":"m1f0e6a","possibility":60},{"parentId":"aeb052c","childId":"m7fba7d","possibility":10},{"parentId":"a8e4a15","childId":"mef630c","possibility":70},{"parentId":"a8e4a15","childId":"m8c21f0","possibility":10},{"parentId":"ac5cab3","childId":"m6cc8f5","possibility":60},{"parentId":"ac5cab3","childId":"m0c1bc5","possibility":25},{"parentId":"a3e2b20","childId":"mdaf25b","possibility":40},{"parentId":"a3e2b20","childId":"m1824ed","possibility":10},{"parentId":"a3e2b20","childId":"m81d48b","possibility":10},{"parentId":"a6046fa","childId":"m0c1bc5","possibility":100},{"parentId":"ab428de","childId":"m702acc","possibility":65},{"parentId":"ab428de","childId":"m6fa42d","possibility":10}],"total":29}