{"data":[{"id":"a89511f","name":"Ain 1","imageTitle":"m7624ff.satellite.jpg","isModern":false,"stereo":"parent","description":"The name 'Ain' (Hebrew: עַיִן) means 'spring' or 'fountain,' suggesting a vital water source.\nThis location is mentioned as a landmark on the northern boundary of the Promised Land, specifically on the eastern border near Riblah, as described in Numbers 34:11. It highlights its geographical significance in defining the extent of the land promised to the Israelites.","koreanDescription":"이름 '아인'(히브리어: עַיִן)은 '샘' 또는 '분수'를 의미하며, 생명과 같은 수원지를 암시합니다.\n민수기 34장 11절에 언급된 약속의 땅 북쪽 경계선상의 지표 중 하나이며, 특히 립라 근처의 동쪽 경계를 설정하는 데 중요했습니다. 이는 이스라엘 백성에게 약속된 땅의 범위를 정의하는 데 있어 이 지역의 지리적 중요성을 강조합니다.","verses":["Num.34.11"],"placeUrl":"/geo/ancient/a89511f/ain-1","identificationPaths":["/geo/modern/m7624ff","/geo/modern/m71c96a","/geo/modern/mec7389","/geo/modern/m518f8e","/geo/modern/mb61c67","/geo/modern/m15bc95","/geo/modern/m4f224b"],"types":["settlement"],"unknownPlacePossibility":null,"geojsonText":"{\"bbox\":[35.59,32.71865,36.373056,34.352222],\"features\":[{\"geometry\":{\"coordinates\":[[[35.651515,33.249877],[35.6517,33.249374],[35.652097,33.249473],[35.651925,33.24996],[35.651515,33.249877]]],\"type\":\"Polygon\"},\"properties\":{\"id\":\"ged4687.geometry\",\"land_or_water\":\"land\"},\"type\":\"Feature\"},{\"geometry\":{\"coordinates\":[35.59,33.345278],\"type\":\"Point\"},\"properties\":{\"id\":\"m15bc95.point\"},\"type\":\"Feature\"},{\"geometry\":{\"coordinates\":[35.5921,33.3611],\"type\":\"Point\"},\"properties\":{\"id\":\"m4f224b.point\"},\"type\":\"Feature\"},{\"geometry\":{\"coordinates\":[35.693333,33.246111],\"type\":\"Point\"},\"properties\":{\"id\":\"m518f8e.point\"},\"type\":\"Feature\"},{\"geometry\":{\"coordinates\":[35.636569,33.238681],\"type\":\"Point\"},\"properties\":{\"id\":\"m71c96a.point\"},\"type\":\"Feature\"},{\"geometry\":{\"coordinates\":[35.66791,32.71865],\"type\":\"Point\"},\"properties\":{\"id\":\"m7624ff.point\"},\"type\":\"Feature\"},{\"geometry\":{\"coordinates\":[35.652,33.249],\"type\":\"Point\"},\"properties\":{\"id\":\"mb61c67.point\"},\"type\":\"Feature\"},{\"geometry\":{\"coordinates\":[36.373056,34.352222],\"type\":\"Point\"},\"properties\":{\"id\":\"mec7389.point\"},\"type\":\"Feature\"}],\"metadata\":{\"geometry_credit\":\"Some data © OpenStreetMap contributors\",\"name\":\"Ain 1\"},\"type\":\"FeatureCollection\"}","anotherNames":null,"koreanName":"아인 1","anotherKoreanNames":null},{"id":"afb265c","name":"Ain 2","imageTitle":"mfa3426.i309d8f.jpg","isModern":false,"stereo":"parent","description":"One of the southernmost cities of Judah, also allotted to the tribe of Simeon and later designated as a Levitical city.\nIts close association with the name 'Rimmon' (often referred to as 'En-Rimmon') suggests that these two towns may have been very near or considered as one entity in some contexts.\nIt is mentioned in Joshua 15:32, Joshua 19:7, and 1 Chronicles 4:32, highlighting its complex tribal and religious significance.","koreanDescription":"유다 지파의 가장 남쪽에 위치한 성읍 중 하나로, 나중에는 시므온 지파에게 할당되었으며 제사장들에게 주어진 레위인의 성읍으로도 지정되었습니다.\n'림몬'('엔-림몬'으로도 불림)과 가깝게 언급되는 경우가 많아, 이 두 성읍이 지리적으로 매우 가깝거나 일부 문맥에서는 하나의 실체로 간주되었음을 시사합니다.\n여호수아 15장 32절, 19장 7절, 역대상 4장 32절에 언급되어 그 복합적인 지파 및 종교적 중요성을 보여줍니다.","verses":["Josh.15.32","Josh.19.7","1Chr.4.32"],"placeUrl":"/geo/ancient/afb265c/ain-2","identificationPaths":["/geo/modern/mfa3426","/geo/modern/mee9587","/geo/modern/mcfd3eb","/geo/modern/m6cb30d","/geo/modern/m2b72a1","/geo/modern/m0382c1","/geo/modern/macb7a7"],"types":["settlement"],"unknownPlacePossibility":null,"geojsonText":"{\"bbox\":[34.646389,31.281372,35.063521,31.633361],\"features\":[{\"geometry\":{\"coordinates\":[34.646389,31.29],\"type\":\"Point\"},\"properties\":{\"id\":\"m0382c1.point\"},\"type\":\"Feature\"},{\"geometry\":{\"coordinates\":[34.916611,31.633361],\"type\":\"Point\"},\"properties\":{\"id\":\"m2b72a1.point\"},\"type\":\"Feature\"},{\"geometry\":{\"coordinates\":[34.9098,31.4558],\"type\":\"Point\"},\"properties\":{\"id\":\"m6cb30d.point\"},\"type\":\"Feature\"},{\"geometry\":{\"coordinates\":[35.063521,31.353601],\"type\":\"Point\"},\"properties\":{\"id\":\"macb7a7.point\"},\"type\":\"Feature\"},{\"geometry\":{\"coordinates\":[34.797404,31.281372],\"type\":\"Point\"},\"properties\":{\"id\":\"mcfd3eb.point\"},\"type\":\"Feature\"},{\"geometry\":{\"coordinates\":[34.86489,31.37124],\"type\":\"Point\"},\"properties\":{\"id\":\"mee9587.point\"},\"type\":\"Feature\"},{\"geometry\":{\"coordinates\":[34.86564,31.38333],\"type\":\"Point\"},\"properties\":{\"id\":\"mfa3426.point\"},\"type\":\"Feature\"}],\"metadata\":{\"name\":\"Ain 2\"},\"type\":\"FeatureCollection\"}","anotherNames":null,"koreanName":"아인 2","anotherKoreanNames":null},{"id":"adbc931","name":"Ain 3","imageTitle":"mcfd3eb.satellite.jpg","isModern":false,"stereo":"parent","description":"This Ain is specifically listed among the Levitical cities, meaning it was one of the towns set aside for the priests and Levites to dwell in, alongside their respective tribal allotments.\nIt is mentioned in Joshua 21:16, emphasizing its role in the organized distribution of land and religious provision for the priestly tribe in the Promised Land.","koreanDescription":"이 아인은 레위인의 성읍 목록에 특별히 포함되어 있습니다. 이는 제사장과 레위인들이 그들의 지파 할당과 별도로 거주하도록 분리된 성읍 중 하나였음을 의미합니다.\n여호수아 21장 16절에 언급되어 있으며, 약속의 땅에서 제사장 지파를 위한 땅의 조직적인 분배와 종교적 제공에서의 그 역할을 강조합니다.","verses":["Josh.21.16"],"placeUrl":"/geo/ancient/adbc931/ain-3","identificationPaths":["/geo/modern/mfa3426","/geo/modern/mcfd3eb","/geo/modern/m6cb30d","/geo/modern/mee9587","/geo/modern/m2b72a1","/geo/modern/m0382c1","/geo/modern/macb7a7"],"types":["settlement"],"unknownPlacePossibility":null,"geojsonText":"{\"bbox\":[34.646389,31.281372,35.063521,31.633361],\"features\":[{\"geometry\":{\"coordinates\":[34.646389,31.29],\"type\":\"Point\"},\"properties\":{\"id\":\"m0382c1.point\"},\"type\":\"Feature\"},{\"geometry\":{\"coordinates\":[34.916611,31.633361],\"type\":\"Point\"},\"properties\":{\"id\":\"m2b72a1.point\"},\"type\":\"Feature\"},{\"geometry\":{\"coordinates\":[34.9098,31.4558],\"type\":\"Point\"},\"properties\":{\"id\":\"m6cb30d.point\"},\"type\":\"Feature\"},{\"geometry\":{\"coordinates\":[35.063521,31.353601],\"type\":\"Point\"},\"properties\":{\"id\":\"macb7a7.point\"},\"type\":\"Feature\"},{\"geometry\":{\"coordinates\":[34.797404,31.281372],\"type\":\"Point\"},\"properties\":{\"id\":\"mcfd3eb.point\"},\"type\":\"Feature\"},{\"geometry\":{\"coordinates\":[34.86489,31.37124],\"type\":\"Point\"},\"properties\":{\"id\":\"mee9587.point\"},\"type\":\"Feature\"},{\"geometry\":{\"coordinates\":[34.86564,31.38333],\"type\":\"Point\"},\"properties\":{\"id\":\"mfa3426.point\"},\"type\":\"Feature\"}],\"metadata\":{\"name\":\"Ain 3\"},\"type\":\"FeatureCollection\"}","anotherNames":null,"koreanName":"아인 3","anotherKoreanNames":null},{"id":"a040ba5","name":"Akeldama","imageTitle":"m0b0e06.i02fe24.jpg","isModern":false,"stereo":"parent","description":"Akeldama (Aramaic: חֲקֵל דְּמָא) means 'Field of Blood' and is the name given to the potter's field bought with the thirty pieces of silver that Judas Iscariot returned after betraying Jesus.\nThe chief priests used the money for this purchase to serve as a burial place for foreigners, as recorded in Matthew 27:8 and Acts 1:19.\nThis field, located south of Jerusalem in the Valley of Hinnom, is a chilling reminder of Judas's remorse and the tragic consequences of betrayal.","koreanDescription":"아켈다마(아람어: חֲקֵל דְּמָא)는 '피밭'을 의미하며, 가룟 유다가 예수님을 배반한 후 돌려준 은 삼십 개로 대제사장들이 사들인 밭의 이름입니다.\n마태복음 27장 8절과 사도행전 1장 19절에 기록된 바와 같이, 대제사장들은 이 돈을 외국인들의 매장지로 사용하기 위해 이 밭을 샀습니다.\n예루살렘 남쪽의 힌놈의 골짜기에 위치한 이 밭은 유다의 후회와 배반의 비극적인 결과를 상기시키는 섬뜩한 장소입니다.","verses":["Matt.27.8","Acts.1.19"],"placeUrl":"/geo/ancient/a040ba5/akeldama","identificationPaths":["/geo/modern/m0b0e06"],"types":["field"],"unknownPlacePossibility":null,"geojsonText":"{\"features\":[{\"geometry\":{\"coordinates\":[35.23288,31.76841],\"type\":\"Point\"},\"properties\":{\"id\":\"m0b0e06.point\"},\"type\":\"Feature\"}],\"metadata\":{\"name\":\"Akeldama\"},\"type\":\"FeatureCollection\"}","anotherNames":null,"koreanName":"아켈다마","anotherKoreanNames":null},{"id":"a39267b","name":"Akrabbim","imageTitle":"m2ce754.i2d69f6.jpg","isModern":false,"stereo":"parent","description":"Akrabbim (Hebrew: עַקְרַבִּים, 'Aqrabim) means 'scorpions,' and this place is always mentioned with the phrase 'Ma'aleh' (מעלה), meaning 'ascent of' or 'pass.' Thus, it is known as the 'Ascent of the Scorpions' or 'Scorpion Pass.'\nIt marked a significant mountain pass that formed part of the southern boundary of the Promised Land, separating the territory of Judah and Edom, as noted in Numbers 34:4 and Joshua 15:3.\nJudges 1:36 also refers to it as the boundary of the Amorites, highlighting its strategic geographical role.","koreanDescription":"아크랍빔(히브리어: עַקְרַבִּים, 'Aqrabim)은 '전갈'을 의미하며, 항상 '마알레'(מעלה)라는 문구('오름' 또는 '고갯길')와 함께 언급됩니다. 따라서 '전갈의 고갯길'로 알려져 있습니다.\n민수기 34장 4절과 여호수아 15장 3절에 언급된 바와 같이, 유다와 에돔의 경계를 이루는 약속의 땅 남쪽 경계선의 중요한 산악 통로였습니다.\n사사기 1장 36절에는 아모리 사람의 경계로도 언급되어 전략적 지리적 역할을 강조합니다.","verses":["Num.34.4","Josh.15.3","Judg.1.36"],"placeUrl":"/geo/ancient/a39267b/akrabbim","identificationPaths":["/geo/modern/m2ce754","/geo/modern/m1a17f8"],"types":["mountain pass"],"unknownPlacePossibility":null,"geojsonText":"{\"bbox\":[35.129512,30.902354,35.576667,31.194167],\"features\":[{\"geometry\":{\"coordinates\":[[35.129549,30.902354],[35.129512,30.902508],[35.129556,30.902595],[35.129647,30.902661],[35.131343,30.903272],[35.131527,30.903382],[35.131418,30.903589],[35.13111,30.90413],[35.131089,30.904262],[35.131182,30.904643],[35.131238,30.904698],[35.131545,30.90476],[35.131572,30.904843],[35.13145,30.90491],[35.131147,30.904928],[35.130327,30.905036],[35.130259,30.905119],[35.130422,30.905203],[35.131062,30.905382],[35.13135,30.905504],[35.131884,30.905656],[35.131873,30.90576],[35.131693,30.90582],[35.13094,30.905983],[35.130869,30.906039],[35.130882,30.906104],[35.131006,30.906122],[35.131198,30.906122],[35.13203,30.906214],[35.132018,30.90632],[35.131755,30.906422],[35.13129,30.906554],[35.13123,30.906624],[35.131253,30.906705],[35.131561,30.906654],[35.132015,30.906677],[35.132275,30.906711],[35.132296,30.906815],[35.132147,30.906885],[35.131921,30.906913],[35.131646,30.906982],[35.131525,30.907062],[35.131472,30.907189],[35.13152,30.907312],[35.131648,30.907336],[35.131987,30.907232],[35.132287,30.907196],[35.132469,30.907195],[35.132565,30.907256],[35.132535,30.907353],[35.132083,30.907487],[35.132064,30.907554],[35.132205,30.907803],[35.132145,30.907983],[35.131867,30.908158],[35.131449,30.908373],[35.131362,30.908448],[35.131374,30.908547],[35.131472,30.908566],[35.132517,30.908512],[35.132581,30.908539],[35.132573,30.908645],[35.132241,30.908768],[35.131747,30.90905],[35.131719,30.909095],[35.131723,30.909146],[35.131757,30.909192],[35.131878,30.909198],[35.132098,30.90919],[35.132645,30.909167],[35.133416,30.909285],[35.133443,30.909397],[35.133248,30.909522],[35.132878,30.909644],[35.132403,30.910016],[35.132414,30.910131]],\"type\":\"LineString\"},\"properties\":{\"id\":\"g57870c.geometry\",\"land_or_water\":\"land\"},\"type\":\"Feature\"},{\"geometry\":{\"coordinates\":[35.576667,31.194167],\"type\":\"Point\"},\"properties\":{\"id\":\"m1a17f8.point\"},\"type\":\"Feature\"},{\"geometry\":{\"coordinates\":[35.131259,30.906602],\"type\":\"Point\"},\"properties\":{\"id\":\"m2ce754.point\"},\"type\":\"Feature\"}],\"metadata\":{\"geometry_credit\":\"Some data © OpenStreetMap contributors\",\"name\":\"Akrabbim\"},\"type\":\"FeatureCollection\"}","anotherNames":null,"koreanName":"아크랍빔","anotherKoreanNames":null},{"id":"ad4ad26","name":"Alemeth","imageTitle":"m71a823.satellite.jpg","isModern":false,"stereo":"parent","description":"Alemeth (Hebrew: עָלֶמֶת) means 'covering.' It was a sacerdotal city in the territory of Benjamin, given to the priests (sons of Aaron) who were descendants of Kohath, as listed in 1 Chronicles 6:60.\nIt is believed to be the same city as Almon, which is mentioned in Joshua 21:18, confirming its status as a Levitical city.\nIts location near Anathoth, another significant priestly city, underscores its importance in the religious administration of the time.","koreanDescription":"알레멧(히브리어: עָלֶמֶת)은 '덮개'를 의미합니다. 역대상 6장 60절에 기록된 바와 같이, 이 성읍은 베냐민 지파 영토에 있는 제사장들의 성읍으로, 고핫의 후손인 제사장들(아론의 아들들)에게 주어졌습니다.\n여호수아 21장 18절에 언급된 알몬과 동일한 성읍으로 여겨지며, 레위인의 성읍으로서의 지위를 확인시켜 줍니다.\n또 다른 중요한 제사장 성읍인 아나돗 근처에 위치했다는 사실은 당시 종교 행정에서 이 성읍의 중요성을 강조합니다.","verses":["1Chr.6.60"],"placeUrl":"/geo/ancient/ad4ad26/alemeth","identificationPaths":["/geo/modern/m71a823"],"types":["settlement"],"unknownPlacePossibility":null,"geojsonText":"{\"features\":[{\"geometry\":{\"coordinates\":[35.273498,31.824903],\"type\":\"Point\"},\"properties\":{\"id\":\"m71a823.point\"},\"type\":\"Feature\"}],\"metadata\":{\"name\":\"Alemeth\"},\"type\":\"FeatureCollection\"}","anotherNames":null,"koreanName":"알레멧","anotherKoreanNames":null},{"id":"aee7248","name":"Alexandria","imageTitle":"m363196.i70a752.jpg","isModern":false,"stereo":"parent","description":"Alexandria was the great metropolis of Lower Egypt, founded by Alexander the Great in 331 BC.\nIt became a major center of Hellenic civilization, commerce, and learning, and was home to a very large Jewish community.\nIn the New Testament, it is mentioned in connection with Apollos, who was a native of the city (Acts 18:24), and with the Jewish synagogue of Alexandrians (Acts 6:9).\nPaul also traveled on ships from Alexandria, confirming its importance as a major port and shipping center in the Roman world (Acts 27:6; 28:11).","koreanDescription":"알렉산드리아는 기원전 331년에 알렉산더 대왕에 의해 세워진 하(下)이집트의 대도시였습니다.\n헬레니즘 문명, 상업, 학문의 주요 중심지가 되었으며, 매우 큰 유대인 공동체의 본거지였습니다.\n신약성경에서는 이 도시 출신인 아볼로(사도행전 18:24)와 알렉산드리아 유대인의 회당(사도행전 6:9)과 관련하여 언급됩니다.\n또한 바울이 알렉산드리아에서 온 배를 타고 이동했는데, 이는 이 도시가 로마 세계에서 주요 항구이자 해운 중심지였음을 확인시켜 줍니다(사도행전 27:6; 28:11).","verses":["Acts.6.9","Acts.18.24","Acts.27.6","Acts.28.11"],"placeUrl":"/geo/ancient/aee7248/alexandria","identificationPaths":["/geo/modern/m363196"],"types":["settlement"],"unknownPlacePossibility":null,"geojsonText":"{\"bbox\":[29.895417,31.181256,29.897211,31.183085],\"features\":[{\"geometry\":{\"coordinates\":[[[29.897083,31.183085],[29.895592,31.182707],[29.895417,31.182519],[29.895538,31.18249],[29.896164,31.181388],[29.896542,31.181256],[29.896851,31.181366],[29.897177,31.18166],[29.897211,31.182225],[29.897048,31.18296],[29.897083,31.183085]]],\"type\":\"Polygon\"},\"properties\":{\"id\":\"g2ae082.geometry\",\"land_or_water\":\"land\"},\"type\":\"Feature\"},{\"geometry\":{\"coordinates\":[29.8965,31.1825],\"type\":\"Point\"},\"properties\":{\"id\":\"m363196.point\"},\"type\":\"Feature\"}],\"metadata\":{\"geometry_credit\":\"Some data © OpenStreetMap contributors\",\"name\":\"Alexandria\"},\"type\":\"FeatureCollection\"}","anotherNames":null,"koreanName":"알렉산드리아","anotherKoreanNames":null},{"id":"a84cafa","name":"Allammelech","imageTitle":"m52fd08.ib539e2.jpg","isModern":false,"stereo":"parent","description":"Allammelech (Hebrew: אַלַּמֶּלֶךְ) is believed to mean 'oak of the king' or 'chief's oak.'\nIt is listed as one of the towns within the territory allotted to the tribe of Asher, mentioned in Joshua 19:26.\nIts exact location is uncertain, but it was situated near the coastal region and the Carmel mountain, highlighting its location in the northern, fertile area of the Promised Land.","koreanDescription":"알람멜렉(히브리어: אַלַּמֶּלֶךְ)은 '왕의 상수리나무' 또는 '족장의 상수리나무'를 의미하는 것으로 여겨집니다.\n여호수아 19장 26절에 언급된 바와 같이, 아셀 지파에게 할당된 영토 내의 성읍 중 하나였습니다.\n정확한 위치는 불분명하지만, 갈멜 산과 해안 지역 근처에 위치하여 약속의 땅의 북부 비옥한 지역에 있었음을 시사합니다.","verses":["Josh.19.26"],"placeUrl":"/geo/ancient/a84cafa/allammelech","identificationPaths":["/geo/modern/m52fd08","/geo/modern/m52f985"],"types":["settlement"],"unknownPlacePossibility":null,"geojsonText":"{\"bbox\":[35.07006,32.771772,35.155668,32.7988],\"features\":[{\"geometry\":{\"coordinates\":[35.07006,32.7988],\"type\":\"Point\"},\"properties\":{\"id\":\"m52f985.point\"},\"type\":\"Feature\"},{\"geometry\":{\"coordinates\":[35.155668,32.771772],\"type\":\"Point\"},\"properties\":{\"id\":\"m52fd08.point\"},\"type\":\"Feature\"}],\"metadata\":{\"name\":\"Allammelech\"},\"type\":\"FeatureCollection\"}","anotherNames":null,"koreanName":"알람멜렉","anotherKoreanNames":null},{"id":"a00de1e","name":"Allon","imageTitle":"m33ae26.i2580a4.jpg","isModern":false,"stereo":"parent","description":"Allon (Hebrew: אַלּוֹן) means 'oak' or 'strong.' In Joshua 19:33, the phrase is generally translated as 'the oak in Zaanannim' or 'the large tree in Zaanannim' rather than a town name.\nIt served as a prominent landmark on the boundary of the tribe of Naphtali in the northern part of the Promised Land.\nAs an oak, it likely provided a significant, easily recognizable point for marking tribal borders.","koreanDescription":"알론(히브리어: אַלּוֹן)은 '상수리나무' 또는 '강한'을 의미합니다. 여호수아 19장 33절에서는 일반적으로 마을 이름보다는 '사아난님에 있는 상수리나무' 또는 '사아난님에 있는 큰 나무'로 번역됩니다.\n이것은 약속의 땅 북부에 위치한 납달리 지파 경계선의 중요한 지표 역할을 했습니다.\n상수리나무는 부족 경계를 표시하는 데 있어 중요하고 쉽게 인식할 수 있는 지점이었을 것입니다.","verses":["Josh.19.33"],"placeUrl":"/geo/ancient/a00de1e/allon","identificationPaths":["/geo/modern/m33ae26","/geo/modern/m6d35b1","/geo/modern/m5305fd","/geo/modern/mc7de3d"],"types":["tree"],"unknownPlacePossibility":null,"geojsonText":"{\"bbox\":[35.177778,32.574722,35.5311,32.734475],\"features\":[{\"geometry\":{\"coordinates\":[35.41064,32.72113],\"type\":\"Point\"},\"properties\":{\"id\":\"m33ae26.point\"},\"type\":\"Feature\"},{\"geometry\":{\"coordinates\":[35.177778,32.574722],\"type\":\"Point\"},\"properties\":{\"id\":\"m5305fd.point\"},\"type\":\"Feature\"},{\"geometry\":{\"coordinates\":[35.481228,32.734475],\"type\":\"Point\"},\"properties\":{\"id\":\"m6d35b1.point\"},\"type\":\"Feature\"},{\"geometry\":{\"coordinates\":[35.5311,32.6848],\"type\":\"Point\"},\"properties\":{\"id\":\"mc7de3d.point\"},\"type\":\"Feature\"}],\"metadata\":{\"name\":\"Allon\"},\"type\":\"FeatureCollection\"}","anotherNames":null,"koreanName":"알론","anotherKoreanNames":null},{"id":"af9a894","name":"Allon-bacuth","imageTitle":"me58522.icd4d40.jpg","isModern":false,"stereo":"parent","description":"Allon-bacuth (Hebrew: אַלּוֹן בָּכוּת, Allon Bakhut) literally means 'Oak of Weeping.'\nThis tree is noted as the burial place of Rebekah's nurse, Deborah, near Bethel, as recorded in Genesis 35:8.\nThe name commemorates the deep grief of Jacob's household at the death of this faithful family member, marking the tree as a significant memorial site.","koreanDescription":"알론-바굿(히브리어: אַלּוֹן בָּכוּת, Allon Bakhut)은 문자 그대로 '통곡의 상수리나무'를 의미합니다.\n창세기 35장 8절에 기록된 바와 같이, 이 나무는 벧엘 근처에 있는 리브가의 유모 드보라가 묻힌 장소로 언급됩니다.\n이 이름은 이 충실한 가족 구성원의 죽음에 대한 야곱의 가족의 깊은 슬픔을 기념하며, 이 나무를 중요한 기념 장소로 표시합니다.","verses":["Gen.35.8"],"placeUrl":"/geo/ancient/af9a894/allon-bacuth","identificationPaths":["/geo/modern/me58522","/geo/modern/mebe332","/geo/modern/m26f59b"],"types":["tree"],"unknownPlacePossibility":null,"geojsonText":"{\"bbox\":[35.20436,31.89615,35.25607,31.93177],\"features\":[{\"geometry\":{\"coordinates\":[[[35.24548,31.93086],[35.24437,31.93081],[35.24327,31.93066],[35.2422,31.93042],[35.24117,31.93008],[35.24018,31.92965],[35.23925,31.92914],[35.23839,31.92855],[35.2376,31.92788],[35.23691,31.92715],[35.2363,31.92636],[35.2358,31.92552],[35.2354,31.92464],[35.23511,31.92374],[35.23494,31.92281],[35.23488,31.92187],[35.23494,31.92093],[35.23511,31.92],[35.2354,31.91909],[35.2358,31.91821],[35.2363,31.91737],[35.23691,31.91658],[35.2376,31.91585],[35.23839,31.91518],[35.23925,31.91459],[35.24018,31.91408],[35.24117,31.91365],[35.2422,31.91331],[35.24328,31.91307],[35.24437,31.91292],[35.24548,31.91287],[35.24659,31.91292],[35.24768,31.91307],[35.24875,31.91331],[35.24979,31.91365],[35.25078,31.91408],[35.25171,31.91459],[35.25257,31.91518],[35.25335,31.91585],[35.25405,31.91658],[35.25465,31.91737],[35.25516,31.91821],[35.25555,31.91909],[35.25584,31.92],[35.25602,31.92093],[35.25607,31.92187],[35.25602,31.92281],[35.25584,31.92374],[35.25556,31.92464],[35.25516,31.92552],[35.25465,31.92636],[35.25405,31.92715],[35.25335,31.92788],[35.25257,31.92855],[35.25171,31.92914],[35.25078,31.92965],[35.24979,31.93008],[35.24875,31.93042],[35.24768,31.93066],[35.24659,31.93081],[35.24548,31.93086]]],\"type\":\"Polygon\"},\"properties\":{\"id\":\"gce30b9.geometry\",\"land_or_water\":\"land\"},\"type\":\"Feature\"},{\"geometry\":{\"coordinates\":[[[35.24139,31.93177],[35.24028,31.93172],[35.23919,31.93157],[35.23811,31.93133],[35.23708,31.93099],[35.23609,31.93057],[35.23516,31.93005],[35.2343,31.92946],[35.23351,31.9288],[35.23282,31.92806],[35.23221,31.92727],[35.23171,31.92644],[35.23131,31.92556],[35.23102,31.92465],[35.23085,31.92372],[35.23079,31.92278],[35.23085,31.92184],[35.23103,31.92091],[35.23131,31.92],[35.23171,31.91912],[35.23221,31.91828],[35.23282,31.91749],[35.23352,31.91676],[35.2343,31.91609],[35.23516,31.9155],[35.23609,31.91499],[35.23708,31.91456],[35.23812,31.91422],[35.23919,31.91398],[35.24028,31.91383],[35.24139,31.91378],[35.2425,31.91383],[35.24359,31.91398],[35.24466,31.91422],[35.2457,31.91456],[35.24669,31.91499],[35.24762,31.9155],[35.24848,31.91609],[35.24926,31.91676],[35.24996,31.91749],[35.25056,31.91828],[35.25107,31.91912],[35.25147,31.92],[35.25175,31.92091],[35.25193,31.92184],[35.25198,31.92278],[35.25193,31.92372],[35.25175,31.92465],[35.25147,31.92556],[35.25107,31.92644],[35.25057,31.92727],[35.24996,31.92806],[35.24926,31.9288],[35.24848,31.92946],[35.24762,31.93005],[35.24669,31.93057],[35.2457,31.93099],[35.24466,31.93133],[35.24359,31.93157],[35.2425,31.93172],[35.24139,31.93177]]],\"type\":\"Polygon\"},\"properties\":{\"id\":\"gd07014.geometry\",\"land_or_water\":\"land\"},\"type\":\"Feature\"},{\"geometry\":{\"coordinates\":[[[35.21496,31.91414],[35.21385,31.91409],[35.21276,31.91394],[35.21168,31.9137],[35.21065,31.91336],[35.20966,31.91293],[35.20873,31.91242],[35.20787,31.91183],[35.20708,31.91116],[35.20639,31.91043],[35.20578,31.90964],[35.20528,31.9088],[35.20488,31.90792],[35.2046,31.90701],[35.20442,31.90608],[35.20436,31.90514],[35.20442,31.9042],[35.2046,31.90327],[35.20488,31.90236],[35.20528,31.90148],[35.20578,31.90065],[35.20639,31.89986],[35.20709,31.89912],[35.20787,31.89846],[35.20873,31.89787],[35.20966,31.89735],[35.21065,31.89693],[35.21168,31.89659],[35.21276,31.89635],[35.21385,31.8962],[35.21496,31.89615],[35.21607,31.8962],[35.21716,31.89635],[35.21823,31.89659],[35.21927,31.89693],[35.22025,31.89735],[35.22118,31.89787],[35.22205,31.89846],[35.22283,31.89912],[35.22353,31.89986],[35.22413,31.90065],[35.22464,31.90148],[35.22503,31.90236],[35.22532,31.90327],[35.22549,31.9042],[35.22555,31.90514],[35.22549,31.90608],[35.22532,31.90701],[35.22503,31.90792],[35.22464,31.9088],[35.22413,31.90964],[35.22353,31.91043],[35.22283,31.91116],[35.22205,31.91183],[35.22119,31.91242],[35.22026,31.91293],[35.21927,31.91336],[35.21823,31.9137],[35.21716,31.91394],[35.21607,31.91409],[35.21496,31.91414]]],\"type\":\"Polygon\"},\"properties\":{\"id\":\"gf15e3e.geometry\",\"land_or_water\":\"land\"},\"type\":\"Feature\"},{\"geometry\":{\"coordinates\":[35.245478,31.921866],\"type\":\"Point\"},\"properties\":{\"id\":\"m26f59b.1000m\"},\"type\":\"Feature\"},{\"geometry\":{\"coordinates\":[35.241389,31.922778],\"type\":\"Point\"},\"properties\":{\"id\":\"me58522.1000m\"},\"type\":\"Feature\"},{\"geometry\":{\"coordinates\":[35.214958,31.905142],\"type\":\"Point\"},\"properties\":{\"id\":\"mebe332.1000m\"},\"type\":\"Feature\"}],\"metadata\":{\"name\":\"Allon-bacuth\"},\"type\":\"FeatureCollection\"}","anotherNames":null,"koreanName":"알론-바굿","anotherKoreanNames":null},{"id":"m7624ff","name":"Khirbet Ayun","isModern":true,"stereo":"child","description":"A modern settlement possibly identified with the ancient 'Ain 1 (Ain, which means 'spring') due to the etymological connection in the name 'Ayun.'\nIt is situated in the modern geographical region corresponding to the general area where the ancient Ain 1 was located on the northern boundary of the Promised Land.","koreanDescription":"이름 '아윤(Ayun)'에 포함된 어원적 연결('아인'은 '샘'을 의미) 때문에 고대의 '아인 1'과 연관될 가능성이 있는 현대 정착지입니다.\n약속의 땅 북쪽 경계에 위치했던 고대 아인 1의 일반적인 지역에 해당하는 현대 지리적 지역에 있습니다.","imageTitle":"m7624ff.satellite.jpg","types":["settlement"],"geojsonText":"{\"features\":[{\"geometry\":{\"coordinates\":[35.66791,32.71865],\"type\":\"Point\"},\"properties\":{\"id\":\"m7624ff.point\",\"role\":\"point\"},\"type\":\"Feature\"}],\"metadata\":{\"class\":\"human\",\"land_or_water\":\"land\",\"name\":\"Khirbet Ayun\",\"type\":\"settlement\"},\"type\":\"FeatureCollection\"}","anotherNames":"Khirbet Aayoun","koreanName":"키르벳 아윤","anotherKoreanNames":"키르벳 아아윤"},{"id":"m71c96a","name":"Khirbet Dufnah","isModern":true,"stereo":"child","description":"One of the possible modern identifications for the ancient 'Ain 1 (Numbers 34:11).\nThe site is located in a region that fits the historical description of a northern boundary marker for the Promised Land, near the Orontes River headwaters area.","koreanDescription":"고대 '아인 1'(민수기 34:11)의 가능한 현대 비정지 중 하나입니다.\n이 지역은 오론테스강 수원지 근처에 위치하며, 약속의 땅 북쪽 경계 표지라는 역사적 설명과 일치합니다.","imageTitle":"m71c96a.satellite.jpg","types":["settlement"],"geojsonText":"{\"bbox\":[35.63603,33.23823,35.63711,33.23913],\"features\":[{\"geometry\":{\"coordinates\":[35.636569,33.238681],\"type\":\"Point\"},\"properties\":{\"id\":\"m71c96a.point\",\"role\":\"point\"},\"type\":\"Feature\"},{\"geometry\":{\"coordinates\":[[[35.63657,33.23913],[35.63651,33.23913],[35.63646,33.23912],[35.6364,33.23911],[35.63635,33.23909],[35.6363,33.23907],[35.63625,33.23904],[35.63621,33.23902],[35.63617,33.23898],[35.63613,33.23895],[35.6361,33.23891],[35.63608,33.23886],[35.63606,33.23882],[35.63604,33.23877],[35.63603,33.23873],[35.63603,33.23868],[35.63603,33.23863],[35.63604,33.23859],[35.63606,33.23854],[35.63608,33.2385],[35.6361,33.23846],[35.63613,33.23842],[35.63617,33.23838],[35.63621,33.23835],[35.63625,33.23832],[35.6363,33.23829],[35.63635,33.23827],[35.6364,33.23825],[35.63646,33.23824],[35.63651,33.23823],[35.63657,33.23823],[35.63663,33.23823],[35.63668,33.23824],[35.63674,33.23825],[35.63679,33.23827],[35.63684,33.23829],[35.63689,33.23832],[35.63693,33.23835],[35.63697,33.23838],[35.637,33.23842],[35.63703,33.23846],[35.63706,33.2385],[35.63708,33.23854],[35.63709,33.23859],[35.6371,33.23863],[35.63711,33.23868],[35.6371,33.23873],[35.63709,33.23877],[35.63708,33.23882],[35.63706,33.23886],[35.63703,33.23891],[35.637,33.23895],[35.63697,33.23898],[35.63693,33.23902],[35.63689,33.23904],[35.63684,33.23907],[35.63679,33.23909],[35.63674,33.23911],[35.63668,33.23912],[35.63663,33.23913],[35.63657,33.23913]]],\"type\":\"Polygon\"},\"properties\":{\"id\":\"g512550.precision_radius\",\"land_or_water\":\"land\",\"role\":\"precision_radius\"},\"type\":\"Feature\"}],\"metadata\":{\"class\":\"human\",\"land_or_water\":\"land\",\"name\":\"Khirbet Dufnah\",\"type\":\"settlement\"},\"type\":\"FeatureCollection\"}","anotherNames":"Al Shawka al Tahta, Shauqa et Tahta","koreanName":"키르벳 두프나","anotherKoreanNames":"알 샤우카 알 타타, 샤우카 엣 타타"},{"id":"mec7389","name":"Ain ez Zarqa","isModern":true,"stereo":"child","description":"A major natural artesian spring and the main source of the Orontes River, located south of Hermel in Lebanon.\nIts name, meaning 'The Blue Spring,' and its significant water flow make it a strong candidate for the ancient 'Ain 1 (Numbers 34:11), which means 'spring' and was a landmark on the northern border of Canaan.","koreanDescription":"레바논 헤르멜 남쪽에 위치한 주요 자연 카르스트 샘이자 오론테스강의 주요 수원지입니다.\n'푸른 샘'을 의미하는 그 이름과 엄청난 수량은 이 지역이 '샘'을 의미하고 가나안의 북쪽 경계선에 있던 고대 '아인 1'(민수기 34:11)의 강력한 비정지임을 시사합니다.","imageTitle":"mec7389.satellite.jpg","types":["spring"],"geojsonText":"{\"bbox\":[36.37088,34.35042,36.37523,34.35402],\"features\":[{\"geometry\":{\"coordinates\":[36.373056,34.352222],\"type\":\"Point\"},\"properties\":{\"id\":\"mec7389.point\",\"role\":\"point\"},\"type\":\"Feature\"},{\"geometry\":{\"coordinates\":[[[36.37306,34.35402],[36.37283,34.35401],[36.3726,34.35398],[36.37238,34.35393],[36.37217,34.35387],[36.37197,34.35378],[36.37178,34.35368],[36.3716,34.35356],[36.37144,34.35343],[36.37129,34.35328],[36.37117,34.35312],[36.37107,34.35295],[36.37098,34.35278],[36.37092,34.3526],[36.37089,34.35241],[36.37088,34.35222],[36.37089,34.35203],[36.37092,34.35185],[36.37098,34.35167],[36.37107,34.35149],[36.37117,34.35132],[36.37129,34.35116],[36.37144,34.35102],[36.3716,34.35089],[36.37178,34.35077],[36.37197,34.35066],[36.37217,34.35058],[36.37238,34.35051],[36.3726,34.35046],[36.37283,34.35043],[36.37306,34.35042],[36.37328,34.35043],[36.37351,34.35046],[36.37373,34.35051],[36.37394,34.35058],[36.37415,34.35066],[36.37434,34.35077],[36.37451,34.35089],[36.37468,34.35102],[36.37482,34.35116],[36.37494,34.35132],[36.37505,34.35149],[36.37513,34.35167],[36.37519,34.35185],[36.37522,34.35203],[36.37523,34.35222],[36.37522,34.35241],[36.37519,34.3526],[36.37513,34.35278],[36.37505,34.35295],[36.37494,34.35312],[36.37482,34.35328],[36.37468,34.35343],[36.37451,34.35356],[36.37434,34.35368],[36.37415,34.35378],[36.37394,34.35387],[36.37373,34.35393],[36.37351,34.35398],[36.37328,34.35401],[36.37306,34.35402]]],\"type\":\"Polygon\"},\"properties\":{\"id\":\"g677b47.precision_radius\",\"land_or_water\":\"land\",\"role\":\"precision_radius\"},\"type\":\"Feature\"}],\"metadata\":{\"class\":\"natural\",\"land_or_water\":\"water\",\"name\":\"Ain ez Zarqa\",\"type\":\"spring\"},\"type\":\"FeatureCollection\"}","anotherNames":"Ain el Azy","koreanName":"아인 엣 자르카","anotherKoreanNames":"아인 엘 아지"},{"id":"m518f8e","name":"Banias","isModern":true,"stereo":"child","description":"Also known as Caesarea Philippi, Banias is a significant archaeological site and nature reserve in the Golan Heights, near a spring, once associated with the Greek god Pan.\nIt is another possible location for the ancient 'Ain 1, which served as a northern boundary marker (Numbers 34:11), given its historical and geographical importance at the headwaters of the Jordan River.","koreanDescription":"가이사랴 빌립보라고도 알려진 바니아스는 골란 고원에 있는 중요한 고고학 유적지이자 자연 보호 구역으로, 샘 근처에 있으며 한때 그리스 신 판과 관련이 있었습니다.\n요단강 수원지에서의 역사적, 지리적 중요성을 고려할 때, 북쪽 경계 표지(민수기 34:11)로 사용된 고대 '아인 1'의 또 다른 가능한 위치입니다.","imageTitle":"m518f8e.i7a45a3.jpg","types":["settlement"],"geojsonText":"{\"bbox\":[35.6928,33.24566,35.69387,33.24656],\"features\":[{\"geometry\":{\"coordinates\":[35.693333,33.246111],\"type\":\"Point\"},\"properties\":{\"id\":\"m518f8e.point\",\"role\":\"point\"},\"type\":\"Feature\"},{\"geometry\":{\"coordinates\":[[[35.69333,33.24656],[35.69328,33.24656],[35.69322,33.24655],[35.69317,33.24654],[35.69311,33.24652],[35.69306,33.2465],[35.69302,33.24647],[35.69297,33.24645],[35.69293,33.24641],[35.6929,33.24638],[35.69287,33.24634],[35.69284,33.24629],[35.69282,33.24625],[35.69281,33.2462],[35.6928,33.24616],[35.6928,33.24611],[35.6928,33.24606],[35.69281,33.24602],[35.69282,33.24597],[35.69284,33.24593],[35.69287,33.24589],[35.6929,33.24585],[35.69293,33.24581],[35.69297,33.24578],[35.69302,33.24575],[35.69306,33.24572],[35.69311,33.2457],[35.69317,33.24568],[35.69322,33.24567],[35.69328,33.24566],[35.69333,33.24566],[35.69339,33.24566],[35.69344,33.24567],[35.6935,33.24568],[35.69355,33.2457],[35.6936,33.24572],[35.69365,33.24575],[35.69369,33.24578],[35.69373,33.24581],[35.69377,33.24585],[35.6938,33.24589],[35.69382,33.24593],[35.69384,33.24597],[35.69386,33.24602],[35.69387,33.24606],[35.69387,33.24611],[35.69387,33.24616],[35.69386,33.2462],[35.69384,33.24625],[35.69382,33.24629],[35.6938,33.24634],[35.69377,33.24638],[35.69373,33.24641],[35.69369,33.24645],[35.69365,33.24647],[35.6936,33.2465],[35.69355,33.24652],[35.6935,33.24654],[35.69344,33.24655],[35.69339,33.24656],[35.69333,33.24656]]],\"type\":\"Polygon\"},\"properties\":{\"id\":\"gbd6362.precision_radius\",\"land_or_water\":\"land\",\"role\":\"precision_radius\"},\"type\":\"Feature\"}],\"metadata\":{\"class\":\"human\",\"land_or_water\":\"land\",\"name\":\"Banias\",\"type\":\"settlement\"},\"type\":\"FeatureCollection\"}","anotherNames":null,"koreanName":"바니아스","anotherKoreanNames":null},{"id":"mb61c67","name":"Tel Dan","isModern":true,"stereo":"child","description":"An important archaeological mound and nature reserve in northern Israel, famous for its association with the biblical city of Dan, known for the phrase 'from Dan to Beersheba.'\nIt is considered one of the many possible sites for the ancient 'Ain 1 (Numbers 34:11) due to its location at a major spring and its role as a key northern settlement.","koreanDescription":"이스라엘 북부에 있는 중요한 고고학적 언덕이자 자연 보호 구역으로, '단에서 브엘세바까지'라는 구절로 유명한 성경 속 도시 단과 관련이 있습니다.\n주요 샘 근처에 위치하며 핵심 북부 정착지 역할을 했기 때문에 고대 '아인 1'(민수기 34:11)의 여러 가능한 장소 중 하나로 간주됩니다.","imageTitle":"mb61c67.ifde7a6.jpg","types":["settlement"],"geojsonText":"{\"bbox\":[35.65146,33.24855,35.65254,33.24996],\"features\":[{\"geometry\":{\"coordinates\":[35.652,33.249],\"type\":\"Point\"},\"properties\":{\"id\":\"mb61c67.point\",\"role\":\"point\"},\"type\":\"Feature\"},{\"geometry\":{\"coordinates\":[[[35.651515,33.249877],[35.6517,33.249374],[35.652097,33.249473],[35.651925,33.24996],[35.651515,33.249877]]],\"type\":\"Polygon\"},\"properties\":{\"id\":\"ged4687.local\",\"land_or_water\":\"land\",\"role\":\"local\"},\"type\":\"Feature\"},{\"geometry\":{\"coordinates\":[[[35.652,33.24945],[35.65194,33.24945],[35.65189,33.24944],[35.65183,33.24943],[35.65178,33.24941],[35.65173,33.24939],[35.65168,33.24936],[35.65164,33.24933],[35.6516,33.2493],[35.65157,33.24926],[35.65153,33.24922],[35.65151,33.24918],[35.65149,33.24914],[35.65147,33.24909],[35.65147,33.24905],[35.65146,33.249],[35.65147,33.24895],[35.65147,33.24891],[35.65149,33.24886],[35.65151,33.24882],[35.65153,33.24878],[35.65157,33.24874],[35.6516,33.2487],[35.65164,33.24867],[35.65168,33.24864],[35.65173,33.24861],[35.65178,33.24859],[35.65183,33.24857],[35.65189,33.24856],[35.65194,33.24855],[35.652,33.24855],[35.65206,33.24855],[35.65211,33.24856],[35.65217,33.24857],[35.65222,33.24859],[35.65227,33.24861],[35.65232,33.24864],[35.65236,33.24867],[35.6524,33.2487],[35.65243,33.24874],[35.65247,33.24878],[35.65249,33.24882],[35.65251,33.24886],[35.65253,33.24891],[35.65253,33.24895],[35.65254,33.249],[35.65253,33.24905],[35.65253,33.24909],[35.65251,33.24914],[35.65249,33.24918],[35.65247,33.24922],[35.65243,33.24926],[35.6524,33.2493],[35.65236,33.24933],[35.65232,33.24936],[35.65227,33.24939],[35.65222,33.24941],[35.65217,33.24943],[35.65211,33.24944],[35.65206,33.24945],[35.652,33.24945]]],\"type\":\"Polygon\"},\"properties\":{\"id\":\"gdb38be.precision_radius\",\"land_or_water\":\"land\",\"role\":\"precision_radius\"},\"type\":\"Feature\"}],\"metadata\":{\"class\":\"human\",\"geometry_credit\":\"Some data © OpenStreetMap contributors\",\"land_or_water\":\"land\",\"name\":\"Tel Dan\",\"type\":\"settlement\"},\"type\":\"FeatureCollection\"}","anotherNames":"Tell el Kadhy, Tell el Qadi","koreanName":"텔 단","anotherKoreanNames":"텔 엘 카디, 텔 엘 카디"},{"id":"m15bc95","name":"Tell Dibbine","isModern":true,"stereo":"child","description":"An archaeological site in southern Lebanon, considered a possible location for the ancient 'Ain 1 (Numbers 34:11), which was a northern boundary marker for the Promised Land.\nIts location in a region that aligns with the historical northern extent of Canaan makes it a candidate for identification.","koreanDescription":"레바논 남부에 있는 고고학 유적지로, 약속의 땅 북쪽 경계 표지였던 고대 '아인 1'(민수기 34:11)의 가능한 위치로 간주됩니다.\n가나안 북쪽 경계선과 일치하는 지역에 위치하여 비정지 후보로 꼽힙니다.","imageTitle":"m15bc95.satellite.jpg","types":["settlement"],"geojsonText":"{\"bbox\":[35.58946,33.34483,35.59054,33.34573],\"features\":[{\"geometry\":{\"coordinates\":[35.59,33.345278],\"type\":\"Point\"},\"properties\":{\"id\":\"m15bc95.point\",\"role\":\"point\"},\"type\":\"Feature\"},{\"geometry\":{\"coordinates\":[[[35.59,33.34573],[35.58994,33.34573],[35.58989,33.34572],[35.58983,33.34571],[35.58978,33.34569],[35.58973,33.34567],[35.58968,33.34564],[35.58964,33.34561],[35.5896,33.34558],[35.58956,33.34554],[35.58953,33.3455],[35.58951,33.34546],[35.58949,33.34542],[35.58947,33.34537],[35.58946,33.34533],[35.58946,33.34528],[35.58946,33.34523],[35.58947,33.34518],[35.58949,33.34514],[35.58951,33.3451],[35.58953,33.34505],[35.58956,33.34501],[35.5896,33.34498],[35.58964,33.34494],[35.58968,33.34491],[35.58973,33.34489],[35.58978,33.34487],[35.58983,33.34485],[35.58989,33.34484],[35.58994,33.34483],[35.59,33.34483],[35.59006,33.34483],[35.59011,33.34484],[35.59017,33.34485],[35.59022,33.34487],[35.59027,33.34489],[35.59032,33.34491],[35.59036,33.34494],[35.5904,33.34498],[35.59044,33.34501],[35.59047,33.34505],[35.59049,33.3451],[35.59051,33.34514],[35.59053,33.34518],[35.59054,33.34523],[35.59054,33.34528],[35.59054,33.34533],[35.59053,33.34537],[35.59051,33.34542],[35.59049,33.34546],[35.59047,33.3455],[35.59044,33.34554],[35.5904,33.34558],[35.59036,33.34561],[35.59032,33.34564],[35.59027,33.34567],[35.59022,33.34569],[35.59017,33.34571],[35.59011,33.34572],[35.59006,33.34573],[35.59,33.34573]]],\"type\":\"Polygon\"},\"properties\":{\"id\":\"g33c131.precision_radius\",\"land_or_water\":\"land\",\"role\":\"precision_radius\"},\"type\":\"Feature\"}],\"metadata\":{\"class\":\"human\",\"land_or_water\":\"land\",\"name\":\"Tell Dibbine\",\"type\":\"settlement\"},\"type\":\"FeatureCollection\"}","anotherNames":"Tall ’Ib’in, Tell ed Dibbin, Tell ed Dibin","koreanName":"텔 딥빈","anotherKoreanNames":"탈 이빈, 텔 에드 딥빈, 텔 에드 디빈"},{"id":"m4f224b","name":"Marjaayoun","isModern":true,"stereo":"child","description":"A town in southern Lebanon, near a rich spring, with a name that is etymologically similar to 'Ain' (meaning 'spring').\nIt is one of the possible modern locations associated with the ancient 'Ain 1 (Numbers 34:11), a significant northern landmark in biblical geography.","koreanDescription":"레바논 남부에 위치한 도시로, 풍부한 샘 근처에 있으며, 그 이름이 '아인'('샘'을 의미)과 어원적으로 유사합니다.\n성경 지리학에서 중요한 북쪽 경계 표지였던 고대 '아인 1'(민수기 34:11)과 관련된 가능한 현대 위치 중 하나입니다.","imageTitle":"m4f224b.if34929.jpg","types":["settlement"],"geojsonText":"{\"bbox\":[35.58941,33.35885,35.59479,33.36335],\"features\":[{\"geometry\":{\"coordinates\":[35.5921,33.3611],\"type\":\"Point\"},\"properties\":{\"id\":\"m4f224b.point\",\"role\":\"point\"},\"type\":\"Feature\"},{\"geometry\":{\"coordinates\":[[[35.5921,33.36335],[35.59182,33.36334],[35.59154,33.3633],[35.59127,33.36324],[35.59101,33.36315],[35.59075,33.36305],[35.59052,33.36292],[35.5903,33.36277],[35.5901,33.3626],[35.58992,33.36242],[35.58977,33.36222],[35.58964,33.36201],[35.58954,33.36179],[35.58947,33.36157],[35.58942,33.36133],[35.58941,33.3611],[35.58942,33.36086],[35.58947,33.36063],[35.58954,33.36041],[35.58964,33.36019],[35.58977,33.35998],[35.58992,33.35978],[35.5901,33.3596],[35.5903,33.35943],[35.59052,33.35928],[35.59075,33.35915],[35.59101,33.35905],[35.59127,33.35896],[35.59154,33.3589],[35.59182,33.35886],[35.5921,33.35885],[35.59238,33.35886],[35.59266,33.3589],[35.59293,33.35896],[35.59319,33.35905],[35.59345,33.35915],[35.59368,33.35928],[35.5939,33.35943],[35.5941,33.3596],[35.59428,33.35978],[35.59443,33.35998],[35.59456,33.36019],[35.59466,33.36041],[35.59473,33.36063],[35.59478,33.36086],[35.59479,33.3611],[35.59478,33.36133],[35.59473,33.36157],[35.59466,33.36179],[35.59456,33.36201],[35.59443,33.36222],[35.59428,33.36242],[35.5941,33.3626],[35.5939,33.36277],[35.59368,33.36292],[35.59345,33.36305],[35.59319,33.36315],[35.59293,33.36324],[35.59266,33.3633],[35.59238,33.36334],[35.5921,33.36335]]],\"type\":\"Polygon\"},\"properties\":{\"id\":\"gd9e5b6.precision_radius\",\"land_or_water\":\"land\",\"role\":\"precision_radius\"},\"type\":\"Feature\"}],\"metadata\":{\"class\":\"human\",\"land_or_water\":\"land\",\"name\":\"Marjaayoun\",\"type\":\"settlement\"},\"type\":\"FeatureCollection\"}","anotherNames":"Ayyun","koreanName":"마르자윤","anotherKoreanNames":"아윤"},{"id":"mfa3426","name":"Tel Halif","isModern":true,"stereo":"child","description":"An archaeological mound (Tell) in the northern Negev of Israel, identified as a strong candidate for the ancient 'Ain 2 and 'Ain 3 (Joshua 15:32; 21:16).\nIts location aligns with the biblical description of a settlement in the southern part of Judah, which was later allotted to Simeon and the Levites.","koreanDescription":"이스라엘 네게브 북부에 있는 고고학적 언덕(텔)으로, 고대 '아인 2'와 '아인 3'(여호수아 15:32; 21:16)의 강력한 비정지 후보로 확인됩니다.\n그 위치는 나중에 시므온과 레위 지파에게 할당된 유다 남부 정착지에 대한 성경의 설명과 일치합니다.","imageTitle":"mfa3426.i309d8f.jpg","types":["settlement"],"geojsonText":"{\"bbox\":[34.86511,31.38288,34.86617,31.38378],\"features\":[{\"geometry\":{\"coordinates\":[34.86564,31.38333],\"type\":\"Point\"},\"properties\":{\"id\":\"mfa3426.point\",\"role\":\"point\"},\"type\":\"Feature\"},{\"geometry\":{\"coordinates\":[[[34.86564,31.38378],[34.86558,31.38378],[34.86553,31.38377],[34.86548,31.38376],[34.86543,31.38374],[34.86538,31.38372],[34.86533,31.38369],[34.86529,31.38366],[34.86525,31.38363],[34.86521,31.38359],[34.86518,31.38355],[34.86516,31.38351],[34.86514,31.38347],[34.86512,31.38342],[34.86512,31.38338],[34.86511,31.38333],[34.86512,31.38328],[34.86512,31.38324],[34.86514,31.38319],[34.86516,31.38315],[34.86518,31.38311],[34.86521,31.38307],[34.86525,31.38303],[34.86529,31.383],[34.86533,31.38297],[34.86538,31.38294],[34.86543,31.38292],[34.86548,31.3829],[34.86553,31.38289],[34.86558,31.38288],[34.86564,31.38288],[34.8657,31.38288],[34.86575,31.38289],[34.8658,31.3829],[34.86585,31.38292],[34.8659,31.38294],[34.86595,31.38297],[34.86599,31.383],[34.86603,31.38303],[34.86607,31.38307],[34.8661,31.38311],[34.86612,31.38315],[34.86614,31.38319],[34.86616,31.38324],[34.86616,31.38328],[34.86617,31.38333],[34.86616,31.38338],[34.86616,31.38342],[34.86614,31.38347],[34.86612,31.38351],[34.8661,31.38355],[34.86607,31.38359],[34.86603,31.38363],[34.86599,31.38366],[34.86595,31.38369],[34.8659,31.38372],[34.86585,31.38374],[34.8658,31.38376],[34.86575,31.38377],[34.8657,31.38378],[34.86564,31.38378]]],\"type\":\"Polygon\"},\"properties\":{\"id\":\"gc6b0c6.precision_radius\",\"land_or_water\":\"land\",\"role\":\"precision_radius\"},\"type\":\"Feature\"}],\"metadata\":{\"class\":\"human\",\"land_or_water\":\"land\",\"name\":\"Tel Halif\",\"type\":\"settlement\"},\"type\":\"FeatureCollection\"}","anotherNames":"Horvat Tila, Tell el Huweilfeh, Tell el Khuweilfeh, Tell Khuweilifa, Tell Khuweilifeh","koreanName":"텔 할리프","anotherKoreanNames":"호르밧 틸라, 텔 엘 후웨일페, 텔 엘 후웨일페, 텔 후웨일리파, 텔 후웨일페"},{"id":"mee9587","name":"Khirbet Umm er Rammamin","isModern":true,"stereo":"child","description":"An archaeological ruin in the Hebron Hills region, near the location of the ancient 'Ain 2 (Joshua 15:32; 19:7).\nIt is one of the possible sites that corresponds to the biblical description of a southern Judean settlement, sometimes identified with the compound name 'En-Rimmon.'","koreanDescription":"고대 '아인 2'(여호수아 15:32; 19:7)의 위치 근처인 헤브론 구릉지대에 있는 고고학 유적지입니다.\n이는 성경의 남부 유대 정착지 설명과 일치하는 가능한 장소 중 하나이며, 때때로 '엔-림몬'이라는 복합 이름과 동일시됩니다.","imageTitle":"mee9587.satellite.jpg","types":["settlement"],"geojsonText":"{\"bbox\":[34.86436,31.37079,34.86542,31.37169],\"features\":[{\"geometry\":{\"coordinates\":[34.86489,31.37124],\"type\":\"Point\"},\"properties\":{\"id\":\"mee9587.point\",\"role\":\"point\"},\"type\":\"Feature\"},{\"geometry\":{\"coordinates\":[[[34.86489,31.37169],[34.86483,31.37169],[34.86478,31.37168],[34.86473,31.37167],[34.86468,31.37165],[34.86463,31.37163],[34.86458,31.3716],[34.86454,31.37157],[34.8645,31.37154],[34.86446,31.3715],[34.86443,31.37146],[34.86441,31.37142],[34.86439,31.37138],[34.86437,31.37133],[34.86437,31.37129],[34.86436,31.37124],[34.86437,31.37119],[34.86437,31.37115],[34.86439,31.3711],[34.86441,31.37106],[34.86443,31.37102],[34.86446,31.37098],[34.8645,31.37094],[34.86454,31.37091],[34.86458,31.37088],[34.86463,31.37085],[34.86468,31.37083],[34.86473,31.37081],[34.86478,31.3708],[34.86483,31.37079],[34.86489,31.37079],[34.86495,31.37079],[34.865,31.3708],[34.86505,31.37081],[34.8651,31.37083],[34.86515,31.37085],[34.8652,31.37088],[34.86524,31.37091],[34.86528,31.37094],[34.86532,31.37098],[34.86535,31.37102],[34.86537,31.37106],[34.86539,31.3711],[34.86541,31.37115],[34.86541,31.37119],[34.86542,31.37124],[34.86541,31.37129],[34.86541,31.37133],[34.86539,31.37138],[34.86537,31.37142],[34.86535,31.37146],[34.86532,31.3715],[34.86528,31.37154],[34.86524,31.37157],[34.8652,31.3716],[34.86515,31.37163],[34.8651,31.37165],[34.86505,31.37167],[34.865,31.37168],[34.86495,31.37169],[34.86489,31.37169]]],\"type\":\"Polygon\"},\"properties\":{\"id\":\"gb9dc75.precision_radius\",\"land_or_water\":\"land\",\"role\":\"precision_radius\"},\"type\":\"Feature\"}],\"metadata\":{\"class\":\"human\",\"land_or_water\":\"land\",\"name\":\"Khirbet Umm er Rammamin\",\"type\":\"settlement\"},\"type\":\"FeatureCollection\"}","anotherNames":"Horbat Remalya, Horbat Rimmon, Khirbet er Ramamim, Khirbet Umm er Ramamin, Khirbet Umm et Ramamim, Khirbet Umm Ramamin","koreanName":"키르벳 움 에르 람마민","anotherKoreanNames":"호르밧 레말야, 호르밧 림몬, 키르벳 에르 라마밈, 키르벳 움 에르 라마민, 키르벳 움 엣 라마밈, 키르벳 움 라마민"},{"id":"mcfd3eb","name":"Khirbet Asan","isModern":true,"stereo":"child","description":"An archaeological site in the southern Hebron Hills, considered a possible location for both the ancient 'Ain 2 and 'Ain 3 (Joshua 15:32; 21:16).\nIts ruins are associated with the biblical location in the Negeb, supporting its candidacy as a southern Levitical city.","koreanDescription":"헤브론 구릉지대 남부에 있는 고고학 유적지로, 고대 '아인 2'와 '아인 3'(여호수아 15:32; 21:16)의 가능한 위치로 간주됩니다.\n그 유적은 성경 속 네게브 지역과 관련이 있으며, 남부 레위인의 성읍으로서의 후보 자격을 뒷받침합니다.","imageTitle":"mcfd3eb.satellite.jpg","types":["settlement"],"geojsonText":"{\"features\":[{\"geometry\":{\"coordinates\":[34.797404,31.281372],\"type\":\"Point\"},\"properties\":{\"id\":\"mcfd3eb.point\",\"role\":\"point\"},\"type\":\"Feature\"}],\"metadata\":{\"class\":\"human\",\"land_or_water\":\"land\",\"name\":\"Khirbet Asan\",\"type\":\"settlement\"},\"type\":\"FeatureCollection\"}","anotherNames":"Emm el Azem, Umm el Azem","koreanName":"키르벳 아산","anotherKoreanNames":"엠 엘 아젬, 움 엘 아젬"},{"id":"m6cb30d","name":"Tell Beit Mirsim","isModern":true,"stereo":"child","description":"A prominent archaeological mound in the Shephelah region of Israel, often identified with biblical Debir or Eglon.\nIt is also one of the potential sites for the ancient 'Ain 2 and 'Ain 3, though its location is slightly farther north than other candidates for the southern Judean/Simeonite town.","koreanDescription":"이스라엘 쉐펠라 지역에 있는 저명한 고고학적 언덕으로, 종종 성경 속 드빌이나 에글론과 동일시됩니다.\n이곳은 고대 '아인 2'와 '아인 3'의 잠재적인 장소 중 하나이기도 하지만, 그 위치는 다른 남부 유다/시므온 성읍 후보지보다 약간 북쪽에 있습니다.","imageTitle":"m6cb30d.i503da7.jpg","types":["settlement"],"geojsonText":"{\"bbox\":[34.90927,31.45535,34.91033,31.45625],\"features\":[{\"geometry\":{\"coordinates\":[34.9098,31.4558],\"type\":\"Point\"},\"properties\":{\"id\":\"m6cb30d.point\",\"role\":\"point\"},\"type\":\"Feature\"},{\"geometry\":{\"coordinates\":[[[34.9098,31.45625],[34.90974,31.45625],[34.90969,31.45624],[34.90964,31.45623],[34.90959,31.45621],[34.90954,31.45619],[34.90949,31.45616],[34.90945,31.45613],[34.90941,31.4561],[34.90937,31.45606],[34.90934,31.45602],[34.90932,31.45598],[34.9093,31.45594],[34.90928,31.45589],[34.90928,31.45585],[34.90927,31.4558],[34.90928,31.45575],[34.90928,31.45571],[34.9093,31.45566],[34.90932,31.45562],[34.90934,31.45558],[34.90937,31.45554],[34.90941,31.4555],[34.90945,31.45547],[34.90949,31.45544],[34.90954,31.45541],[34.90959,31.45539],[34.90964,31.45537],[34.90969,31.45536],[34.90974,31.45535],[34.9098,31.45535],[34.90986,31.45535],[34.90991,31.45536],[34.90996,31.45537],[34.91001,31.45539],[34.91006,31.45541],[34.91011,31.45544],[34.91015,31.45547],[34.91019,31.4555],[34.91023,31.45554],[34.91026,31.45558],[34.91028,31.45562],[34.9103,31.45566],[34.91032,31.45571],[34.91032,31.45575],[34.91033,31.4558],[34.91032,31.45585],[34.91032,31.45589],[34.9103,31.45594],[34.91028,31.45598],[34.91026,31.45602],[34.91023,31.45606],[34.91019,31.4561],[34.91015,31.45613],[34.91011,31.45616],[34.91006,31.45619],[34.91001,31.45621],[34.90996,31.45623],[34.90991,31.45624],[34.90986,31.45625],[34.9098,31.45625]]],\"type\":\"Polygon\"},\"properties\":{\"id\":\"g6d6b21.precision_radius\",\"land_or_water\":\"land\",\"role\":\"precision_radius\"},\"type\":\"Feature\"}],\"metadata\":{\"class\":\"human\",\"land_or_water\":\"land\",\"name\":\"Tell Beit Mirsim\",\"type\":\"settlement\"},\"type\":\"FeatureCollection\"}","anotherNames":"Tall Beit Mirsim","koreanName":"텔 베이트 미르심","anotherKoreanNames":"탈 베이트 미르심"},{"id":"m2b72a1","name":"Tel Goded","isModern":true,"stereo":"child","description":"An archaeological tel (mound) in the Shephelah, known for its extensive remains from various periods.\nIt is listed as one of the potential identifications for the ancient 'Ain 2 and 'Ain 3, which were southern Judean and Levitical settlements (Joshua 15:32; 21:16).","koreanDescription":"쉐펠라 지역에 있는 고고학적 텔(언덕)로, 다양한 시대의 광범위한 유적으로 유명합니다.\n남부 유대 및 레위인의 정착지였던 고대 '아인 2'와 '아인 3'(여호수아 15:32; 21:16)의 잠재적인 비정지 중 하나로 등재되어 있습니다.","imageTitle":"m2b72a1.id80e0f.jpg","types":["settlement"],"geojsonText":"{\"bbox\":[34.91608,31.63291,34.91714,31.63381],\"features\":[{\"geometry\":{\"coordinates\":[34.916611,31.633361],\"type\":\"Point\"},\"properties\":{\"id\":\"m2b72a1.point\",\"role\":\"point\"},\"type\":\"Feature\"},{\"geometry\":{\"coordinates\":[[[34.91661,31.63381],[34.91656,31.63381],[34.9165,31.6338],[34.91645,31.63379],[34.9164,31.63377],[34.91635,31.63375],[34.9163,31.63372],[34.91626,31.6337],[34.91622,31.63366],[34.91618,31.63363],[34.91615,31.63359],[34.91613,31.63354],[34.91611,31.6335],[34.91609,31.63345],[34.91609,31.63341],[34.91608,31.63336],[34.91609,31.63331],[34.91609,31.63327],[34.91611,31.63322],[34.91613,31.63318],[34.91615,31.63314],[34.91618,31.6331],[34.91622,31.63306],[34.91626,31.63303],[34.9163,31.633],[34.91635,31.63297],[34.9164,31.63295],[34.91645,31.63293],[34.9165,31.63292],[34.91656,31.63291],[34.91661,31.63291],[34.91667,31.63291],[34.91672,31.63292],[34.91677,31.63293],[34.91683,31.63295],[34.91688,31.63297],[34.91692,31.633],[34.91696,31.63303],[34.917,31.63306],[34.91704,31.6331],[34.91707,31.63314],[34.91709,31.63318],[34.91711,31.63322],[34.91713,31.63327],[34.91714,31.63331],[34.91714,31.63336],[34.91714,31.63341],[34.91713,31.63345],[34.91711,31.6335],[34.91709,31.63354],[34.91707,31.63359],[34.91704,31.63363],[34.917,31.63366],[34.91696,31.6337],[34.91692,31.63372],[34.91688,31.63375],[34.91683,31.63377],[34.91677,31.63379],[34.91672,31.6338],[34.91667,31.63381],[34.91661,31.63381]]],\"type\":\"Polygon\"},\"properties\":{\"id\":\"gf73ead.precision_radius\",\"land_or_water\":\"land\",\"role\":\"precision_radius\"},\"type\":\"Feature\"}],\"metadata\":{\"class\":\"human\",\"land_or_water\":\"land\",\"name\":\"Tel Goded\",\"type\":\"settlement\"},\"type\":\"FeatureCollection\"}","anotherNames":"Jedireh, Tell ej Judeideh, Tell el Judeideh, Tell el Judeireh, Tell Judeideh","koreanName":"텔 고데드","anotherKoreanNames":"제디레, 텔 엣 주데이데, 텔 엘 주데이데, 텔 엘 주데이라, 텔 주데이데"},{"id":"m0382c1","name":"Khirbet Muleh","isModern":true,"stereo":"child","description":"An archaeological ruin in the southern part of Israel, considered a possible candidate for the ancient 'Ain 2 and 'Ain 3, southern settlements mentioned in the tribal allotments of Judah and Simeon (Joshua 15:32; 19:7).\nIts location in the Negeb is consistent with the biblical descriptions of these towns.","koreanDescription":"이스라엘 남부에 있는 고고학 유적지로, 유다와 시므온 지파 할당에서 언급된 남부 정착지인 고대 '아인 2'와 '아인 3'(여호수아 15:32; 19:7)의 가능한 후보로 간주됩니다.\n네게브에 있는 그 위치는 이 성읍들에 대한 성경적 설명과 일치합니다.","imageTitle":"m0382c1.satellite.jpg","types":["settlement"],"geojsonText":"{\"bbox\":[34.64586,31.28955,34.64692,31.29045],\"features\":[{\"geometry\":{\"coordinates\":[34.646389,31.29],\"type\":\"Point\"},\"properties\":{\"id\":\"m0382c1.point\",\"role\":\"point\"},\"type\":\"Feature\"},{\"geometry\":{\"coordinates\":[[[34.64639,31.29045],[34.64633,31.29045],[34.64628,31.29044],[34.64623,31.29043],[34.64617,31.29041],[34.64613,31.29039],[34.64608,31.29036],[34.64604,31.29033],[34.646,31.2903],[34.64596,31.29026],[34.64593,31.29022],[34.64591,31.29018],[34.64589,31.29014],[34.64587,31.29009],[34.64587,31.29005],[34.64586,31.29],[34.64587,31.28995],[34.64587,31.28991],[34.64589,31.28986],[34.64591,31.28982],[34.64593,31.28978],[34.64596,31.28974],[34.646,31.2897],[34.64604,31.28967],[34.64608,31.28964],[34.64613,31.28961],[34.64617,31.28959],[34.64623,31.28957],[34.64628,31.28956],[34.64633,31.28955],[34.64639,31.28955],[34.64644,31.28955],[34.6465,31.28956],[34.64655,31.28957],[34.6466,31.28959],[34.64665,31.28961],[34.6467,31.28964],[34.64674,31.28967],[34.64678,31.2897],[34.64681,31.28974],[34.64684,31.28978],[34.64687,31.28982],[34.64689,31.28986],[34.6469,31.28991],[34.64691,31.28995],[34.64692,31.29],[34.64691,31.29005],[34.6469,31.29009],[34.64689,31.29014],[34.64687,31.29018],[34.64684,31.29022],[34.64681,31.29026],[34.64678,31.2903],[34.64674,31.29033],[34.6467,31.29036],[34.64665,31.29039],[34.6466,31.29041],[34.64655,31.29043],[34.6465,31.29044],[34.64644,31.29045],[34.64639,31.29045]]],\"type\":\"Polygon\"},\"properties\":{\"id\":\"g16f6de.precision_radius\",\"land_or_water\":\"land\",\"role\":\"precision_radius\"},\"type\":\"Feature\"}],\"metadata\":{\"class\":\"human\",\"land_or_water\":\"land\",\"name\":\"Khirbet Muleh\",\"type\":\"settlement\"},\"type\":\"FeatureCollection\"}","anotherNames":"Khirbet Muleih","koreanName":"키르벳 물레","anotherKoreanNames":"키르벳 물레이"},{"id":"macb7a7","name":"Horbat Anim","isModern":true,"stereo":"child","description":"An archaeological site in the southern Hebron Hills (Yatir Forest), known for the remains of an ancient synagogue.\nIt is one of the potential identifications for the ancient 'Ain 2 and 'Ain 3 (Joshua 15:32; 21:16), which were southern Levitical settlements, possibly associated with the name 'Anim' in some traditions.","koreanDescription":"남부 헤브론 구릉지대(야티르 숲)에 있는 고고학 유적지로, 고대 회당의 유적으로 유명합니다.\n남부 레위인의 정착지였던 고대 '아인 2'와 '아인 3'(여호수아 15:32; 21:16)의 잠재적인 비정지 중 하나이며, 일부 전승에서는 '아님'이라는 이름과 관련이 있을 수 있습니다.","imageTitle":"macb7a7.id05fdf.jpg","types":["settlement"],"geojsonText":"{\"features\":[{\"geometry\":{\"coordinates\":[35.063521,31.353601],\"type\":\"Point\"},\"properties\":{\"id\":\"macb7a7.point\",\"role\":\"point\"},\"type\":\"Feature\"}],\"metadata\":{\"class\":\"human\",\"land_or_water\":\"land\",\"name\":\"Horbat Anim\",\"type\":\"settlement\"},\"type\":\"FeatureCollection\"}","anotherNames":"Khirbet Anim el Ghuwein, Khirbet Ghuweina at Tahta, Khirbet Ghuwein et Tahta","koreanName":"호르밧 아님","anotherKoreanNames":"키르벳 아님 엘 구웨인, 키르벳 구웨이나 앗 타타, 키르벳 구웨인 엣 타타"},{"id":"m0b0e06","name":"Akeldama","isModern":true,"stereo":"child","description":"The traditional site identified with the 'Field of Blood' (Akeldama), located in the Valley of Hinnom, south of the Old City of Jerusalem.\nThe area is known for its tombs and a Greek Orthodox monastery (St. Onuphrius), which stands on the traditional spot where Judas Iscariot is believed to have hanged himself.","koreanDescription":"예루살렘 구시가지 남쪽 힌놈의 골짜기에 위치한 '피밭'(아켈다마)으로 알려진 전통적인 장소입니다.\n이 지역은 무덤과 그리스 정교회 수도원(성 오누프리우스)으로 유명하며, 이 수도원은 가룟 유다가 목을 매달았다고 전해지는 전통적인 장소에 서 있습니다.","imageTitle":"m0b0e06.i02fe24.jpg","types":["field"],"geojsonText":"{\"bbox\":[35.23267,31.76823,35.23309,31.76859],\"features\":[{\"geometry\":{\"coordinates\":[35.23288,31.76841],\"type\":\"Point\"},\"properties\":{\"id\":\"m0b0e06.point\",\"role\":\"point\"},\"type\":\"Feature\"},{\"geometry\":{\"coordinates\":[[[35.23288,31.76859],[35.23286,31.76859],[35.23284,31.76859],[35.23281,31.76858],[35.23279,31.76857],[35.23277,31.76857],[35.23276,31.76856],[35.23274,31.76854],[35.23272,31.76853],[35.23271,31.76852],[35.2327,31.7685],[35.23269,31.76848],[35.23268,31.76847],[35.23267,31.76845],[35.23267,31.76843],[35.23267,31.76841],[35.23267,31.76839],[35.23267,31.76837],[35.23268,31.76835],[35.23269,31.76834],[35.2327,31.76832],[35.23271,31.7683],[35.23272,31.76829],[35.23274,31.76828],[35.23276,31.76826],[35.23277,31.76825],[35.23279,31.76825],[35.23281,31.76824],[35.23284,31.76823],[35.23286,31.76823],[35.23288,31.76823],[35.2329,31.76823],[35.23292,31.76823],[35.23295,31.76824],[35.23297,31.76825],[35.23299,31.76825],[35.233,31.76826],[35.23302,31.76828],[35.23304,31.76829],[35.23305,31.7683],[35.23306,31.76832],[35.23307,31.76834],[35.23308,31.76835],[35.23309,31.76837],[35.23309,31.76839],[35.23309,31.76841],[35.23309,31.76843],[35.23309,31.76845],[35.23308,31.76847],[35.23307,31.76848],[35.23306,31.7685],[35.23305,31.76852],[35.23304,31.76853],[35.23302,31.76854],[35.233,31.76856],[35.23299,31.76857],[35.23297,31.76857],[35.23295,31.76858],[35.23292,31.76859],[35.2329,31.76859],[35.23288,31.76859]]],\"type\":\"Polygon\"},\"properties\":{\"id\":\"ge1b947.precision_radius\",\"land_or_water\":\"land\",\"role\":\"precision_radius\"},\"type\":\"Feature\"}],\"metadata\":{\"class\":\"natural\",\"land_or_water\":\"land\",\"name\":\"Akeldama\",\"type\":\"field\"},\"type\":\"FeatureCollection\"}","anotherNames":null,"koreanName":"아켈다마","anotherKoreanNames":null},{"id":"m2ce754","name":"Ma’ale Akrabbim","isModern":true,"stereo":"child","description":"The modern name for the 'Ascent of the Scorpions' (Akrabbim), identified with the pass Es-Sufa (or Naqb es-Safa) that runs between the southwestern corner of the Dead Sea and the Wilderness of Zin.\nThis pass historically marked the southern boundary of Judah and Edom, corresponding to the biblical Akrabbim (Numbers 34:4; Joshua 15:3).","koreanDescription":"'전갈의 고갯길'(아크랍빔)의 현대 이름으로, 사해 남서쪽 모퉁이와 신 광야 사이에 있는 에스-수파 고갯길(또는 나크브 에스-사파)과 동일시됩니다.\n이 고갯길은 역사적으로 유다와 에돔의 남쪽 경계를 이루었으며, 성경 속 아크랍빔(민수기 34:4; 여호수아 15:3)과 일치합니다.","imageTitle":"m2ce754.i2d69f6.jpg","types":["mountain pass"],"geojsonText":"{\"bbox\":[35.129512,30.902354,35.133443,30.910131],\"features\":[{\"geometry\":{\"coordinates\":[35.131259,30.906602],\"type\":\"Point\"},\"properties\":{\"id\":\"m2ce754.representative_point\",\"role\":\"representative_point\"},\"type\":\"Feature\"},{\"geometry\":{\"coordinates\":[[35.129549,30.902354],[35.129512,30.902508],[35.129556,30.902595],[35.129647,30.902661],[35.131343,30.903272],[35.131527,30.903382],[35.131418,30.903589],[35.13111,30.90413],[35.131089,30.904262],[35.131182,30.904643],[35.131238,30.904698],[35.131545,30.90476],[35.131572,30.904843],[35.13145,30.90491],[35.131147,30.904928],[35.130327,30.905036],[35.130259,30.905119],[35.130422,30.905203],[35.131062,30.905382],[35.13135,30.905504],[35.131884,30.905656],[35.131873,30.90576],[35.131693,30.90582],[35.13094,30.905983],[35.130869,30.906039],[35.130882,30.906104],[35.131006,30.906122],[35.131198,30.906122],[35.13203,30.906214],[35.132018,30.90632],[35.131755,30.906422],[35.13129,30.906554],[35.13123,30.906624],[35.131253,30.906705],[35.131561,30.906654],[35.132015,30.906677],[35.132275,30.906711],[35.132296,30.906815],[35.132147,30.906885],[35.131921,30.906913],[35.131646,30.906982],[35.131525,30.907062],[35.131472,30.907189],[35.13152,30.907312],[35.131648,30.907336],[35.131987,30.907232],[35.132287,30.907196],[35.132469,30.907195],[35.132565,30.907256],[35.132535,30.907353],[35.132083,30.907487],[35.132064,30.907554],[35.132205,30.907803],[35.132145,30.907983],[35.131867,30.908158],[35.131449,30.908373],[35.131362,30.908448],[35.131374,30.908547],[35.131472,30.908566],[35.132517,30.908512],[35.132581,30.908539],[35.132573,30.908645],[35.132241,30.908768],[35.131747,30.90905],[35.131719,30.909095],[35.131723,30.909146],[35.131757,30.909192],[35.131878,30.909198],[35.132098,30.90919],[35.132645,30.909167],[35.133416,30.909285],[35.133443,30.909397],[35.133248,30.909522],[35.132878,30.909644],[35.132403,30.910016],[35.132414,30.910131]],\"type\":\"LineString\"},\"properties\":{\"id\":\"g57870c.precise\",\"land_or_water\":\"land\",\"role\":\"precise\"},\"type\":\"Feature\"}],\"metadata\":{\"class\":\"natural\",\"geometry_credit\":\"Some data © OpenStreetMap contributors\",\"land_or_water\":\"land\",\"name\":\"Ma’ale Akrabbim\",\"type\":\"mountain pass\"},\"type\":\"FeatureCollection\"}","anotherNames":"Naqb es Safa, Naqb es Safu, Naqb es Sfar, Scorpions’ Pass, Zaqb es Sufei","koreanName":"마알레 아크랍빔","anotherKoreanNames":"나크브 에스 사파, 나크브 에스 사푸, 나크브 에스 스파르, 전갈의 고개, 자크브 에스 수페이"},{"id":"m1a17f8","name":"Jebel Umm al Aqarib","isModern":true,"stereo":"child","description":"A mountain, also known as 'Umm el Akareb' (Mother of Scorpions), located in the southern region of Israel.\nThis mountain is considered a less common, yet possible, candidate for the biblical 'Akrabbim' (Ascent of the Scorpions) due to the presence of 'scorpions' in its name, reflecting the region's characteristics.","koreanDescription":"'움 엘 아카렙'(전갈의 어미)이라고도 불리는 산으로, 이스라엘 남부 지역에 위치합니다.\n이 산은 이름에 '전갈'이 포함되어 있어 이 지역의 특징을 반영하며, 성경 속 '아크랍빔'(전갈의 고갯길)의 덜 일반적이지만 가능한 후보로 간주됩니다.","imageTitle":"m1a17f8.satellite.jpg","types":["mountain"],"geojsonText":"{\"bbox\":[35.56615,31.18517,35.58718,31.20316],\"features\":[{\"geometry\":{\"coordinates\":[35.576667,31.194167],\"type\":\"Point\"},\"properties\":{\"id\":\"m1a17f8.point\",\"role\":\"point\"},\"type\":\"Feature\"},{\"geometry\":{\"coordinates\":[[[35.57667,31.20316],[35.57557,31.20311],[35.57448,31.20296],[35.57342,31.20272],[35.57239,31.20238],[35.57141,31.20196],[35.57049,31.20144],[35.56963,31.20085],[35.56885,31.20018],[35.56816,31.19945],[35.56756,31.19866],[35.56706,31.19782],[35.56667,31.19695],[35.56638,31.19604],[35.56621,31.19511],[35.56615,31.19417],[35.56621,31.19323],[35.56638,31.1923],[35.56667,31.19139],[35.56706,31.19051],[35.56756,31.18967],[35.56816,31.18888],[35.56885,31.18815],[35.56963,31.18748],[35.57049,31.18689],[35.57141,31.18638],[35.57239,31.18595],[35.57342,31.18561],[35.57448,31.18537],[35.57557,31.18522],[35.57667,31.18517],[35.57777,31.18522],[35.57885,31.18537],[35.57992,31.18561],[35.58094,31.18595],[35.58192,31.18638],[35.58285,31.18689],[35.5837,31.18748],[35.58448,31.18815],[35.58517,31.18888],[35.58577,31.18967],[35.58627,31.19051],[35.58667,31.19139],[35.58695,31.1923],[35.58712,31.19323],[35.58718,31.19417],[35.58712,31.19511],[35.58695,31.19604],[35.58667,31.19695],[35.58627,31.19782],[35.58577,31.19866],[35.58517,31.19945],[35.58448,31.20018],[35.5837,31.20085],[35.58285,31.20144],[35.58192,31.20196],[35.58094,31.20238],[35.57992,31.20272],[35.57885,31.20296],[35.57777,31.20311],[35.57667,31.20316]]],\"type\":\"Polygon\"},\"properties\":{\"id\":\"g4cfb26.precision_radius\",\"land_or_water\":\"land\",\"role\":\"precision_radius\"},\"type\":\"Feature\"}],\"metadata\":{\"class\":\"natural\",\"land_or_water\":\"land\",\"name\":\"Jebel Umm al Aqarib\",\"type\":\"mountain\"},\"type\":\"FeatureCollection\"}","anotherNames":"Umm el Akareb, Umm el Aqarab","koreanName":"제벨 움 알 아카립","anotherKoreanNames":"움 엘 아카렙, 움 엘 아카랍"},{"id":"m71a823","name":"Khirbet Almit","isModern":true,"stereo":"child","description":"A modern ruin located north-east of the ancient Anathoth, identified as the likely site of the biblical 'Alemeth' or 'Almon' (1 Chronicles 6:60).\nIts strong correlation with the biblical city confirms its historical significance as a Levitical settlement in the territory of Benjamin.","koreanDescription":"고대 아나돗 북동쪽에 위치한 현대 유적으로, 성경 속 '알레멧' 또는 '알몬'(역대상 6:60)의 유력한 장소로 확인됩니다.\n성경 속 성읍과의 강한 연관성은 베냐민 지파 영토에 있던 레위인의 정착지로서의 역사적 중요성을 확인시켜 줍니다.","imageTitle":"m71a823.satellite.jpg","types":["settlement"],"geojsonText":"{\"bbox\":[35.27307,31.82454,35.27392,31.82526],\"features\":[{\"geometry\":{\"coordinates\":[35.273498,31.824903],\"type\":\"Point\"},\"properties\":{\"id\":\"m71a823.point\",\"role\":\"point\"},\"type\":\"Feature\"},{\"geometry\":{\"coordinates\":[[[35.2735,31.82526],[35.27345,31.82526],[35.27341,31.82525],[35.27337,31.82525],[35.27333,31.82523],[35.27329,31.82521],[35.27325,31.82519],[35.27321,31.82517],[35.27318,31.82514],[35.27316,31.82511],[35.27313,31.82508],[35.27311,31.82505],[35.2731,31.82501],[35.27308,31.82498],[35.27308,31.82494],[35.27307,31.8249],[35.27308,31.82487],[35.27308,31.82483],[35.2731,31.82479],[35.27311,31.82476],[35.27313,31.82472],[35.27316,31.82469],[35.27318,31.82466],[35.27321,31.82464],[35.27325,31.82461],[35.27329,31.82459],[35.27333,31.82457],[35.27337,31.82456],[35.27341,31.82455],[35.27345,31.82455],[35.2735,31.82454],[35.27354,31.82455],[35.27359,31.82455],[35.27363,31.82456],[35.27367,31.82457],[35.27371,31.82459],[35.27375,31.82461],[35.27378,31.82464],[35.27381,31.82466],[35.27384,31.82469],[35.27386,31.82472],[35.27388,31.82476],[35.2739,31.82479],[35.27391,31.82483],[35.27392,31.82487],[35.27392,31.8249],[35.27392,31.82494],[35.27391,31.82498],[35.2739,31.82501],[35.27388,31.82505],[35.27386,31.82508],[35.27384,31.82511],[35.27381,31.82514],[35.27378,31.82517],[35.27375,31.82519],[35.27371,31.82521],[35.27367,31.82523],[35.27363,31.82525],[35.27359,31.82525],[35.27354,31.82526],[35.2735,31.82526]]],\"type\":\"Polygon\"},\"properties\":{\"id\":\"g44a0af.precision_radius\",\"land_or_water\":\"land\",\"role\":\"precision_radius\"},\"type\":\"Feature\"}],\"metadata\":{\"class\":\"human\",\"land_or_water\":\"land\",\"name\":\"Khirbet Almit\",\"type\":\"settlement\"},\"type\":\"FeatureCollection\"}","anotherNames":null,"koreanName":"키르벳 알밋","anotherKoreanNames":null},{"id":"m363196","name":"Alexandria","isModern":true,"stereo":"child","description":"The second largest city in modern Egypt, located on the Mediterranean coast at the western edge of the Nile River delta.\nIt is the same location as the biblical Alexandria (Acts 6:9; 18:24), which remains a thriving metropolis and major port, retaining its historical significance.","koreanDescription":"나일강 삼각주 서쪽 가장자리의 지중해 연안에 위치한 현대 이집트에서 두 번째로 큰 도시입니다.\n성경 속 알렉산드리아(사도행전 6:9; 18:24)와 동일한 위치이며, 역사적 중요성을 유지하면서 번성하는 대도시이자 주요 항구로 남아 있습니다.","imageTitle":"m363196.i70a752.jpg","types":["settlement"],"geojsonText":"{\"bbox\":[29.895417,31.181256,29.897211,31.183085],\"features\":[{\"geometry\":{\"coordinates\":[29.8965,31.1825],\"type\":\"Point\"},\"properties\":{\"id\":\"m363196.point\",\"role\":\"point\"},\"type\":\"Feature\"},{\"geometry\":{\"coordinates\":[[[29.897083,31.183085],[29.895592,31.182707],[29.895417,31.182519],[29.895538,31.18249],[29.896164,31.181388],[29.896542,31.181256],[29.896851,31.181366],[29.897177,31.18166],[29.897211,31.182225],[29.897048,31.18296],[29.897083,31.183085]]],\"type\":\"Polygon\"},\"properties\":{\"id\":\"g2ae082.local\",\"land_or_water\":\"land\",\"role\":\"local\"},\"type\":\"Feature\"}],\"metadata\":{\"class\":\"human\",\"geometry_credit\":\"Some data © OpenStreetMap contributors\",\"land_or_water\":\"land\",\"name\":\"Alexandria\",\"type\":\"settlement\"},\"type\":\"FeatureCollection\"}","anotherNames":null,"koreanName":"알렉산드리아","anotherKoreanNames":null},{"id":"m52fd08","name":"Tel Alil","isModern":true,"stereo":"child","description":"An archaeological site, also known as Khirbet Ras Ali, that is considered a potential identification for the ancient 'Allammelech' (Joshua 19:26).\nIts location is in the general area allotted to the tribe of Asher, near the coastal region of the Promised Land.","koreanDescription":"키르벳 라스 알리(Khirbet Ras Ali)라고도 알려진 고고학 유적지로, 고대 '알람멜렉'(여호수아 19:26)의 잠재적인 비정지로 간주됩니다.\n그 위치는 약속의 땅 해안 지역 근처, 아셀 지파에게 할당된 일반적인 지역에 있습니다.","imageTitle":"m52fd08.ib539e2.jpg","types":["settlement"],"geojsonText":"{\"bbox\":[35.15513,32.77132,35.1562,32.77222],\"features\":[{\"geometry\":{\"coordinates\":[35.155668,32.771772],\"type\":\"Point\"},\"properties\":{\"id\":\"m52fd08.point\",\"role\":\"point\"},\"type\":\"Feature\"},{\"geometry\":{\"coordinates\":[[[35.15567,32.77222],[35.15561,32.77222],[35.15556,32.77221],[35.1555,32.7722],[35.15545,32.77218],[35.1554,32.77216],[35.15535,32.77214],[35.15531,32.77211],[35.15527,32.77207],[35.15524,32.77204],[35.1552,32.772],[35.15518,32.77195],[35.15516,32.77191],[35.15514,32.77187],[35.15514,32.77182],[35.15513,32.77177],[35.15514,32.77172],[35.15514,32.77168],[35.15516,32.77163],[35.15518,32.77159],[35.1552,32.77155],[35.15524,32.77151],[35.15527,32.77147],[35.15531,32.77144],[35.15535,32.77141],[35.1554,32.77138],[35.15545,32.77136],[35.1555,32.77134],[35.15556,32.77133],[35.15561,32.77132],[35.15567,32.77132],[35.15572,32.77132],[35.15578,32.77133],[35.15583,32.77134],[35.15589,32.77136],[35.15594,32.77138],[35.15598,32.77141],[35.15603,32.77144],[35.15607,32.77147],[35.1561,32.77151],[35.15613,32.77155],[35.15616,32.77159],[35.15618,32.77163],[35.15619,32.77168],[35.1562,32.77172],[35.1562,32.77177],[35.1562,32.77182],[35.15619,32.77187],[35.15618,32.77191],[35.15616,32.77195],[35.15613,32.772],[35.1561,32.77204],[35.15607,32.77207],[35.15603,32.77211],[35.15598,32.77214],[35.15594,32.77216],[35.15589,32.77218],[35.15583,32.7722],[35.15578,32.77221],[35.15572,32.77222],[35.15567,32.77222]]],\"type\":\"Polygon\"},\"properties\":{\"id\":\"gf36053.precision_radius\",\"land_or_water\":\"land\",\"role\":\"precision_radius\"},\"type\":\"Feature\"}],\"metadata\":{\"class\":\"human\",\"land_or_water\":\"land\",\"name\":\"Tel Alil\",\"type\":\"settlement\"},\"type\":\"FeatureCollection\"}","anotherNames":"Khirbet Ras Ali","koreanName":"텔 알릴","anotherKoreanNames":"키르벳 라스 알리"},{"id":"m52f985","name":"Tel Nahal","isModern":true,"stereo":"child","description":"An archaeological mound that is a less likely, but still considered, identification for the ancient 'Allammelech' (Joshua 19:26).\nIt is situated in a region generally consistent with the territory of the tribe of Asher, highlighting its possible historical connection to the tribal allotments.","koreanDescription":"고대 '알람멜렉'(여호수아 19:26)의 덜 유력하지만 여전히 고려되는 비정지인 고고학적 언덕입니다.\n아셀 지파의 영토와 일반적으로 일치하는 지역에 위치하여, 지파 할당과의 가능한 역사적 연결을 강조합니다.","imageTitle":"m52f985.ia38877.jpg","types":["settlement"],"geojsonText":"{\"bbox\":[35.06953,32.79835,35.07059,32.79925],\"features\":[{\"geometry\":{\"coordinates\":[35.07006,32.7988],\"type\":\"Point\"},\"properties\":{\"id\":\"m52f985.point\",\"role\":\"point\"},\"type\":\"Feature\"},{\"geometry\":{\"coordinates\":[[[35.07006,32.79925],[35.07,32.79925],[35.06995,32.79924],[35.06989,32.79923],[35.06984,32.79921],[35.06979,32.79919],[35.06975,32.79916],[35.0697,32.79913],[35.06966,32.7991],[35.06963,32.79906],[35.0696,32.79902],[35.06957,32.79898],[35.06955,32.79894],[35.06954,32.79889],[35.06953,32.79885],[35.06953,32.7988],[35.06953,32.79875],[35.06954,32.79871],[35.06955,32.79866],[35.06957,32.79862],[35.0696,32.79858],[35.06963,32.79854],[35.06966,32.7985],[35.0697,32.79847],[35.06975,32.79844],[35.06979,32.79841],[35.06984,32.79839],[35.06989,32.79837],[35.06995,32.79836],[35.07,32.79835],[35.07006,32.79835],[35.07012,32.79835],[35.07017,32.79836],[35.07023,32.79837],[35.07028,32.79839],[35.07033,32.79841],[35.07037,32.79844],[35.07042,32.79847],[35.07046,32.7985],[35.07049,32.79854],[35.07052,32.79858],[35.07055,32.79862],[35.07057,32.79866],[35.07058,32.79871],[35.07059,32.79875],[35.07059,32.7988],[35.07059,32.79885],[35.07058,32.79889],[35.07057,32.79894],[35.07055,32.79898],[35.07052,32.79902],[35.07049,32.79906],[35.07046,32.7991],[35.07042,32.79913],[35.07037,32.79916],[35.07033,32.79919],[35.07028,32.79921],[35.07023,32.79923],[35.07017,32.79924],[35.07012,32.79925],[35.07006,32.79925]]],\"type\":\"Polygon\"},\"properties\":{\"id\":\"g8066bf.precision_radius\",\"land_or_water\":\"land\",\"role\":\"precision_radius\"},\"type\":\"Feature\"}],\"metadata\":{\"class\":\"human\",\"land_or_water\":\"land\",\"name\":\"Tel Nahal\",\"type\":\"settlement\"},\"type\":\"FeatureCollection\"}","anotherNames":"Tell en Nahal, Tell en Nahl","koreanName":"텔 나할","anotherKoreanNames":"텔 엔 나할, 텔 엔 날"},{"id":"m33ae26","name":"Hanot Taggarim","isModern":true,"stereo":"child","description":"An archaeological site, also known as Khan et-Tujjar (Caravan Inn of the Merchants), which is a possible location for the area of the 'oak in Zaanannim,' which served as a landmark 'Allon' (Joshua 19:33).\nIts historical importance as a trade center in the Galilee region aligns with the idea of a prominent landmark.","koreanDescription":"칸 엣-투자르(상인들의 대상 숙소)라고도 알려진 고고학 유적지로, 지표 역할을 했던 '알론'(여호수아 19:33) 지역인 '사아난님에 있는 상수리나무'의 가능한 위치입니다.\n갈릴리 지역의 무역 중심지로서의 역사적 중요성은 저명한 지표라는 개념과 일치합니다.","imageTitle":"m33ae26.i2580a4.jpg","types":["settlement"],"geojsonText":"{\"bbox\":[35.40957,32.72023,35.41171,32.72203],\"features\":[{\"geometry\":{\"coordinates\":[35.41064,32.72113],\"type\":\"Point\"},\"properties\":{\"id\":\"m33ae26.point\",\"role\":\"point\"},\"type\":\"Feature\"},{\"geometry\":{\"coordinates\":[[[35.41064,32.72203],[35.41053,32.72202],[35.41042,32.72201],[35.41031,32.72199],[35.41021,32.72195],[35.41011,32.72191],[35.41001,32.72186],[35.40992,32.7218],[35.40985,32.72173],[35.40978,32.72166],[35.40971,32.72158],[35.40966,32.7215],[35.40962,32.72141],[35.40959,32.72132],[35.40958,32.72122],[35.40957,32.72113],[35.40958,32.72104],[35.40959,32.72094],[35.40962,32.72085],[35.40966,32.72076],[35.40971,32.72068],[35.40978,32.7206],[35.40985,32.72053],[35.40992,32.72046],[35.41001,32.7204],[35.41011,32.72035],[35.41021,32.72031],[35.41031,32.72027],[35.41042,32.72025],[35.41053,32.72024],[35.41064,32.72023],[35.41075,32.72024],[35.41086,32.72025],[35.41097,32.72027],[35.41107,32.72031],[35.41117,32.72035],[35.41127,32.7204],[35.41136,32.72046],[35.41143,32.72053],[35.4115,32.7206],[35.41157,32.72068],[35.41162,32.72076],[35.41166,32.72085],[35.41169,32.72094],[35.4117,32.72104],[35.41171,32.72113],[35.4117,32.72122],[35.41169,32.72132],[35.41166,32.72141],[35.41162,32.7215],[35.41157,32.72158],[35.4115,32.72166],[35.41143,32.72173],[35.41136,32.7218],[35.41127,32.72186],[35.41117,32.72191],[35.41107,32.72195],[35.41097,32.72199],[35.41086,32.72201],[35.41075,32.72202],[35.41064,32.72203]]],\"type\":\"Polygon\"},\"properties\":{\"id\":\"gd21020.precision_radius\",\"land_or_water\":\"land\",\"role\":\"precision_radius\"},\"type\":\"Feature\"}],\"metadata\":{\"class\":\"human\",\"land_or_water\":\"land\",\"name\":\"Hanot Taggarim\",\"type\":\"settlement\"},\"type\":\"FeatureCollection\"}","anotherNames":"Hunat Taggarim, Khan et Tuggar, Khan et Tujjar, Khirbet Suq el Khan, Khirbet Suq et Khan","koreanName":"하놋 타가림","anotherKoreanNames":"후낫 타가림, 칸 엣 투가르, 칸 엣 투자르, 키르벳 수크 엘 칸, 키르벳 수크 엣 칸"},{"id":"m6d35b1","name":"Khirbet Bessum","isModern":true,"stereo":"child","description":"An archaeological site that is considered one of the potential locations for the ancient landmark 'Allon' (the 'oak in Zaanannim') on the border of Naphtali (Joshua 19:33).\nIts location in the Galilee region supports its connection to the tribal territory of Naphtali.","koreanDescription":"납달리 경계선에 있는 고대 지표 '알론'('사아난님에 있는 상수리나무')의 잠재적인 위치 중 하나로 간주되는 고고학 유적지입니다(여호수아 19:33).\n갈릴리 지역에 위치한다는 점은 납달리 지파 영토와의 연결을 뒷받침합니다.","imageTitle":"m6d35b1.satellite.jpg","types":["settlement"],"geojsonText":"{\"bbox\":[35.48005,32.73349,35.4824,32.73546],\"features\":[{\"geometry\":{\"coordinates\":[35.481228,32.734475],\"type\":\"Point\"},\"properties\":{\"id\":\"m6d35b1.point\",\"role\":\"point\"},\"type\":\"Feature\"},{\"geometry\":{\"coordinates\":[[[35.48123,32.73546],[35.48111,32.73546],[35.48098,32.73544],[35.48086,32.73542],[35.48075,32.73538],[35.48064,32.73533],[35.48054,32.73528],[35.48044,32.73521],[35.48035,32.73514],[35.48028,32.73506],[35.48021,32.73497],[35.48015,32.73488],[35.48011,32.73478],[35.48008,32.73468],[35.48006,32.73458],[35.48005,32.73447],[35.48006,32.73437],[35.48008,32.73427],[35.48011,32.73417],[35.48015,32.73407],[35.48021,32.73398],[35.48028,32.73389],[35.48035,32.73381],[35.48044,32.73374],[35.48054,32.73367],[35.48064,32.73362],[35.48075,32.73357],[35.48086,32.73353],[35.48098,32.73351],[35.48111,32.73349],[35.48123,32.73349],[35.48135,32.73349],[35.48147,32.73351],[35.48159,32.73353],[35.48171,32.73357],[35.48182,32.73362],[35.48192,32.73367],[35.48201,32.73374],[35.4821,32.73381],[35.48218,32.73389],[35.48225,32.73398],[35.4823,32.73407],[35.48235,32.73417],[35.48238,32.73427],[35.4824,32.73437],[35.4824,32.73447],[35.4824,32.73458],[35.48238,32.73468],[35.48235,32.73478],[35.4823,32.73488],[35.48225,32.73497],[35.48218,32.73506],[35.4821,32.73514],[35.48201,32.73521],[35.48192,32.73528],[35.48182,32.73533],[35.48171,32.73538],[35.48159,32.73542],[35.48147,32.73544],[35.48135,32.73546],[35.48123,32.73546]]],\"type\":\"Polygon\"},\"properties\":{\"id\":\"g0718f5.precision_radius\",\"land_or_water\":\"land\",\"role\":\"precision_radius\"},\"type\":\"Feature\"}],\"metadata\":{\"class\":\"human\",\"land_or_water\":\"land\",\"name\":\"Khirbet Bessum\",\"type\":\"settlement\"},\"type\":\"FeatureCollection\"}","anotherNames":"Horvat Ivzam, Khirbet el Bassum, Khirbet esh Sheikh Basum","koreanName":"키르벳 베쑴","anotherKoreanNames":"호르밧 이브잠, 키르벳 엘 바쑴, 키르벳 에쉬 쉐이크 바쑴"},{"id":"m5305fd","name":"Lejjun","isModern":true,"stereo":"child","description":"A Roman-Byzantine military camp site, El Lajjun, in the Jezreel Valley, considered another possible location for the 'Allon' landmark (Joshua 19:33).\nIts historical importance, although from a later period, might be built upon an earlier, significant landmark in the region.","koreanDescription":"이스르엘 평야에 있는 로마-비잔틴 군사 주둔지인 엘 라준으로, '알론' 지표(여호수아 19:33)의 또 다른 가능한 위치로 간주됩니다.\n비록 후대의 것이지만, 그 역사적 중요성은 이 지역의 초기 중요한 지표 위에 세워졌을 수 있습니다.","imageTitle":"m5305fd.ic95be8.jpg","types":["settlement"],"geojsonText":"{\"bbox\":[35.17511,32.57247,35.18045,32.57697],\"features\":[{\"geometry\":{\"coordinates\":[35.177778,32.574722],\"type\":\"Point\"},\"properties\":{\"id\":\"m5305fd.point\",\"role\":\"point\"},\"type\":\"Feature\"},{\"geometry\":{\"coordinates\":[[[35.17778,32.57697],[35.1775,32.57696],[35.17722,32.57692],[35.17695,32.57686],[35.17669,32.57678],[35.17644,32.57667],[35.17621,32.57654],[35.17599,32.57639],[35.1758,32.57623],[35.17562,32.57604],[35.17547,32.57585],[35.17534,32.57564],[35.17524,32.57542],[35.17517,32.57519],[35.17512,32.57496],[35.17511,32.57472],[35.17512,32.57449],[35.17517,32.57425],[35.17524,32.57403],[35.17534,32.57381],[35.17547,32.5736],[35.17562,32.5734],[35.1758,32.57322],[35.17599,32.57305],[35.17621,32.5729],[35.17644,32.57277],[35.17669,32.57267],[35.17695,32.57258],[35.17722,32.57252],[35.1775,32.57249],[35.17778,32.57247],[35.17806,32.57249],[35.17833,32.57252],[35.1786,32.57258],[35.17886,32.57267],[35.17911,32.57277],[35.17935,32.5729],[35.17956,32.57305],[35.17976,32.57322],[35.17994,32.5734],[35.18009,32.5736],[35.18022,32.57381],[35.18032,32.57403],[35.18039,32.57425],[35.18043,32.57449],[35.18045,32.57472],[35.18043,32.57496],[35.18039,32.57519],[35.18032,32.57542],[35.18022,32.57564],[35.18009,32.57585],[35.17994,32.57604],[35.17976,32.57623],[35.17956,32.57639],[35.17935,32.57654],[35.17911,32.57667],[35.17886,32.57678],[35.1786,32.57686],[35.17833,32.57692],[35.17806,32.57696],[35.17778,32.57697]]],\"type\":\"Polygon\"},\"properties\":{\"id\":\"g107799.precision_radius\",\"land_or_water\":\"land\",\"role\":\"precision_radius\"},\"type\":\"Feature\"}],\"metadata\":{\"class\":\"human\",\"land_or_water\":\"land\",\"name\":\"Lejjun\",\"type\":\"settlement\"},\"type\":\"FeatureCollection\"}","anotherNames":"El Lajjun, Leggun","koreanName":"레준","anotherKoreanNames":"엘 라준, 레군"},{"id":"mc7de3d","name":"Shajarat el Kalb","isModern":true,"stereo":"child","description":"An archaeological site, whose name means 'Tree of the Dog,' considered a potential location for the ancient 'Allon' (oak) landmark of Naphtali (Joshua 19:33).\nAs a prominent tree-related landmark, it aligns with the nature of the biblical 'Allon' (Oak).","koreanDescription":"'개의 나무'를 의미하는 고고학 유적지로, 납달리의 고대 '알론'(상수리나무) 지표의 잠재적인 위치로 간주됩니다(여호수아 19:33).\n저명한 나무 관련 지표로서, 성경 속 '알론'(상수리나무)의 성격과 일치합니다.","imageTitle":"mc7de3d.satellite.jpg","types":["settlement"],"geojsonText":"{\"bbox\":[35.53057,32.68435,35.53163,32.68525],\"features\":[{\"geometry\":{\"coordinates\":[35.5311,32.6848],\"type\":\"Point\"},\"properties\":{\"id\":\"mc7de3d.point\",\"role\":\"point\"},\"type\":\"Feature\"},{\"geometry\":{\"coordinates\":[[[35.5311,32.68525],[35.53104,32.68525],[35.53099,32.68524],[35.53093,32.68523],[35.53088,32.68521],[35.53083,32.68519],[35.53079,32.68516],[35.53074,32.68513],[35.5307,32.6851],[35.53067,32.68506],[35.53064,32.68502],[35.53061,32.68498],[35.53059,32.68494],[35.53058,32.68489],[35.53057,32.68485],[35.53057,32.6848],[35.53057,32.68475],[35.53058,32.68471],[35.53059,32.68466],[35.53061,32.68462],[35.53064,32.68458],[35.53067,32.68454],[35.5307,32.6845],[35.53074,32.68447],[35.53079,32.68444],[35.53083,32.68441],[35.53088,32.68439],[35.53093,32.68437],[35.53099,32.68436],[35.53104,32.68435],[35.5311,32.68435],[35.53116,32.68435],[35.53121,32.68436],[35.53127,32.68437],[35.53132,32.68439],[35.53137,32.68441],[35.53141,32.68444],[35.53146,32.68447],[35.5315,32.6845],[35.53153,32.68454],[35.53156,32.68458],[35.53159,32.68462],[35.53161,32.68466],[35.53162,32.68471],[35.53163,32.68475],[35.53163,32.6848],[35.53163,32.68485],[35.53162,32.68489],[35.53161,32.68494],[35.53159,32.68498],[35.53156,32.68502],[35.53153,32.68506],[35.5315,32.6851],[35.53146,32.68513],[35.53141,32.68516],[35.53137,32.68519],[35.53132,32.68521],[35.53127,32.68523],[35.53121,32.68524],[35.53116,32.68525],[35.5311,32.68525]]],\"type\":\"Polygon\"},\"properties\":{\"id\":\"gbf7460.precision_radius\",\"land_or_water\":\"land\",\"role\":\"precision_radius\"},\"type\":\"Feature\"}],\"metadata\":{\"class\":\"human\",\"land_or_water\":\"land\",\"name\":\"Shajarat el Kalb\",\"type\":\"settlement\"},\"type\":\"FeatureCollection\"}","anotherNames":"Horeshat Ya’ala","koreanName":"샤자라트 엘 칼브","anotherKoreanNames":"호레샤트 야알라"},{"id":"me58522","name":"Beitin","isModern":true,"stereo":"child","description":"A Palestinian village in the West Bank, famously identified with the biblical 'Bethel,' one of the most important religious sites in the Old Testament.\nIt is the location of the 'Oak of Weeping' (Allon-bacuth) where Rebekah's nurse, Deborah, was buried (Genesis 35:8), reinforcing its connection to the significant events of the patriarchs.","koreanDescription":"서안 지구에 있는 팔레스타인 마을로, 구약성경에서 가장 중요한 종교 유적지 중 하나인 성경 속 '벧엘'과 동일시되는 것으로 유명합니다.\n이곳은 리브가의 유모 드보라가 묻힌 '통곡의 상수리나무'(알론-바굿)의 위치이며(창세기 35:8), 족장들의 중요한 사건들과의 연결고리를 강화합니다.","imageTitle":"me58522.icd4d40.jpg","types":["settlement"],"geojsonText":"{\"bbox\":[35.23874,31.92053,35.24404,31.92503],\"features\":[{\"geometry\":{\"coordinates\":[35.241389,31.922778],\"type\":\"Point\"},\"properties\":{\"id\":\"me58522.point\",\"role\":\"point\"},\"type\":\"Feature\"},{\"geometry\":{\"coordinates\":[[[35.24139,31.92503],[35.24111,31.92501],[35.24084,31.92498],[35.24057,31.92492],[35.24031,31.92483],[35.24006,31.92473],[35.23983,31.9246],[35.23962,31.92445],[35.23942,31.92428],[35.23925,31.9241],[35.23909,31.9239],[35.23897,31.92369],[35.23887,31.92347],[35.2388,31.92325],[35.23875,31.92301],[35.23874,31.92278],[35.23875,31.92254],[35.2388,31.92231],[35.23887,31.92208],[35.23897,31.92186],[35.23909,31.92165],[35.23925,31.92146],[35.23942,31.92127],[35.23962,31.92111],[35.23983,31.92096],[35.24006,31.92083],[35.24031,31.92072],[35.24057,31.92064],[35.24084,31.92058],[35.24111,31.92054],[35.24139,31.92053],[35.24167,31.92054],[35.24194,31.92058],[35.24221,31.92064],[35.24247,31.92072],[35.24271,31.92083],[35.24295,31.92096],[35.24316,31.92111],[35.24336,31.92127],[35.24353,31.92146],[35.24368,31.92165],[35.24381,31.92186],[35.24391,31.92208],[35.24398,31.92231],[35.24402,31.92254],[35.24404,31.92278],[35.24402,31.92301],[35.24398,31.92325],[35.24391,31.92347],[35.24381,31.92369],[35.24368,31.9239],[35.24353,31.9241],[35.24336,31.92428],[35.24316,31.92445],[35.24295,31.9246],[35.24271,31.92473],[35.24247,31.92483],[35.24221,31.92492],[35.24194,31.92498],[35.24167,31.92501],[35.24139,31.92503]]],\"type\":\"Polygon\"},\"properties\":{\"id\":\"g1cc9a3.precision_radius\",\"land_or_water\":\"land\",\"role\":\"precision_radius\"},\"type\":\"Feature\"}],\"metadata\":{\"class\":\"human\",\"land_or_water\":\"land\",\"name\":\"Beitin\",\"type\":\"settlement\"},\"type\":\"FeatureCollection\"}","anotherNames":"Baytin","koreanName":"베이틴","anotherKoreanNames":"바 이틴"},{"id":"mebe332","name":"Al Bira","isModern":true,"stereo":"child","description":"A major Palestinian city in the central West Bank, located near the modern Beitin (Bethel).\nIt is one of the locations associated with the 'Oak of Weeping' (Allon-bacuth), as it is historically and geographically connected to the Bethel area, where the burial took place (Genesis 35:8).","koreanDescription":"현대 베이틴(벧엘) 근처에 위치한 서안 지구 중앙의 주요 팔레스타인 도시입니다.\n역사적, 지리적으로 매장이 이루어진 벧엘 지역과 연결되어 있기 때문에 '통곡의 상수리나무'(알론-바굿)와 관련된 위치 중 하나입니다(창세기 35:8).","imageTitle":"mebe332.i912dd9.jpg","types":["settlement"],"geojsonText":"{\"bbox\":[35.21231,31.90289,35.21761,31.90739],\"features\":[{\"geometry\":{\"coordinates\":[35.214958,31.905142],\"type\":\"Point\"},\"properties\":{\"id\":\"mebe332.point\",\"role\":\"point\"},\"type\":\"Feature\"},{\"geometry\":{\"coordinates\":[[[35.21496,31.90739],[35.21468,31.90738],[35.21441,31.90734],[35.21414,31.90728],[35.21388,31.9072],[35.21363,31.90709],[35.2134,31.90696],[35.21319,31.90681],[35.21299,31.90665],[35.21282,31.90646],[35.21266,31.90627],[35.21254,31.90606],[35.21244,31.90584],[35.21237,31.90561],[35.21232,31.90538],[35.21231,31.90514],[35.21232,31.90491],[35.21237,31.90467],[35.21244,31.90445],[35.21254,31.90423],[35.21266,31.90402],[35.21282,31.90382],[35.21299,31.90364],[35.21319,31.90347],[35.2134,31.90332],[35.21363,31.90319],[35.21388,31.90309],[35.21414,31.903],[35.21441,31.90294],[35.21468,31.90291],[35.21496,31.90289],[35.21523,31.90291],[35.21551,31.90294],[35.21578,31.903],[35.21604,31.90309],[35.21628,31.90319],[35.21651,31.90332],[35.21673,31.90347],[35.21693,31.90364],[35.2171,31.90382],[35.21725,31.90402],[35.21738,31.90423],[35.21748,31.90445],[35.21755,31.90467],[35.21759,31.90491],[35.21761,31.90514],[35.21759,31.90538],[35.21755,31.90561],[35.21748,31.90584],[35.21738,31.90606],[35.21725,31.90627],[35.2171,31.90646],[35.21693,31.90665],[35.21673,31.90681],[35.21651,31.90696],[35.21628,31.90709],[35.21604,31.9072],[35.21578,31.90728],[35.21551,31.90734],[35.21523,31.90738],[35.21496,31.90739]]],\"type\":\"Polygon\"},\"properties\":{\"id\":\"g949049.precision_radius\",\"land_or_water\":\"land\",\"role\":\"precision_radius\"},\"type\":\"Feature\"}],\"metadata\":{\"class\":\"human\",\"land_or_water\":\"land\",\"name\":\"Al Bira\",\"type\":\"settlement\"},\"type\":\"FeatureCollection\"}","anotherNames":"Al Bireh, El Bireh","koreanName":"알 비라","anotherKoreanNames":"알 비레, 엘 비레"},{"id":"m26f59b","name":"Burj Beitin","isModern":true,"stereo":"child","description":"The 'Tower of Beitin,' a ruin located in the western part of Beitin (biblical Bethel), with remains of a Byzantine monastery and a tower.\nIt is one of the sites associated with the vicinity of the 'Oak of Weeping' (Allon-bacuth, Genesis 35:8), given its strong link to the Bethel area.","koreanDescription":"베이틴(성경 속 벧엘) 서쪽에 위치한 유적으로, 비잔틴 수도원과 탑의 유적이 있는 '베이틴의 탑'입니다.\n벧엘 지역과의 강한 연결고리를 고려할 때, '통곡의 상수리나무'(알론-바굿, 창세기 35:8) 근처와 관련된 장소 중 하나입니다.","imageTitle":"m26f59b.i8733f8.jpg","types":["settlement"],"geojsonText":"{\"features\":[{\"geometry\":{\"coordinates\":[35.245478,31.921866],\"type\":\"Point\"},\"properties\":{\"geometry_credit\":\"osm\",\"id\":\"m26f59b.point\",\"role\":\"point\"},\"type\":\"Feature\"}],\"metadata\":{\"class\":\"human\",\"land_or_water\":\"land\",\"name\":\"Burj Beitin\",\"type\":\"settlement\"},\"type\":\"FeatureCollection\"}","anotherNames":null,"koreanName":"부르즈 베이틴","anotherKoreanNames":null}],"relations":[{"parentId":"a39267b","childId":"m2ce754","possibility":75},{"parentId":"a39267b","childId":"m1a17f8","possibility":10},{"parentId":"a89511f","childId":"m7624ff","possibility":35},{"parentId":"a89511f","childId":"m71c96a","possibility":20},{"parentId":"a89511f","childId":"mec7389","possibility":10},{"parentId":"a89511f","childId":"m518f8e","possibility":10},{"parentId":"a89511f","childId":"mb61c67","possibility":10},{"parentId":"a89511f","childId":"m15bc95","possibility":10},{"parentId":"a89511f","childId":"m4f224b","possibility":10},{"parentId":"afb265c","childId":"mfa3426","possibility":40},{"parentId":"afb265c","childId":"mee9587","possibility":40},{"parentId":"afb265c","childId":"mcfd3eb","possibility":10},{"parentId":"afb265c","childId":"m6cb30d","possibility":10},{"parentId":"afb265c","childId":"m2b72a1","possibility":10},{"parentId":"afb265c","childId":"m0382c1","possibility":10},{"parentId":"afb265c","childId":"macb7a7","possibility":10},{"parentId":"adbc931","childId":"mfa3426","possibility":45},{"parentId":"adbc931","childId":"mcfd3eb","possibility":45},{"parentId":"adbc931","childId":"m6cb30d","possibility":45},{"parentId":"adbc931","childId":"mee9587","possibility":45},{"parentId":"adbc931","childId":"m2b72a1","possibility":45},{"parentId":"adbc931","childId":"m0382c1","possibility":45},{"parentId":"adbc931","childId":"macb7a7","possibility":45},{"parentId":"a040ba5","childId":"m0b0e06","possibility":50},{"parentId":"ad4ad26","childId":"m71a823","possibility":85},{"parentId":"a00de1e","childId":"m33ae26","possibility":100},{"parentId":"a00de1e","childId":"m6d35b1","possibility":100},{"parentId":"a00de1e","childId":"m5305fd","possibility":100},{"parentId":"a00de1e","childId":"mc7de3d","possibility":100},{"parentId":"af9a894","childId":"me58522","possibility":100},{"parentId":"af9a894","childId":"mebe332","possibility":100},{"parentId":"af9a894","childId":"m26f59b","possibility":100},{"parentId":"aee7248","childId":"m363196","possibility":100},{"parentId":"a84cafa","childId":"m52fd08","possibility":55},{"parentId":"a84cafa","childId":"m52f985","possibility":20}],"total":38}