{"data":[{"id":"a81cdb5","name":"Cyrene","imageTitle":"me649fd.i0cee3d.jpg","isModern":false,"stereo":"parent","description":"Cyrene was the original capital of Cyrenaica, an ancient district on the North African coast (modern Libya). It was a major Greek colony and later a Roman city. \n\nBiblically, Cyrene is significant as the home of **Simon of Cyrene**, who was compelled to carry Jesus' cross (Matt. 27:32). Jews from Cyrene also had a synagogue in Jerusalem (Acts 6:9) and played a role in preaching the gospel to Greek-speaking people in Antioch (Acts 11:20).","koreanDescription":"구레네(Cyrene)는 아프리카 북부 해안(현재의 리비아)에 위치했던 고대 구레나이카 지역의 수도였습니다. 주요 그리스 식민지였으며 후에 로마 도시가 되었습니다.\n\n성경적으로 구레네는 **예수님의 십자가를 대신 지고 간 구레네 시몬**의 고향으로 중요합니다(마 27:32). 또한 구레네 출신 유대인들은 예루살렘에 회당을 가지고 있었으며(행 6:9), 안디옥에서 헬라어를 사용하는 사람들에게 복음을 전하는 데 중요한 역할을 했습니다(행 11:20).","verses":["Matt.27.32","Mark.15.21","Luke.23.26","Acts.2.10","Acts.6.9","Acts.11.20","Acts.13.1"],"placeUrl":"/geo/ancient/a81cdb5/cyrene","identificationPaths":["/geo/modern/me649fd"],"types":["settlement"],"unknownPlacePossibility":null,"geojsonText":"{\"bbox\":[21.848114,32.815749,21.864706,32.82585],\"features\":[{\"geometry\":{\"coordinates\":[[[21.854243,32.817474],[21.854671,32.817374],[21.855512,32.81687],[21.856952,32.816448],[21.858683,32.815749],[21.858538,32.816537],[21.859166,32.816968],[21.859398,32.81752],[21.859069,32.817682],[21.859765,32.819137],[21.860664,32.818641],[21.861173,32.819578],[21.86185,32.820827],[21.861334,32.821216],[21.861731,32.821634],[21.861868,32.821778],[21.862089,32.821359],[21.862649,32.821002],[21.863406,32.820611],[21.863937,32.821313],[21.864461,32.821065],[21.864598,32.821488],[21.864706,32.82337],[21.86446,32.82337],[21.864424,32.824197],[21.863957,32.824216],[21.864008,32.82535],[21.863568,32.825461],[21.863503,32.825846],[21.862995,32.82585],[21.862872,32.82536],[21.862535,32.824905],[21.862006,32.824253],[21.861597,32.823617],[21.86145,32.823205],[21.861203,32.823188],[21.860682,32.821912],[21.859714,32.822169],[21.859165,32.822404],[21.858206,32.82301],[21.858365,32.823561],[21.858198,32.824166],[21.856527,32.823871],[21.856502,32.823441],[21.856004,32.823529],[21.855646,32.823557],[21.855279,32.823425],[21.855085,32.823216],[21.854967,32.822943],[21.854908,32.822707],[21.854894,32.822467],[21.854949,32.821868],[21.854562,32.822335],[21.85434,32.822709],[21.854224,32.82305],[21.854108,32.823659],[21.853678,32.82396],[21.853026,32.824005],[21.852131,32.824309],[21.851063,32.824996],[21.850015,32.825061],[21.848632,32.824792],[21.848188,32.824399],[21.848114,32.82242],[21.84835,32.820588],[21.849004,32.819182],[21.850062,32.818443],[21.851323,32.818208],[21.853354,32.818042],[21.853127,32.817128],[21.853591,32.816909],[21.8539,32.816828],[21.854103,32.816844],[21.854243,32.817474]]],\"type\":\"Polygon\"},\"properties\":{\"id\":\"g42fcf0.geometry\",\"land_or_water\":\"land\"},\"type\":\"Feature\"},{\"geometry\":{\"coordinates\":[21.851229,32.820946],\"type\":\"Point\"},\"properties\":{\"id\":\"me649fd.point\"},\"type\":\"Feature\"}],\"metadata\":{\"geometry_credit\":\"Some data © OpenStreetMap contributors\",\"name\":\"Cyrene\"},\"type\":\"FeatureCollection\"}","anotherNames":null,"koreanName":"구레네","anotherKoreanNames":null},{"id":"a411151","name":"Dabbesheth","imageTitle":"m307896.satellite.jpg","isModern":false,"stereo":"parent","description":"An ancient boundary city in the territory of the tribe of **Zebulun**, mentioned in the division of the Promised Land (Josh. 19:11).\n\nIts exact location is uncertain today, but it is generally placed in the northern part of modern-day Israel.","koreanDescription":"약속의 땅 분배 시 **스불론 지파**의 경계선에 언급된 고대 도시입니다(수 19:11).\n\n정확한 위치는 오늘날 확실하지 않으나, 일반적으로 현대 이스라엘 북부 지역에 위치했을 것으로 추정됩니다.","verses":["Josh.19.11"],"placeUrl":"/geo/ancient/a411151/dabbesheth","identificationPaths":["/geo/modern/m307896"],"types":["settlement"],"unknownPlacePossibility":null,"geojsonText":"{\"features\":[{\"geometry\":{\"coordinates\":[35.155,32.670278],\"type\":\"Point\"},\"properties\":{\"id\":\"m307896.point\"},\"type\":\"Feature\"}],\"metadata\":{\"name\":\"Dabbesheth\"},\"type\":\"FeatureCollection\"}","anotherNames":null,"koreanName":"답베셋","anotherKoreanNames":null},{"id":"a6a5e97","name":"Daberath","imageTitle":"ma0ce5d.i3c2e22.jpg","isModern":false,"stereo":"parent","description":"An ancient city located on the border of the tribal territories of **Issachar** and **Zebulun**, at the foot of **Mount Tabor**.\n\nIt was later designated as a **Levitical city** given to the sons of Gershon (Josh. 21:28, 1 Chr. 6:72). Its strategic location made it militarily significant.","koreanDescription":"**잇사갈**과 **스불론 지파**의 경계선, **다볼 산** 기슭에 위치했던 고대 도시입니다.\n\n후에 **레위 사람의 성읍**으로 게르손 자손에게 주어졌습니다(수 21:28, 역대상 6:72). 전략적인 위치로 인해 군사적으로 중요한 곳이었습니다.","verses":["Josh.19.12","Josh.21.28","1Chr.6.72"],"placeUrl":"/geo/ancient/a6a5e97/daberath","identificationPaths":["/geo/modern/ma0ce5d","/geo/modern/m6f51f7","/geo/modern/m136387"],"types":["settlement"],"unknownPlacePossibility":null,"geojsonText":"{\"bbox\":[35.361074,32.388889,35.384722,32.697284],\"features\":[{\"geometry\":{\"coordinates\":[[[35.366168,32.513445],[35.365113,32.513676],[35.364107,32.513892],[35.363308,32.513868],[35.362956,32.513874],[35.362647,32.513121],[35.362456,32.511802],[35.361997,32.510968],[35.361074,32.510127],[35.361086,32.509729],[35.361608,32.509399],[35.362672,32.50919],[35.362464,32.507627],[35.362739,32.507437],[35.363565,32.507895],[35.364043,32.508391],[35.365066,32.508977],[35.364336,32.50954],[35.364022,32.510536],[35.364087,32.510866],[35.364826,32.511123],[35.365305,32.51116],[35.366414,32.510995],[35.367349,32.511068],[35.367719,32.511453],[35.367653,32.512535],[35.367131,32.513195],[35.366457,32.51347],[35.366168,32.513445]]],\"type\":\"Polygon\"},\"properties\":{\"id\":\"g028492.geometry\",\"land_or_water\":\"land\"},\"type\":\"Feature\"},{\"geometry\":{\"coordinates\":[35.3633,32.5125],\"type\":\"Point\"},\"properties\":{\"id\":\"m136387.point\"},\"type\":\"Feature\"},{\"geometry\":{\"coordinates\":[35.384722,32.388889],\"type\":\"Point\"},\"properties\":{\"id\":\"m6f51f7.point\"},\"type\":\"Feature\"},{\"geometry\":{\"coordinates\":[35.377531,32.697284],\"type\":\"Point\"},\"properties\":{\"id\":\"ma0ce5d.point\"},\"type\":\"Feature\"}],\"metadata\":{\"geometry_credit\":\"Some data © OpenStreetMap contributors\",\"name\":\"Daberath\"},\"type\":\"FeatureCollection\"}","anotherNames":null,"koreanName":"다브랏","anotherKoreanNames":null},{"id":"ae8d09d","name":"Dalmanutha","imageTitle":"m516e72.i665937.jpg","isModern":false,"stereo":"parent","description":"A town on the western side of the **Sea of Galilee** mentioned in the Gospel of Mark. It is the place Jesus sailed to after miraculously feeding the four thousand (Mark 8:10). The parallel account in Matthew refers to the area as **Magadan** (Matt. 15:39). \n\nIts exact location is generally associated with the area of Migdal (Magdala).","koreanDescription":"마가복음에 언급된 **갈릴리 바다** 서쪽 연안의 마을입니다. 예수님께서 4천 명을 먹이신 기적 후에 배를 타고 도착하신 곳입니다(막 8:10). 마태복음의 병행 구절에서는 이 지역을 **마가단**이라고 부릅니다(마 15:39).\n\n정확한 위치는 일반적으로 막달라(Migdal) 지역과 연관됩니다.","verses":["Mark.8.10"],"placeUrl":"/geo/ancient/ae8d09d/dalmanutha","identificationPaths":["/geo/modern/m516e72","/geo/modern/m7bf7d6","/geo/modern/mbbfbf9"],"types":["settlement"],"unknownPlacePossibility":null,"geojsonText":"{\"bbox\":[35.513552,32.701597,35.676717,32.923148],\"features\":[{\"geometry\":{\"coordinates\":[[[35.612739,32.886484],[35.624438,32.879182],[35.633131,32.87339],[35.643263,32.857885],[35.648347,32.84555],[35.639655,32.834476],[35.641155,32.829249],[35.64499,32.816019],[35.638726,32.799466],[35.639016,32.789887],[35.634522,32.786867],[35.63541,32.778806],[35.638403,32.773265],[35.6318,32.747377],[35.624615,32.736302],[35.618326,32.727237],[35.612638,32.718431],[35.603078,32.710152],[35.591122,32.705373],[35.642959,32.701597],[35.676717,32.782938],[35.676183,32.861962],[35.624525,32.923148],[35.612739,32.886484]]],\"type\":\"Polygon\"},\"properties\":{\"id\":\"g857579.geometry\",\"land_or_water\":\"land\"},\"type\":\"Feature\"},{\"geometry\":{\"coordinates\":[35.513552,32.827069],\"type\":\"Point\"},\"properties\":{\"id\":\"m516e72.point\"},\"type\":\"Feature\"},{\"geometry\":{\"coordinates\":[35.646371,32.860443],\"type\":\"Point\"},\"properties\":{\"id\":\"m7bf7d6.point\"},\"type\":\"Feature\"},{\"geometry\":{\"coordinates\":[35.548975,32.873658],\"type\":\"Point\"},\"properties\":{\"id\":\"mbbfbf9.point\"},\"type\":\"Feature\"}],\"metadata\":{\"name\":\"Dalmanutha\"},\"type\":\"FeatureCollection\"}","anotherNames":null,"koreanName":"달마누다","anotherKoreanNames":null},{"id":"ae86cd7","name":"Dalmatia","imageTitle":"me8c716.i1575dd.jpg","isModern":false,"stereo":"parent","description":"An ancient Roman province that ran along the eastern coast of the **Adriatic Sea** (encompassing parts of modern Croatia, Bosnia and Herzegovina, Montenegro, and Serbia). \n\nIt is mentioned in the New Testament as the region where **Titus** was sent by the Apostle Paul (2 Tim. 4:10).","koreanDescription":"**아드리아 해** 동부 연안을 따라 길게 뻗어있던 고대 로마의 속주입니다(현재의 크로아티아, 보스니아 헤르체고비나, 몬테네그로, 세르비아 일부 포함).\n\n신약성경에서는 사도 바울이 **디도**를 보낸 지역으로 언급됩니다(딤후 4:10).","verses":["2Tim.4.10"],"placeUrl":"/geo/ancient/ae86cd7/dalmatia","identificationPaths":["/geo/modern/me8c716"],"types":["region"],"unknownPlacePossibility":null,"geojsonText":"{\"bbox\":[14.2075,41.79068,20.55387,45.55227],\"features\":[{\"geometry\":{\"coordinates\":[[[[14.39982,44.10551],[14.78444,43.67148],[15.16907,43.23745],[15.36139,43.09277],[15.5537,42.9481],[15.93833,42.80342],[16.32296,42.65874],[19.20767,41.79068],[19.39999,41.79068],[19.5923,41.79068],[20.16924,42.08004],[20.36156,42.22471],[20.55387,43.38213],[19.97693,44.39486],[19.78462,44.53954],[15.93833,45.55227],[14.2075,45.4076],[14.2075,45.26292],[14.2075,45.11825],[14.2075,44.97357],[14.2075,44.82889],[14.2075,44.68422],[14.2075,44.53954],[14.2075,44.39486],[14.39982,44.10551]]],[[[14.2075,44.82889],[14.2075,44.68422],[14.2075,44.53954],[14.2075,44.39486],[14.39982,44.10551],[14.78444,43.67148],[15.16907,43.23745],[15.36139,43.09277],[15.5537,42.9481],[15.93833,42.80342],[16.32296,42.65874],[19.39999,41.79068],[19.78462,41.93536],[19.97693,42.08004],[19.97693,42.22471],[19.97693,42.36939],[19.97693,42.51407],[19.97693,42.65874],[19.97693,42.80342],[19.97693,42.9481],[19.97693,43.09277],[19.97693,43.23745],[19.97693,43.38213],[19.97693,43.5268],[19.97693,43.67148],[19.97693,43.81616],[19.97693,43.96083],[19.97693,44.10551],[19.01536,44.53954],[16.32296,45.26292],[14.39982,45.4076],[14.2075,45.26292],[14.2075,45.11825],[14.2075,44.82889]]],[[[14.2075,44.82889],[14.2075,44.68422],[14.2075,44.53954],[14.2075,44.39486],[14.39982,44.10551],[15.36139,43.09277],[15.5537,42.9481],[15.93833,42.80342],[16.32296,42.65874],[19.39999,41.79068],[19.5923,41.93536],[19.97693,42.36939],[19.97693,42.51407],[19.97693,42.65874],[19.97693,42.80342],[19.97693,42.9481],[19.97693,43.38213],[19.97693,43.5268],[19.78462,43.67148],[19.20767,44.10551],[18.05379,44.53954],[16.70759,44.97357],[16.13064,45.11825],[14.39982,45.4076],[14.2075,45.26292],[14.2075,45.11825],[14.2075,44.82889]]],[[[14.39982,45.4076],[14.2075,45.26292],[15.36139,43.38213],[19.5923,41.93536],[19.78462,42.22471],[19.97693,42.51407],[19.20767,44.10551],[16.8999,44.82889],[16.32296,44.97357],[14.39982,45.4076]]],[[[16.32296,44.97357],[16.13064,44.97357],[15.93833,44.97357],[15.74602,44.97357],[15.5537,44.97357],[15.16907,44.82889],[14.97676,44.68422],[15.93833,44.10551],[16.8999,43.5268],[17.86147,42.9481],[19.01536,42.51407],[19.5923,42.36939],[19.78462,42.51407],[19.78462,42.65874],[19.20767,43.81616],[17.28453,44.68422],[16.8999,44.82889],[16.32296,44.97357]]],[[[15.74602,44.82889],[15.74602,44.68422],[15.93833,44.10551],[16.8999,43.5268],[19.20767,42.51407],[19.39999,42.51407],[19.5923,42.51407],[18.82304,43.96083],[17.47684,44.53954],[17.09222,44.68422],[16.51527,44.82889],[15.93833,44.97357],[15.74602,44.97357],[15.74602,44.82889]]],[[[15.74602,44.82889],[15.74602,44.68422],[16.13064,44.10551],[16.32296,43.96083],[16.51527,43.81616],[16.70759,43.67148],[16.8999,43.5268],[17.28453,43.38213],[18.2461,43.23745],[18.43842,43.23745],[18.63073,43.38213],[18.63073,43.81616],[18.43842,43.96083],[17.28453,44.53954],[16.51527,44.82889],[15.93833,44.97357],[15.74602,44.97357],[15.74602,44.82889]]],[[[16.51527,44.68422],[16.13064,44.82889],[15.93833,44.82889],[15.93833,44.68422],[16.51527,43.81616],[18.05379,43.38213],[18.2461,43.38213],[18.43842,43.38213],[18.63073,43.38213],[18.43842,43.81616],[18.2461,43.96083],[16.8999,44.53954],[16.51527,44.68422]]],[[[16.51527,44.68422],[15.93833,44.82889],[17.09222,43.81616],[17.66916,43.5268],[18.43842,43.81616],[18.2461,43.96083],[16.8999,44.53954],[16.51527,44.68422]]]],\"type\":\"MultiPolygon\"},\"properties\":{\"format\":\"isobands\",\"id\":\"g759c47.isobands\",\"land_or_water\":\"land\",\"max_confidence\":90,\"min_confidence\":10,\"role\":\"isobands\"},\"type\":\"Feature\"},{\"geometry\":{\"coordinates\":[16.218756,43.812761],\"type\":\"Point\"},\"properties\":{\"id\":\"me8c716.point\"},\"type\":\"Feature\"}],\"metadata\":{\"name\":\"Dalmatia\"},\"type\":\"FeatureCollection\"}","anotherNames":null,"koreanName":"달마디아","anotherKoreanNames":null},{"id":"a69c1d4","name":"Damascus","imageTitle":"m878978.ib7e04c.jpg","isModern":false,"stereo":"parent","description":"One of the oldest continuously inhabited cities in the world, located in modern-day Syria. It was the capital of the ancient Aramaean kingdom and was frequently in conflict with Israel.\n\nIt holds immense biblical significance:\n\n* **Old Testament:** It's mentioned from the time of Abraham (Gen. 14:15, 15:2) and features prominently in the history of the divided kingdom.\n* **New Testament:** Most famously, it is the city Saul of Tarsus (later the Apostle Paul) was traveling to when he had his dramatic encounter with the risen Christ, leading to his conversion (Acts 9:1-27).","koreanDescription":"현대의 시리아에 위치한, 세계에서 가장 오래된 지속 거주 도시 중 하나입니다. 고대 아람 왕국의 수도였으며 이스라엘과 빈번하게 충돌했습니다.\n\n성경적으로 매우 중요합니다:\n\n* **구약:** 아브라함 시대부터 언급되며(창 14:15, 15:2), 분열 왕국의 역사에서 중요한 역할을 했습니다.\n* **신약:** 특히 사울(후에 사도 바울)이 기독교인을 박해하기 위해 다메섹으로 가던 중 부활하신 그리스도를 만나 회심한 극적인 장소로 유명합니다(행 9:1-27).","verses":["Gen.14.15","Gen.15.2","2Sam.8.5","2Sam.8.6","1Kgs.11.24","1Kgs.15.18","1Kgs.19.15","1Kgs.20.34","2Kgs.5.12","2Kgs.8.7","2Kgs.8.9","2Kgs.14.28","2Kgs.16.9","2Kgs.16.10","2Kgs.16.11","2Kgs.16.12","1Chr.18.5","1Chr.18.6","2Chr.16.2","2Chr.24.23","2Chr.28.5","2Chr.28.23","Song.7.4","Isa.7.8","Isa.8.4","Isa.10.9","Isa.17.1","Isa.17.3","Jer.49.23","Jer.49.24","Jer.49.27","Ezek.27.18","Ezek.47.16","Ezek.47.17","Ezek.47.18","Ezek.48.1","Amos.1.3","Amos.1.5","Amos.3.12","Amos.5.27","Zech.9.1","Zech.9.2","Acts.9.2","Acts.9.3","Acts.9.8","Acts.9.10","Acts.9.19","Acts.9.22","Acts.9.27","Acts.22.5","Acts.22.6","Acts.22.10","Acts.22.11","Acts.22.12","Acts.26.12","Acts.26.20","2Cor.11.32","Gal.1.17"],"placeUrl":"/geo/ancient/a69c1d4/damascus","identificationPaths":["/geo/modern/m878978"],"types":["settlement"],"unknownPlacePossibility":null,"geojsonText":"{\"bbox\":[36.300505,33.505199,36.318278,33.514922],\"features\":[{\"geometry\":{\"coordinates\":[[[36.314496,33.513578],[36.314605,33.513747],[36.314631,33.513789],[36.315145,33.514406],[36.314638,33.514795],[36.314166,33.514922],[36.31341,33.514754],[36.313415,33.514661],[36.312505,33.514589],[36.312497,33.514743],[36.31203,33.514785],[36.311311,33.514671],[36.310839,33.514404],[36.310036,33.514211],[36.30955,33.514328],[36.309232,33.514259],[36.309305,33.514025],[36.308952,33.513942],[36.307925,33.513993],[36.30733,33.513987],[36.306823,33.513837],[36.306636,33.51419],[36.304642,33.513817],[36.303455,33.51361],[36.30211,33.513387],[36.301579,33.513274],[36.300562,33.513161],[36.300505,33.512766],[36.300541,33.512285],[36.300559,33.512023],[36.300595,33.511173],[36.300519,33.510951],[36.300556,33.510236],[36.300583,33.509895],[36.300684,33.50938],[36.300996,33.509],[36.301313,33.508381],[36.301435,33.508099],[36.3015,33.507976],[36.301579,33.507861],[36.302121,33.507475],[36.302262,33.507313],[36.302579,33.506693],[36.302901,33.506352],[36.303388,33.506078],[36.303937,33.505914],[36.304412,33.505827],[36.304621,33.505819],[36.305124,33.5058],[36.306141,33.505762],[36.306712,33.50578],[36.306858,33.50583],[36.307191,33.505702],[36.307999,33.505393],[36.308571,33.50524],[36.308991,33.505199],[36.309308,33.505323],[36.310112,33.505299],[36.310145,33.505321],[36.310184,33.505332],[36.310206,33.505333],[36.310208,33.50543],[36.310221,33.505899],[36.31114,33.505914],[36.313123,33.505971],[36.313278,33.505994],[36.313655,33.506045],[36.313629,33.506603],[36.313526,33.506603],[36.313501,33.506703],[36.313398,33.506689],[36.313209,33.50714],[36.313793,33.507304],[36.314385,33.507354],[36.314908,33.507347],[36.315286,33.507275],[36.315336,33.506709],[36.315648,33.506719],[36.315909,33.506727],[36.316368,33.507188],[36.31656,33.507381],[36.316844,33.507665],[36.31712,33.507942],[36.317599,33.508423],[36.317901,33.508715],[36.317942,33.508776],[36.317991,33.508848],[36.317936,33.509505],[36.318015,33.509544],[36.318092,33.509536],[36.31823,33.509522],[36.318278,33.509575],[36.318277,33.509704],[36.318275,33.510034],[36.318259,33.512307],[36.318225,33.512512],[36.318148,33.512724],[36.317837,33.513018],[36.317451,33.513359],[36.315512,33.513168],[36.315608,33.513526],[36.315483,33.513528],[36.31503,33.513107],[36.314519,33.513345],[36.314496,33.513578]]],\"type\":\"Polygon\"},\"properties\":{\"id\":\"g70a1cb.geometry\",\"land_or_water\":\"land\"},\"type\":\"Feature\"},{\"geometry\":{\"coordinates\":[36.30639,33.511112],\"type\":\"Point\"},\"properties\":{\"id\":\"m878978.point\"},\"type\":\"Feature\"}],\"metadata\":{\"geometry_credit\":\"Some data © OpenStreetMap contributors\",\"name\":\"Damascus\"},\"type\":\"FeatureCollection\"}","anotherNames":null,"koreanName":"다메섹","anotherKoreanNames":null},{"id":"a513646","name":"Dan","imageTitle":"mb61c67.ifde7a6.jpg","isModern":false,"stereo":"parent","description":"An ancient city located at the far north of Israel, often used as a phrase for the entire extent of Israel, \"from Dan to Beersheba\" (Judg. 20:1, 1 Sam. 3:20).\n\nOriginally called **Laish** (or Leshem), it was conquered by the tribe of **Dan** and renamed (Josh. 19:47, Judg. 18:29). Later, King Jeroboam I established one of his two golden calf centers here (1 Kgs. 12:29-30), making it a significant center of false worship.","koreanDescription":"이스라엘의 최북단에 위치했던 고대 도시로, '단에서 브엘세바까지'라는 표현처럼 이스라엘 전체 영역을 나타내는 데 자주 사용되었습니다(삿 20:1, 삼상 3:20).\n\n원래는 **라이스**(또는 레셈)라 불렸으나, **단 지파**에게 정복되어 이름이 바뀌었습니다(수 19:47, 삿 18:29). 후에 여로보암 1세가 이곳에 두 금송아지 숭배 중심지 중 하나를 세워(왕상 12:29-30) 우상 숭배의 주요 장소가 되었습니다.","verses":["Gen.14.14","Josh.19.47","Judg.18.7","Judg.18.14","Judg.18.27","Judg.18.29","Judg.20.1","1Sam.3.20","2Sam.3.10","2Sam.17.11","2Sam.24.2","2Sam.24.6","2Sam.24.15","1Kgs.4.25","1Kgs.12.29","1Kgs.12.30","1Kgs.15.20","2Kgs.10.29","1Chr.21.2","2Chr.16.4","2Chr.30.5","Jer.4.15","Jer.8.16","Ezek.27.19","Amos.8.14"],"placeUrl":"/geo/ancient/a513646/dan","identificationPaths":["/geo/modern/mb61c67"],"types":["settlement"],"unknownPlacePossibility":null,"geojsonText":"{\"bbox\":[35.651515,33.249,35.652097,33.24996],\"features\":[{\"geometry\":{\"coordinates\":[[[35.651515,33.249877],[35.6517,33.249374],[35.652097,33.249473],[35.651925,33.24996],[35.651515,33.249877]]],\"type\":\"Polygon\"},\"properties\":{\"id\":\"ged4687.geometry\",\"land_or_water\":\"land\"},\"type\":\"Feature\"},{\"geometry\":{\"coordinates\":[35.652,33.249],\"type\":\"Point\"},\"properties\":{\"id\":\"mb61c67.point\"},\"type\":\"Feature\"}],\"metadata\":{\"geometry_credit\":\"Some data © OpenStreetMap contributors\",\"name\":\"Dan\"},\"type\":\"FeatureCollection\"}","anotherNames":null,"koreanName":"단","anotherKoreanNames":null},{"id":"a65c305","name":"Dannah","imageTitle":"m6494e7.satellite.jpg","isModern":false,"stereo":"parent","description":"A town in the **hill country of Judah**, listed alongside Debir in the allotment of land to the tribe of Judah (Josh. 15:49).\n\nIts exact biblical location is still unknown, but it is believed to have been situated near Hebron.","koreanDescription":"**유다 산지**에 위치했던 마을로, 유다 지파에게 할당된 땅 목록에서 드빌(Debir)과 함께 언급되었습니다(수 15:49).\n\n정확한 성경적 위치는 아직 불확실하지만, 헤브론 근처에 위치했을 것으로 추정됩니다.","verses":["Josh.15.49"],"placeUrl":"/geo/ancient/a65c305/dannah","identificationPaths":["/geo/modern/m6494e7","/geo/modern/mf937bb","/geo/modern/m64ba44","/geo/modern/m4813c9","/geo/modern/m173aa0"],"types":["settlement"],"unknownPlacePossibility":null,"geojsonText":"{\"bbox\":[34.976111,31.3698,35.033694,31.558611],\"features\":[{\"geometry\":{\"coordinates\":[35.02034,31.40732],\"type\":\"Point\"},\"properties\":{\"id\":\"m173aa0.point\"},\"type\":\"Feature\"},{\"geometry\":{\"coordinates\":[35.033694,31.421683],\"type\":\"Point\"},\"properties\":{\"id\":\"m4813c9.point\"},\"type\":\"Feature\"},{\"geometry\":{\"coordinates\":[34.995,31.3698],\"type\":\"Point\"},\"properties\":{\"id\":\"m6494e7.point\"},\"type\":\"Feature\"},{\"geometry\":{\"coordinates\":[34.976111,31.558611],\"type\":\"Point\"},\"properties\":{\"id\":\"m64ba44.point\"},\"type\":\"Feature\"},{\"geometry\":{\"coordinates\":[34.9861,31.4306],\"type\":\"Point\"},\"properties\":{\"id\":\"mf937bb.point\"},\"type\":\"Feature\"}],\"metadata\":{\"name\":\"Dannah\"},\"type\":\"FeatureCollection\"}","anotherNames":null,"koreanName":"단나","anotherKoreanNames":null},{"id":"ad2048e","name":"Debir 1","imageTitle":"ma06d55.i6e286b.jpg","isModern":false,"stereo":"parent","description":"A significant Canaanite royal city conquered by **Joshua** (Josh. 10:38-39). It was also known as **Kiriath-sepher** ('City of Books') or **Kiriath-sannah** (Josh. 15:15, 49).\n\nAfter its initial conquest, it was later captured by **Othniel** (Caleb's nephew) as a reward for marrying Caleb's daughter Achsah (Josh. 15:16-17, Judg. 1:11-13).\n\nIt was allotted to the tribe of Judah and became a **Levitical city** (Josh. 21:15).","koreanDescription":"**여호수아**에 의해 정복된 중요한 가나안 왕의 성읍입니다(수 10:38-39). **기럇세벨**('책의 성읍') 또는 **기럇산나**라고도 불렸습니다(수 15:15, 49).\n\n정복 후, 갈렙의 조카인 **옷니엘**이 이곳을 점령하여 갈렙의 딸 악사와 결혼하는 보상으로 얻었습니다(수 15:16-17, 삿 1:11-13).\n\n유다 지파에게 할당되었고 **레위 사람의 성읍**이 되었습니다(수 21:15).","verses":["Josh.10.38","Josh.10.39","Josh.11.21","Josh.12.13","Josh.15.15","Josh.15.16","Josh.15.49","Josh.21.15","Judg.1.11","Judg.1.12","1Chr.6.58"],"placeUrl":"/geo/ancient/ad2048e/debir-1","identificationPaths":["/geo/modern/ma06d55","/geo/modern/md6ea3b","/geo/modern/m6cb30d"],"types":["settlement"],"unknownPlacePossibility":null,"geojsonText":"{\"bbox\":[34.9098,31.43209,35.03264,31.47857],\"features\":[{\"geometry\":{\"coordinates\":[34.9098,31.4558],\"type\":\"Point\"},\"properties\":{\"id\":\"m6cb30d.point\"},\"type\":\"Feature\"},{\"geometry\":{\"coordinates\":[35.01485,31.43209],\"type\":\"Point\"},\"properties\":{\"id\":\"ma06d55.point\"},\"type\":\"Feature\"},{\"geometry\":{\"coordinates\":[35.03264,31.47857],\"type\":\"Point\"},\"properties\":{\"id\":\"md6ea3b.point\"},\"type\":\"Feature\"}],\"metadata\":{\"name\":\"Debir 1\"},\"type\":\"FeatureCollection\"}","anotherNames":null,"koreanName":"드빌 1","anotherKoreanNames":"기럇세벨, 기럇산나"},{"id":"ad334c4","name":"Debir 2","imageTitle":"mfa6017.i99eaef.jpg","isModern":false,"stereo":"parent","description":"A separate location from Debir 1, this site is mentioned as part of the boundary line of the tribe of **Judah** (Josh. 15:7).\n\nIt was situated near the Valley of Achor and the ascent of Adummim, generally placed in the area east of Jerusalem and west of the Jordan Valley.","koreanDescription":"드빌 1과는 별개의 장소로, **유다 지파**의 경계선 일부로 언급됩니다(수 15:7).\n\n아골 골짜기와 아둠밈 비탈 근처에 위치했으며, 일반적으로 예루살렘 동쪽과 요단 계곡 서쪽 지역에 있었던 것으로 추정됩니다.","verses":["Josh.15.7"],"placeUrl":"/geo/ancient/ad334c4/debir-2","identificationPaths":["/geo/modern/mfa6017","/geo/modern/m552789","/geo/modern/ma06d55","/geo/modern/m6cb30d","/geo/modern/md6ea3b","/geo/modern/m558be2"],"types":["settlement"],"unknownPlacePossibility":null,"geojsonText":"{\"bbox\":[34.9098,31.43209,35.461275,31.816392],\"features\":[{\"geometry\":{\"coordinates\":[[35.437718,31.780755],[35.438001,31.78066],[35.438345,31.780641],[35.438531,31.780831],[35.438777,31.781059],[35.439143,31.781281],[35.439106,31.781675],[35.439136,31.781941],[35.439568,31.782081],[35.439785,31.782024],[35.440113,31.782157],[35.440233,31.782252],[35.440434,31.782265],[35.440665,31.782239],[35.44118,31.782208],[35.441277,31.782449],[35.441419,31.782544],[35.441606,31.782544],[35.441725,31.782474],[35.441807,31.782398],[35.441912,31.782315],[35.442143,31.782315],[35.442218,31.782423],[35.442009,31.782709],[35.441942,31.782791],[35.442106,31.782836],[35.442337,31.782848],[35.442494,31.782848],[35.442703,31.782753],[35.442867,31.782576],[35.443108,31.782424],[35.443204,31.782496],[35.443467,31.782693],[35.443701,31.782876],[35.443914,31.783045],[35.444119,31.783217],[35.444218,31.783413],[35.444389,31.783629],[35.444759,31.783774],[35.444919,31.783978],[35.445225,31.784054],[35.445449,31.784054],[35.445833,31.783955],[35.446111,31.783848],[35.446524,31.783787],[35.446605,31.783678],[35.447046,31.783775],[35.447263,31.783508],[35.447613,31.783324],[35.447964,31.783191],[35.448203,31.783229],[35.448412,31.783375],[35.448628,31.783578],[35.448934,31.7838],[35.449084,31.7838],[35.449218,31.783736],[35.449322,31.783629],[35.449464,31.783445],[35.449591,31.783292],[35.449807,31.783205],[35.44983,31.783369],[35.450076,31.783464],[35.450367,31.783464],[35.450472,31.783464],[35.450763,31.783369],[35.450784,31.783363],[35.451114,31.783273],[35.451119,31.783286],[35.451221,31.783402],[35.451289,31.783578],[35.451434,31.783779],[35.45155,31.783875],[35.451608,31.783928],[35.451674,31.783987],[35.451707,31.784017],[35.451726,31.784086],[35.451748,31.784161],[35.451919,31.784276],[35.451942,31.784434],[35.451942,31.784503],[35.451942,31.784536],[35.451987,31.784675],[35.452128,31.784758],[35.452352,31.784783],[35.452934,31.784745],[35.453748,31.784587],[35.454345,31.784384],[35.454957,31.784295],[35.45573,31.784334],[35.45689,31.784269],[35.457957,31.784377],[35.45833,31.784377],[35.459233,31.784288],[35.459987,31.784022],[35.460464,31.783806],[35.461275,31.783061]],\"type\":\"LineString\"},\"properties\":{\"id\":\"gbb423c.geometry\",\"land_or_water\":\"water\"},\"type\":\"Feature\"},{\"geometry\":{\"coordinates\":[35.348784,31.811544],\"type\":\"Point\"},\"properties\":{\"id\":\"m552789.point\"},\"type\":\"Feature\"},{\"geometry\":{\"coordinates\":[35.452778,31.785],\"type\":\"Point\"},\"properties\":{\"id\":\"m558be2.point\"},\"type\":\"Feature\"},{\"geometry\":{\"coordinates\":[34.9098,31.4558],\"type\":\"Point\"},\"properties\":{\"id\":\"m6cb30d.point\"},\"type\":\"Feature\"},{\"geometry\":{\"coordinates\":[35.01485,31.43209],\"type\":\"Point\"},\"properties\":{\"id\":\"ma06d55.point\"},\"type\":\"Feature\"},{\"geometry\":{\"coordinates\":[35.03264,31.47857],\"type\":\"Point\"},\"properties\":{\"id\":\"md6ea3b.point\"},\"type\":\"Feature\"},{\"geometry\":{\"coordinates\":[35.359429,31.816392],\"type\":\"Point\"},\"properties\":{\"id\":\"mfa6017.point\"},\"type\":\"Feature\"}],\"metadata\":{\"geometry_credit\":\"Some data © OpenStreetMap contributors\",\"name\":\"Debir 2\"},\"type\":\"FeatureCollection\"}","anotherNames":null,"koreanName":"드빌 2","anotherKoreanNames":null},{"id":"me649fd","name":"Cyrene","isModern":true,"stereo":"child","description":"Modern name for the ancient city of Cyrene, now an archaeological site near **Shahhat, Libya**.\n\nIt identifies the location of the biblical city of **Cyrene (구레네)**, the birthplace of Simon, who carried Jesus' cross.","koreanDescription":"고대 도시 구레네의 현대 지명으로, 현재 **리비아 샤하트** 근처에 있는 고고학 유적지입니다.\n\n예수님의 십자가를 진 시몬의 고향인 성경 속 **구레네**의 위치를 나타냅니다.","imageTitle":"me649fd.i0cee3d.jpg","types":["settlement"],"geojsonText":"{\"bbox\":[21.848114,32.815749,21.864706,32.82585],\"features\":[{\"geometry\":{\"coordinates\":[21.851229,32.820946],\"type\":\"Point\"},\"properties\":{\"id\":\"me649fd.point\",\"role\":\"point\"},\"type\":\"Feature\"},{\"geometry\":{\"coordinates\":[[[21.854243,32.817474],[21.854671,32.817374],[21.855512,32.81687],[21.856952,32.816448],[21.858683,32.815749],[21.858538,32.816537],[21.859166,32.816968],[21.859398,32.81752],[21.859069,32.817682],[21.859765,32.819137],[21.860664,32.818641],[21.861173,32.819578],[21.86185,32.820827],[21.861334,32.821216],[21.861731,32.821634],[21.861868,32.821778],[21.862089,32.821359],[21.862649,32.821002],[21.863406,32.820611],[21.863937,32.821313],[21.864461,32.821065],[21.864598,32.821488],[21.864706,32.82337],[21.86446,32.82337],[21.864424,32.824197],[21.863957,32.824216],[21.864008,32.82535],[21.863568,32.825461],[21.863503,32.825846],[21.862995,32.82585],[21.862872,32.82536],[21.862535,32.824905],[21.862006,32.824253],[21.861597,32.823617],[21.86145,32.823205],[21.861203,32.823188],[21.860682,32.821912],[21.859714,32.822169],[21.859165,32.822404],[21.858206,32.82301],[21.858365,32.823561],[21.858198,32.824166],[21.856527,32.823871],[21.856502,32.823441],[21.856004,32.823529],[21.855646,32.823557],[21.855279,32.823425],[21.855085,32.823216],[21.854967,32.822943],[21.854908,32.822707],[21.854894,32.822467],[21.854949,32.821868],[21.854562,32.822335],[21.85434,32.822709],[21.854224,32.82305],[21.854108,32.823659],[21.853678,32.82396],[21.853026,32.824005],[21.852131,32.824309],[21.851063,32.824996],[21.850015,32.825061],[21.848632,32.824792],[21.848188,32.824399],[21.848114,32.82242],[21.84835,32.820588],[21.849004,32.819182],[21.850062,32.818443],[21.851323,32.818208],[21.853354,32.818042],[21.853127,32.817128],[21.853591,32.816909],[21.8539,32.816828],[21.854103,32.816844],[21.854243,32.817474]]],\"type\":\"Polygon\"},\"properties\":{\"id\":\"g42fcf0.local\",\"land_or_water\":\"land\",\"role\":\"local\"},\"type\":\"Feature\"}],\"metadata\":{\"class\":\"human\",\"geometry_credit\":\"Some data © OpenStreetMap contributors\",\"land_or_water\":\"land\",\"name\":\"Cyrene\",\"type\":\"settlement\"},\"type\":\"FeatureCollection\"}","anotherNames":null,"koreanName":"구레네","anotherKoreanNames":null},{"id":"m307896","name":"Tel Shem","isModern":true,"stereo":"child","description":"An archaeological mound (tel) in the **Jezreel Valley** of Israel. It is one of the proposed sites for the ancient city of **Dabbesheth (답베셋)**, a boundary city of the tribe of Zebulun.","koreanDescription":"이스라엘 **이스르엘 골짜기**에 있는 고고학적 둔덕(텔)입니다. 스불론 지파의 경계 도시였던 고대 **답베셋**의 제안된 위치 중 하나입니다.","imageTitle":"m307896.satellite.jpg","types":["settlement"],"geojsonText":"{\"bbox\":[35.15447,32.66983,35.15553,32.67073],\"features\":[{\"geometry\":{\"coordinates\":[35.155,32.670278],\"type\":\"Point\"},\"properties\":{\"id\":\"m307896.point\",\"role\":\"point\"},\"type\":\"Feature\"},{\"geometry\":{\"coordinates\":[[[35.155,32.67073],[35.15494,32.67073],[35.15489,32.67072],[35.15483,32.67071],[35.15478,32.67069],[35.15473,32.67067],[35.15469,32.67064],[35.15464,32.67061],[35.1546,32.67058],[35.15457,32.67054],[35.15454,32.6705],[35.15451,32.67046],[35.15449,32.67042],[35.15448,32.67037],[35.15447,32.67033],[35.15447,32.67028],[35.15447,32.67023],[35.15448,32.67018],[35.15449,32.67014],[35.15451,32.6701],[35.15454,32.67005],[35.15457,32.67001],[35.1546,32.66998],[35.15464,32.66994],[35.15469,32.66991],[35.15473,32.66989],[35.15478,32.66987],[35.15483,32.66985],[35.15489,32.66984],[35.15494,32.66983],[35.155,32.66983],[35.15506,32.66983],[35.15511,32.66984],[35.15517,32.66985],[35.15522,32.66987],[35.15527,32.66989],[35.15531,32.66991],[35.15536,32.66994],[35.1554,32.66998],[35.15543,32.67001],[35.15546,32.67005],[35.15549,32.6701],[35.15551,32.67014],[35.15552,32.67018],[35.15553,32.67023],[35.15553,32.67028],[35.15553,32.67033],[35.15552,32.67037],[35.15551,32.67042],[35.15549,32.67046],[35.15546,32.6705],[35.15543,32.67054],[35.1554,32.67058],[35.15536,32.67061],[35.15531,32.67064],[35.15527,32.67067],[35.15522,32.67069],[35.15517,32.67071],[35.15511,32.67072],[35.15506,32.67073],[35.155,32.67073]]],\"type\":\"Polygon\"},\"properties\":{\"id\":\"gbfd53e.precision_radius\",\"land_or_water\":\"land\",\"role\":\"precision_radius\"},\"type\":\"Feature\"}],\"metadata\":{\"class\":\"human\",\"land_or_water\":\"land\",\"name\":\"Tel Shem\",\"type\":\"settlement\"},\"type\":\"FeatureCollection\"}","anotherNames":"Tell esh Shammam, Tell esh Shamman","koreanName":"텔 셈","anotherKoreanNames":"텔 에쉬 샴맘, 텔 에쉬 샴만"},{"id":"ma0ce5d","name":"Horvat Devora","isModern":true,"stereo":"child","description":"A ruin (Horvat) site in Israel, widely considered to be the most likely location for the ancient Levitical city of **Daberath (다브랏)**, which was near Mount Tabor.","koreanDescription":"이스라엘의 유적지(호르밧)로, 다볼 산 근처에 있던 고대 레위 성읍 **다브랏**의 가장 유력한 위치로 널리 간주됩니다.","imageTitle":"ma0ce5d.i3c2e22.jpg","types":["settlement"],"geojsonText":"{\"bbox\":[35.37721,32.69701,35.37785,32.69755],\"features\":[{\"geometry\":{\"coordinates\":[35.377531,32.697284],\"type\":\"Point\"},\"properties\":{\"id\":\"ma0ce5d.point\",\"role\":\"point\"},\"type\":\"Feature\"},{\"geometry\":{\"coordinates\":[[[35.37753,32.69755],[35.3775,32.69755],[35.37746,32.69755],[35.37743,32.69754],[35.3774,32.69753],[35.37737,32.69752],[35.37734,32.6975],[35.37732,32.69748],[35.37729,32.69746],[35.37727,32.69744],[35.37725,32.69742],[35.37724,32.69739],[35.37723,32.69737],[35.37722,32.69734],[35.37721,32.69731],[35.37721,32.69728],[35.37721,32.69726],[35.37722,32.69723],[35.37723,32.6972],[35.37724,32.69717],[35.37725,32.69715],[35.37727,32.69713],[35.37729,32.6971],[35.37732,32.69708],[35.37734,32.69707],[35.37737,32.69705],[35.3774,32.69704],[35.37743,32.69703],[35.37746,32.69702],[35.3775,32.69702],[35.37753,32.69701],[35.37756,32.69702],[35.3776,32.69702],[35.37763,32.69703],[35.37766,32.69704],[35.37769,32.69705],[35.37772,32.69707],[35.37775,32.69708],[35.37777,32.6971],[35.37779,32.69713],[35.37781,32.69715],[35.37782,32.69717],[35.37784,32.6972],[35.37784,32.69723],[35.37785,32.69726],[35.37785,32.69728],[35.37785,32.69731],[35.37784,32.69734],[35.37784,32.69737],[35.37782,32.69739],[35.37781,32.69742],[35.37779,32.69744],[35.37777,32.69746],[35.37775,32.69748],[35.37772,32.6975],[35.37769,32.69752],[35.37766,32.69753],[35.37763,32.69754],[35.3776,32.69755],[35.37756,32.69755],[35.37753,32.69755]]],\"type\":\"Polygon\"},\"properties\":{\"id\":\"gcb5825.precision_radius\",\"land_or_water\":\"land\",\"role\":\"precision_radius\"},\"type\":\"Feature\"}],\"metadata\":{\"class\":\"human\",\"land_or_water\":\"land\",\"name\":\"Horvat Devora\",\"type\":\"settlement\"},\"type\":\"FeatureCollection\"}","anotherNames":"Daburiyeh, Khirbet Dabbura, Khirbet Dabura","koreanName":"호르밧 드보라","anotherKoreanNames":"다부리예, 키르벳 답부라, 키르벳 다부라"},{"id":"m6f51f7","name":"Raba","isModern":true,"stereo":"child","description":"A modern Palestinian village located in the northern West Bank, south of the Jezreel Valley. It is one of the alternative proposed sites for the biblical city of **Daberath (다브랏)**.","koreanDescription":"이스르엘 골짜기 남쪽, 서안 지구 북부에 위치한 현대 팔레스타인 마을입니다. 성경 속 도시 **다브랏**의 대안적인 제안 위치 중 하나입니다.","imageTitle":"m6f51f7.i7b1d45.jpg","types":["settlement"],"geojsonText":"{\"bbox\":[35.38206,32.38664,35.38738,32.39114],\"features\":[{\"geometry\":{\"coordinates\":[35.384722,32.388889],\"type\":\"Point\"},\"properties\":{\"id\":\"m6f51f7.point\",\"role\":\"point\"},\"type\":\"Feature\"},{\"geometry\":{\"coordinates\":[[[35.38472,32.39114],[35.38444,32.39112],[35.38417,32.39109],[35.3839,32.39103],[35.38364,32.39094],[35.38339,32.39084],[35.38316,32.39071],[35.38294,32.39056],[35.38274,32.39039],[35.38257,32.39021],[35.38242,32.39001],[35.38229,32.3898],[35.38219,32.38958],[35.38212,32.38936],[35.38207,32.38912],[35.38206,32.38889],[35.38207,32.38865],[35.38212,32.38842],[35.38219,32.38819],[35.38229,32.38797],[35.38242,32.38776],[35.38257,32.38757],[35.38274,32.38738],[35.38294,32.38722],[35.38316,32.38707],[35.38339,32.38694],[35.38364,32.38684],[35.3839,32.38675],[35.38417,32.38669],[35.38444,32.38665],[35.38472,32.38664],[35.385,32.38665],[35.38528,32.38669],[35.38554,32.38675],[35.3858,32.38684],[35.38605,32.38694],[35.38629,32.38707],[35.3865,32.38722],[35.3867,32.38738],[35.38688,32.38757],[35.38703,32.38776],[35.38715,32.38797],[35.38725,32.38819],[35.38733,32.38842],[35.38737,32.38865],[35.38738,32.38889],[35.38737,32.38912],[35.38733,32.38936],[35.38725,32.38958],[35.38715,32.3898],[35.38703,32.39001],[35.38688,32.39021],[35.3867,32.39039],[35.3865,32.39056],[35.38629,32.39071],[35.38605,32.39084],[35.3858,32.39094],[35.38554,32.39103],[35.38528,32.39109],[35.385,32.39112],[35.38472,32.39114]]],\"type\":\"Polygon\"},\"properties\":{\"id\":\"g9aff57.precision_radius\",\"land_or_water\":\"land\",\"role\":\"precision_radius\"},\"type\":\"Feature\"}],\"metadata\":{\"class\":\"human\",\"land_or_water\":\"land\",\"name\":\"Raba\",\"type\":\"settlement\"},\"type\":\"FeatureCollection\"}","anotherNames":"Rabba","koreanName":"라바","anotherKoreanNames":"랍바"},{"id":"m136387","name":"Arabbuna","isModern":true,"stereo":"child","description":"A modern Palestinian village located near the Gilboa Mountains. It is one of the alternative proposed sites for the biblical city of **Daberath (다브랏)**.","koreanDescription":"길보아 산맥 근처에 위치한 현대 팔레스타인 마을입니다. 성경 속 도시 **다브랏**의 대안적인 제안 위치 중 하나입니다.","imageTitle":"m136387.satellite.jpg","types":["settlement"],"geojsonText":"{\"bbox\":[35.36063,32.507437,35.367719,32.51475],\"features\":[{\"geometry\":{\"coordinates\":[35.3633,32.5125],\"type\":\"Point\"},\"properties\":{\"id\":\"m136387.point\",\"role\":\"point\"},\"type\":\"Feature\"},{\"geometry\":{\"coordinates\":[[[35.366168,32.513445],[35.365113,32.513676],[35.364107,32.513892],[35.363308,32.513868],[35.362956,32.513874],[35.362647,32.513121],[35.362456,32.511802],[35.361997,32.510968],[35.361074,32.510127],[35.361086,32.509729],[35.361608,32.509399],[35.362672,32.50919],[35.362464,32.507627],[35.362739,32.507437],[35.363565,32.507895],[35.364043,32.508391],[35.365066,32.508977],[35.364336,32.50954],[35.364022,32.510536],[35.364087,32.510866],[35.364826,32.511123],[35.365305,32.51116],[35.366414,32.510995],[35.367349,32.511068],[35.367719,32.511453],[35.367653,32.512535],[35.367131,32.513195],[35.366457,32.51347],[35.366168,32.513445]]],\"type\":\"Polygon\"},\"properties\":{\"id\":\"g028492.local\",\"land_or_water\":\"land\",\"role\":\"local\"},\"type\":\"Feature\"},{\"geometry\":{\"coordinates\":[[[35.3633,32.51475],[35.36302,32.51474],[35.36275,32.5147],[35.36248,32.51464],[35.36222,32.51455],[35.36197,32.51445],[35.36173,32.51432],[35.36152,32.51417],[35.36132,32.514],[35.36114,32.51382],[35.36099,32.51362],[35.36086,32.51341],[35.36076,32.51319],[35.36069,32.51297],[35.36065,32.51273],[35.36063,32.5125],[35.36065,32.51226],[35.36069,32.51203],[35.36076,32.51181],[35.36086,32.51159],[35.36099,32.51138],[35.36114,32.51118],[35.36132,32.511],[35.36152,32.51083],[35.36173,32.51068],[35.36197,32.51055],[35.36222,32.51045],[35.36248,32.51036],[35.36275,32.5103],[35.36302,32.51026],[35.3633,32.51025],[35.36358,32.51026],[35.36385,32.5103],[35.36412,32.51036],[35.36438,32.51045],[35.36463,32.51055],[35.36487,32.51068],[35.36508,32.51083],[35.36528,32.511],[35.36546,32.51118],[35.36561,32.51138],[35.36574,32.51159],[35.36584,32.51181],[35.36591,32.51203],[35.36595,32.51226],[35.36597,32.5125],[35.36595,32.51273],[35.36591,32.51297],[35.36584,32.51319],[35.36574,32.51341],[35.36561,32.51362],[35.36546,32.51382],[35.36528,32.514],[35.36508,32.51417],[35.36487,32.51432],[35.36463,32.51445],[35.36438,32.51455],[35.36412,32.51464],[35.36385,32.5147],[35.36358,32.51474],[35.3633,32.51475]]],\"type\":\"Polygon\"},\"properties\":{\"id\":\"g2a6324.precision_radius\",\"land_or_water\":\"land\",\"role\":\"precision_radius\"},\"type\":\"Feature\"}],\"metadata\":{\"class\":\"human\",\"geometry_credit\":\"Some data © OpenStreetMap contributors\",\"land_or_water\":\"land\",\"name\":\"Arabbuna\",\"type\":\"settlement\"},\"type\":\"FeatureCollection\"}","anotherNames":"Arabbunah, Araboneh","koreanName":"아랍부나","anotherKoreanNames":"아랍부나, 아라보네"},{"id":"m516e72","name":"Majdal","isModern":true,"stereo":"child","description":"A modern settlement on the western shore of the Sea of Galilee, near the ancient site of Magdala. It is a highly probable candidate for the location of **Dalmanutha (달마누다)** or Magadan, where Jesus landed after the feeding of the four thousand.","koreanDescription":"갈릴리 바다 서쪽 연안에 있는 현대 정착지로, 고대 막달라 유적지 근처입니다. 예수님이 4천 명을 먹이신 후 도착하신 **달마누다** 또는 마가단의 위치로 가장 유력하게 추정됩니다.","imageTitle":"m516e72.i665937.jpg","types":["settlement"],"geojsonText":"{\"features\":[{\"geometry\":{\"coordinates\":[35.513552,32.827069],\"type\":\"Point\"},\"properties\":{\"id\":\"m516e72.point\",\"role\":\"point\"},\"type\":\"Feature\"}],\"metadata\":{\"class\":\"human\",\"land_or_water\":\"land\",\"name\":\"Majdal\",\"type\":\"settlement\"},\"type\":\"FeatureCollection\"}","anotherNames":"Mejdel, Migdal","koreanName":"마즈달","anotherKoreanNames":"메즈델, 미그달"},{"id":"m7bf7d6","name":"Eastern side of the Sea of Galilee","isModern":true,"stereo":"child","description":"The geographical region on the eastern shore of the Sea of Galilee. Although Dalmanutha is generally placed on the west side, some interpretations connect it to the eastern side, which was predominantly Gentile territory and a site for other significant events in Jesus' ministry.","koreanDescription":"갈릴리 바다의 동부 연안 지역. 달마누다는 일반적으로 서쪽에 위치하지만, 일부 해석은 이곳을 동쪽 연안과 연결하기도 합니다. 동쪽은 주로 이방인 지역이었으며 예수님의 사역에서 다른 중요한 사건들이 발생한 장소입니다.","imageTitle":"m7bf7d6.i441854.jpg","types":["region"],"geojsonText":"{\"bbox\":[35.591122,32.701597,35.676717,32.923148],\"features\":[{\"geometry\":{\"coordinates\":[35.646371,32.860443],\"type\":\"Point\"},\"properties\":{\"id\":\"m7bf7d6.representative_point\",\"role\":\"representative_point\"},\"type\":\"Feature\"},{\"geometry\":{\"coordinates\":[[[35.612739,32.886484],[35.624438,32.879182],[35.633131,32.87339],[35.643263,32.857885],[35.648347,32.84555],[35.639655,32.834476],[35.641155,32.829249],[35.64499,32.816019],[35.638726,32.799466],[35.639016,32.789887],[35.634522,32.786867],[35.63541,32.778806],[35.638403,32.773265],[35.6318,32.747377],[35.624615,32.736302],[35.618326,32.727237],[35.612638,32.718431],[35.603078,32.710152],[35.591122,32.705373],[35.642959,32.701597],[35.676717,32.782938],[35.676183,32.861962],[35.624525,32.923148],[35.612739,32.886484]]],\"type\":\"Polygon\"},\"properties\":{\"id\":\"g857579.geometry\",\"land_or_water\":\"land\",\"role\":\"geometry\"},\"type\":\"Feature\"}],\"metadata\":{\"class\":\"natural\",\"land_or_water\":\"land\",\"name\":\"eastern side of the Sea of Galilee\",\"type\":\"region\"},\"type\":\"FeatureCollection\"}","anotherNames":null,"koreanName":"갈릴리 바다 동쪽 편","anotherKoreanNames":null},{"id":"mbbfbf9","name":"Tabgha","isModern":true,"stereo":"child","description":"A popular tourist site on the northwestern shore of the Sea of Galilee, known as the traditional location for the miracle of the loaves and fish. It is sometimes suggested as an alternative possibility for the area of **Dalmanutha (달마누다)** or Magadan.","koreanDescription":"갈릴리 바다 북서쪽 연안에 있는 유명한 관광지로, 오병이어 기적의 전통적인 장소로 알려져 있습니다. 때때로 **달마누다** 또는 마가단 지역의 대안적 가능성으로 제안되기도 합니다.","imageTitle":"mbbfbf9.i19254b.jpg","types":["settlement"],"geojsonText":"{\"bbox\":[35.5463,32.87141,35.55165,32.87591],\"features\":[{\"geometry\":{\"coordinates\":[35.548975,32.873658],\"type\":\"Point\"},\"properties\":{\"id\":\"mbbfbf9.point\",\"role\":\"point\"},\"type\":\"Feature\"},{\"geometry\":{\"coordinates\":[[[35.54897,32.87591],[35.5487,32.87589],[35.54842,32.87586],[35.54815,32.8758],[35.54789,32.87571],[35.54764,32.87561],[35.5474,32.87548],[35.54718,32.87533],[35.54699,32.87516],[35.54681,32.87498],[35.54666,32.87478],[35.54653,32.87457],[35.54643,32.87435],[35.54636,32.87413],[35.54631,32.87389],[35.5463,32.87366],[35.54631,32.87342],[35.54636,32.87319],[35.54643,32.87296],[35.54653,32.87274],[35.54666,32.87253],[35.54681,32.87234],[35.54699,32.87215],[35.54718,32.87199],[35.5474,32.87184],[35.54764,32.87171],[35.54789,32.8716],[35.54815,32.87152],[35.54842,32.87146],[35.5487,32.87142],[35.54897,32.87141],[35.54925,32.87142],[35.54953,32.87146],[35.5498,32.87152],[35.55006,32.8716],[35.55031,32.87171],[35.55055,32.87184],[35.55077,32.87199],[35.55096,32.87215],[35.55114,32.87234],[35.55129,32.87253],[35.55142,32.87274],[35.55152,32.87296],[35.55159,32.87319],[35.55164,32.87342],[35.55165,32.87366],[35.55164,32.87389],[35.55159,32.87413],[35.55152,32.87435],[35.55142,32.87457],[35.55129,32.87478],[35.55114,32.87498],[35.55096,32.87516],[35.55077,32.87533],[35.55055,32.87548],[35.55031,32.87561],[35.55006,32.87571],[35.5498,32.8758],[35.54953,32.87586],[35.54925,32.87589],[35.54897,32.87591]]],\"type\":\"Polygon\"},\"properties\":{\"id\":\"g5afbf5.precision_radius\",\"land_or_water\":\"land\",\"role\":\"precision_radius\"},\"type\":\"Feature\"}],\"metadata\":{\"class\":\"human\",\"land_or_water\":\"land\",\"name\":\"Tabgha\",\"type\":\"settlement\"},\"type\":\"FeatureCollection\"}","anotherNames":"Ain et Tabigha, Et Tabigha","koreanName":"탑가","anotherKoreanNames":"아인 엣 타비가, 엣 타비가"},{"id":"me8c716","name":"Dalmatia","isModern":true,"stereo":"child","description":"A historical region on the eastern coast of the Adriatic Sea, corresponding to the ancient Roman province of **Dalmatia (달마디아)**, mentioned in 2 Timothy 4:10.","koreanDescription":"아드리아 해 동부 연안의 역사적 지역으로, 디모데후서 4장 10절에 언급된 고대 로마의 속주 **달마디아**와 일치합니다.","imageTitle":"me8c716.i1575dd.jpg","types":["region"],"geojsonText":"{\"bbox\":[14.2075,41.79068,20.55387,45.55227],\"features\":[{\"geometry\":{\"coordinates\":[16.218756,43.812761],\"type\":\"Point\"},\"properties\":{\"id\":\"me8c716.representative_point\",\"role\":\"representative_point\"},\"type\":\"Feature\"},{\"geometry\":{\"coordinates\":[[[[14.39982,44.10551],[14.78444,43.67148],[15.16907,43.23745],[15.36139,43.09277],[15.5537,42.9481],[15.93833,42.80342],[16.32296,42.65874],[19.20767,41.79068],[19.39999,41.79068],[19.5923,41.79068],[20.16924,42.08004],[20.36156,42.22471],[20.55387,43.38213],[19.97693,44.39486],[19.78462,44.53954],[15.93833,45.55227],[14.2075,45.4076],[14.2075,45.26292],[14.2075,45.11825],[14.2075,44.97357],[14.2075,44.82889],[14.2075,44.68422],[14.2075,44.53954],[14.2075,44.39486],[14.39982,44.10551]]],[[[14.2075,44.82889],[14.2075,44.68422],[14.2075,44.53954],[14.2075,44.39486],[14.39982,44.10551],[14.78444,43.67148],[15.16907,43.23745],[15.36139,43.09277],[15.5537,42.9481],[15.93833,42.80342],[16.32296,42.65874],[19.39999,41.79068],[19.78462,41.93536],[19.97693,42.08004],[19.97693,42.22471],[19.97693,42.36939],[19.97693,42.51407],[19.97693,42.65874],[19.97693,42.80342],[19.97693,42.9481],[19.97693,43.09277],[19.97693,43.23745],[19.97693,43.38213],[19.97693,43.5268],[19.97693,43.67148],[19.97693,43.81616],[19.97693,43.96083],[19.97693,44.10551],[19.01536,44.53954],[16.32296,45.26292],[14.39982,45.4076],[14.2075,45.26292],[14.2075,45.11825],[14.2075,44.82889]]],[[[14.2075,44.82889],[14.2075,44.68422],[14.2075,44.53954],[14.2075,44.39486],[14.39982,44.10551],[15.36139,43.09277],[15.5537,42.9481],[15.93833,42.80342],[16.32296,42.65874],[19.39999,41.79068],[19.5923,41.93536],[19.97693,42.36939],[19.97693,42.51407],[19.97693,42.65874],[19.97693,42.80342],[19.97693,42.9481],[19.97693,43.38213],[19.97693,43.5268],[19.78462,43.67148],[19.20767,44.10551],[18.05379,44.53954],[16.70759,44.97357],[16.13064,45.11825],[14.39982,45.4076],[14.2075,45.26292],[14.2075,45.11825],[14.2075,44.82889]]],[[[14.39982,45.4076],[14.2075,45.26292],[15.36139,43.38213],[19.5923,41.93536],[19.78462,42.22471],[19.97693,42.51407],[19.20767,44.10551],[16.8999,44.82889],[16.32296,44.97357],[14.39982,45.4076]]],[[[16.32296,44.97357],[16.13064,44.97357],[15.93833,44.97357],[15.74602,44.97357],[15.5537,44.97357],[15.16907,44.82889],[14.97676,44.68422],[15.93833,44.10551],[16.8999,43.5268],[17.86147,42.9481],[19.01536,42.51407],[19.5923,42.36939],[19.78462,42.51407],[19.78462,42.65874],[19.20767,43.81616],[17.28453,44.68422],[16.8999,44.82889],[16.32296,44.97357]]],[[[15.74602,44.82889],[15.74602,44.68422],[15.93833,44.10551],[16.8999,43.5268],[19.20767,42.51407],[19.39999,42.51407],[19.5923,42.51407],[18.82304,43.96083],[17.47684,44.53954],[17.09222,44.68422],[16.51527,44.82889],[15.93833,44.97357],[15.74602,44.97357],[15.74602,44.82889]]],[[[15.74602,44.82889],[15.74602,44.68422],[16.13064,44.10551],[16.32296,43.96083],[16.51527,43.81616],[16.70759,43.67148],[16.8999,43.5268],[17.28453,43.38213],[18.2461,43.23745],[18.43842,43.23745],[18.63073,43.38213],[18.63073,43.81616],[18.43842,43.96083],[17.28453,44.53954],[16.51527,44.82889],[15.93833,44.97357],[15.74602,44.97357],[15.74602,44.82889]]],[[[16.51527,44.68422],[16.13064,44.82889],[15.93833,44.82889],[15.93833,44.68422],[16.51527,43.81616],[18.05379,43.38213],[18.2461,43.38213],[18.43842,43.38213],[18.63073,43.38213],[18.43842,43.81616],[18.2461,43.96083],[16.8999,44.53954],[16.51527,44.68422]]],[[[16.51527,44.68422],[15.93833,44.82889],[17.09222,43.81616],[17.66916,43.5268],[18.43842,43.81616],[18.2461,43.96083],[16.8999,44.53954],[16.51527,44.68422]]]],\"type\":\"MultiPolygon\"},\"properties\":{\"format\":\"isobands\",\"id\":\"g759c47.isobands\",\"land_or_water\":\"land\",\"max_confidence\":90,\"min_confidence\":10,\"role\":\"isobands\"},\"type\":\"Feature\"}],\"metadata\":{\"class\":\"human\",\"land_or_water\":\"land\",\"name\":\"Dalmatia\",\"type\":\"region\"},\"type\":\"FeatureCollection\"}","anotherNames":null,"koreanName":"달마티아","anotherKoreanNames":null},{"id":"m878978","name":"Damascus","isModern":true,"stereo":"child","description":"The capital city of **Syria**, one of the oldest continually inhabited cities in the world. It is the modern location of the biblical city of **Damascus (다메섹)**, central to the conversion story of the Apostle Paul.","koreanDescription":"**시리아**의 수도로, 세계에서 가장 오래된 지속 거주 도시 중 하나입니다. 사도 바울의 회심 이야기의 중심지인 성경 속 도시 **다메섹**의 현대 위치입니다.","imageTitle":"m878978.ib7e04c.jpg","types":["settlement"],"geojsonText":"{\"bbox\":[36.300505,33.505199,36.318278,33.514922],\"features\":[{\"geometry\":{\"coordinates\":[36.30639,33.511112],\"type\":\"Point\"},\"properties\":{\"id\":\"m878978.point\",\"role\":\"point\"},\"type\":\"Feature\"},{\"geometry\":{\"coordinates\":[[[36.314496,33.513578],[36.314605,33.513747],[36.314631,33.513789],[36.315145,33.514406],[36.314638,33.514795],[36.314166,33.514922],[36.31341,33.514754],[36.313415,33.514661],[36.312505,33.514589],[36.312497,33.514743],[36.31203,33.514785],[36.311311,33.514671],[36.310839,33.514404],[36.310036,33.514211],[36.30955,33.514328],[36.309232,33.514259],[36.309305,33.514025],[36.308952,33.513942],[36.307925,33.513993],[36.30733,33.513987],[36.306823,33.513837],[36.306636,33.51419],[36.304642,33.513817],[36.303455,33.51361],[36.30211,33.513387],[36.301579,33.513274],[36.300562,33.513161],[36.300505,33.512766],[36.300541,33.512285],[36.300559,33.512023],[36.300595,33.511173],[36.300519,33.510951],[36.300556,33.510236],[36.300583,33.509895],[36.300684,33.50938],[36.300996,33.509],[36.301313,33.508381],[36.301435,33.508099],[36.3015,33.507976],[36.301579,33.507861],[36.302121,33.507475],[36.302262,33.507313],[36.302579,33.506693],[36.302901,33.506352],[36.303388,33.506078],[36.303937,33.505914],[36.304412,33.505827],[36.304621,33.505819],[36.305124,33.5058],[36.306141,33.505762],[36.306712,33.50578],[36.306858,33.50583],[36.307191,33.505702],[36.307999,33.505393],[36.308571,33.50524],[36.308991,33.505199],[36.309308,33.505323],[36.310112,33.505299],[36.310145,33.505321],[36.310184,33.505332],[36.310206,33.505333],[36.310208,33.50543],[36.310221,33.505899],[36.31114,33.505914],[36.313123,33.505971],[36.313278,33.505994],[36.313655,33.506045],[36.313629,33.506603],[36.313526,33.506603],[36.313501,33.506703],[36.313398,33.506689],[36.313209,33.50714],[36.313793,33.507304],[36.314385,33.507354],[36.314908,33.507347],[36.315286,33.507275],[36.315336,33.506709],[36.315648,33.506719],[36.315909,33.506727],[36.316368,33.507188],[36.31656,33.507381],[36.316844,33.507665],[36.31712,33.507942],[36.317599,33.508423],[36.317901,33.508715],[36.317942,33.508776],[36.317991,33.508848],[36.317936,33.509505],[36.318015,33.509544],[36.318092,33.509536],[36.31823,33.509522],[36.318278,33.509575],[36.318277,33.509704],[36.318275,33.510034],[36.318259,33.512307],[36.318225,33.512512],[36.318148,33.512724],[36.317837,33.513018],[36.317451,33.513359],[36.315512,33.513168],[36.315608,33.513526],[36.315483,33.513528],[36.31503,33.513107],[36.314519,33.513345],[36.314496,33.513578]]],\"type\":\"Polygon\"},\"properties\":{\"id\":\"g70a1cb.local\",\"land_or_water\":\"land\",\"role\":\"local\"},\"type\":\"Feature\"}],\"metadata\":{\"class\":\"human\",\"geometry_credit\":\"Some data © OpenStreetMap contributors\",\"land_or_water\":\"land\",\"name\":\"Damascus\",\"type\":\"settlement\"},\"type\":\"FeatureCollection\"}","anotherNames":null,"koreanName":"다마스쿠스","anotherKoreanNames":null},{"id":"mb61c67","name":"Tel Dan","isModern":true,"stereo":"child","description":"A large archaeological mound (tel) in northern Israel, today part of the Tel Dan Nature Reserve. It is the definitive location of the ancient city of **Dan (단)**, the northernmost point of biblical Israel, where Jeroboam built a golden calf shrine.","koreanDescription":"이스라엘 북부에 있는 큰 고고학적 둔덕(텔)으로, 오늘날 텔 단 자연 보호 구역의 일부입니다. 여로보암이 금송아지 제단을 세웠던, 성경적 이스라엘의 최북단 지점인 고대 도시 **단**의 확실한 위치입니다.","imageTitle":"mb61c67.ifde7a6.jpg","types":["settlement"],"geojsonText":"{\"bbox\":[35.65146,33.24855,35.65254,33.24996],\"features\":[{\"geometry\":{\"coordinates\":[35.652,33.249],\"type\":\"Point\"},\"properties\":{\"id\":\"mb61c67.point\",\"role\":\"point\"},\"type\":\"Feature\"},{\"geometry\":{\"coordinates\":[[[35.651515,33.249877],[35.6517,33.249374],[35.652097,33.249473],[35.651925,33.24996],[35.651515,33.249877]]],\"type\":\"Polygon\"},\"properties\":{\"id\":\"ged4687.local\",\"land_or_water\":\"land\",\"role\":\"local\"},\"type\":\"Feature\"},{\"geometry\":{\"coordinates\":[[[35.652,33.24945],[35.65194,33.24945],[35.65189,33.24944],[35.65183,33.24943],[35.65178,33.24941],[35.65173,33.24939],[35.65168,33.24936],[35.65164,33.24933],[35.6516,33.2493],[35.65157,33.24926],[35.65153,33.24922],[35.65151,33.24918],[35.65149,33.24914],[35.65147,33.24909],[35.65147,33.24905],[35.65146,33.249],[35.65147,33.24895],[35.65147,33.24891],[35.65149,33.24886],[35.65151,33.24882],[35.65153,33.24878],[35.65157,33.24874],[35.6516,33.2487],[35.65164,33.24867],[35.65168,33.24864],[35.65173,33.24861],[35.65178,33.24859],[35.65183,33.24857],[35.65189,33.24856],[35.65194,33.24855],[35.652,33.24855],[35.65206,33.24855],[35.65211,33.24856],[35.65217,33.24857],[35.65222,33.24859],[35.65227,33.24861],[35.65232,33.24864],[35.65236,33.24867],[35.6524,33.2487],[35.65243,33.24874],[35.65247,33.24878],[35.65249,33.24882],[35.65251,33.24886],[35.65253,33.24891],[35.65253,33.24895],[35.65254,33.249],[35.65253,33.24905],[35.65253,33.24909],[35.65251,33.24914],[35.65249,33.24918],[35.65247,33.24922],[35.65243,33.24926],[35.6524,33.2493],[35.65236,33.24933],[35.65232,33.24936],[35.65227,33.24939],[35.65222,33.24941],[35.65217,33.24943],[35.65211,33.24944],[35.65206,33.24945],[35.652,33.24945]]],\"type\":\"Polygon\"},\"properties\":{\"id\":\"gdb38be.precision_radius\",\"land_or_water\":\"land\",\"role\":\"precision_radius\"},\"type\":\"Feature\"}],\"metadata\":{\"class\":\"human\",\"geometry_credit\":\"Some data © OpenStreetMap contributors\",\"land_or_water\":\"land\",\"name\":\"Tel Dan\",\"type\":\"settlement\"},\"type\":\"FeatureCollection\"}","anotherNames":"Tell el Kadhy, Tell el Qadi","koreanName":"텔 단","anotherKoreanNames":"텔 엘 카드히, 텔 엘 카디"},{"id":"m6494e7","name":"Khirbet Zanuta","isModern":true,"stereo":"child","description":"An archaeological ruin (Khirbet) in the southern Hebron hills of the West Bank. It is one of the proposed locations for the biblical town of **Dannah (단나)** in the hill country of Judah.","koreanDescription":"서안 지구 헤브론 남부 언덕에 있는 고고학 유적지(키르벳)입니다. 유다 산지에 있던 성경 속 마을 **단나**의 제안된 위치 중 하나입니다.","imageTitle":"m6494e7.satellite.jpg","types":["settlement"],"geojsonText":"{\"bbox\":[34.99237,31.36755,34.99763,31.37205],\"features\":[{\"geometry\":{\"coordinates\":[34.995,31.3698],\"type\":\"Point\"},\"properties\":{\"id\":\"m6494e7.point\",\"role\":\"point\"},\"type\":\"Feature\"},{\"geometry\":{\"coordinates\":[[[34.995,31.37205],[34.99472,31.37204],[34.99445,31.372],[34.99419,31.37194],[34.99393,31.37185],[34.99368,31.37175],[34.99345,31.37162],[34.99324,31.37147],[34.99304,31.3713],[34.99287,31.37112],[34.99272,31.37092],[34.99259,31.37071],[34.9925,31.37049],[34.99242,31.37027],[34.99238,31.37003],[34.99237,31.3698],[34.99238,31.36956],[34.99242,31.36933],[34.9925,31.36911],[34.99259,31.36889],[34.99272,31.36868],[34.99287,31.36848],[34.99304,31.3683],[34.99324,31.36813],[34.99345,31.36798],[34.99368,31.36785],[34.99393,31.36775],[34.99419,31.36766],[34.99445,31.3676],[34.99472,31.36756],[34.995,31.36755],[34.99528,31.36756],[34.99555,31.3676],[34.99581,31.36766],[34.99607,31.36775],[34.99632,31.36785],[34.99655,31.36798],[34.99676,31.36813],[34.99696,31.3683],[34.99713,31.36848],[34.99728,31.36868],[34.99741,31.36889],[34.9975,31.36911],[34.99758,31.36933],[34.99762,31.36956],[34.99763,31.3698],[34.99762,31.37003],[34.99758,31.37027],[34.9975,31.37049],[34.99741,31.37071],[34.99728,31.37092],[34.99713,31.37112],[34.99696,31.3713],[34.99676,31.37147],[34.99655,31.37162],[34.99632,31.37175],[34.99607,31.37185],[34.99581,31.37194],[34.99555,31.372],[34.99528,31.37204],[34.995,31.37205]]],\"type\":\"Polygon\"},\"properties\":{\"id\":\"ga6dcd8.precision_radius\",\"land_or_water\":\"land\",\"role\":\"precision_radius\"},\"type\":\"Feature\"}],\"metadata\":{\"class\":\"human\",\"land_or_water\":\"land\",\"name\":\"Khirbet Zanuta\",\"type\":\"settlement\"},\"type\":\"FeatureCollection\"}","anotherNames":"Khirbat Zanuta","koreanName":"키르벳 자누타","anotherKoreanNames":"키르밧 자누타"},{"id":"mf937bb","name":"Deir ed Domeh","isModern":true,"stereo":"child","description":"An archaeological site located southwest of Hebron. It is one of the alternative proposed sites for the biblical town of **Dannah (단나)**.","koreanDescription":"헤브론 남서쪽에 위치한 고고학 유적지입니다. 성경 속 마을 **단나**의 대안적인 제안 위치 중 하나입니다.","imageTitle":"mf937bb.satellite.jpg","types":["settlement"],"geojsonText":"{\"bbox\":[34.98083,31.4261,34.99137,31.4351],\"features\":[{\"geometry\":{\"coordinates\":[34.9861,31.4306],\"type\":\"Point\"},\"properties\":{\"id\":\"mf937bb.point\",\"role\":\"point\"},\"type\":\"Feature\"},{\"geometry\":{\"coordinates\":[[[34.9861,31.4351],[34.98555,31.43507],[34.985,31.435],[34.98447,31.43488],[34.98396,31.43471],[34.98346,31.43449],[34.983,31.43424],[34.98257,31.43394],[34.98218,31.43361],[34.98184,31.43324],[34.98154,31.43285],[34.98129,31.43243],[34.98109,31.43199],[34.98095,31.43153],[34.98086,31.43107],[34.98083,31.4306],[34.98086,31.43013],[34.98095,31.42967],[34.98109,31.42921],[34.98129,31.42877],[34.98154,31.42835],[34.98184,31.42796],[34.98218,31.42759],[34.98257,31.42726],[34.983,31.42696],[34.98347,31.42671],[34.98396,31.42649],[34.98447,31.42632],[34.985,31.4262],[34.98555,31.42613],[34.9861,31.4261],[34.98665,31.42613],[34.9872,31.4262],[34.98773,31.42632],[34.98824,31.42649],[34.98873,31.42671],[34.9892,31.42696],[34.98963,31.42726],[34.99002,31.42759],[34.99036,31.42796],[34.99066,31.42835],[34.99091,31.42877],[34.99111,31.42921],[34.99125,31.42967],[34.99134,31.43013],[34.99137,31.4306],[34.99134,31.43107],[34.99125,31.43153],[34.99111,31.43199],[34.99091,31.43243],[34.99066,31.43285],[34.99036,31.43324],[34.99002,31.43361],[34.98963,31.43394],[34.9892,31.43424],[34.98874,31.43449],[34.98824,31.43471],[34.98773,31.43488],[34.9872,31.435],[34.98665,31.43507],[34.9861,31.4351]]],\"type\":\"Polygon\"},\"properties\":{\"id\":\"g16cf55.precision_radius\",\"land_or_water\":\"land\",\"role\":\"precision_radius\"},\"type\":\"Feature\"}],\"metadata\":{\"class\":\"human\",\"land_or_water\":\"land\",\"name\":\"Deir ed Domeh\",\"type\":\"settlement\"},\"type\":\"FeatureCollection\"}","anotherNames":"Ed Dumah, Ed Dumeh, Imreish, Khirbet Duma ad Deir, Khirbet ed Deir Domeh, Khirbet ed Dome","koreanName":"데일 엣 돔메","anotherKoreanNames":"엣 두마, 엣 두메, 임레이쉬, 키르벳 두마 아드 데일, 키르벳 엣 데일 돔메, 키르벳 엣 돔"},{"id":"m64ba44","name":"Idhna","isModern":true,"stereo":"child","description":"A modern Palestinian city southwest of Hebron. It is one of the various sites suggested as a possibility for the biblical town of **Dannah (단나)** or a nearby settlement.","koreanDescription":"헤브론 남서쪽에 있는 현대 팔레스타인 도시입니다. 성경 속 마을 **단나** 또는 그 근처 정착지의 가능성으로 제안된 여러 위치 중 하나입니다.","imageTitle":"m64ba44.ia0a91a.jpg","types":["settlement"],"geojsonText":"{\"bbox\":[34.97347,31.55636,34.97875,31.56086],\"features\":[{\"geometry\":{\"coordinates\":[34.976111,31.558611],\"type\":\"Point\"},\"properties\":{\"id\":\"m64ba44.point\",\"role\":\"point\"},\"type\":\"Feature\"},{\"geometry\":{\"coordinates\":[[[34.97611,31.56086],[34.97584,31.56085],[34.97556,31.56081],[34.9753,31.56075],[34.97504,31.56066],[34.97479,31.56056],[34.97456,31.56043],[34.97435,31.56028],[34.97415,31.56012],[34.97398,31.55993],[34.97383,31.55974],[34.9737,31.55953],[34.9736,31.55931],[34.97353,31.55908],[34.97349,31.55885],[34.97347,31.55861],[34.97349,31.55838],[34.97353,31.55814],[34.9736,31.55792],[34.9737,31.5577],[34.97383,31.55749],[34.97398,31.55729],[34.97415,31.55711],[34.97435,31.55694],[34.97456,31.55679],[34.97479,31.55666],[34.97504,31.55656],[34.9753,31.55647],[34.97556,31.55641],[34.97584,31.55638],[34.97611,31.55636],[34.97639,31.55638],[34.97666,31.55641],[34.97693,31.55647],[34.97718,31.55656],[34.97743,31.55666],[34.97766,31.55679],[34.97788,31.55694],[34.97807,31.55711],[34.97825,31.55729],[34.9784,31.55749],[34.97852,31.5577],[34.97862,31.55792],[34.97869,31.55814],[34.97874,31.55838],[34.97875,31.55861],[34.97874,31.55885],[34.97869,31.55908],[34.97862,31.55931],[34.97852,31.55953],[34.9784,31.55974],[34.97825,31.55993],[34.97807,31.56012],[34.97788,31.56028],[34.97766,31.56043],[34.97743,31.56056],[34.97718,31.56066],[34.97693,31.56075],[34.97666,31.56081],[34.97639,31.56085],[34.97611,31.56086]]],\"type\":\"Polygon\"},\"properties\":{\"id\":\"gaee8b1.precision_radius\",\"land_or_water\":\"land\",\"role\":\"precision_radius\"},\"type\":\"Feature\"}],\"metadata\":{\"class\":\"human\",\"land_or_water\":\"land\",\"name\":\"Idhna\",\"type\":\"settlement\"},\"type\":\"FeatureCollection\"}","anotherNames":"Idna","koreanName":"이드나","anotherKoreanNames":"이드나"},{"id":"m4813c9","name":"Khirbet al Simia","isModern":true,"stereo":"child","description":"An archaeological site near Khirbet Rabud (a candidate for Debir 1). It is another proposed site for the biblical town of **Dannah (단나)** in the hill country of Judah.","koreanDescription":"키르벳 라부드(드빌 1의 후보지) 근처의 고고학 유적지입니다. 유다 산지에 있던 성경 속 마을 **단나**의 또 다른 제안 위치입니다.","imageTitle":"m4813c9.satellite.jpg","types":["settlement"],"geojsonText":"{\"bbox\":[35.03106,31.41943,35.03633,31.42393],\"features\":[{\"geometry\":{\"coordinates\":[35.033694,31.421683],\"type\":\"Point\"},\"properties\":{\"id\":\"m4813c9.point\",\"role\":\"point\"},\"type\":\"Feature\"},{\"geometry\":{\"coordinates\":[[[35.03369,31.42393],[35.03342,31.42392],[35.03315,31.42388],[35.03288,31.42382],[35.03262,31.42374],[35.03238,31.42363],[35.03215,31.4235],[35.03193,31.42335],[35.03174,31.42319],[35.03156,31.423],[35.03141,31.42281],[35.03129,31.4226],[35.03119,31.42238],[35.03112,31.42215],[35.03107,31.42192],[35.03106,31.42168],[35.03107,31.42145],[35.03112,31.42122],[35.03119,31.42099],[35.03129,31.42077],[35.03141,31.42056],[35.03156,31.42036],[35.03174,31.42018],[35.03193,31.42001],[35.03215,31.41986],[35.03238,31.41974],[35.03262,31.41963],[35.03288,31.41954],[35.03315,31.41948],[35.03342,31.41945],[35.03369,31.41943],[35.03397,31.41945],[35.03424,31.41948],[35.03451,31.41954],[35.03477,31.41963],[35.03501,31.41974],[35.03524,31.41986],[35.03546,31.42001],[35.03565,31.42018],[35.03583,31.42036],[35.03598,31.42056],[35.0361,31.42077],[35.0362,31.42099],[35.03627,31.42122],[35.03631,31.42145],[35.03633,31.42168],[35.03631,31.42192],[35.03627,31.42215],[35.0362,31.42238],[35.0361,31.4226],[35.03598,31.42281],[35.03583,31.423],[35.03565,31.42319],[35.03546,31.42335],[35.03524,31.4235],[35.03501,31.42363],[35.03477,31.42374],[35.03451,31.42382],[35.03424,31.42388],[35.03397,31.42392],[35.03369,31.42393]]],\"type\":\"Polygon\"},\"properties\":{\"id\":\"g6171d2.precision_radius\",\"land_or_water\":\"land\",\"role\":\"precision_radius\"},\"type\":\"Feature\"}],\"metadata\":{\"class\":\"human\",\"land_or_water\":\"land\",\"name\":\"Khirbet al Simia\",\"type\":\"settlement\"},\"type\":\"FeatureCollection\"}","anotherNames":"Khirbet as Simiya, Khirbet es Simya, Khirbet hallat Sama, Khirbet Sama’a, Simia, Simya","koreanName":"키르벳 알 시미아","anotherKoreanNames":"키르벳 아스 시미야, 키르벳 에스 시미야, 키르벳 할랏 사마, 키르벳 사마아, 시미아, 시미야"},{"id":"m173aa0","name":"Khirbet Deir esh Shams","isModern":true,"stereo":"child","description":"An archaeological site in the Hebron hill country. It is another proposed site for the biblical town of **Dannah (단나)**.","koreanDescription":"헤브론 산지에 있는 고고학 유적지입니다. 성경 속 마을 **단나**의 또 다른 제안 위치입니다.","imageTitle":"m173aa0.satellite.jpg","types":["settlement"],"geojsonText":"{\"bbox\":[35.01876,31.40597,35.02192,31.40867],\"features\":[{\"geometry\":{\"coordinates\":[35.02034,31.40732],\"type\":\"Point\"},\"properties\":{\"id\":\"m173aa0.point\",\"role\":\"point\"},\"type\":\"Feature\"},{\"geometry\":{\"coordinates\":[[[35.02034,31.40867],[35.02017,31.40866],[35.02001,31.40864],[35.01985,31.4086],[35.0197,31.40855],[35.01955,31.40849],[35.01941,31.40841],[35.01928,31.40832],[35.01917,31.40822],[35.01906,31.40811],[35.01897,31.40799],[35.0189,31.40787],[35.01884,31.40774],[35.01879,31.4076],[35.01877,31.40746],[35.01876,31.40732],[35.01877,31.40718],[35.01879,31.40704],[35.01884,31.4069],[35.0189,31.40677],[35.01897,31.40665],[35.01906,31.40653],[35.01917,31.40642],[35.01928,31.40632],[35.01941,31.40623],[35.01955,31.40615],[35.0197,31.40609],[35.01985,31.40604],[35.02001,31.406],[35.02017,31.40598],[35.02034,31.40597],[35.02051,31.40598],[35.02067,31.406],[35.02083,31.40604],[35.02098,31.40609],[35.02113,31.40615],[35.02127,31.40623],[35.0214,31.40632],[35.02151,31.40642],[35.02162,31.40653],[35.02171,31.40665],[35.02178,31.40677],[35.02184,31.4069],[35.02189,31.40704],[35.02191,31.40718],[35.02192,31.40732],[35.02191,31.40746],[35.02189,31.4076],[35.02184,31.40774],[35.02178,31.40787],[35.02171,31.40799],[35.02162,31.40811],[35.02151,31.40822],[35.0214,31.40832],[35.02127,31.40841],[35.02113,31.40849],[35.02098,31.40855],[35.02083,31.4086],[35.02067,31.40864],[35.02051,31.40866],[35.02034,31.40867]]],\"type\":\"Polygon\"},\"properties\":{\"id\":\"gfd0e2e.precision_radius\",\"land_or_water\":\"land\",\"role\":\"precision_radius\"},\"type\":\"Feature\"}],\"metadata\":{\"class\":\"human\",\"land_or_water\":\"land\",\"name\":\"Khirbet Deir esh Shams\",\"type\":\"settlement\"},\"type\":\"FeatureCollection\"}","anotherNames":"Deir esh Shamash, Deir esh Shemesh","koreanName":"키르벳 데일 에쉬 샴스","anotherKoreanNames":"데일 에쉬 샤마쉬, 데일 에쉬 셰메쉬"},{"id":"ma06d55","name":"Khirbet Rabud","isModern":true,"stereo":"child","description":"A Palestinian village and archaeological site in the Hebron Governorate. It is a strong candidate for the biblical city of **Debir 1 (드빌 1)**, also known as Kiriat-sepher, conquered by Joshua and Othniel.","koreanDescription":"헤브론 지역에 있는 팔레스타인 마을이자 고고학 유적지입니다. 여호수아와 옷니엘이 정복한, 기럇세벨이라고도 불리는 성경 속 도시 **드빌 1**의 유력한 후보지입니다.","imageTitle":"ma06d55.i6e286b.jpg","types":["settlement"],"geojsonText":"{\"bbox\":[35.01432,31.43164,35.01538,31.43254],\"features\":[{\"geometry\":{\"coordinates\":[35.01485,31.43209],\"type\":\"Point\"},\"properties\":{\"id\":\"ma06d55.point\",\"role\":\"point\"},\"type\":\"Feature\"},{\"geometry\":{\"coordinates\":[[[35.01485,31.43254],[35.01479,31.43254],[35.01474,31.43253],[35.01469,31.43252],[35.01464,31.4325],[35.01459,31.43248],[35.01454,31.43245],[35.0145,31.43242],[35.01446,31.43239],[35.01442,31.43235],[35.01439,31.43231],[35.01437,31.43227],[35.01435,31.43223],[35.01433,31.43218],[35.01433,31.43214],[35.01432,31.43209],[35.01433,31.43204],[35.01433,31.432],[35.01435,31.43195],[35.01437,31.43191],[35.01439,31.43187],[35.01442,31.43183],[35.01446,31.43179],[35.0145,31.43176],[35.01454,31.43173],[35.01459,31.4317],[35.01464,31.43168],[35.01469,31.43166],[35.01474,31.43165],[35.01479,31.43164],[35.01485,31.43164],[35.01491,31.43164],[35.01496,31.43165],[35.01501,31.43166],[35.01506,31.43168],[35.01511,31.4317],[35.01516,31.43173],[35.0152,31.43176],[35.01524,31.43179],[35.01528,31.43183],[35.01531,31.43187],[35.01533,31.43191],[35.01535,31.43195],[35.01537,31.432],[35.01537,31.43204],[35.01538,31.43209],[35.01537,31.43214],[35.01537,31.43218],[35.01535,31.43223],[35.01533,31.43227],[35.01531,31.43231],[35.01528,31.43235],[35.01524,31.43239],[35.0152,31.43242],[35.01516,31.43245],[35.01511,31.43248],[35.01506,31.4325],[35.01501,31.43252],[35.01496,31.43253],[35.01491,31.43254],[35.01485,31.43254]]],\"type\":\"Polygon\"},\"properties\":{\"id\":\"g0b3bba.precision_radius\",\"land_or_water\":\"land\",\"role\":\"precision_radius\"},\"type\":\"Feature\"}],\"metadata\":{\"class\":\"human\",\"land_or_water\":\"land\",\"name\":\"Khirbet Rabud\",\"type\":\"settlement\"},\"type\":\"FeatureCollection\"}","anotherNames":null,"koreanName":"키르벳 라부드","anotherKoreanNames":null},{"id":"md6ea3b","name":"Khirbet Tarrama","isModern":true,"stereo":"child","description":"An archaeological site south of Dura in the Hebron Governorate. It is an alternative proposed site for the biblical city of **Debir 1 (드빌 1)**.","koreanDescription":"헤브론 지역 두라(Dura) 남쪽에 있는 고고학 유적지입니다. 성경 속 도시 **드빌 1**의 대안적인 제안 위치 중 하나입니다.","imageTitle":"md6ea3b.i00e702.jpg","types":["settlement"],"geojsonText":"{\"bbox\":[35.03211,31.47812,35.03317,31.47902],\"features\":[{\"geometry\":{\"coordinates\":[35.03264,31.47857],\"type\":\"Point\"},\"properties\":{\"id\":\"md6ea3b.point\",\"role\":\"point\"},\"type\":\"Feature\"},{\"geometry\":{\"coordinates\":[[[35.03264,31.47902],[35.03258,31.47902],[35.03253,31.47901],[35.03248,31.479],[35.03243,31.47898],[35.03238,31.47896],[35.03233,31.47893],[35.03229,31.4789],[35.03225,31.47887],[35.03221,31.47883],[35.03218,31.47879],[35.03216,31.47875],[35.03214,31.47871],[35.03212,31.47866],[35.03212,31.47862],[35.03211,31.47857],[35.03212,31.47852],[35.03212,31.47848],[35.03214,31.47843],[35.03216,31.47839],[35.03218,31.47835],[35.03221,31.47831],[35.03225,31.47827],[35.03229,31.47824],[35.03233,31.47821],[35.03238,31.47818],[35.03243,31.47816],[35.03248,31.47814],[35.03253,31.47813],[35.03258,31.47812],[35.03264,31.47812],[35.0327,31.47812],[35.03275,31.47813],[35.0328,31.47814],[35.03285,31.47816],[35.0329,31.47818],[35.03295,31.47821],[35.03299,31.47824],[35.03303,31.47827],[35.03307,31.47831],[35.0331,31.47835],[35.03312,31.47839],[35.03314,31.47843],[35.03316,31.47848],[35.03316,31.47852],[35.03317,31.47857],[35.03316,31.47862],[35.03316,31.47866],[35.03314,31.47871],[35.03312,31.47875],[35.0331,31.47879],[35.03307,31.47883],[35.03303,31.47887],[35.03299,31.4789],[35.03295,31.47893],[35.0329,31.47896],[35.03285,31.47898],[35.0328,31.479],[35.03275,31.47901],[35.0327,31.47902],[35.03264,31.47902]]],\"type\":\"Polygon\"},\"properties\":{\"id\":\"gc5a2b8.precision_radius\",\"land_or_water\":\"land\",\"role\":\"precision_radius\"},\"type\":\"Feature\"}],\"metadata\":{\"class\":\"human\",\"land_or_water\":\"land\",\"name\":\"Khirbet Tarrama\",\"type\":\"settlement\"},\"type\":\"FeatureCollection\"}","anotherNames":"Khirbet Terrama, Khirbet Terrameh","koreanName":"키르벳 타라마","anotherKoreanNames":"키르벳 테라마, 키르벳 테라메"},{"id":"m6cb30d","name":"Tell Beit Mirsim","isModern":true,"stereo":"child","description":"A prominent archaeological tell in Israel, excavated by W.F. Albright. It was once identified as the biblical city of **Debir 1 (드빌 1)**, though this identification is now disputed by many scholars in favor of Khirbet Rabud.","koreanDescription":"W.F. 올브라이트에 의해 발굴된 이스라엘의 저명한 고고학적 텔입니다. 한때 성경 속 도시 **드빌 1**로 확인되었으나, 현재는 많은 학자들이 키르벳 라부드를 선호하며 이 견해에 이의를 제기하고 있습니다.","imageTitle":"m6cb30d.i503da7.jpg","types":["settlement"],"geojsonText":"{\"bbox\":[34.90927,31.45535,34.91033,31.45625],\"features\":[{\"geometry\":{\"coordinates\":[34.9098,31.4558],\"type\":\"Point\"},\"properties\":{\"id\":\"m6cb30d.point\",\"role\":\"point\"},\"type\":\"Feature\"},{\"geometry\":{\"coordinates\":[[[34.9098,31.45625],[34.90974,31.45625],[34.90969,31.45624],[34.90964,31.45623],[34.90959,31.45621],[34.90954,31.45619],[34.90949,31.45616],[34.90945,31.45613],[34.90941,31.4561],[34.90937,31.45606],[34.90934,31.45602],[34.90932,31.45598],[34.9093,31.45594],[34.90928,31.45589],[34.90928,31.45585],[34.90927,31.4558],[34.90928,31.45575],[34.90928,31.45571],[34.9093,31.45566],[34.90932,31.45562],[34.90934,31.45558],[34.90937,31.45554],[34.90941,31.4555],[34.90945,31.45547],[34.90949,31.45544],[34.90954,31.45541],[34.90959,31.45539],[34.90964,31.45537],[34.90969,31.45536],[34.90974,31.45535],[34.9098,31.45535],[34.90986,31.45535],[34.90991,31.45536],[34.90996,31.45537],[34.91001,31.45539],[34.91006,31.45541],[34.91011,31.45544],[34.91015,31.45547],[34.91019,31.4555],[34.91023,31.45554],[34.91026,31.45558],[34.91028,31.45562],[34.9103,31.45566],[34.91032,31.45571],[34.91032,31.45575],[34.91033,31.4558],[34.91032,31.45585],[34.91032,31.45589],[34.9103,31.45594],[34.91028,31.45598],[34.91026,31.45602],[34.91023,31.45606],[34.91019,31.4561],[34.91015,31.45613],[34.91011,31.45616],[34.91006,31.45619],[34.91001,31.45621],[34.90996,31.45623],[34.90991,31.45624],[34.90986,31.45625],[34.9098,31.45625]]],\"type\":\"Polygon\"},\"properties\":{\"id\":\"g6d6b21.precision_radius\",\"land_or_water\":\"land\",\"role\":\"precision_radius\"},\"type\":\"Feature\"}],\"metadata\":{\"class\":\"human\",\"land_or_water\":\"land\",\"name\":\"Tell Beit Mirsim\",\"type\":\"settlement\"},\"type\":\"FeatureCollection\"}","anotherNames":"Tall Beit Mirsim","koreanName":"텔 베이트 미리심","anotherKoreanNames":"탈 베이트 미리심"},{"id":"mfa6017","name":"Khan el Hatrur","isModern":true,"stereo":"child","description":"A ruin located on the Jericho road, near the Ascent of Adummim. It is a proposed site for the biblical city of **Debir 2 (드빌 2)**, which was on the boundary of Judah.","koreanDescription":"여리고 길, 아둠밈 비탈 근처에 위치한 유적지입니다. 유다 지파의 경계선에 있던 성경 속 도시 **드빌 2**의 제안된 위치입니다.","imageTitle":"mfa6017.i99eaef.jpg","types":["settlement"],"geojsonText":"{\"bbox\":[35.35678,31.81414,35.36207,31.81864],\"features\":[{\"geometry\":{\"coordinates\":[35.359429,31.816392],\"type\":\"Point\"},\"properties\":{\"id\":\"mfa6017.point\",\"role\":\"point\"},\"type\":\"Feature\"},{\"geometry\":{\"coordinates\":[[[35.35943,31.81864],[35.35915,31.81863],[35.35888,31.81859],[35.35861,31.81853],[35.35835,31.81845],[35.35811,31.81834],[35.35787,31.81821],[35.35766,31.81806],[35.35746,31.8179],[35.35729,31.81771],[35.35714,31.81752],[35.35701,31.81731],[35.35691,31.81709],[35.35684,31.81686],[35.3568,31.81663],[35.35678,31.81639],[35.3568,31.81616],[35.35684,31.81592],[35.35691,31.8157],[35.35701,31.81548],[35.35714,31.81527],[35.35729,31.81507],[35.35746,31.81489],[35.35766,31.81472],[35.35787,31.81457],[35.35811,31.81444],[35.35835,31.81434],[35.35861,31.81425],[35.35888,31.81419],[35.35915,31.81416],[35.35943,31.81414],[35.35971,31.81416],[35.35998,31.81419],[35.36025,31.81425],[35.36051,31.81434],[35.36075,31.81444],[35.36098,31.81457],[35.3612,31.81472],[35.3614,31.81489],[35.36157,31.81507],[35.36172,31.81527],[35.36185,31.81548],[35.36195,31.8157],[35.36202,31.81592],[35.36206,31.81616],[35.36207,31.81639],[35.36206,31.81663],[35.36202,31.81686],[35.36195,31.81709],[35.36185,31.81731],[35.36172,31.81752],[35.36157,31.81771],[35.3614,31.8179],[35.3612,31.81806],[35.36098,31.81821],[35.36075,31.81834],[35.36051,31.81845],[35.36025,31.81853],[35.35998,31.81859],[35.35971,31.81863],[35.35943,31.81864]]],\"type\":\"Polygon\"},\"properties\":{\"id\":\"g2e7674.precision_radius\",\"land_or_water\":\"land\",\"role\":\"precision_radius\"},\"type\":\"Feature\"}],\"metadata\":{\"class\":\"human\",\"land_or_water\":\"land\",\"name\":\"Khan el Hatrur\",\"type\":\"settlement\"},\"type\":\"FeatureCollection\"}","anotherNames":"Khan el Hatruri, Khan et Hatrur","koreanName":"칸 엘 하트루르","anotherKoreanNames":"칸 엘 하트루리, 칸 엣 하트루르"},{"id":"m552789","name":"Thoghret ed Debr","isModern":true,"stereo":"child","description":"A pass (Thoghret) or ravine name located southwest of Tal'at ed Dumm (near the Ascent of Adummim). The name, meaning 'pass of the rear,' may preserve an echo of the biblical name **Debir 2 (드빌 2)**.","koreanDescription":"탈랏 엣 둠(아둠밈 비탈 근처) 남서쪽에 위치한 길(통로) 또는 골짜기 이름입니다. '후방의 통로'라는 의미의 이 이름은 성경 속 이름 **드빌 2**의 흔적을 보존하고 있을 수 있습니다.","imageTitle":"m552789.satellite.jpg","types":["settlement"],"geojsonText":"{\"bbox\":[35.34349,31.80705,35.35408,31.81604],\"features\":[{\"geometry\":{\"coordinates\":[35.348784,31.811544],\"type\":\"Point\"},\"properties\":{\"id\":\"m552789.point\",\"role\":\"point\"},\"type\":\"Feature\"},{\"geometry\":{\"coordinates\":[[[35.34878,31.81604],[35.34823,31.81602],[35.34768,31.81594],[35.34715,31.81582],[35.34663,31.81565],[35.34614,31.81544],[35.34567,31.81518],[35.34524,31.81489],[35.34485,31.81455],[35.3445,31.81419],[35.3442,31.81379],[35.34395,31.81337],[35.34375,31.81293],[35.34361,31.81248],[35.34352,31.81201],[35.34349,31.81154],[35.34352,31.81107],[35.34361,31.81061],[35.34375,31.81015],[35.34395,31.80971],[35.3442,31.8093],[35.3445,31.8089],[35.34485,31.80854],[35.34524,31.8082],[35.34567,31.80791],[35.34614,31.80765],[35.34663,31.80744],[35.34715,31.80727],[35.34768,31.80715],[35.34823,31.80707],[35.34878,31.80705],[35.34934,31.80707],[35.34988,31.80715],[35.35042,31.80727],[35.35094,31.80744],[35.35143,31.80765],[35.35189,31.80791],[35.35232,31.8082],[35.35272,31.80854],[35.35306,31.8089],[35.35337,31.8093],[35.35362,31.80971],[35.35382,31.81015],[35.35396,31.81061],[35.35405,31.81107],[35.35408,31.81154],[35.35405,31.81201],[35.35396,31.81248],[35.35382,31.81293],[35.35362,31.81337],[35.35337,31.81379],[35.35306,31.81419],[35.35272,31.81455],[35.35232,31.81489],[35.35189,31.81518],[35.35143,31.81544],[35.35094,31.81565],[35.35042,31.81582],[35.34988,31.81594],[35.34934,31.81602],[35.34878,31.81604]]],\"type\":\"Polygon\"},\"properties\":{\"id\":\"g3ccbfb.precision_radius\",\"land_or_water\":\"land\",\"role\":\"precision_radius\"},\"type\":\"Feature\"}],\"metadata\":{\"class\":\"human\",\"land_or_water\":\"land\",\"name\":\"Thoghret ed Debr\",\"type\":\"settlement\"},\"type\":\"FeatureCollection\"}","anotherNames":"Eth Thughra el Beida, Thogret ed Debr","koreanName":"토그렛 엣 데브르","anotherKoreanNames":"에트 투그라 엘 베이다, 토그렛 엣 데브르"},{"id":"m558be2","name":"Wadi ed Debr","isModern":true,"stereo":"child","description":"A wadi (seasonal riverbed) whose name contains a possible echo of the biblical place name **Debir 2 (드빌 2)**. It is located near other proposed sites for Debir 2.","koreanDescription":"성경 속 지명 **드빌 2**의 가능한 흔적을 포함하고 있는 와디(건천)입니다. 드빌 2의 다른 제안된 위치 근처에 있습니다.","imageTitle":"m558be2.iaca1a3.jpg","types":["wadi"],"geojsonText":"{\"bbox\":[35.437718,31.780641,35.461275,31.7859],\"features\":[{\"geometry\":{\"coordinates\":[35.452778,31.785],\"type\":\"Point\"},\"properties\":{\"id\":\"m558be2.representative_point\",\"role\":\"representative_point\"},\"type\":\"Feature\"},{\"geometry\":{\"coordinates\":[[35.437718,31.780755],[35.438001,31.78066],[35.438345,31.780641],[35.438531,31.780831],[35.438777,31.781059],[35.439143,31.781281],[35.439106,31.781675],[35.439136,31.781941],[35.439568,31.782081],[35.439785,31.782024],[35.440113,31.782157],[35.440233,31.782252],[35.440434,31.782265],[35.440665,31.782239],[35.44118,31.782208],[35.441277,31.782449],[35.441419,31.782544],[35.441606,31.782544],[35.441725,31.782474],[35.441807,31.782398],[35.441912,31.782315],[35.442143,31.782315],[35.442218,31.782423],[35.442009,31.782709],[35.441942,31.782791],[35.442106,31.782836],[35.442337,31.782848],[35.442494,31.782848],[35.442703,31.782753],[35.442867,31.782576],[35.443108,31.782424],[35.443204,31.782496],[35.443467,31.782693],[35.443701,31.782876],[35.443914,31.783045],[35.444119,31.783217],[35.444218,31.783413],[35.444389,31.783629],[35.444759,31.783774],[35.444919,31.783978],[35.445225,31.784054],[35.445449,31.784054],[35.445833,31.783955],[35.446111,31.783848],[35.446524,31.783787],[35.446605,31.783678],[35.447046,31.783775],[35.447263,31.783508],[35.447613,31.783324],[35.447964,31.783191],[35.448203,31.783229],[35.448412,31.783375],[35.448628,31.783578],[35.448934,31.7838],[35.449084,31.7838],[35.449218,31.783736],[35.449322,31.783629],[35.449464,31.783445],[35.449591,31.783292],[35.449807,31.783205],[35.44983,31.783369],[35.450076,31.783464],[35.450367,31.783464],[35.450472,31.783464],[35.450763,31.783369],[35.450784,31.783363],[35.451114,31.783273],[35.451119,31.783286],[35.451221,31.783402],[35.451289,31.783578],[35.451434,31.783779],[35.45155,31.783875],[35.451608,31.783928],[35.451674,31.783987],[35.451707,31.784017],[35.451726,31.784086],[35.451748,31.784161],[35.451919,31.784276],[35.451942,31.784434],[35.451942,31.784503],[35.451942,31.784536],[35.451987,31.784675],[35.452128,31.784758],[35.452352,31.784783],[35.452934,31.784745],[35.453748,31.784587],[35.454345,31.784384],[35.454957,31.784295],[35.45573,31.784334],[35.45689,31.784269],[35.457957,31.784377],[35.45833,31.784377],[35.459233,31.784288],[35.459987,31.784022],[35.460464,31.783806],[35.461275,31.783061]],\"type\":\"LineString\"},\"properties\":{\"id\":\"gbb423c.precise\",\"land_or_water\":\"water\",\"role\":\"precise\"},\"type\":\"Feature\"},{\"geometry\":{\"coordinates\":[[[35.45278,31.7859],[35.45267,31.78589],[35.45256,31.78588],[35.45245,31.78586],[35.45235,31.78582],[35.45225,31.78578],[35.45216,31.78573],[35.45207,31.78567],[35.45199,31.7856],[35.45192,31.78553],[35.45186,31.78545],[35.45181,31.78537],[35.45177,31.78528],[35.45174,31.78519],[35.45173,31.78509],[35.45172,31.785],[35.45173,31.78491],[35.45174,31.78481],[35.45177,31.78472],[35.45181,31.78463],[35.45186,31.78455],[35.45192,31.78447],[35.45199,31.7844],[35.45207,31.78433],[35.45216,31.78427],[35.45225,31.78422],[35.45235,31.78418],[35.45245,31.78414],[35.45256,31.78412],[35.45267,31.78411],[35.45278,31.7841],[35.45289,31.78411],[35.453,31.78412],[35.4531,31.78414],[35.45321,31.78418],[35.45331,31.78422],[35.4534,31.78427],[35.45349,31.78433],[35.45356,31.7844],[35.45363,31.78447],[35.45369,31.78455],[35.45374,31.78463],[35.45378,31.78472],[35.45381,31.78481],[35.45383,31.78491],[35.45384,31.785],[35.45383,31.78509],[35.45381,31.78519],[35.45378,31.78528],[35.45374,31.78537],[35.45369,31.78545],[35.45363,31.78553],[35.45356,31.7856],[35.45349,31.78567],[35.4534,31.78573],[35.45331,31.78578],[35.45321,31.78582],[35.4531,31.78586],[35.453,31.78588],[35.45289,31.78589],[35.45278,31.7859]]],\"type\":\"Polygon\"},\"properties\":{\"id\":\"gfc7335.precision_radius\",\"land_or_water\":\"land\",\"role\":\"precision_radius\"},\"type\":\"Feature\"}],\"metadata\":{\"class\":\"natural\",\"geometry_credit\":\"Some data © OpenStreetMap contributors\",\"land_or_water\":\"water\",\"name\":\"Wadi ed Debr\",\"type\":\"wadi\"},\"type\":\"FeatureCollection\"}","anotherNames":"Wadi al Mutlaq, Wadi Dabr, Wadi ed Dabr","koreanName":"와디 엣 데브르","anotherKoreanNames":"와디 알 무틀라크, 와디 다브르, 와디 엣 다브르"}],"relations":[{"parentId":"a81cdb5","childId":"me649fd","possibility":100},{"parentId":"a6a5e97","childId":"ma0ce5d","possibility":70},{"parentId":"a6a5e97","childId":"m6f51f7","possibility":10},{"parentId":"a6a5e97","childId":"m136387","possibility":10},{"parentId":"a411151","childId":"m307896","possibility":60},{"parentId":"ae86cd7","childId":"me8c716","possibility":100},{"parentId":"ae8d09d","childId":"m516e72","possibility":45},{"parentId":"ae8d09d","childId":"m7bf7d6","possibility":45},{"parentId":"ae8d09d","childId":"mbbfbf9","possibility":10},{"parentId":"a69c1d4","childId":"m878978","possibility":100},{"parentId":"a65c305","childId":"m6494e7","possibility":15},{"parentId":"a65c305","childId":"mf937bb","possibility":10},{"parentId":"a65c305","childId":"m64ba44","possibility":10},{"parentId":"a65c305","childId":"m4813c9","possibility":10},{"parentId":"a65c305","childId":"m173aa0","possibility":10},{"parentId":"a513646","childId":"mb61c67","possibility":100},{"parentId":"ad2048e","childId":"ma06d55","possibility":80},{"parentId":"ad2048e","childId":"md6ea3b","possibility":10},{"parentId":"ad2048e","childId":"m6cb30d","possibility":10},{"parentId":"ad334c4","childId":"mfa6017","possibility":30},{"parentId":"ad334c4","childId":"m552789","possibility":20},{"parentId":"ad334c4","childId":"ma06d55","possibility":10},{"parentId":"ad334c4","childId":"m6cb30d","possibility":10},{"parentId":"ad334c4","childId":"md6ea3b","possibility":10},{"parentId":"ad334c4","childId":"m558be2","possibility":10}],"total":32}