{"data":[{"id":"a7560c2","name":"Abronah","imageTitle":"m9444bd.i5be641.jpg","isModern":false,"stereo":"parent","description":"An ancient Israelite campsite mentioned during the Exodus journey, following the encampment at Hor-hagidgad and preceding the stop at Ezion-geber, near the Red Sea (Gulf of Aqaba).","koreanDescription":"출애굽 여정 중 언급된 고대 이스라엘의 야영지 중 하나입니다.\n홋-하깃갓(Hor-hagidgad)을 지나고 에시온-게벨(Ezion-geber) 전에 홍해(아카바 만) 근처에서 머물렀던 곳입니다. (민수기 33:34-35)","verses":["Num.33.34","Num.33.35"],"placeUrl":"/geo/ancient/a7560c2/abronah","identificationPaths":["/geo/modern/med32df","/geo/modern/mfce9f4","/geo/modern/m6f1b7f","/geo/modern/m9444bd","/geo/modern/mb01d09"],"types":["campsite"],"unknownPlacePossibility":null,"geojsonText":"{\"bbox\":[34.796324,29.529623,35.013917,29.672913],\"features\":[{\"geometry\":{\"coordinates\":[[[34.863513,29.607168],[34.862655,29.634169],[34.796324,29.631743],[34.800481,29.609982],[34.863513,29.607168]]],\"type\":\"Polygon\"},\"properties\":{\"id\":\"g7e2afd.geometry\",\"land_or_water\":\"land\"},\"type\":\"Feature\"},{\"geometry\":{\"coordinates\":[[[34.998783,29.530441],[34.999205,29.530082],[34.999865,29.529691],[34.999914,29.529643],[34.99998,29.529623],[35.00041,29.530001],[35.000835,29.530449],[35.001106,29.530584],[35.000988,29.530733],[35.00091,29.530831],[35.000696,29.531058],[35.000472,29.531246],[35.000352,29.531322],[35.000161,29.531443],[34.999862,29.53159],[34.999829,29.531488],[34.999756,29.531442],[34.99972,29.531351],[34.999608,29.531302],[34.999553,29.531197],[34.999473,29.531138],[34.999408,29.531106],[34.999382,29.531051],[34.999336,29.531018],[34.999302,29.530986],[34.999269,29.53092],[34.999172,29.530872],[34.999115,29.53081],[34.999073,29.530725],[34.999009,29.53068],[34.99894,29.53066],[34.998936,29.530596],[34.998783,29.530441]]],\"type\":\"Polygon\"},\"properties\":{\"id\":\"gc6df17.geometry\",\"land_or_water\":\"land\"},\"type\":\"Feature\"},{\"geometry\":{\"coordinates\":[34.96352,29.57148],\"type\":\"Point\"},\"properties\":{\"id\":\"m6f1b7f.point\"},\"type\":\"Feature\"},{\"geometry\":{\"coordinates\":[35.013917,29.672913],\"type\":\"Point\"},\"properties\":{\"id\":\"m9444bd.point\"},\"type\":\"Feature\"},{\"geometry\":{\"coordinates\":[34.84979,29.6131],\"type\":\"Point\"},\"properties\":{\"id\":\"mb01d09.point\"},\"type\":\"Feature\"},{\"geometry\":{\"coordinates\":[34.999999,29.530676],\"type\":\"Point\"},\"properties\":{\"id\":\"med32df.point\"},\"type\":\"Feature\"},{\"geometry\":{\"coordinates\":[34.980258,29.547181],\"type\":\"Point\"},\"properties\":{\"id\":\"mfce9f4.point\"},\"type\":\"Feature\"}],\"metadata\":{\"geometry_credit\":\"Some data © OpenStreetMap contributors\",\"name\":\"Abronah\"},\"type\":\"FeatureCollection\"}","anotherNames":null,"koreanName":"아브로나","anotherKoreanNames":null},{"id":"a8b7a6b","name":"Accad","imageTitle":"m15dbe7.satellite.jpg","isModern":false,"stereo":"parent","description":"An ancient city in Mesopotamia founded by Nimrod, described as one of the cities that formed the beginning of his kingdom in the land of Shinar, along with Babel, Erech, and Calneh. The exact location is still debated among scholars, though various mounds in modern Iraq are considered possibilities.","koreanDescription":"니므롯이 세운 메소포타미아의 고대 도시로, 시날(Shinar) 땅에서 바벨, 에렉, 갈레와 함께 그의 왕국 초기에 속했던 성읍들 중 하나로 언급됩니다. (창세기 10:10)\n정확한 위치는 학자들 사이에서 여전히 논쟁 중이며, 현대 이라크의 여러 고고학적 언덕(Tell)들이 가능성 있는 후보지로 여겨집니다.","verses":["Gen.10.10"],"placeUrl":"/geo/ancient/a8b7a6b/accad","identificationPaths":["/geo/modern/m15dbe7","/geo/modern/ma3a2f4","/geo/modern/md561de","/geo/modern/m49c3d8","/geo/modern/mdbead2","/geo/modern/m8970e8","/geo/modern/m310ad8"],"types":["settlement"],"unknownPlacePossibility":null,"geojsonText":"{\"bbox\":[43.959646,32.541421,44.558643,34.095475],\"features\":[{\"geometry\":{\"coordinates\":[[[44.554643,32.588748],[44.555905,32.588729],[44.55692,32.588995],[44.55802,32.592248],[44.558351,32.593519],[44.558643,32.595003],[44.558482,32.595664],[44.557751,32.596344],[44.556828,32.596973],[44.556366,32.596999],[44.555143,32.596727],[44.554089,32.596616],[44.553313,32.596545],[44.553797,32.593758],[44.554643,32.588748]]],\"type\":\"Polygon\"},\"properties\":{\"id\":\"g2bb530.geometry\",\"land_or_water\":\"land\"},\"type\":\"Feature\"},{\"geometry\":{\"coordinates\":[[[44.295685,33.10337],[44.295277,33.10337],[44.294633,33.102561],[44.294848,33.099667],[44.296586,33.096521],[44.299268,33.095011],[44.305491,33.099092],[44.305319,33.099487],[44.304547,33.100134],[44.295685,33.10337]]],\"type\":\"Polygon\"},\"properties\":{\"id\":\"g31bbd2.geometry\",\"land_or_water\":\"land\"},\"type\":\"Feature\"},{\"geometry\":{\"coordinates\":[[[44.419723,32.5426],[44.419699,32.541421],[44.422976,32.541626],[44.422488,32.543306],[44.419723,32.5426]]],\"type\":\"Polygon\"},\"properties\":{\"id\":\"g416b19.geometry\",\"land_or_water\":\"land\"},\"type\":\"Feature\"},{\"geometry\":{\"coordinates\":[[[44.467539,33.299942],[44.467861,33.299745],[44.469277,33.299942],[44.469406,33.300139],[44.469256,33.300731],[44.469041,33.301126],[44.468505,33.301538],[44.467968,33.301699],[44.467561,33.301717],[44.467153,33.301664],[44.466874,33.301466],[44.46681,33.301305],[44.466745,33.301126],[44.466896,33.300803],[44.467539,33.299942]]],\"type\":\"Polygon\"},\"properties\":{\"id\":\"gcb2e8a.geometry\",\"land_or_water\":\"land\"},\"type\":\"Feature\"},{\"geometry\":{\"coordinates\":[44.391944,33.025556],\"type\":\"Point\"},\"properties\":{\"id\":\"m15dbe7.point\"},\"type\":\"Feature\"},{\"geometry\":{\"coordinates\":[44.468205,33.300568],\"type\":\"Point\"},\"properties\":{\"id\":\"m310ad8.point\"},\"type\":\"Feature\"},{\"geometry\":{\"coordinates\":[44.22484,34.03283],\"type\":\"Point\"},\"properties\":{\"id\":\"m49c3d8.point\"},\"type\":\"Feature\"},{\"geometry\":{\"coordinates\":[43.959646,34.095475],\"type\":\"Point\"},\"properties\":{\"id\":\"m8970e8.point\"},\"type\":\"Feature\"},{\"geometry\":{\"coordinates\":[44.29833,33.09979],\"type\":\"Point\"},\"properties\":{\"id\":\"ma3a2f4.point\"},\"type\":\"Feature\"},{\"geometry\":{\"coordinates\":[44.422222,32.543333],\"type\":\"Point\"},\"properties\":{\"id\":\"md561de.point\"},\"type\":\"Feature\"},{\"geometry\":{\"coordinates\":[44.555928,32.591302],\"type\":\"Point\"},\"properties\":{\"id\":\"mdbead2.point\"},\"type\":\"Feature\"}],\"metadata\":{\"geometry_credit\":\"Some data © OpenStreetMap contributors\",\"name\":\"Accad\"},\"type\":\"FeatureCollection\"}","anotherNames":null,"koreanName":"악갓","anotherKoreanNames":null},{"id":"a5f4dfc","name":"Acco","imageTitle":"mac4103.i7374b3.jpg","isModern":false,"stereo":"parent","description":"A coastal city in the territory allotted to the tribe of Asher, but one of the places from which the Israelites did not drive out the Canaanite inhabitants. (Judges 1:31) It was an important port city throughout antiquity, known as Ptolemais during the Greco-Roman period and now known as Acre in modern Israel.","koreanDescription":"아셀 지파에게 분배된 땅에 속한 해안 도시였으나, 이스라엘 자손이 가나안 주민을 쫓아내지 못한 곳 중 하나입니다. (사사기 1:31)\n고대 내내 중요한 항구 도시였으며, 헬라-로마 시대에는 프톨레마이스(Ptolemais)로 알려졌고, 현재는 이스라엘의 아크레(Acre)로 알려져 있습니다.","verses":["Judg.1.31"],"placeUrl":"/geo/ancient/a5f4dfc/acco","identificationPaths":["/geo/modern/mac4103"],"types":["settlement"],"unknownPlacePossibility":null,"geojsonText":"{\"bbox\":[35.084578,32.918685,35.091564,32.923198],\"features\":[{\"geometry\":{\"coordinates\":[[[35.087612,32.923118],[35.086859,32.923156],[35.085949,32.923198],[35.085549,32.923016],[35.085204,32.922605],[35.08515,32.921936],[35.084578,32.92143],[35.084637,32.920494],[35.08486,32.920139],[35.086401,32.919257],[35.087976,32.918685],[35.088216,32.919203],[35.08885,32.919021],[35.089031,32.919039],[35.089288,32.919072],[35.090112,32.919185],[35.090829,32.921117],[35.091564,32.921113],[35.091533,32.92154],[35.08929,32.922554],[35.088286,32.922965],[35.087612,32.923118]]],\"type\":\"Polygon\"},\"properties\":{\"id\":\"g39eaf9.geometry\",\"land_or_water\":\"land\"},\"type\":\"Feature\"},{\"geometry\":{\"coordinates\":[35.088333,32.921111],\"type\":\"Point\"},\"properties\":{\"id\":\"mac4103.point\"},\"type\":\"Feature\"}],\"metadata\":{\"geometry_credit\":\"Some data © OpenStreetMap contributors\",\"name\":\"Acco\"},\"type\":\"FeatureCollection\"}","anotherNames":null,"koreanName":"악고","anotherKoreanNames":null},{"id":"aef4242","name":"Achaia","imageTitle":"m402935.i5e172a.jpg","isModern":false,"stereo":"parent","description":"A Roman province that covered the northern and central parts of the Peloponnese in Greece. It is frequently mentioned in the New Testament, particularly in Paul's travels and letters, where he ministered and established churches, notably in its capital, Corinth. (Acts 18:12, 27; Romans 15:26; 1 Corinthians 16:15)","koreanDescription":"그리스 펠로폰네소스 반도의 북부 및 중부 지역을 포함했던 로마의 속주입니다.\n신약 성경, 특히 바울의 선교 여행과 서신에서 자주 언급되며, 바울이 사역하고 고린도(Corinth)를 비롯한 교회들을 세운 지역입니다. (사도행전 18:12, 27; 로마서 15:26; 고린도전서 16:15)","verses":["Acts.18.12","Acts.18.27","Acts.19.21","Rom.15.26","1Cor.16.15","2Cor.1.1","2Cor.9.2","2Cor.11.10","1Thess.1.7","1Thess.1.8"],"placeUrl":"/geo/ancient/aef4242/achaia","identificationPaths":["/geo/modern/m402935"],"types":["region"],"unknownPlacePossibility":null,"geojsonText":"{\"bbox\":[19.193036,35.974715,25.863498,40.524494],\"features\":[{\"geometry\":{\"coordinates\":[[[19.193036,40.524494],[19.465886,39.638205],[20.205498,38.239651],[20.587262,37.733004],[21.557106,36.704092],[23.033584,35.974715],[25.207026,36.532457],[25.863498,36.940073],[25.655728,37.488102],[24.558979,39.405269],[23.010537,39.723406],[21.830035,39.713948],[21.108384,40.141021],[20.516028,40.134024],[19.193036,40.524494]]],\"type\":\"Polygon\"},\"properties\":{\"id\":\"g6b9f35.geometry\",\"land_or_water\":\"land\"},\"type\":\"Feature\"},{\"geometry\":{\"coordinates\":[22.54,38.72],\"type\":\"Point\"},\"properties\":{\"id\":\"m402935.point\"},\"type\":\"Feature\"}],\"metadata\":{\"name\":\"Achaia\"},\"type\":\"FeatureCollection\"}","anotherNames":null,"koreanName":"아가야","anotherKoreanNames":null},{"id":"a8ce5c4","name":"Achshaph","imageTitle":"md7c132.i2e928d.jpg","isModern":false,"stereo":"parent","description":"A royal Canaanite city in the north, whose king joined the coalition against Joshua, only to be defeated at the Waters of Merom. (Joshua 11:1)\nIt later became a boundary city of the tribe of Asher. (Joshua 19:25) The site is generally located in the coastal plain or western Galilee area.","koreanDescription":"북쪽에 있던 가나안의 왕도 중 하나로, 그 왕이 여호수아를 대적하는 연합군에 참여했으나 므롬 물가에서 패배했습니다. (여호수아 11:1)\n후에 아셀 지파의 경계 도시 중 하나가 되었습니다. (여호수아 19:25)\n이 지역은 일반적으로 해안 평야나 서부 갈릴리 지역에 위치했던 것으로 추정됩니다.","verses":["Josh.11.1","Josh.12.20","Josh.19.25"],"placeUrl":"/geo/ancient/a8ce5c4/achshaph","identificationPaths":["/geo/modern/md7c132","/geo/modern/m46be7f","/geo/modern/m0cfe50","/geo/modern/mc40778"],"types":["settlement"],"unknownPlacePossibility":null,"geojsonText":"{\"bbox\":[35.09027,32.75885,35.169444,33.009861],\"features\":[{\"geometry\":{\"coordinates\":[[[35.139854,33.009574],[35.140186,33.008415],[35.141612,33.008702],[35.141279,33.009861],[35.139854,33.009574]]],\"type\":\"Polygon\"},\"properties\":{\"id\":\"gdf1133.geometry\",\"land_or_water\":\"land\"},\"type\":\"Feature\"},{\"geometry\":{\"coordinates\":[35.169444,32.901389],\"type\":\"Point\"},\"properties\":{\"id\":\"m0cfe50.point\"},\"type\":\"Feature\"},{\"geometry\":{\"coordinates\":[35.15133,32.872761],\"type\":\"Point\"},\"properties\":{\"id\":\"m46be7f.point\"},\"type\":\"Feature\"},{\"geometry\":{\"coordinates\":[35.1391,33.0084],\"type\":\"Point\"},\"properties\":{\"id\":\"mc40778.point\"},\"type\":\"Feature\"},{\"geometry\":{\"coordinates\":[35.09027,32.75885],\"type\":\"Point\"},\"properties\":{\"id\":\"md7c132.point\"},\"type\":\"Feature\"}],\"metadata\":{\"geometry_credit\":\"Some data © OpenStreetMap contributors\",\"name\":\"Achshaph\"},\"type\":\"FeatureCollection\"}","anotherNames":null,"koreanName":"악삽","anotherKoreanNames":null},{"id":"a2270e4","name":"Achzib 1","imageTitle":"m7d8664.if402e0.jpg","isModern":false,"stereo":"parent","description":"A town located in the Shephelah (lowlands) region of Judah. It is mentioned in the list of cities belonging to the tribe of Judah (Joshua 15:44) and later by the prophet Micah, possibly as a place where the people of Judah would 'lie' or 'fail' to fulfill the covenant. (Micah 1:14)","koreanDescription":"유다 지파의 쉐펠라(평지) 지역에 위치한 성읍입니다. (여호수아 15:44)\n선지자 미가가 언급하기도 했는데 (미가 1:14), 그 이름의 의미가 '거짓된', '실패한'을 암시하여, 언약을 지키지 못한 유다 백성의 상태를 나타내는 상징적인 의미로 사용되었을 가능성이 있습니다.","verses":["Josh.15.44","Mic.1.14"],"placeUrl":"/geo/ancient/a2270e4/achzib-1","identificationPaths":["/geo/modern/m7d8664","/geo/modern/mec0b4d"],"types":["settlement"],"unknownPlacePossibility":null,"geojsonText":"{\"bbox\":[34.953019,31.642074,35.003282,31.690129],\"features\":[{\"geometry\":{\"coordinates\":[34.953019,31.642074],\"type\":\"Point\"},\"properties\":{\"id\":\"m7d8664.point\"},\"type\":\"Feature\"},{\"geometry\":{\"coordinates\":[35.003282,31.690129],\"type\":\"Point\"},\"properties\":{\"id\":\"mec0b4d.point\"},\"type\":\"Feature\"}],\"metadata\":{\"name\":\"Achzib 1\"},\"type\":\"FeatureCollection\"}","anotherNames":null,"koreanName":"악십 1","anotherKoreanNames":null},{"id":"ad0d82f","name":"Achzib 2","imageTitle":"m9f46c4.i461410.jpg","isModern":false,"stereo":"parent","description":"A Phoenician coastal town in the territory allotted to the tribe of Asher, from which the Israelites did not drive out the Canaanite inhabitants. (Joshua 19:29; Judges 1:31) It was situated north of Acco and maintained its importance as a port city throughout various historical periods.","koreanDescription":"아셀 지파에게 할당된 땅에 위치한 페니키아의 해안 도시였으나, 이스라엘 자손이 가나안 주민을 쫓아내지 못한 곳 중 하나입니다. (여호수아 19:29; 사사기 1:31)\n악고(Acco) 북쪽에 위치했으며, 여러 역사적 시기를 거치면서 항구 도시로서의 중요성을 유지했습니다.","verses":["Josh.19.29","Judg.1.31"],"placeUrl":"/geo/ancient/ad0d82f/achzib-2","identificationPaths":["/geo/modern/m9f46c4"],"types":["settlement"],"unknownPlacePossibility":null,"geojsonText":"{\"features\":[{\"geometry\":{\"coordinates\":[35.102652,33.048278],\"type\":\"Point\"},\"properties\":{\"id\":\"m9f46c4.point\"},\"type\":\"Feature\"}],\"metadata\":{\"name\":\"Achzib 2\"},\"type\":\"FeatureCollection\"}","anotherNames":null,"koreanName":"악십 2","anotherKoreanNames":null},{"id":"abf4481","name":"Adadah","imageTitle":"m51f61c.satellite.jpg","isModern":false,"stereo":"parent","description":"A town in the Negeb (southern) district of Judah, listed among the cities near the border with Edom. (Joshua 15:22) Its exact identification is uncertain but associated with sites in the southern hill country of Judah or the northern Negev desert.","koreanDescription":"유다 지파의 남방(네겝) 지역에 위치한 성읍으로, 에돔과의 경계 근처 도시들 목록에 언급됩니다. (여호수아 15:22)\n정확한 위치는 불분명하지만, 유다 남부 산지나 북부 네겝 사막 지역의 유적들과 연관됩니다.","verses":["Josh.15.22"],"placeUrl":"/geo/ancient/abf4481/adadah","identificationPaths":["/geo/modern/m51f61c","/geo/modern/m3a7f35","/geo/modern/m54d9cf","/geo/modern/m1e912f","/geo/modern/mcf7f60","/geo/modern/m32279c"],"types":["settlement"],"unknownPlacePossibility":null,"geojsonText":"{\"bbox\":[34.975175,31.15131,35.925091,31.989281],\"features\":[{\"geometry\":{\"coordinates\":[[[34.979317,31.152752],[34.979032,31.152711],[34.978727,31.152559],[34.978571,31.152343],[34.978464,31.152109],[34.978431,31.151884],[34.978501,31.151687],[34.978485,31.151485],[34.978598,31.15131],[34.978963,31.151664],[34.979558,31.152449],[34.979494,31.152651],[34.979317,31.152752]]],\"type\":\"Polygon\"},\"properties\":{\"id\":\"g13e664.geometry\",\"land_or_water\":\"land\"},\"type\":\"Feature\"},{\"geometry\":{\"coordinates\":[35.871319,31.97016],\"type\":\"Point\"},\"properties\":{\"id\":\"m1e912f.point\"},\"type\":\"Feature\"},{\"geometry\":{\"coordinates\":[35.920658,31.989281],\"type\":\"Point\"},\"properties\":{\"id\":\"m32279c.point\"},\"type\":\"Feature\"},{\"geometry\":{\"coordinates\":[34.975175,31.169025],\"type\":\"Point\"},\"properties\":{\"id\":\"m3a7f35.point\"},\"type\":\"Feature\"},{\"geometry\":{\"coordinates\":[34.97907,31.15214],\"type\":\"Point\"},\"properties\":{\"id\":\"m51f61c.point\"},\"type\":\"Feature\"},{\"geometry\":{\"coordinates\":[35.819389,31.4708],\"type\":\"Point\"},\"properties\":{\"id\":\"m54d9cf.point\"},\"type\":\"Feature\"},{\"geometry\":{\"coordinates\":[35.925091,31.924568],\"type\":\"Point\"},\"properties\":{\"id\":\"mcf7f60.point\"},\"type\":\"Feature\"}],\"metadata\":{\"geometry_credit\":\"Some data © OpenStreetMap contributors\",\"name\":\"Adadah\"},\"type\":\"FeatureCollection\"}","anotherNames":null,"koreanName":"아다다","anotherKoreanNames":null},{"id":"adc31c7","name":"Adam","imageTitle":"me34143.ia0e340.jpg","isModern":false,"stereo":"parent","description":"A city in the Jordan Valley 'beside Zarethan' mentioned in the account of the Israelites crossing the Jordan River. The waters flowing down from upriver 'stood still, and rose up in a heap very far away, at Adam, the city that is beside Zarethan.' (Joshua 3:16) This natural phenomenon, possibly caused by a landslide or earthquake blocking the river's flow near the city, allowed the Israelites to cross on dry ground.","koreanDescription":"이스라엘 자손이 요단강을 건널 때 언급된 '사르단 곁에 있는 성읍'입니다. (여호수아 3:16)\n이 도시 근처에서 위에서부터 흘러내려오던 물이 '그쳐 쌓여 매우 멀리 사르단 곁의 아담 성읍 변두리에' 섰다고 기록되어 있습니다.\n이러한 현상은 지진이나 산사태로 인해 요단강의 흐름이 막혀서 발생했을 가능성이 있으며, 이로 인해 이스라엘 백성이 마른 땅을 건널 수 있었습니다.","verses":["Josh.3.16"],"placeUrl":"/geo/ancient/adc31c7/adam","identificationPaths":["/geo/modern/me34143"],"types":["settlement"],"unknownPlacePossibility":null,"geojsonText":"{\"features\":[{\"geometry\":{\"coordinates\":[35.546789,32.103933],\"type\":\"Point\"},\"properties\":{\"id\":\"me34143.point\"},\"type\":\"Feature\"}],\"metadata\":{\"name\":\"Adam\"},\"type\":\"FeatureCollection\"}","anotherNames":null,"koreanName":"아담","anotherKoreanNames":null},{"id":"afe1143","name":"Adamah","imageTitle":"m3d8db3.i8944dc.jpg","isModern":false,"stereo":"parent","description":"A fortified city in the territory allotted to the tribe of Naphtali in the Upper Galilee region. (Joshua 19:36) It was situated in a strategic location overlooking the Sea of Galilee and the surrounding valleys.","koreanDescription":"납달리 지파에게 분배된 땅, 상부 갈릴리 지역에 위치한 요새화된 성읍입니다. (여호수아 19:36)\n갈릴리 바다와 주변 계곡들을 내려다보는 전략적 요충지에 자리 잡고 있었습니다.","verses":["Josh.19.36"],"placeUrl":"/geo/ancient/afe1143/adamah","identificationPaths":["/geo/modern/m3d8db3","/geo/modern/m0c93b5","/geo/modern/m500952","/geo/modern/m39107b"],"types":["settlement"],"unknownPlacePossibility":null,"geojsonText":"{\"bbox\":[35.4175,32.749167,35.574903,32.94162],\"features\":[{\"geometry\":{\"coordinates\":[35.574903,32.94162],\"type\":\"Point\"},\"properties\":{\"id\":\"m0c93b5.point\"},\"type\":\"Feature\"},{\"geometry\":{\"coordinates\":[35.4175,32.931111],\"type\":\"Point\"},\"properties\":{\"id\":\"m39107b.point\"},\"type\":\"Feature\"},{\"geometry\":{\"coordinates\":[35.459722,32.799722],\"type\":\"Point\"},\"properties\":{\"id\":\"m3d8db3.point\"},\"type\":\"Feature\"},{\"geometry\":{\"coordinates\":[35.459167,32.749167],\"type\":\"Point\"},\"properties\":{\"id\":\"m500952.point\"},\"type\":\"Feature\"}],\"metadata\":{\"name\":\"Adamah\"},\"type\":\"FeatureCollection\"}","anotherNames":null,"koreanName":"아다마","anotherKoreanNames":null},{"id":"med32df","name":"Aqaba","isModern":true,"stereo":"child","description":"A modern coastal city in **Jordan**, located at the northeastern tip of the Red Sea on the Gulf of Aqaba. Historically, it is near the likely location of the biblical port of **Ezion-geber** or **Elath**, which are associated with the Exodus journey (Abronah) and King Solomon's fleet.","koreanDescription":"요르단의 현대 해안 도시로, 홍해 아카바 만의 북동쪽 끝에 위치해 있습니다.\n역사적으로는 성경에 나오는 항구인 **에시온-게벨** 또는 **엘랏**의 예상 위치와 가깝습니다. 이들 도시는 출애굽 여정 (아브로나) 및 솔로몬 왕의 함대와 관련이 있습니다.","imageTitle":"med32df.ic97d1f.jpg","types":["settlement"],"geojsonText":"{\"bbox\":[34.99742,29.52843,35.00258,29.53292],\"features\":[{\"geometry\":{\"coordinates\":[34.999999,29.530676],\"type\":\"Point\"},\"properties\":{\"id\":\"med32df.point\",\"role\":\"point\"},\"type\":\"Feature\"},{\"geometry\":{\"coordinates\":[[[34.998783,29.530441],[34.999205,29.530082],[34.999865,29.529691],[34.999914,29.529643],[34.99998,29.529623],[35.00041,29.530001],[35.000835,29.530449],[35.001106,29.530584],[35.000988,29.530733],[35.00091,29.530831],[35.000696,29.531058],[35.000472,29.531246],[35.000352,29.531322],[35.000161,29.531443],[34.999862,29.53159],[34.999829,29.531488],[34.999756,29.531442],[34.99972,29.531351],[34.999608,29.531302],[34.999553,29.531197],[34.999473,29.531138],[34.999408,29.531106],[34.999382,29.531051],[34.999336,29.531018],[34.999302,29.530986],[34.999269,29.53092],[34.999172,29.530872],[34.999115,29.53081],[34.999073,29.530725],[34.999009,29.53068],[34.99894,29.53066],[34.998936,29.530596],[34.998783,29.530441]]],\"type\":\"Polygon\"},\"properties\":{\"id\":\"gc6df17.local\",\"land_or_water\":\"land\",\"role\":\"local\"},\"type\":\"Feature\"},{\"geometry\":{\"coordinates\":[[[35,29.53292],[34.99973,29.53291],[34.99946,29.53288],[34.9992,29.53281],[34.99895,29.53273],[34.99871,29.53262],[34.99848,29.53249],[34.99827,29.53235],[34.99808,29.53218],[34.99791,29.532],[34.99776,29.5318],[34.99764,29.53159],[34.99754,29.53137],[34.99747,29.53114],[34.99743,29.53091],[34.99742,29.53068],[34.99743,29.53044],[34.99747,29.53021],[34.99754,29.52998],[34.99764,29.52976],[34.99776,29.52955],[34.99791,29.52935],[34.99808,29.52917],[34.99827,29.52901],[34.99848,29.52886],[34.99871,29.52873],[34.99895,29.52862],[34.9992,29.52854],[34.99946,29.52848],[34.99973,29.52844],[35,29.52843],[35.00027,29.52844],[35.00054,29.52848],[35.0008,29.52854],[35.00105,29.52862],[35.00129,29.52873],[35.00152,29.52886],[35.00173,29.52901],[35.00192,29.52917],[35.00209,29.52935],[35.00224,29.52955],[35.00236,29.52976],[35.00246,29.52998],[35.00253,29.53021],[35.00257,29.53044],[35.00258,29.53068],[35.00257,29.53091],[35.00253,29.53114],[35.00246,29.53137],[35.00236,29.53159],[35.00224,29.5318],[35.00209,29.532],[35.00192,29.53218],[35.00173,29.53235],[35.00152,29.53249],[35.00129,29.53262],[35.00105,29.53273],[35.0008,29.53281],[35.00054,29.53288],[35.00027,29.53291],[35,29.53292]]],\"type\":\"Polygon\"},\"properties\":{\"id\":\"g622a9b.precision_radius\",\"land_or_water\":\"land\",\"role\":\"precision_radius\"},\"type\":\"Feature\"}],\"metadata\":{\"class\":\"human\",\"geometry_credit\":\"Some data © OpenStreetMap contributors\",\"land_or_water\":\"land\",\"name\":\"Aqaba\",\"type\":\"settlement\"},\"type\":\"FeatureCollection\"}","anotherNames":"Aila, Ayla","koreanName":"아카바","anotherKoreanNames":"아일라, 아일라"},{"id":"mfce9f4","name":"Tell el Kheleifeh","isModern":true,"stereo":"child","description":"An archaeological mound (**Tell**) located near modern **Aqaba**, Jordan. Many scholars consider this site to be a strong candidate for the biblical port cities of **Ezion-geber** or **Elath**, which would be related to the ancient campsite of **Abronah**.","koreanDescription":"요르단의 현대 도시 **아카바** 근처에 위치한 고고학적 언덕(**텔**)\n많은 학자들이 이곳을 성경에 나오는 항구 도시 **에시온-게벨** 또는 **엘랏**의 유력한 후보지로 간주하며, 이는 고대 야영지인 **아브로나**와 관련이 있습니다.","imageTitle":"mfce9f4.satellite.jpg","types":["settlement"],"geojsonText":"{\"features\":[{\"geometry\":{\"coordinates\":[34.980258,29.547181],\"type\":\"Point\"},\"properties\":{\"id\":\"mfce9f4.point\",\"role\":\"point\"},\"type\":\"Feature\"}],\"metadata\":{\"class\":\"human\",\"land_or_water\":\"land\",\"name\":\"Tell el Kheleifeh\",\"type\":\"settlement\"},\"type\":\"FeatureCollection\"}","anotherNames":"Tell el Kalifi","koreanName":"텔 엘 켈레이페","anotherKoreanNames":"텔 엘 칼리피"},{"id":"m6f1b7f","name":"Eilat","isModern":true,"stereo":"child","description":"A modern resort city in **Israel**, located at the northern tip of the Gulf of Aqaba (Red Sea). Its location is in the general area of the biblical ports of **Ezion-geber** and **Elath**, which are near the ancient campsite of **Abronah**.","koreanDescription":"이스라엘의 현대 휴양 도시로, 아카바 만(홍해)의 북쪽 끝에 위치해 있습니다.\n이 지역은 성경에 나오는 항구 도시 **에시온-게벨**과 **엘랏**의 일반적인 위치이며, 고대 야영지 **아브로나**와도 가깝습니다.","imageTitle":"m6f1b7f.i2f34df.jpg","types":["settlement"],"geojsonText":"{\"bbox\":[34.96093,29.56923,34.96611,29.57373],\"features\":[{\"geometry\":{\"coordinates\":[34.96352,29.57148],\"type\":\"Point\"},\"properties\":{\"id\":\"m6f1b7f.point\",\"role\":\"point\"},\"type\":\"Feature\"},{\"geometry\":{\"coordinates\":[[[34.96352,29.57373],[34.96325,29.57372],[34.96298,29.57368],[34.96272,29.57362],[34.96247,29.57353],[34.96223,29.57343],[34.962,29.5733],[34.96179,29.57315],[34.9616,29.57298],[34.96143,29.5728],[34.96128,29.5726],[34.96116,29.57239],[34.96106,29.57217],[34.96099,29.57195],[34.96095,29.57171],[34.96093,29.57148],[34.96095,29.57124],[34.96099,29.57101],[34.96106,29.57079],[34.96116,29.57057],[34.96128,29.57036],[34.96143,29.57016],[34.9616,29.56998],[34.96179,29.56981],[34.962,29.56966],[34.96223,29.56953],[34.96247,29.56943],[34.96272,29.56934],[34.96298,29.56928],[34.96325,29.56924],[34.96352,29.56923],[34.96379,29.56924],[34.96406,29.56928],[34.96432,29.56934],[34.96457,29.56943],[34.96481,29.56953],[34.96504,29.56966],[34.96525,29.56981],[34.96544,29.56998],[34.96561,29.57016],[34.96576,29.57036],[34.96588,29.57057],[34.96598,29.57079],[34.96605,29.57101],[34.96609,29.57124],[34.96611,29.57148],[34.96609,29.57171],[34.96605,29.57195],[34.96598,29.57217],[34.96588,29.57239],[34.96576,29.5726],[34.96561,29.5728],[34.96544,29.57298],[34.96525,29.57315],[34.96504,29.5733],[34.96481,29.57343],[34.96457,29.57353],[34.96432,29.57362],[34.96406,29.57368],[34.96379,29.57372],[34.96352,29.57373]]],\"type\":\"Polygon\"},\"properties\":{\"id\":\"ga2b34a.precision_radius\",\"land_or_water\":\"land\",\"role\":\"precision_radius\"},\"type\":\"Feature\"}],\"metadata\":{\"class\":\"human\",\"land_or_water\":\"land\",\"name\":\"Eilat\",\"type\":\"settlement\"},\"type\":\"FeatureCollection\"}","anotherNames":"Umm al Rashrash, Umm Rashrash","koreanName":"에일랏","anotherKoreanNames":"움 알 라쉬라쉬, 움 라쉬라쉬"},{"id":"m9444bd","name":"Ein Evrona","isModern":true,"stereo":"child","description":"A spring and nature reserve in the **Arava Valley, Israel**, north of Eilat. The name **Evrona** is likely a modern Hebrew preservation of the ancient name **Abronah**, suggesting it is near or the same as the biblical campsite.","koreanDescription":"이스라엘의 **아라바 계곡**, 에일랏 북쪽에 있는 샘과 자연 보호 구역입니다.\n**에브로나**라는 이름은 고대 지명 **아브로나**를 보존한 현대 히브리어 이름일 가능성이 높으며, 성경 속 야영지와 가깝거나 동일한 곳임을 시사합니다.","imageTitle":"m9444bd.i5be641.jpg","types":["spring"],"geojsonText":"{\"features\":[{\"geometry\":{\"coordinates\":[35.013917,29.672913],\"type\":\"Point\"},\"properties\":{\"geometry_credit\":\"osm\",\"id\":\"m9444bd.point\",\"role\":\"point\"},\"type\":\"Feature\"}],\"metadata\":{\"class\":\"natural\",\"land_or_water\":\"water\",\"name\":\"Ein Evrona\",\"type\":\"spring\"},\"type\":\"FeatureCollection\"}","anotherNames":"Ain Defiyeh, Ain ed Dafiyeh, Ain ed Defiyeh, Ain el Deffiyeh, Ein Avrona, Ein ed Dafiya","koreanName":"에인 에브로나","anotherKoreanNames":"아인 데피예, 아인 엣 다피예, 아인 엣 데피예, 아인 엘 데피예, 에인 아브로나, 에인 엣 다피야"},{"id":"mb01d09","name":"Qa’an Naqb","isModern":true,"stereo":"child","description":"A region or pass in the **Wadi el-'Arabah**, which is the valley that connects the Dead Sea to the Gulf of Aqaba. Its location is a possible, though less certain, geographic match for the area where **Abronah** was situated during the Exodus.","koreanDescription":"사해와 아카바 만을 잇는 **와디 엘-아라바** 계곡의 한 지역 또는 고갯길입니다.\n출애굽 당시 **아브로나**가 위치했던 지역과 지리적으로 일치할 가능성이 있지만, 다른 후보지에 비해 확신도가 낮습니다.","imageTitle":"mb01d09.iec0bef.jpg","types":["region"],"geojsonText":"{\"bbox\":[34.796324,29.607168,34.863513,29.634169],\"features\":[{\"geometry\":{\"coordinates\":[34.84979,29.6131],\"type\":\"Point\"},\"properties\":{\"id\":\"mb01d09.representative_point\",\"role\":\"representative_point\"},\"type\":\"Feature\"},{\"geometry\":{\"coordinates\":[[[34.863513,29.607168],[34.862655,29.634169],[34.796324,29.631743],[34.800481,29.609982],[34.863513,29.607168]]],\"type\":\"Polygon\"},\"properties\":{\"id\":\"g7e2afd.geometry\",\"land_or_water\":\"land\",\"role\":\"geometry\"},\"type\":\"Feature\"}],\"metadata\":{\"class\":\"natural\",\"land_or_water\":\"land\",\"name\":\"Qa’an Naqb\",\"type\":\"region\"},\"type\":\"FeatureCollection\"}","anotherNames":"Ka‘a en Nakb","koreanName":"까안 나끄브","anotherKoreanNames":"카아 엔 나크브"},{"id":"m15dbe7","name":"Tell Sheshubar","isModern":true,"stereo":"child","description":"An archaeological mound in modern **Iraq**, potentially associated with the ancient city of **Accad**. Excavations here have yielded administrative tablets from the Akkadian period, supporting its significance during that era.","koreanDescription":"현대 **이라크**에 위치한 고고학적 언덕으로, 고대 도시 **악갓**과 잠재적으로 연관됩니다.\n이곳의 발굴 조사를 통해 아카드 시대의 행정 점토판이 발견되었으며, 이는 그 시대의 중요성을 뒷받침합니다.","imageTitle":"m15dbe7.satellite.jpg","types":["settlement"],"geojsonText":"{\"bbox\":[44.37049,33.00757,44.4134,33.04354],\"features\":[{\"geometry\":{\"coordinates\":[44.391944,33.025556],\"type\":\"Point\"},\"properties\":{\"id\":\"m15dbe7.point\",\"role\":\"point\"},\"type\":\"Feature\"},{\"geometry\":{\"coordinates\":[[[44.39194,33.04354],[44.3897,33.04344],[44.38748,33.04315],[44.38531,33.04266],[44.38322,33.04199],[44.38122,33.04113],[44.37933,33.04011],[44.37759,33.03892],[44.376,33.03759],[44.37459,33.03613],[44.37336,33.03455],[44.37234,33.03287],[44.37154,33.03111],[44.37096,33.02929],[44.37061,33.02743],[44.37049,33.02555],[44.37061,33.02367],[44.37096,33.02181],[44.37154,33.02],[44.37235,33.01824],[44.37337,33.01656],[44.37459,33.01498],[44.376,33.01352],[44.37759,33.01219],[44.37934,33.011],[44.38122,33.00998],[44.38322,33.00912],[44.38532,33.00845],[44.38748,33.00796],[44.3897,33.00767],[44.39194,33.00757],[44.39419,33.00767],[44.3964,33.00796],[44.39857,33.00845],[44.40067,33.00912],[44.40267,33.00998],[44.40455,33.011],[44.4063,33.01219],[44.40788,33.01352],[44.4093,33.01498],[44.41052,33.01656],[44.41154,33.01824],[44.41235,33.02],[44.41293,33.02181],[44.41328,33.02367],[44.4134,33.02555],[44.41328,33.02743],[44.41293,33.02929],[44.41235,33.03111],[44.41154,33.03287],[44.41052,33.03455],[44.4093,33.03613],[44.40789,33.03759],[44.4063,33.03892],[44.40456,33.04011],[44.40267,33.04113],[44.40067,33.04199],[44.39857,33.04266],[44.39641,33.04315],[44.39419,33.04344],[44.39194,33.04354]]],\"type\":\"Polygon\"},\"properties\":{\"id\":\"g7da7a8.precision_radius\",\"land_or_water\":\"land\",\"role\":\"precision_radius\"},\"type\":\"Feature\"}],\"metadata\":{\"class\":\"human\",\"land_or_water\":\"land\",\"name\":\"Tell Sheshubar\",\"type\":\"settlement\"},\"type\":\"FeatureCollection\"}","anotherNames":"Tall al Kharkiyah","koreanName":"텔 셰슈바르","anotherKoreanNames":"탈 알 카르키야"},{"id":"ma3a2f4","name":"Tell ed Der","isModern":true,"stereo":"child","description":"An archaeological mound (ancient Sippar-Amnanum) in modern **Iraq**, located north of Babylon and southwest of Baghdad. It is one of the various sites considered by some scholars as a possible location for the ancient city of **Accad**.","koreanDescription":"현대 **이라크**에 위치한 고고학적 언덕(고대 시파르-암나눔)으로, 바벨론 북쪽과 바그다드 남서쪽에 있습니다.\n일부 학자들은 이곳을 고대 도시 **악갓**의 가능한 위치 중 하나로 고려합니다.","imageTitle":"ma3a2f4.satellite.jpg","types":["settlement"],"geojsonText":"{\"bbox\":[44.294633,33.095011,44.305491,33.10337],\"features\":[{\"geometry\":{\"coordinates\":[44.29833,33.09979],\"type\":\"Point\"},\"properties\":{\"id\":\"ma3a2f4.point\",\"role\":\"point\"},\"type\":\"Feature\"},{\"geometry\":{\"coordinates\":[[[44.295685,33.10337],[44.295277,33.10337],[44.294633,33.102561],[44.294848,33.099667],[44.296586,33.096521],[44.299268,33.095011],[44.305491,33.099092],[44.305319,33.099487],[44.304547,33.100134],[44.295685,33.10337]]],\"type\":\"Polygon\"},\"properties\":{\"id\":\"g31bbd2.local\",\"land_or_water\":\"land\",\"role\":\"local\"},\"type\":\"Feature\"},{\"geometry\":{\"coordinates\":[[[44.29833,33.10024],[44.29827,33.10024],[44.29822,33.10023],[44.29816,33.10022],[44.29811,33.1002],[44.29806,33.10018],[44.29801,33.10015],[44.29797,33.10012],[44.29793,33.10009],[44.2979,33.10005],[44.29787,33.10001],[44.29784,33.09997],[44.29782,33.09993],[44.2978,33.09988],[44.2978,33.09984],[44.29779,33.09979],[44.2978,33.09974],[44.2978,33.0997],[44.29782,33.09965],[44.29784,33.09961],[44.29787,33.09957],[44.2979,33.09953],[44.29793,33.09949],[44.29797,33.09946],[44.29801,33.09943],[44.29806,33.0994],[44.29811,33.09938],[44.29816,33.09936],[44.29822,33.09935],[44.29827,33.09934],[44.29833,33.09934],[44.29839,33.09934],[44.29844,33.09935],[44.2985,33.09936],[44.29855,33.09938],[44.2986,33.0994],[44.29865,33.09943],[44.29869,33.09946],[44.29873,33.09949],[44.29876,33.09953],[44.29879,33.09957],[44.29882,33.09961],[44.29884,33.09965],[44.29886,33.0997],[44.29886,33.09974],[44.29887,33.09979],[44.29886,33.09984],[44.29886,33.09988],[44.29884,33.09993],[44.29882,33.09997],[44.29879,33.10001],[44.29876,33.10005],[44.29873,33.10009],[44.29869,33.10012],[44.29865,33.10015],[44.2986,33.10018],[44.29855,33.1002],[44.2985,33.10022],[44.29844,33.10023],[44.29839,33.10024],[44.29833,33.10024]]],\"type\":\"Polygon\"},\"properties\":{\"id\":\"g3915af.precision_radius\",\"land_or_water\":\"land\",\"role\":\"precision_radius\"},\"type\":\"Feature\"}],\"metadata\":{\"class\":\"human\",\"geometry_credit\":\"Some data © OpenStreetMap contributors\",\"land_or_water\":\"land\",\"name\":\"Tell ed Der\",\"type\":\"settlement\"},\"type\":\"FeatureCollection\"}","anotherNames":"Tell Der","koreanName":"텔 엣 데르","anotherKoreanNames":"텔 데르"},{"id":"md561de","name":"Babylon","isModern":true,"stereo":"child","description":"The capital of the ancient Babylonian empire, located in modern **Iraq**, south of Baghdad. While a major city in its own right, its general location is sometimes included among the possible broader areas for the ancient city of **Accad**.","koreanDescription":"고대 바빌로니아 제국의 수도로, 현대 **이라크** 바그다드 남쪽에 위치합니다.\n그 자체로 주요 도시였으나, 그 일반적인 위치가 고대 도시 **악갓**의 가능한 광범위한 지역 중 하나로 때때로 포함되기도 합니다.","imageTitle":"md561de.i10cc45.jpg","types":["settlement"],"geojsonText":"{\"bbox\":[44.419699,32.541421,44.422976,32.543333],\"features\":[{\"geometry\":{\"coordinates\":[44.422222,32.543333],\"type\":\"Point\"},\"properties\":{\"id\":\"md561de.point\",\"role\":\"point\"},\"type\":\"Feature\"},{\"geometry\":{\"coordinates\":[[[44.419723,32.5426],[44.419699,32.541421],[44.422976,32.541626],[44.422488,32.543306],[44.419723,32.5426]]],\"type\":\"Polygon\"},\"properties\":{\"id\":\"g416b19.local\",\"land_or_water\":\"land\",\"role\":\"local\"},\"type\":\"Feature\"}],\"metadata\":{\"class\":\"human\",\"geometry_credit\":\"Some data © OpenStreetMap contributors\",\"land_or_water\":\"land\",\"name\":\"Babylon\",\"type\":\"settlement\"},\"type\":\"FeatureCollection\"}","anotherNames":null,"koreanName":"바빌론","anotherKoreanNames":null},{"id":"m49c3d8","name":"Dhuluiya","isModern":true,"stereo":"child","description":"A modern town in the **Saladin Governorate, Iraq**, north of Baghdad. This area is within the larger region where the ancient city of **Accad** is sought by archaeologists.","koreanDescription":"이라크 바그다드 북쪽에 있는 **살라딘 주**의 현대 도시입니다.\n이 지역은 고고학자들이 고대 도시 **악갓**을 찾는 광범위한 지역 내에 속합니다.","imageTitle":"m49c3d8.ifb6317.jpg","types":["settlement"],"geojsonText":"{\"bbox\":[44.22213,34.03058,44.22755,34.03508],\"features\":[{\"geometry\":{\"coordinates\":[44.22484,34.03283],\"type\":\"Point\"},\"properties\":{\"id\":\"m49c3d8.point\",\"role\":\"point\"},\"type\":\"Feature\"},{\"geometry\":{\"coordinates\":[[[44.22484,34.03508],[44.22456,34.03507],[44.22428,34.03503],[44.224,34.03497],[44.22374,34.03488],[44.22348,34.03478],[44.22325,34.03465],[44.22302,34.0345],[44.22282,34.03433],[44.22265,34.03415],[44.22249,34.03395],[44.22236,34.03374],[44.22226,34.03352],[44.22219,34.0333],[44.22214,34.03306],[44.22213,34.03283],[44.22214,34.03259],[44.22219,34.03236],[44.22226,34.03214],[44.22236,34.03192],[44.22249,34.03171],[44.22265,34.03151],[44.22282,34.03133],[44.22302,34.03116],[44.22325,34.03101],[44.22348,34.03088],[44.22374,34.03078],[44.224,34.03069],[44.22428,34.03063],[44.22456,34.03059],[44.22484,34.03058],[44.22512,34.03059],[44.2254,34.03063],[44.22568,34.03069],[44.22594,34.03078],[44.2262,34.03088],[44.22643,34.03101],[44.22666,34.03116],[44.22686,34.03133],[44.22703,34.03151],[44.22719,34.03171],[44.22732,34.03192],[44.22742,34.03214],[44.22749,34.03236],[44.22754,34.03259],[44.22755,34.03283],[44.22754,34.03306],[44.22749,34.0333],[44.22742,34.03352],[44.22732,34.03374],[44.22719,34.03395],[44.22703,34.03415],[44.22686,34.03433],[44.22666,34.0345],[44.22643,34.03465],[44.2262,34.03478],[44.22594,34.03488],[44.22568,34.03497],[44.2254,34.03503],[44.22512,34.03507],[44.22484,34.03508]]],\"type\":\"Polygon\"},\"properties\":{\"id\":\"g47d122.precision_radius\",\"land_or_water\":\"land\",\"role\":\"precision_radius\"},\"type\":\"Feature\"}],\"metadata\":{\"class\":\"human\",\"land_or_water\":\"land\",\"name\":\"Dhuluiya\",\"type\":\"settlement\"},\"type\":\"FeatureCollection\"}","anotherNames":null,"koreanName":"둘루이야","anotherKoreanNames":null},{"id":"mdbead2","name":"Ishan Mizyad","isModern":true,"stereo":"child","description":"A large archaeological mound (**Tell**) in modern **Iraq**, located near the ancient city of Kish. Some scholars suggest this site might be related to or the location of the ancient city of **Accad**.","koreanDescription":"현대 **이라크**에 위치한 큰 고고학적 언덕(**텔**)으로, 고대 도시 **기스** 근처에 있습니다.\n일부 학자들은 이 유적이 고대 도시 **악갓**과 관련이 있거나 그 위치일 수 있다고 제안합니다.","imageTitle":"mdbead2.ie7d2c2.jpg","types":["settlement"],"geojsonText":"{\"bbox\":[44.553313,32.588729,44.558643,32.596999],\"features\":[{\"geometry\":{\"coordinates\":[44.555928,32.591302],\"type\":\"Point\"},\"properties\":{\"geometry_credit\":\"osm\",\"id\":\"mdbead2.point\",\"role\":\"point\"},\"type\":\"Feature\"},{\"geometry\":{\"coordinates\":[[[44.554643,32.588748],[44.555905,32.588729],[44.55692,32.588995],[44.55802,32.592248],[44.558351,32.593519],[44.558643,32.595003],[44.558482,32.595664],[44.557751,32.596344],[44.556828,32.596973],[44.556366,32.596999],[44.555143,32.596727],[44.554089,32.596616],[44.553313,32.596545],[44.553797,32.593758],[44.554643,32.588748]]],\"type\":\"Polygon\"},\"properties\":{\"id\":\"g2bb530.local\",\"land_or_water\":\"land\",\"role\":\"local\"},\"type\":\"Feature\"}],\"metadata\":{\"class\":\"human\",\"geometry_credit\":\"Some data © OpenStreetMap contributors\",\"land_or_water\":\"land\",\"name\":\"Ishan Mizyad\",\"type\":\"settlement\"},\"type\":\"FeatureCollection\"}","anotherNames":null,"koreanName":"이샨 미즈야드","anotherKoreanNames":null},{"id":"m8970e8","name":"Qadisiyah","isModern":true,"stereo":"child","description":"A historical city in southern **Mesopotamia**, now in modern **Iraq**. Its location is sometimes included among the possible candidate sites for the ancient city of **Accad**.","koreanDescription":"남부 **메소포타미아**, 현재 **이라크**에 있는 역사적인 도시입니다.\n이곳의 위치는 때때로 고대 도시 **악갓**의 가능한 후보지 중 하나로 포함되기도 합니다.","imageTitle":"m8970e8.satellite.jpg","types":["settlement"],"geojsonText":"{\"bbox\":[43.9591,34.09503,43.96019,34.09592],\"features\":[{\"geometry\":{\"coordinates\":[43.959646,34.095475],\"type\":\"Point\"},\"properties\":{\"id\":\"m8970e8.point\",\"role\":\"point\"},\"type\":\"Feature\"},{\"geometry\":{\"coordinates\":[[[43.95965,34.09592],[43.95959,34.09592],[43.95953,34.09591],[43.95948,34.0959],[43.95943,34.09589],[43.95937,34.09586],[43.95933,34.09584],[43.95928,34.09581],[43.95924,34.09578],[43.95921,34.09574],[43.95918,34.0957],[43.95915,34.09566],[43.95913,34.09561],[43.95911,34.09557],[43.95911,34.09552],[43.9591,34.09547],[43.95911,34.09543],[43.95911,34.09538],[43.95913,34.09534],[43.95915,34.09529],[43.95918,34.09525],[43.95921,34.09521],[43.95924,34.09517],[43.95928,34.09514],[43.95933,34.09511],[43.95937,34.09509],[43.95943,34.09506],[43.95948,34.09505],[43.95953,34.09504],[43.95959,34.09503],[43.95965,34.09503],[43.9597,34.09503],[43.95976,34.09504],[43.95981,34.09505],[43.95987,34.09506],[43.95992,34.09509],[43.95997,34.09511],[43.96001,34.09514],[43.96005,34.09517],[43.96009,34.09521],[43.96012,34.09525],[43.96014,34.09529],[43.96016,34.09534],[43.96018,34.09538],[43.96019,34.09543],[43.96019,34.09547],[43.96019,34.09552],[43.96018,34.09557],[43.96016,34.09561],[43.96014,34.09566],[43.96012,34.0957],[43.96009,34.09574],[43.96005,34.09578],[43.96001,34.09581],[43.95997,34.09584],[43.95992,34.09586],[43.95987,34.09589],[43.95981,34.0959],[43.95976,34.09591],[43.9597,34.09592],[43.95965,34.09592]]],\"type\":\"Polygon\"},\"properties\":{\"id\":\"g7516a2.precision_radius\",\"land_or_water\":\"land\",\"role\":\"precision_radius\"},\"type\":\"Feature\"}],\"metadata\":{\"class\":\"human\",\"land_or_water\":\"land\",\"name\":\"Qadisiyah\",\"type\":\"settlement\"},\"type\":\"FeatureCollection\"}","anotherNames":"Kharaib el Qadisiya","koreanName":"카디시야","anotherKoreanNames":"카라이브 엘 카디시야"},{"id":"m310ad8","name":"Tell Muhammad","isModern":true,"stereo":"child","description":"An archaeological site on the southeastern outskirts of modern **Baghdad, Iraq**. It is one of the many sites archaeologists investigate in the search for the capital city of **Accad**.","koreanDescription":"현대 **이라크 바그다드**의 남동쪽 외곽에 있는 고고학 유적지입니다.\n이곳은 고고학자들이 수도 **악갓**을 찾기 위해 조사하는 여러 유적지 중 하나입니다.","imageTitle":"m310ad8.satellite.jpg","types":["settlement"],"geojsonText":"{\"bbox\":[44.466745,33.299745,44.469406,33.301717],\"features\":[{\"geometry\":{\"coordinates\":[44.468205,33.300568],\"type\":\"Point\"},\"properties\":{\"id\":\"m310ad8.point\",\"role\":\"point\"},\"type\":\"Feature\"},{\"geometry\":{\"coordinates\":[[[44.467539,33.299942],[44.467861,33.299745],[44.469277,33.299942],[44.469406,33.300139],[44.469256,33.300731],[44.469041,33.301126],[44.468505,33.301538],[44.467968,33.301699],[44.467561,33.301717],[44.467153,33.301664],[44.466874,33.301466],[44.46681,33.301305],[44.466745,33.301126],[44.466896,33.300803],[44.467539,33.299942]]],\"type\":\"Polygon\"},\"properties\":{\"id\":\"gcb2e8a.local\",\"land_or_water\":\"land\",\"role\":\"local\"},\"type\":\"Feature\"},{\"geometry\":{\"coordinates\":[[[44.46821,33.30102],[44.46815,33.30102],[44.46809,33.30101],[44.46804,33.301],[44.46799,33.30098],[44.46794,33.30096],[44.46789,33.30093],[44.46785,33.3009],[44.46781,33.30087],[44.46777,33.30083],[44.46774,33.30079],[44.46771,33.30075],[44.46769,33.30071],[44.46768,33.30066],[44.46767,33.30062],[44.46767,33.30057],[44.46767,33.30052],[44.46768,33.30047],[44.46769,33.30043],[44.46771,33.30039],[44.46774,33.30034],[44.46777,33.3003],[44.46781,33.30027],[44.46785,33.30023],[44.46789,33.3002],[44.46794,33.30018],[44.46799,33.30016],[44.46804,33.30014],[44.46809,33.30013],[44.46815,33.30012],[44.46821,33.30012],[44.46826,33.30012],[44.46832,33.30013],[44.46837,33.30014],[44.46842,33.30016],[44.46847,33.30018],[44.46852,33.3002],[44.46856,33.30023],[44.4686,33.30027],[44.46864,33.3003],[44.46867,33.30034],[44.4687,33.30039],[44.46872,33.30043],[44.46873,33.30047],[44.46874,33.30052],[44.46874,33.30057],[44.46874,33.30062],[44.46873,33.30066],[44.46872,33.30071],[44.4687,33.30075],[44.46867,33.30079],[44.46864,33.30083],[44.4686,33.30087],[44.46856,33.3009],[44.46852,33.30093],[44.46847,33.30096],[44.46842,33.30098],[44.46837,33.301],[44.46832,33.30101],[44.46826,33.30102],[44.46821,33.30102]]],\"type\":\"Polygon\"},\"properties\":{\"id\":\"gd90099.precision_radius\",\"land_or_water\":\"land\",\"role\":\"precision_radius\"},\"type\":\"Feature\"}],\"metadata\":{\"class\":\"human\",\"geometry_credit\":\"Some data © OpenStreetMap contributors\",\"land_or_water\":\"land\",\"name\":\"Tell Muhammad\",\"type\":\"settlement\"},\"type\":\"FeatureCollection\"}","anotherNames":null,"koreanName":"텔 무함마드","anotherKoreanNames":null},{"id":"mac4103","name":"Tel Akko","isModern":true,"stereo":"child","description":"An archaeological mound (**Tell**) and modern city (**Acre/Akko**) on the Mediterranean coast of **Israel**. This site is universally identified as the biblical city of **Acco**.","koreanDescription":"이스라엘 지중해 연안에 있는 고고학적 언덕(**텔**)이자 현대 도시(**아크레/악고**)입니다.\n이곳은 성경에 나오는 도시 **악고**로 확실하게 확인되는 장소입니다.","imageTitle":"mac4103.i7374b3.jpg","types":["settlement"],"geojsonText":"{\"bbox\":[35.084578,32.918685,35.091564,32.923198],\"features\":[{\"geometry\":{\"coordinates\":[35.088333,32.921111],\"type\":\"Point\"},\"properties\":{\"id\":\"mac4103.point\",\"role\":\"point\"},\"type\":\"Feature\"},{\"geometry\":{\"coordinates\":[[[35.087612,32.923118],[35.086859,32.923156],[35.085949,32.923198],[35.085549,32.923016],[35.085204,32.922605],[35.08515,32.921936],[35.084578,32.92143],[35.084637,32.920494],[35.08486,32.920139],[35.086401,32.919257],[35.087976,32.918685],[35.088216,32.919203],[35.08885,32.919021],[35.089031,32.919039],[35.089288,32.919072],[35.090112,32.919185],[35.090829,32.921117],[35.091564,32.921113],[35.091533,32.92154],[35.08929,32.922554],[35.088286,32.922965],[35.087612,32.923118]]],\"type\":\"Polygon\"},\"properties\":{\"id\":\"g39eaf9.local\",\"land_or_water\":\"land\",\"role\":\"local\"},\"type\":\"Feature\"}],\"metadata\":{\"class\":\"human\",\"geometry_credit\":\"Some data © OpenStreetMap contributors\",\"land_or_water\":\"land\",\"name\":\"Tel Akko\",\"type\":\"settlement\"},\"type\":\"FeatureCollection\"}","anotherNames":"Tell el Fukhar, Tell el Fukhkhar","koreanName":"텔 악고","anotherKoreanNames":"텔 엘 푸카르, 텔 엘 푸카르"},{"id":"m402935","name":"Achaia (ancient name)","isModern":true,"stereo":"child","description":"The modern regional unit of **Achaea** in Greece, which largely corresponds to the area of the ancient Roman province of **Achaia**. It is located on the northern coast of the Peloponnese.","koreanDescription":"그리스의 현대 행정 구역인 **아카이아 주**로, 고대 로마 속주 **아가야** 지역과 상당 부분 일치합니다.\n펠로폰네소스 반도의 북부 해안에 위치합니다.","imageTitle":"m402935.i5e172a.jpg","types":["region"],"geojsonText":"{\"bbox\":[19.193036,35.974715,25.863498,40.524494],\"features\":[{\"geometry\":{\"coordinates\":[22.54,38.72],\"type\":\"Point\"},\"properties\":{\"id\":\"m402935.representative_point\",\"role\":\"representative_point\"},\"type\":\"Feature\"},{\"geometry\":{\"coordinates\":[[[19.193036,40.524494],[19.465886,39.638205],[20.205498,38.239651],[20.587262,37.733004],[21.557106,36.704092],[23.033584,35.974715],[25.207026,36.532457],[25.863498,36.940073],[25.655728,37.488102],[24.558979,39.405269],[23.010537,39.723406],[21.830035,39.713948],[21.108384,40.141021],[20.516028,40.134024],[19.193036,40.524494]]],\"type\":\"Polygon\"},\"properties\":{\"id\":\"g6b9f35.geometry\",\"land_or_water\":\"land\",\"role\":\"geometry\"},\"type\":\"Feature\"}],\"metadata\":{\"class\":\"human\",\"land_or_water\":\"land\",\"name\":\"Achaia\",\"type\":\"region\"},\"type\":\"FeatureCollection\"}","anotherNames":null,"koreanName":"아가야 (고대 지명)","anotherKoreanNames":null},{"id":"md7c132","name":"Tel Regev","isModern":true,"stereo":"child","description":"An archaeological mound (**Tell**) in the Acre Plain of **Israel**, southeast of modern Acre. This site is considered by some scholars as one of the possible locations for the biblical city of **Achshaph**.","koreanDescription":"이스라엘 **악고 평야**, 현대 악고의 남동쪽에 있는 고고학적 언덕(**텔**)입니다.\n일부 학자들은 이 유적을 성경에 나오는 도시 **악삽**의 가능한 위치 중 하나로 간주합니다.","imageTitle":"md7c132.i2e928d.jpg","types":["settlement"],"geojsonText":"{\"bbox\":[35.08974,32.7584,35.0908,32.7593],\"features\":[{\"geometry\":{\"coordinates\":[35.09027,32.75885],\"type\":\"Point\"},\"properties\":{\"id\":\"md7c132.point\",\"role\":\"point\"},\"type\":\"Feature\"},{\"geometry\":{\"coordinates\":[[[35.09027,32.7593],[35.09021,32.7593],[35.09016,32.75929],[35.0901,32.75928],[35.09005,32.75926],[35.09,32.75924],[35.08996,32.75921],[35.08991,32.75918],[35.08987,32.75915],[35.08984,32.75911],[35.08981,32.75907],[35.08978,32.75903],[35.08976,32.75899],[35.08975,32.75894],[35.08974,32.7589],[35.08974,32.75885],[35.08974,32.7588],[35.08975,32.75876],[35.08976,32.75871],[35.08978,32.75867],[35.08981,32.75863],[35.08984,32.75859],[35.08987,32.75855],[35.08991,32.75852],[35.08996,32.75849],[35.09,32.75846],[35.09005,32.75844],[35.0901,32.75842],[35.09016,32.75841],[35.09021,32.7584],[35.09027,32.7584],[35.09033,32.7584],[35.09038,32.75841],[35.09044,32.75842],[35.09049,32.75844],[35.09054,32.75846],[35.09058,32.75849],[35.09063,32.75852],[35.09067,32.75855],[35.0907,32.75859],[35.09073,32.75863],[35.09076,32.75867],[35.09078,32.75871],[35.09079,32.75876],[35.0908,32.7588],[35.0908,32.75885],[35.0908,32.7589],[35.09079,32.75894],[35.09078,32.75899],[35.09076,32.75903],[35.09073,32.75907],[35.0907,32.75911],[35.09067,32.75915],[35.09063,32.75918],[35.09058,32.75921],[35.09054,32.75924],[35.09049,32.75926],[35.09044,32.75928],[35.09038,32.75929],[35.09033,32.7593],[35.09027,32.7593]]],\"type\":\"Polygon\"},\"properties\":{\"id\":\"ga2dbed.precision_radius\",\"land_or_water\":\"land\",\"role\":\"precision_radius\"},\"type\":\"Feature\"}],\"metadata\":{\"class\":\"human\",\"land_or_water\":\"land\",\"name\":\"Tel Regev\",\"type\":\"settlement\"},\"type\":\"FeatureCollection\"}","anotherNames":"El Harbaj, Khirbet el Harbaj, Tell el Harbaj, Tell Harbaj","koreanName":"텔 레게브","anotherKoreanNames":"엘 하르바즈, 키르벳 엘 하르바즈, 텔 엘 하르바즈, 텔 하르바즈"},{"id":"m46be7f","name":"Tell Keisan","isModern":true,"stereo":"child","description":"An archaeological mound (**Tell**) in the Acre Plain of **Israel**. This site is one of the leading candidates for the location of the biblical city of **Achshaph**.","koreanDescription":"이스라엘 **악고 평야**에 있는 고고학적 언덕(**텔**)입니다.\n이 유적은 성경에 나오는 도시 **악삽**의 위치로 유력하게 추정되는 후보지 중 하나입니다.","imageTitle":"m46be7f.i620315.jpg","types":["settlement"],"geojsonText":"{\"bbox\":[35.15079,32.87231,35.15187,32.87321],\"features\":[{\"geometry\":{\"coordinates\":[35.15133,32.872761],\"type\":\"Point\"},\"properties\":{\"id\":\"m46be7f.point\",\"role\":\"point\"},\"type\":\"Feature\"},{\"geometry\":{\"coordinates\":[[[35.15133,32.87321],[35.15127,32.87321],[35.15122,32.8732],[35.15116,32.87319],[35.15111,32.87317],[35.15106,32.87315],[35.15102,32.87312],[35.15097,32.8731],[35.15093,32.87306],[35.1509,32.87303],[35.15087,32.87299],[35.15084,32.87294],[35.15082,32.8729],[35.15081,32.87285],[35.1508,32.87281],[35.15079,32.87276],[35.1508,32.87271],[35.15081,32.87267],[35.15082,32.87262],[35.15084,32.87258],[35.15087,32.87254],[35.1509,32.8725],[35.15093,32.87246],[35.15097,32.87243],[35.15102,32.8724],[35.15106,32.87237],[35.15111,32.87235],[35.15116,32.87233],[35.15122,32.87232],[35.15127,32.87231],[35.15133,32.87231],[35.15139,32.87231],[35.15144,32.87232],[35.1515,32.87233],[35.15155,32.87235],[35.1516,32.87237],[35.15164,32.8724],[35.15169,32.87243],[35.15173,32.87246],[35.15176,32.8725],[35.15179,32.87254],[35.15182,32.87258],[35.15184,32.87262],[35.15185,32.87267],[35.15186,32.87271],[35.15187,32.87276],[35.15186,32.87281],[35.15185,32.87285],[35.15184,32.8729],[35.15182,32.87294],[35.15179,32.87299],[35.15176,32.87303],[35.15173,32.87306],[35.15169,32.8731],[35.15164,32.87312],[35.1516,32.87315],[35.15155,32.87317],[35.1515,32.87319],[35.15144,32.8732],[35.15139,32.87321],[35.15133,32.87321]]],\"type\":\"Polygon\"},\"properties\":{\"id\":\"g2ac235.precision_radius\",\"land_or_water\":\"land\",\"role\":\"precision_radius\"},\"type\":\"Feature\"}],\"metadata\":{\"class\":\"human\",\"land_or_water\":\"land\",\"name\":\"Tell Keisan\",\"type\":\"settlement\"},\"type\":\"FeatureCollection\"}","anotherNames":"Tel Kison, Tell Kisan","koreanName":"텔 케이산","anotherKoreanNames":"텔 키손, 텔 키산"},{"id":"m0cfe50","name":"Tell Bir el Gharbi","isModern":true,"stereo":"child","description":"An archaeological mound (**Tell**) in the Acre Plain of **Israel**. This site is considered a less probable, but possible, location for the biblical city of **Achshaph**.","koreanDescription":"이스라엘 **악고 평야**에 있는 고고학적 언덕(**텔**)입니다.\n이 유적은 성경에 나오는 도시 **악삽**의 위치로 가능성이 있지만, 다른 후보지에 비해 추정도가 낮습니다.","imageTitle":"m0cfe50.i02c41a.jpg","types":["settlement"],"geojsonText":"{\"bbox\":[35.16891,32.90094,35.16998,32.90184],\"features\":[{\"geometry\":{\"coordinates\":[35.169444,32.901389],\"type\":\"Point\"},\"properties\":{\"id\":\"m0cfe50.point\",\"role\":\"point\"},\"type\":\"Feature\"},{\"geometry\":{\"coordinates\":[[[35.16944,32.90184],[35.16939,32.90184],[35.16933,32.90183],[35.16928,32.90182],[35.16923,32.9018],[35.16918,32.90178],[35.16913,32.90175],[35.16909,32.90172],[35.16905,32.90169],[35.16901,32.90165],[35.16898,32.90161],[35.16895,32.90157],[35.16893,32.90153],[35.16892,32.90148],[35.16891,32.90144],[35.16891,32.90139],[35.16891,32.90134],[35.16892,32.9013],[35.16893,32.90125],[35.16895,32.90121],[35.16898,32.90116],[35.16901,32.90112],[35.16905,32.90109],[35.16909,32.90105],[35.16913,32.90103],[35.16918,32.901],[35.16923,32.90098],[35.16928,32.90096],[35.16933,32.90095],[35.16939,32.90094],[35.16944,32.90094],[35.1695,32.90094],[35.16956,32.90095],[35.16961,32.90096],[35.16966,32.90098],[35.16971,32.901],[35.16976,32.90103],[35.1698,32.90105],[35.16984,32.90109],[35.16988,32.90112],[35.16991,32.90116],[35.16993,32.90121],[35.16995,32.90125],[35.16997,32.9013],[35.16998,32.90134],[35.16998,32.90139],[35.16998,32.90144],[35.16997,32.90148],[35.16995,32.90153],[35.16993,32.90157],[35.16991,32.90161],[35.16988,32.90165],[35.16984,32.90169],[35.1698,32.90172],[35.16976,32.90175],[35.16971,32.90178],[35.16966,32.9018],[35.16961,32.90182],[35.16956,32.90183],[35.1695,32.90184],[35.16944,32.90184]]],\"type\":\"Polygon\"},\"properties\":{\"id\":\"g0b1cd3.precision_radius\",\"land_or_water\":\"land\",\"role\":\"precision_radius\"},\"type\":\"Feature\"}],\"metadata\":{\"class\":\"human\",\"land_or_water\":\"land\",\"name\":\"Tell Bir el Gharbi\",\"type\":\"settlement\"},\"type\":\"FeatureCollection\"}","anotherNames":"Tel Bira, Tell Berweh, Tell Bira, Tell Birwe, Tell Birweh, Tell el Bir el Gharbi, Tell el Gharb, Tel Yasur","koreanName":"텔 비르 엘 가르비","anotherKoreanNames":"텔 비라, 텔 베르웨, 텔 비라, 텔 비르웨, 텔 비르웨, 텔 엘 비르 엘 가르비, 텔 엘 가르브, 텔 야수르"},{"id":"mc40778","name":"Tel Kabri","isModern":true,"stereo":"child","description":"A large archaeological mound (**Tel**) in the western Galilee of **Israel**, near Nahariya. It is a potential candidate for the biblical city of **Achshaph**.","koreanDescription":"이스라엘 서부 갈릴리, 나하리야 근처에 있는 큰 고고학적 언덕(**텔**)입니다.\n성경에 나오는 도시 **악삽**의 잠재적인 후보지 중 하나입니다.","imageTitle":"mc40778.i5cbb52.jpg","types":["settlement"],"geojsonText":"{\"bbox\":[35.13856,33.00795,35.141612,33.009861],\"features\":[{\"geometry\":{\"coordinates\":[35.1391,33.0084],\"type\":\"Point\"},\"properties\":{\"id\":\"mc40778.point\",\"role\":\"point\"},\"type\":\"Feature\"},{\"geometry\":{\"coordinates\":[[[35.139854,33.009574],[35.140186,33.008415],[35.141612,33.008702],[35.141279,33.009861],[35.139854,33.009574]]],\"type\":\"Polygon\"},\"properties\":{\"id\":\"gdf1133.local\",\"land_or_water\":\"land\",\"role\":\"local\"},\"type\":\"Feature\"},{\"geometry\":{\"coordinates\":[[[35.1391,33.00885],[35.13904,33.00885],[35.13899,33.00884],[35.13893,33.00883],[35.13888,33.00881],[35.13883,33.00879],[35.13878,33.00876],[35.13874,33.00873],[35.1387,33.0087],[35.13867,33.00866],[35.13864,33.00862],[35.13861,33.00858],[35.13859,33.00854],[35.13858,33.00849],[35.13857,33.00845],[35.13856,33.0084],[35.13857,33.00835],[35.13858,33.00831],[35.13859,33.00826],[35.13861,33.00822],[35.13864,33.00818],[35.13867,33.00814],[35.1387,33.0081],[35.13874,33.00807],[35.13878,33.00804],[35.13883,33.00801],[35.13888,33.00799],[35.13893,33.00797],[35.13899,33.00796],[35.13904,33.00795],[35.1391,33.00795],[35.13916,33.00795],[35.13921,33.00796],[35.13927,33.00797],[35.13932,33.00799],[35.13937,33.00801],[35.13942,33.00804],[35.13946,33.00807],[35.1395,33.0081],[35.13953,33.00814],[35.13956,33.00818],[35.13959,33.00822],[35.13961,33.00826],[35.13962,33.00831],[35.13963,33.00835],[35.13964,33.0084],[35.13963,33.00845],[35.13962,33.00849],[35.13961,33.00854],[35.13959,33.00858],[35.13956,33.00862],[35.13953,33.00866],[35.1395,33.0087],[35.13946,33.00873],[35.13942,33.00876],[35.13937,33.00879],[35.13932,33.00881],[35.13927,33.00883],[35.13921,33.00884],[35.13916,33.00885],[35.1391,33.00885]]],\"type\":\"Polygon\"},\"properties\":{\"id\":\"gf9c7b3.precision_radius\",\"land_or_water\":\"land\",\"role\":\"precision_radius\"},\"type\":\"Feature\"}],\"metadata\":{\"class\":\"human\",\"geometry_credit\":\"Some data © OpenStreetMap contributors\",\"land_or_water\":\"land\",\"name\":\"Tel Kabri\",\"type\":\"settlement\"},\"type\":\"FeatureCollection\"}","anotherNames":"Et Tell","koreanName":"텔 카브리","anotherKoreanNames":"엣 텔"},{"id":"m7d8664","name":"Tel el Beida","isModern":true,"stereo":"child","description":"An archaeological mound (**Tel**) in the Shephelah (lowlands) of **Israel**, northwest of Lachish. This site is the most likely identification for the biblical city of **Achzib 1** (in Judah).","koreanDescription":"이스라엘 쉐펠라(평지), 라기스 북서쪽에 있는 고고학적 언덕(**텔**)입니다.\n이 유적은 성경에 나오는 도시 **악십 1** (유다의)의 가장 유력한 위치로 확인됩니다.","imageTitle":"m7d8664.if402e0.jpg","types":["settlement"],"geojsonText":"{\"bbox\":[34.95249,31.64162,34.95355,31.64252],\"features\":[{\"geometry\":{\"coordinates\":[34.953019,31.642074],\"type\":\"Point\"},\"properties\":{\"id\":\"m7d8664.point\",\"role\":\"point\"},\"type\":\"Feature\"},{\"geometry\":{\"coordinates\":[[[34.95302,31.64252],[34.95296,31.64252],[34.95291,31.64251],[34.95286,31.6425],[34.9528,31.64248],[34.95275,31.64246],[34.95271,31.64244],[34.95267,31.64241],[34.95263,31.64237],[34.95259,31.64234],[34.95256,31.6423],[34.95254,31.64226],[34.95252,31.64221],[34.9525,31.64217],[34.95249,31.64212],[34.95249,31.64207],[34.95249,31.64203],[34.9525,31.64198],[34.95252,31.64194],[34.95254,31.64189],[34.95256,31.64185],[34.95259,31.64181],[34.95263,31.64177],[34.95267,31.64174],[34.95271,31.64171],[34.95275,31.64168],[34.9528,31.64166],[34.95286,31.64165],[34.95291,31.64163],[34.95296,31.64163],[34.95302,31.64162],[34.95307,31.64163],[34.95313,31.64163],[34.95318,31.64165],[34.95323,31.64166],[34.95328,31.64168],[34.95333,31.64171],[34.95337,31.64174],[34.95341,31.64177],[34.95345,31.64181],[34.95348,31.64185],[34.9535,31.64189],[34.95352,31.64194],[34.95354,31.64198],[34.95354,31.64203],[34.95355,31.64207],[34.95354,31.64212],[34.95354,31.64217],[34.95352,31.64221],[34.9535,31.64226],[34.95348,31.6423],[34.95345,31.64234],[34.95341,31.64237],[34.95337,31.64241],[34.95333,31.64244],[34.95328,31.64246],[34.95323,31.64248],[34.95318,31.6425],[34.95313,31.64251],[34.95307,31.64252],[34.95302,31.64252]]],\"type\":\"Polygon\"},\"properties\":{\"id\":\"g958127.precision_radius\",\"land_or_water\":\"land\",\"role\":\"precision_radius\"},\"type\":\"Feature\"}],\"metadata\":{\"class\":\"human\",\"land_or_water\":\"land\",\"name\":\"Tel el Beida\",\"type\":\"settlement\"},\"type\":\"FeatureCollection\"}","anotherNames":"Horbat Lavnin, Hurvat Levnin, Hurvat Libnah, Khirbet Labnin, Khirbet Tell el Beida, Tell el Beidai","koreanName":"텔 엘 베이다","anotherKoreanNames":"호르밧 라브닌, 후르밧 레브닌, 후르밧 립나, 키르벳 라브닌, 키르벳 텔 엘 베이다, 텔 엘 베이다이"},{"id":"mec0b4d","name":"Ain Kezbeh","isModern":true,"stereo":"child","description":"A site in the Shephelah (lowlands) of **Israel**, identified by some scholars with the biblical town of **Chezib** (Genesis 38:5), which is often equated with **Achzib 1** (in Judah).","koreanDescription":"이스라엘 쉐펠라(평지) 지역의 한 유적지로, 일부 학자들은 성경의 **그십** (창세기 38:5)과 동일시하며, 이는 종종 **악십 1** (유다의)과 동일하게 여겨집니다.","imageTitle":"mec0b4d.satellite.jpg","types":["settlement"],"geojsonText":"{\"bbox\":[35.00307,31.68995,35.00349,31.69031],\"features\":[{\"geometry\":{\"coordinates\":[35.003282,31.690129],\"type\":\"Point\"},\"properties\":{\"geometry_credit\":\"osm\",\"id\":\"mec0b4d.point\",\"role\":\"point\"},\"type\":\"Feature\"},{\"geometry\":{\"coordinates\":[[[35.00328,31.69031],[35.00326,31.69031],[35.00324,31.6903],[35.00322,31.6903],[35.0032,31.69029],[35.00318,31.69028],[35.00316,31.69027],[35.00314,31.69026],[35.00312,31.69025],[35.00311,31.69023],[35.0031,31.69022],[35.00309,31.6902],[35.00308,31.69018],[35.00308,31.69017],[35.00307,31.69015],[35.00307,31.69013],[35.00307,31.69011],[35.00308,31.69009],[35.00308,31.69007],[35.00309,31.69006],[35.0031,31.69004],[35.00311,31.69002],[35.00312,31.69001],[35.00314,31.69],[35.00316,31.68998],[35.00318,31.68997],[35.0032,31.68996],[35.00322,31.68996],[35.00324,31.68995],[35.00326,31.68995],[35.00328,31.68995],[35.0033,31.68995],[35.00333,31.68995],[35.00335,31.68996],[35.00337,31.68996],[35.00339,31.68997],[35.00341,31.68998],[35.00342,31.69],[35.00344,31.69001],[35.00345,31.69002],[35.00347,31.69004],[35.00348,31.69006],[35.00348,31.69007],[35.00349,31.69009],[35.00349,31.69011],[35.00349,31.69013],[35.00349,31.69015],[35.00349,31.69017],[35.00348,31.69018],[35.00348,31.6902],[35.00347,31.69022],[35.00345,31.69023],[35.00344,31.69025],[35.00342,31.69026],[35.00341,31.69027],[35.00339,31.69028],[35.00337,31.69029],[35.00335,31.6903],[35.00333,31.6903],[35.0033,31.69031],[35.00328,31.69031]]],\"type\":\"Polygon\"},\"properties\":{\"id\":\"g014874.precision_radius\",\"land_or_water\":\"land\",\"role\":\"precision_radius\"},\"type\":\"Feature\"}],\"metadata\":{\"class\":\"human\",\"land_or_water\":\"land\",\"name\":\"Ain Kezbeh\",\"type\":\"settlement\"},\"type\":\"FeatureCollection\"}","anotherNames":"Ain el Kezbeh, Ain el Kizbe, Ein el Kazzaba, En el Kizbe","koreanName":"아인 케즈베","anotherKoreanNames":"아인 엘 케즈베, 아인 엘 키즈베, 에인 엘 카자바, 엔 엘 키즈베"},{"id":"m9f46c4","name":"Tel Achziv","isModern":true,"stereo":"child","description":"A prominent archaeological mound (**Tel**) on the Mediterranean coast of **Israel**, 14 km north of Acre. This site is strongly identified as the biblical city of **Achzib 2** (in Asher's territory).","koreanDescription":"이스라엘 지중해 연안, 악고 북쪽 14km에 있는 유명한 고고학적 언덕(**텔**)입니다.\n이 유적은 성경에 나오는 도시 **악십 2** (아셀 지파의)로 강력하게 확인되는 장소입니다.","imageTitle":"m9f46c4.i461410.jpg","types":["settlement"],"geojsonText":"{\"bbox\":[35.10212,33.04783,35.10319,33.04873],\"features\":[{\"geometry\":{\"coordinates\":[35.102652,33.048278],\"type\":\"Point\"},\"properties\":{\"id\":\"m9f46c4.point\",\"role\":\"point\"},\"type\":\"Feature\"},{\"geometry\":{\"coordinates\":[[[35.10265,33.04873],[35.1026,33.04873],[35.10254,33.04872],[35.10249,33.04871],[35.10243,33.04869],[35.10238,33.04867],[35.10234,33.04864],[35.10229,33.04861],[35.10225,33.04858],[35.10222,33.04854],[35.10219,33.0485],[35.10216,33.04846],[35.10214,33.04842],[35.10213,33.04837],[35.10212,33.04833],[35.10212,33.04828],[35.10212,33.04823],[35.10213,33.04818],[35.10214,33.04814],[35.10216,33.0481],[35.10219,33.04805],[35.10222,33.04801],[35.10225,33.04798],[35.10229,33.04794],[35.10234,33.04791],[35.10238,33.04789],[35.10243,33.04787],[35.10249,33.04785],[35.10254,33.04784],[35.1026,33.04783],[35.10265,33.04783],[35.10271,33.04783],[35.10276,33.04784],[35.10282,33.04785],[35.10287,33.04787],[35.10292,33.04789],[35.10297,33.04791],[35.10301,33.04794],[35.10305,33.04798],[35.10309,33.04801],[35.10312,33.04805],[35.10314,33.0481],[35.10316,33.04814],[35.10318,33.04818],[35.10319,33.04823],[35.10319,33.04828],[35.10319,33.04833],[35.10318,33.04837],[35.10316,33.04842],[35.10314,33.04846],[35.10312,33.0485],[35.10309,33.04854],[35.10305,33.04858],[35.10301,33.04861],[35.10297,33.04864],[35.10292,33.04867],[35.10287,33.04869],[35.10282,33.04871],[35.10276,33.04872],[35.10271,33.04873],[35.10265,33.04873]]],\"type\":\"Polygon\"},\"properties\":{\"id\":\"g988cdd.precision_radius\",\"land_or_water\":\"land\",\"role\":\"precision_radius\"},\"type\":\"Feature\"}],\"metadata\":{\"class\":\"human\",\"land_or_water\":\"land\",\"name\":\"Tel Achziv\",\"type\":\"settlement\"},\"type\":\"FeatureCollection\"}","anotherNames":"Az Zeeb, Az Zib, Ez Zib, Tel Akhziv","koreanName":"텔 악십","anotherKoreanNames":"아즈 제브, 아즈 지브, 에즈 지브, 텔 아흐지브"},{"id":"m51f61c","name":"Khirbet Aro’er","isModern":true,"stereo":"child","description":"An archaeological ruin (**Khirbet**) in the **Negev desert, Israel**, near the modern city of Ar'ara. This site is considered the most likely location for the biblical city of **Adadah**.","koreanDescription":"이스라엘 **네겝 사막**, 현대 아르아라 시 근처에 있는 고고학적 폐허(**키르벳**)입니다.\n이 유적은 성경에 나오는 도시 **아다다**의 가장 유력한 위치로 간주됩니다.","imageTitle":"m51f61c.satellite.jpg","types":["settlement"],"geojsonText":"{\"bbox\":[34.978431,31.15131,34.979558,31.152752],\"features\":[{\"geometry\":{\"coordinates\":[34.97907,31.15214],\"type\":\"Point\"},\"properties\":{\"id\":\"m51f61c.point\",\"role\":\"point\"},\"type\":\"Feature\"},{\"geometry\":{\"coordinates\":[[[34.979317,31.152752],[34.979032,31.152711],[34.978727,31.152559],[34.978571,31.152343],[34.978464,31.152109],[34.978431,31.151884],[34.978501,31.151687],[34.978485,31.151485],[34.978598,31.15131],[34.978963,31.151664],[34.979558,31.152449],[34.979494,31.152651],[34.979317,31.152752]]],\"type\":\"Polygon\"},\"properties\":{\"id\":\"g13e664.local\",\"land_or_water\":\"land\",\"role\":\"local\"},\"type\":\"Feature\"}],\"metadata\":{\"class\":\"human\",\"geometry_credit\":\"Some data © OpenStreetMap contributors\",\"land_or_water\":\"land\",\"name\":\"Khirbet Aro’er\",\"type\":\"settlement\"},\"type\":\"FeatureCollection\"}","anotherNames":"Khirbet Ar‘arah, Khirbet Ar’areh, Khirbet Ar’ere","koreanName":"키르벳 아로에르","anotherKoreanNames":"키르벳 아르아라, 키르벳 아르아레, 키르벳 아르에레"},{"id":"m3a7f35","name":"Tel Esdar","isModern":true,"stereo":"child","description":"An archaeological mound (**Tel**) in the **Negev desert, Israel**, south of Beer-sheba. This site is considered a less probable location for the biblical city of **Adadah**.","koreanDescription":"이스라엘 **네겝 사막**, 브엘세바 남쪽에 있는 고고학적 언덕(**텔**)입니다.\n이 유적은 성경에 나오는 도시 **아다다**의 위치로 가능성이 낮게 추정됩니다.","imageTitle":"m3a7f35.satellite.jpg","types":["settlement"],"geojsonText":"{\"bbox\":[34.97465,31.16858,34.9757,31.16947],\"features\":[{\"geometry\":{\"coordinates\":[34.975175,31.169025],\"type\":\"Point\"},\"properties\":{\"id\":\"m3a7f35.point\",\"role\":\"point\"},\"type\":\"Feature\"},{\"geometry\":{\"coordinates\":[[[34.97518,31.16947],[34.97512,31.16947],[34.97507,31.16946],[34.97501,31.16945],[34.97496,31.16944],[34.97491,31.16941],[34.97487,31.16939],[34.97482,31.16936],[34.97478,31.16933],[34.97475,31.16929],[34.97472,31.16925],[34.97469,31.16921],[34.97468,31.16916],[34.97466,31.16912],[34.97465,31.16907],[34.97465,31.16902],[34.97465,31.16898],[34.97466,31.16893],[34.97468,31.16889],[34.97469,31.16884],[34.97472,31.1688],[34.97475,31.16876],[34.97478,31.16872],[34.97482,31.16869],[34.97487,31.16866],[34.97491,31.16864],[34.97496,31.16861],[34.97501,31.1686],[34.97507,31.16859],[34.97512,31.16858],[34.97518,31.16858],[34.97523,31.16858],[34.97528,31.16859],[34.97534,31.1686],[34.97539,31.16861],[34.97544,31.16864],[34.97548,31.16866],[34.97553,31.16869],[34.97557,31.16872],[34.9756,31.16876],[34.97563,31.1688],[34.97566,31.16884],[34.97567,31.16889],[34.97569,31.16893],[34.9757,31.16898],[34.9757,31.16902],[34.9757,31.16907],[34.97569,31.16912],[34.97567,31.16916],[34.97566,31.16921],[34.97563,31.16925],[34.9756,31.16929],[34.97557,31.16933],[34.97553,31.16936],[34.97548,31.16939],[34.97544,31.16941],[34.97539,31.16944],[34.97534,31.16945],[34.97528,31.16946],[34.97523,31.16947],[34.97518,31.16947]]],\"type\":\"Polygon\"},\"properties\":{\"id\":\"gf1eeb8.precision_radius\",\"land_or_water\":\"land\",\"role\":\"precision_radius\"},\"type\":\"Feature\"}],\"metadata\":{\"class\":\"human\",\"land_or_water\":\"land\",\"name\":\"Tel Esdar\",\"type\":\"settlement\"},\"type\":\"FeatureCollection\"}","anotherNames":"Tell Esdar","koreanName":"텔 에스다르","anotherKoreanNames":"텔 에스다르"},{"id":"m54d9cf","name":"Arair","isModern":true,"stereo":"child","description":"A modern settlement or ruin near **Madaba, Jordan**. This site is a less probable candidate for the biblical city of **Adadah**.","koreanDescription":"요르단 **마다가** 근처에 있는 현대 정착지 또는 유적입니다.\n이 유적은 성경에 나오는 도시 **아다다**의 위치로 가능성이 낮게 추정됩니다.","imageTitle":"m54d9cf.satellite.jpg","types":["settlement"],"geojsonText":"{\"bbox\":[35.81886,31.47035,35.81992,31.47125],\"features\":[{\"geometry\":{\"coordinates\":[35.819389,31.4708],\"type\":\"Point\"},\"properties\":{\"id\":\"m54d9cf.point\",\"role\":\"point\"},\"type\":\"Feature\"},{\"geometry\":{\"coordinates\":[[[35.81939,31.47125],[35.81933,31.47125],[35.81928,31.47124],[35.81923,31.47123],[35.81917,31.47121],[35.81913,31.47119],[35.81908,31.47116],[35.81904,31.47113],[35.819,31.4711],[35.81896,31.47106],[35.81893,31.47102],[35.81891,31.47098],[35.81889,31.47094],[35.81887,31.47089],[35.81886,31.47085],[35.81886,31.4708],[35.81886,31.47075],[35.81887,31.47071],[35.81889,31.47066],[35.81891,31.47062],[35.81893,31.47058],[35.81896,31.47054],[35.819,31.4705],[35.81904,31.47047],[35.81908,31.47044],[35.81913,31.47041],[35.81917,31.47039],[35.81923,31.47037],[35.81928,31.47036],[35.81933,31.47035],[35.81939,31.47035],[35.81944,31.47035],[35.8195,31.47036],[35.81955,31.47037],[35.8196,31.47039],[35.81965,31.47041],[35.8197,31.47044],[35.81974,31.47047],[35.81978,31.4705],[35.81982,31.47054],[35.81985,31.47058],[35.81987,31.47062],[35.81989,31.47066],[35.8199,31.47071],[35.81991,31.47075],[35.81992,31.4708],[35.81991,31.47085],[35.8199,31.47089],[35.81989,31.47094],[35.81987,31.47098],[35.81985,31.47102],[35.81982,31.47106],[35.81978,31.4711],[35.81974,31.47113],[35.8197,31.47116],[35.81965,31.47119],[35.8196,31.47121],[35.81955,31.47123],[35.8195,31.47124],[35.81944,31.47125],[35.81939,31.47125]]],\"type\":\"Polygon\"},\"properties\":{\"id\":\"ge6c956.precision_radius\",\"land_or_water\":\"land\",\"role\":\"precision_radius\"},\"type\":\"Feature\"}],\"metadata\":{\"class\":\"human\",\"land_or_water\":\"land\",\"name\":\"Arair\",\"type\":\"settlement\"},\"type\":\"FeatureCollection\"}","anotherNames":"Aroer","koreanName":"아라이르","anotherKoreanNames":"아로엘"},{"id":"m1e912f","name":"Khirbet Udena","isModern":true,"stereo":"child","description":"An archaeological ruin (**Khirbet**) in **Jordan**, near Amman. This site is a less probable candidate for the biblical city of **Adadah**.","koreanDescription":"요르단 **암만** 근처에 있는 고고학적 폐허(**키르벳**)입니다.\n이 유적은 성경에 나오는 도시 **아다다**의 위치로 가능성이 낮게 추정됩니다.","imageTitle":"m1e912f.satellite.jpg","types":["settlement"],"geojsonText":"{\"bbox\":[35.86867,31.96791,35.87397,31.97241],\"features\":[{\"geometry\":{\"coordinates\":[35.871319,31.97016],\"type\":\"Point\"},\"properties\":{\"id\":\"m1e912f.point\",\"role\":\"point\"},\"type\":\"Feature\"},{\"geometry\":{\"coordinates\":[[[35.87132,31.97241],[35.87104,31.9724],[35.87077,31.97236],[35.8705,31.9723],[35.87024,31.97221],[35.86999,31.97211],[35.86976,31.97198],[35.86955,31.97183],[35.86935,31.97166],[35.86917,31.97148],[35.86902,31.97128],[35.8689,31.97107],[35.8688,31.97085],[35.86873,31.97063],[35.86868,31.97039],[35.86867,31.97016],[35.86868,31.96992],[35.86873,31.96969],[35.8688,31.96947],[35.8689,31.96925],[35.86902,31.96904],[35.86917,31.96884],[35.86935,31.96866],[35.86955,31.96849],[35.86976,31.96834],[35.86999,31.96821],[35.87024,31.96811],[35.8705,31.96802],[35.87077,31.96796],[35.87104,31.96792],[35.87132,31.96791],[35.8716,31.96792],[35.87187,31.96796],[35.87214,31.96802],[35.8724,31.96811],[35.87264,31.96821],[35.87288,31.96834],[35.87309,31.96849],[35.87329,31.96866],[35.87346,31.96884],[35.87361,31.96904],[35.87374,31.96925],[35.87384,31.96947],[35.87391,31.96969],[35.87395,31.96992],[35.87397,31.97016],[35.87395,31.97039],[35.87391,31.97063],[35.87384,31.97085],[35.87374,31.97107],[35.87361,31.97128],[35.87346,31.97148],[35.87329,31.97166],[35.87309,31.97183],[35.87288,31.97198],[35.87264,31.97211],[35.8724,31.97221],[35.87214,31.9723],[35.87187,31.97236],[35.8716,31.9724],[35.87132,31.97241]]],\"type\":\"Polygon\"},\"properties\":{\"id\":\"gb8bbd7.precision_radius\",\"land_or_water\":\"land\",\"role\":\"precision_radius\"},\"type\":\"Feature\"}],\"metadata\":{\"class\":\"human\",\"land_or_water\":\"land\",\"name\":\"Khirbet Udena\",\"type\":\"settlement\"},\"type\":\"FeatureCollection\"}","anotherNames":"Umm Uthayna, Um Uthayna","koreanName":"키르벳 우데나","anotherKoreanNames":"움 우타이나, 움 우타이나"},{"id":"mcf7f60","name":"Umm Sweiwineh","isModern":true,"stereo":"child","description":"A site in **Jordan**, near the Dead Sea area. This site is a less probable candidate for the biblical city of **Adadah**.","koreanDescription":"요르단 **사해** 근처에 있는 유적지입니다.\n이 유적은 성경에 나오는 도시 **아다다**의 위치로 가능성이 낮게 추정됩니다.","imageTitle":"mcf7f60.satellite.jpg","types":["settlement"],"geojsonText":"{\"bbox\":[35.92244,31.92232,35.92774,31.92682],\"features\":[{\"geometry\":{\"coordinates\":[35.925091,31.924568],\"type\":\"Point\"},\"properties\":{\"id\":\"mcf7f60.point\",\"role\":\"point\"},\"type\":\"Feature\"},{\"geometry\":{\"coordinates\":[[[35.92509,31.92682],[35.92481,31.9268],[35.92454,31.92677],[35.92427,31.92671],[35.92401,31.92662],[35.92377,31.92652],[35.92353,31.92639],[35.92332,31.92624],[35.92312,31.92607],[35.92295,31.92589],[35.9228,31.92569],[35.92267,31.92548],[35.92257,31.92526],[35.9225,31.92504],[35.92246,31.9248],[35.92244,31.92457],[35.92246,31.92433],[35.9225,31.9241],[35.92257,31.92387],[35.92267,31.92365],[35.9228,31.92344],[35.92295,31.92325],[35.92312,31.92306],[35.92332,31.9229],[35.92353,31.92275],[35.92377,31.92262],[35.92401,31.92251],[35.92427,31.92243],[35.92454,31.92237],[35.92481,31.92233],[35.92509,31.92232],[35.92537,31.92233],[35.92564,31.92237],[35.92591,31.92243],[35.92617,31.92251],[35.92642,31.92262],[35.92665,31.92275],[35.92686,31.9229],[35.92706,31.92306],[35.92723,31.92325],[35.92739,31.92344],[35.92751,31.92365],[35.92761,31.92387],[35.92768,31.9241],[35.92773,31.92433],[35.92774,31.92457],[35.92773,31.9248],[35.92768,31.92504],[35.92761,31.92526],[35.92751,31.92548],[35.92739,31.92569],[35.92723,31.92589],[35.92706,31.92607],[35.92686,31.92624],[35.92665,31.92639],[35.92642,31.92652],[35.92617,31.92662],[35.92591,31.92671],[35.92564,31.92677],[35.92537,31.9268],[35.92509,31.92682]]],\"type\":\"Polygon\"},\"properties\":{\"id\":\"g8eed35.precision_radius\",\"land_or_water\":\"land\",\"role\":\"precision_radius\"},\"type\":\"Feature\"}],\"metadata\":{\"class\":\"human\",\"land_or_water\":\"land\",\"name\":\"Umm Sweiwineh\",\"type\":\"settlement\"},\"type\":\"FeatureCollection\"}","anotherNames":"Es Sweiwina, Sweiwina","koreanName":"움 스웨이위네","anotherKoreanNames":"에스 스웨이위나, 스웨이위나"},{"id":"m32279c","name":"Erjan","isModern":true,"stereo":"child","description":"A modern location in **Jordan**, north of Amman. This site is a less probable candidate for the biblical city of **Adadah**.","koreanDescription":"요르단 **암만** 북쪽에 있는 현대 위치입니다.\n이 유적은 성경에 나오는 도시 **아다다**의 위치로 가능성이 낮게 추정됩니다.","imageTitle":"m32279c.satellite.jpg","types":["settlement"],"geojsonText":"{\"bbox\":[35.91801,31.98703,35.92331,31.99153],\"features\":[{\"geometry\":{\"coordinates\":[35.920658,31.989281],\"type\":\"Point\"},\"properties\":{\"id\":\"m32279c.point\",\"role\":\"point\"},\"type\":\"Feature\"},{\"geometry\":{\"coordinates\":[[[35.92066,31.99153],[35.92038,31.99152],[35.92011,31.99148],[35.91984,31.99142],[35.91958,31.99133],[35.91933,31.99123],[35.9191,31.9911],[35.91888,31.99095],[35.91869,31.99079],[35.91851,31.9906],[35.91836,31.99041],[35.91824,31.9902],[35.91814,31.98998],[35.91807,31.98975],[35.91802,31.98952],[35.91801,31.98928],[35.91802,31.98905],[35.91807,31.98881],[35.91814,31.98859],[35.91824,31.98837],[35.91836,31.98816],[35.91851,31.98796],[35.91869,31.98778],[35.91888,31.98761],[35.9191,31.98746],[35.91933,31.98733],[35.91958,31.98723],[35.91984,31.98714],[35.92011,31.98708],[35.92038,31.98705],[35.92066,31.98703],[35.92094,31.98705],[35.92121,31.98708],[35.92148,31.98714],[35.92174,31.98723],[35.92198,31.98733],[35.92222,31.98746],[35.92243,31.98761],[35.92263,31.98778],[35.9228,31.98796],[35.92295,31.98816],[35.92308,31.98837],[35.92318,31.98859],[35.92325,31.98881],[35.92329,31.98905],[35.92331,31.98928],[35.92329,31.98952],[35.92325,31.98975],[35.92318,31.98998],[35.92308,31.9902],[35.92295,31.99041],[35.9228,31.9906],[35.92263,31.99079],[35.92243,31.99095],[35.92222,31.9911],[35.92198,31.99123],[35.92174,31.99133],[35.92148,31.99142],[35.92121,31.99148],[35.92094,31.99152],[35.92066,31.99153]]],\"type\":\"Polygon\"},\"properties\":{\"id\":\"g66a9df.precision_radius\",\"land_or_water\":\"land\",\"role\":\"precision_radius\"},\"type\":\"Feature\"}],\"metadata\":{\"class\":\"human\",\"land_or_water\":\"land\",\"name\":\"Erjan\",\"type\":\"settlement\"},\"type\":\"FeatureCollection\"}","anotherNames":"Argan","koreanName":"에르잔","anotherKoreanNames":"아르간"},{"id":"me34143","name":"Tell ed Damiyeh","isModern":true,"stereo":"child","description":"An archaeological mound (**Tell**) on the east bank of the Jordan River in modern **Jordan**, near the town of Damiya. This site is widely and strongly identified as the biblical city of **Adam**, where the waters of the Jordan were said to have piled up when the Israelites crossed.","koreanDescription":"현대 **요르단**의 요단강 동쪽 강변, 다미야 마을 근처에 있는 고고학적 언덕(**텔**)입니다.\n이 유적은 이스라엘 백성이 요단강을 건널 때 물이 쌓였다고 기록된 성경의 도시 **아담**으로 널리, 그리고 강력하게 확인됩니다.","imageTitle":"me34143.ia0e340.jpg","types":["settlement"],"geojsonText":"{\"bbox\":[35.54626,32.10348,35.54732,32.10438],\"features\":[{\"geometry\":{\"coordinates\":[35.546789,32.103933],\"type\":\"Point\"},\"properties\":{\"id\":\"me34143.point\",\"role\":\"point\"},\"type\":\"Feature\"},{\"geometry\":{\"coordinates\":[[[35.54679,32.10438],[35.54673,32.10438],[35.54668,32.10437],[35.54662,32.10436],[35.54657,32.10434],[35.54652,32.10432],[35.54648,32.1043],[35.54643,32.10427],[35.54639,32.10423],[35.54636,32.1042],[35.54633,32.10416],[35.5463,32.10412],[35.54628,32.10407],[35.54627,32.10403],[35.54626,32.10398],[35.54626,32.10393],[35.54626,32.10389],[35.54627,32.10384],[35.54628,32.10379],[35.5463,32.10375],[35.54633,32.10371],[35.54636,32.10367],[35.54639,32.10363],[35.54643,32.1036],[35.54648,32.10357],[35.54652,32.10354],[35.54657,32.10352],[35.54662,32.10351],[35.54668,32.10349],[35.54673,32.10349],[35.54679,32.10348],[35.54684,32.10349],[35.5469,32.10349],[35.54695,32.10351],[35.547,32.10352],[35.54705,32.10354],[35.5471,32.10357],[35.54714,32.1036],[35.54718,32.10363],[35.54722,32.10367],[35.54725,32.10371],[35.54727,32.10375],[35.54729,32.10379],[35.54731,32.10384],[35.54732,32.10389],[35.54732,32.10393],[35.54732,32.10398],[35.54731,32.10403],[35.54729,32.10407],[35.54727,32.10412],[35.54725,32.10416],[35.54722,32.1042],[35.54718,32.10423],[35.54714,32.10427],[35.5471,32.1043],[35.54705,32.10432],[35.547,32.10434],[35.54695,32.10436],[35.5469,32.10437],[35.54684,32.10438],[35.54679,32.10438]]],\"type\":\"Polygon\"},\"properties\":{\"id\":\"g9fde08.precision_radius\",\"land_or_water\":\"land\",\"role\":\"precision_radius\"},\"type\":\"Feature\"}],\"metadata\":{\"class\":\"human\",\"land_or_water\":\"land\",\"name\":\"Tell ed Damiyeh\",\"type\":\"settlement\"},\"type\":\"FeatureCollection\"}","anotherNames":"Damia, Damieh, Tall ad Damiyya, Tell ed Damiya","koreanName":"텔 엣 다미예","anotherKoreanNames":"다미아, 다미예, 탈 앗 다미야, 텔 엣 다미야"},{"id":"m3d8db3","name":"Qarn Hattin","isModern":true,"stereo":"child","description":"A distinctive hill with two peaks (the 'Horns of Hattin') near the Sea of Galilee in **Israel**. Excavations have revealed a fortified settlement on the southern peak, which is a strong candidate for the biblical city of **Adamah**.","koreanDescription":"이스라엘 **갈릴리 바다** 근처에 있는 독특한 두 봉우리(‘하틴의 뿔’)를 가진 언덕입니다.\n발굴 조사를 통해 남쪽 봉우리에서 요새화된 정착지가 발견되었으며, 이는 성경의 도시 **아다마**의 유력한 후보지입니다.","imageTitle":"m3d8db3.i8944dc.jpg","types":["hill"],"geojsonText":"{\"bbox\":[35.45651,32.79702,35.46293,32.80242],\"features\":[{\"geometry\":{\"coordinates\":[35.459722,32.799722],\"type\":\"Point\"},\"properties\":{\"id\":\"m3d8db3.point\",\"role\":\"point\"},\"type\":\"Feature\"},{\"geometry\":{\"coordinates\":[[[35.45972,32.80242],[35.45939,32.80241],[35.45905,32.80236],[35.45873,32.80229],[35.45842,32.80219],[35.45812,32.80206],[35.45784,32.8019],[35.45757,32.80173],[35.45734,32.80153],[35.45713,32.80131],[35.45694,32.80107],[35.45679,32.80082],[35.45667,32.80056],[35.45658,32.80028],[35.45653,32.8],[35.45651,32.79972],[35.45653,32.79944],[35.45658,32.79916],[35.45667,32.79889],[35.45679,32.79862],[35.45694,32.79837],[35.45713,32.79814],[35.45734,32.79792],[35.45757,32.79772],[35.45784,32.79754],[35.45812,32.79739],[35.45842,32.79726],[35.45873,32.79716],[35.45905,32.79708],[35.45939,32.79704],[35.45972,32.79702],[35.46006,32.79704],[35.46039,32.79708],[35.46071,32.79716],[35.46103,32.79726],[35.46133,32.79739],[35.46161,32.79754],[35.46187,32.79772],[35.46211,32.79792],[35.46232,32.79814],[35.4625,32.79837],[35.46265,32.79862],[35.46277,32.79889],[35.46286,32.79916],[35.46291,32.79944],[35.46293,32.79972],[35.46291,32.8],[35.46286,32.80028],[35.46277,32.80056],[35.46265,32.80082],[35.4625,32.80107],[35.46232,32.80131],[35.46211,32.80153],[35.46187,32.80173],[35.46161,32.8019],[35.46133,32.80206],[35.46103,32.80219],[35.46071,32.80229],[35.46039,32.80236],[35.46006,32.80241],[35.45972,32.80242]]],\"type\":\"Polygon\"},\"properties\":{\"id\":\"g4dd83a.precision_radius\",\"land_or_water\":\"land\",\"role\":\"precision_radius\"},\"type\":\"Feature\"}],\"metadata\":{\"class\":\"natural\",\"land_or_water\":\"land\",\"name\":\"Qarn Hattin\",\"type\":\"hill\"},\"type\":\"FeatureCollection\"}","anotherNames":"Horbat Qarne Hittim, Horns of Hattin, Qarnel Hittin, Qeren Hattin, Tel Qarnei Hittin","koreanName":"카른 하틴","anotherKoreanNames":"호르밧 카르네 히팀, 하틴의 뿔, 카르넬 히팀, 케렌 하틴, 텔 카르네이 히팀"},{"id":"m0c93b5","name":"Hajar ed Damm","isModern":true,"stereo":"child","description":"A modern location in **Israel**. This site is a less probable candidate for the biblical city of **Adamah**.","koreanDescription":"이스라엘의 현대 위치입니다.\n이 유적은 성경에 나오는 도시 **아다마**의 위치로 가능성이 낮게 추정됩니다.","imageTitle":"m0c93b5.satellite.jpg","types":["settlement"],"geojsonText":"{\"bbox\":[35.57405,32.9409,35.57576,32.94234],\"features\":[{\"geometry\":{\"coordinates\":[35.574903,32.94162],\"type\":\"Point\"},\"properties\":{\"id\":\"m0c93b5.point\",\"role\":\"point\"},\"type\":\"Feature\"},{\"geometry\":{\"coordinates\":[[[35.5749,32.94234],[35.57481,32.94234],[35.57472,32.94232],[35.57464,32.9423],[35.57455,32.94228],[35.57447,32.94224],[35.5744,32.9422],[35.57433,32.94215],[35.57427,32.9421],[35.57421,32.94204],[35.57416,32.94198],[35.57412,32.94191],[35.57409,32.94184],[35.57406,32.94177],[35.57405,32.9417],[35.57405,32.94162],[35.57405,32.94154],[35.57406,32.94147],[35.57409,32.9414],[35.57412,32.94133],[35.57416,32.94126],[35.57421,32.9412],[35.57427,32.94114],[35.57433,32.94109],[35.5744,32.94104],[35.57447,32.941],[35.57455,32.94096],[35.57464,32.94094],[35.57472,32.94092],[35.57481,32.9409],[35.5749,32.9409],[35.57499,32.9409],[35.57508,32.94092],[35.57517,32.94094],[35.57525,32.94096],[35.57533,32.941],[35.57541,32.94104],[35.57548,32.94109],[35.57554,32.94114],[35.5756,32.9412],[35.57565,32.94126],[35.57569,32.94133],[35.57572,32.9414],[35.57574,32.94147],[35.57576,32.94154],[35.57576,32.94162],[35.57576,32.9417],[35.57574,32.94177],[35.57572,32.94184],[35.57569,32.94191],[35.57565,32.94198],[35.5756,32.94204],[35.57554,32.9421],[35.57548,32.94215],[35.57541,32.9422],[35.57533,32.94224],[35.57525,32.94228],[35.57517,32.9423],[35.57508,32.94232],[35.57499,32.94234],[35.5749,32.94234]]],\"type\":\"Polygon\"},\"properties\":{\"id\":\"g5aea8d.precision_radius\",\"land_or_water\":\"land\",\"role\":\"precision_radius\"},\"type\":\"Feature\"}],\"metadata\":{\"class\":\"human\",\"land_or_water\":\"land\",\"name\":\"Hajar ed Damm\",\"type\":\"settlement\"},\"type\":\"FeatureCollection\"}","anotherNames":null,"koreanName":"하자르 엣 담","anotherKoreanNames":null},{"id":"m500952","name":"Tel Adami","isModern":true,"stereo":"child","description":"An archaeological mound (**Tel**) in the Lower Galilee of **Israel**, overlooking the Yavna'el valley. Its name suggests a potential link to either **Adami** (Joshua 19:33) or **Adamah**.","koreanDescription":"이스라엘 하부 갈릴리, 야브나엘 계곡을 내려다보는 고고학적 언덕(**텔**)입니다.\n이 이름은 **아다미** (여호수아 19:33) 또는 **아다마**와의 잠재적인 연관성을 시사합니다.","imageTitle":"m500952.satellite.jpg","types":["settlement"],"geojsonText":"{\"bbox\":[35.45863,32.74872,35.4597,32.74962],\"features\":[{\"geometry\":{\"coordinates\":[35.459167,32.749167],\"type\":\"Point\"},\"properties\":{\"id\":\"m500952.point\",\"role\":\"point\"},\"type\":\"Feature\"},{\"geometry\":{\"coordinates\":[[[35.45917,32.74962],[35.45911,32.74961],[35.45906,32.74961],[35.459,32.74959],[35.45895,32.74958],[35.4589,32.74956],[35.45885,32.74953],[35.45881,32.7495],[35.45877,32.74947],[35.45873,32.74943],[35.4587,32.74939],[35.45868,32.74935],[35.45866,32.74931],[35.45864,32.74926],[35.45864,32.74921],[35.45863,32.74917],[35.45864,32.74912],[35.45864,32.74907],[35.45866,32.74903],[35.45868,32.74898],[35.4587,32.74894],[35.45873,32.7489],[35.45877,32.74887],[35.45881,32.74883],[35.45885,32.7488],[35.4589,32.74878],[35.45895,32.74876],[35.459,32.74874],[35.45906,32.74873],[35.45911,32.74872],[35.45917,32.74872],[35.45922,32.74872],[35.45928,32.74873],[35.45933,32.74874],[35.45938,32.74876],[35.45943,32.74878],[35.45948,32.7488],[35.45952,32.74883],[35.45956,32.74887],[35.4596,32.7489],[35.45963,32.74894],[35.45966,32.74898],[35.45968,32.74903],[35.45969,32.74907],[35.4597,32.74912],[35.4597,32.74917],[35.4597,32.74921],[35.45969,32.74926],[35.45968,32.74931],[35.45966,32.74935],[35.45963,32.74939],[35.4596,32.74943],[35.45956,32.74947],[35.45952,32.7495],[35.45948,32.74953],[35.45943,32.74956],[35.45938,32.74958],[35.45933,32.74959],[35.45928,32.74961],[35.45922,32.74961],[35.45917,32.74962]]],\"type\":\"Polygon\"},\"properties\":{\"id\":\"gcfd45c.precision_radius\",\"land_or_water\":\"land\",\"role\":\"precision_radius\"},\"type\":\"Feature\"}],\"metadata\":{\"class\":\"human\",\"land_or_water\":\"land\",\"name\":\"Tel Adami\",\"type\":\"settlement\"},\"type\":\"FeatureCollection\"}","anotherNames":"Khirbet Damiya, Khirbet Damiyeh, Khirbet ed Damiyeh, Khirbet et Tell","koreanName":"텔 아다미","anotherKoreanNames":"키르벳 다미야, 키르벳 다미예, 키르벳 엣 다미예, 키르벳 엣 텔"},{"id":"m39107b","name":"Khirbet esh Shiba","isModern":true,"stereo":"child","description":"A ruin (**Khirbet**) in the Galilee region of **Israel**, potentially corresponding to **Galilean Beer-Sheva**. This site is a less probable candidate for the biblical city of **Adamah**.","koreanDescription":"이스라엘 갈릴리 지역의 폐허(**키르벳**)로, 잠재적으로 **갈릴리 브엘세바**에 해당할 수 있습니다.\n이 유적은 성경에 나오는 도시 **아다마**의 위치로 가능성이 낮게 추정됩니다.","imageTitle":"m39107b.i2e69f8.jpg","types":["settlement"],"geojsonText":"{\"bbox\":[35.41696,32.93066,35.41804,32.93156],\"features\":[{\"geometry\":{\"coordinates\":[35.4175,32.931111],\"type\":\"Point\"},\"properties\":{\"id\":\"m39107b.point\",\"role\":\"point\"},\"type\":\"Feature\"},{\"geometry\":{\"coordinates\":[[[35.4175,32.93156],[35.41744,32.93156],[35.41739,32.93155],[35.41733,32.93154],[35.41728,32.93152],[35.41723,32.9315],[35.41719,32.93147],[35.41714,32.93145],[35.4171,32.93141],[35.41707,32.93138],[35.41704,32.93134],[35.41701,32.93129],[35.41699,32.93125],[35.41698,32.9312],[35.41697,32.93116],[35.41696,32.93111],[35.41697,32.93106],[35.41698,32.93102],[35.41699,32.93097],[35.41701,32.93093],[35.41704,32.93089],[35.41707,32.93085],[35.4171,32.93081],[35.41714,32.93078],[35.41719,32.93075],[35.41723,32.93072],[35.41728,32.9307],[35.41733,32.93068],[35.41739,32.93067],[35.41744,32.93066],[35.4175,32.93066],[35.41756,32.93066],[35.41761,32.93067],[35.41767,32.93068],[35.41772,32.9307],[35.41777,32.93072],[35.41781,32.93075],[35.41786,32.93078],[35.4179,32.93081],[35.41793,32.93085],[35.41796,32.93089],[35.41799,32.93093],[35.41801,32.93097],[35.41802,32.93102],[35.41803,32.93106],[35.41804,32.93111],[35.41803,32.93116],[35.41802,32.9312],[35.41801,32.93125],[35.41799,32.93129],[35.41796,32.93134],[35.41793,32.93138],[35.4179,32.93141],[35.41786,32.93145],[35.41781,32.93147],[35.41777,32.9315],[35.41772,32.93152],[35.41767,32.93154],[35.41761,32.93155],[35.41756,32.93156],[35.4175,32.93156]]],\"type\":\"Polygon\"},\"properties\":{\"id\":\"g3a8adf.precision_radius\",\"land_or_water\":\"land\",\"role\":\"precision_radius\"},\"type\":\"Feature\"}],\"metadata\":{\"class\":\"human\",\"land_or_water\":\"land\",\"name\":\"Khirbet esh Shiba\",\"type\":\"settlement\"},\"type\":\"FeatureCollection\"}","anotherNames":"Horbat Beer Sheva, Khirbet Abu esh Shiba, Khirbet es Saba","koreanName":"키르벳 에쉬 시바","anotherKoreanNames":"호르밧 브엘 쉐바, 키르벳 아부 에쉬 시바, 키르벳 에스 사바"}],"relations":[{"parentId":"a5f4dfc","childId":"mac4103","possibility":100},{"parentId":"a7560c2","childId":"med32df","possibility":30},{"parentId":"a7560c2","childId":"mfce9f4","possibility":30},{"parentId":"a7560c2","childId":"m6f1b7f","possibility":30},{"parentId":"a7560c2","childId":"m9444bd","possibility":25},{"parentId":"a7560c2","childId":"mb01d09","possibility":10},{"parentId":"a8ce5c4","childId":"md7c132","possibility":35},{"parentId":"a8ce5c4","childId":"m46be7f","possibility":25},{"parentId":"a8ce5c4","childId":"m0cfe50","possibility":10},{"parentId":"a8ce5c4","childId":"mc40778","possibility":10},{"parentId":"aef4242","childId":"m402935","possibility":100},{"parentId":"a8b7a6b","childId":"m15dbe7","possibility":25},{"parentId":"a8b7a6b","childId":"ma3a2f4","possibility":15},{"parentId":"a8b7a6b","childId":"md561de","possibility":15},{"parentId":"a8b7a6b","childId":"m49c3d8","possibility":10},{"parentId":"a8b7a6b","childId":"mdbead2","possibility":10},{"parentId":"a8b7a6b","childId":"m8970e8","possibility":10},{"parentId":"a8b7a6b","childId":"m310ad8","possibility":10},{"parentId":"afe1143","childId":"m3d8db3","possibility":40},{"parentId":"afe1143","childId":"m0c93b5","possibility":15},{"parentId":"afe1143","childId":"m500952","possibility":10},{"parentId":"afe1143","childId":"m39107b","possibility":10},{"parentId":"adc31c7","childId":"me34143","possibility":85},{"parentId":"a2270e4","childId":"m7d8664","possibility":55},{"parentId":"a2270e4","childId":"mec0b4d","possibility":10},{"parentId":"ad0d82f","childId":"m9f46c4","possibility":80},{"parentId":"abf4481","childId":"m51f61c","possibility":60},{"parentId":"abf4481","childId":"m3a7f35","possibility":10},{"parentId":"abf4481","childId":"m54d9cf","possibility":10},{"parentId":"abf4481","childId":"m1e912f","possibility":10},{"parentId":"abf4481","childId":"mcf7f60","possibility":10},{"parentId":"abf4481","childId":"m32279c","possibility":10}],"total":42}