{"data":[{"id":"aa54aa4","name":"Jordan Valley","imageTitle":"m8fcc34.icd3068.jpg","isModern":false,"stereo":"parent","description":"The Jordan Valley is a significant geographical and historical region, part of the Great Rift Valley, extending from the Sea of Galilee to the Dead Sea. It is mentioned early in the Bible as the well-watered plain chosen by Lot (Gen. 13:10-11) and later as the route for the Israelites' entry into the Promised Land when the Jordan River miraculously stopped its flow (Josh. 3:14-17).\n\nIt also served as the site for John the Baptist's ministry and the baptism of Jesus (Matt. 3:13-17), making it a place of spiritual renewal and transition in both the Old and New Testaments.","koreanDescription":"요단 계곡(Jordan Valley)은 갈릴리 바다에서 사해까지 이어지는 대지구대(Great Rift Valley)의 일부로, 지리적으로나 역사적으로 매우 중요한 지역입니다. 성경에서는 롯이 아브라함과 헤어질 때 선택한 '여호와의 동산 같고' 물이 넉넉한 지역으로 처음 언급됩니다(창세기 13:10-11).\n\n또한 이스라엘 백성들이 약속의 땅으로 들어갈 때 요단강의 물이 멈추는 기적이 일어난 곳이자(여호수아 3:14-17), 신약 시대에는 세례 요한의 사역지이자 예수님께서 세례를 받으신 곳입니다(마태복음 3:13-17).","verses":["Gen.13.10","Gen.13.11","Gen.13.12","Gen.19.17","Gen.19.25","Gen.19.28","Gen.19.29","2Sam.18.23"],"placeUrl":"/geo/ancient/aa54aa4/jordan-valley","identificationPaths":["/geo/modern/m8fcc34"],"types":["valley"],"unknownPlacePossibility":null,"geojsonText":"{\"bbox\":[35.377756,31.738839,35.701387,32.727494],\"features\":[{\"geometry\":{\"coordinates\":[[[35.641497,31.738839],[35.701387,31.844513],[35.595213,31.965858],[35.668632,32.19519],[35.598618,32.350868],[35.635348,32.727494],[35.566054,32.71703],[35.575584,32.661326],[35.567754,32.623829],[35.519762,32.506111],[35.539992,32.362357],[35.556018,32.270368],[35.540053,32.197291],[35.489048,32.083101],[35.434166,32.030584],[35.447941,31.960009],[35.398864,31.951947],[35.377756,31.918242],[35.421166,31.893264],[35.430094,31.847714],[35.454051,31.779867],[35.494221,31.751456],[35.641497,31.738839]]],\"type\":\"Polygon\"},\"properties\":{\"id\":\"gda936b.geometry\",\"land_or_water\":\"land\"},\"type\":\"Feature\"},{\"geometry\":{\"coordinates\":[35.57,32.317222],\"type\":\"Point\"},\"properties\":{\"id\":\"m8fcc34.point\"},\"type\":\"Feature\"}],\"metadata\":{\"name\":\"Jordan Valley\"},\"type\":\"FeatureCollection\"}","anotherNames":null,"koreanName":"요단 계곡","anotherKoreanNames":null},{"id":"a2b389a","name":"Jorkeam","imageTitle":"mee0e2f.satellite.jpg","isModern":false,"stereo":"parent","description":"A biblical place name mentioned only once in the genealogical records of the tribe of Judah (1 Chron. 2:44), as the son of Raham and a descendant of Caleb. It is generally considered the name of a town or settlement within the territory of Judah, possibly identical with 'Jokdeam' (Josh. 15:56). The context emphasizes the lineage and heritage of God's covenant people.","koreanDescription":"성경에서 단 한 번, 유다 지파의 족보에 언급되는 지명 또는 인명입니다(역대상 2:44). 갈렙의 후손인 라함의 아들로 기록되어 있으며, 학자들은 유다 지파 영토 내의 성읍 이름이었을 것으로 추정하며, '욕드암'(수 15:56)과 동일한 곳일 가능성이 있습니다. 족보에 포함된 것은 언약 백성의 연속성과 유산을 강조합니다.","verses":["1Chr.2.44"],"placeUrl":"/geo/ancient/a2b389a/jorkeam","identificationPaths":["/geo/modern/mee0e2f"],"types":["settlement"],"unknownPlacePossibility":null,"geojsonText":"{\"features\":[{\"geometry\":{\"coordinates\":[35.118489,31.461967],\"type\":\"Point\"},\"properties\":{\"id\":\"mee0e2f.point\"},\"type\":\"Feature\"}],\"metadata\":{\"name\":\"Jorkeam\"},\"type\":\"FeatureCollection\"}","anotherNames":null,"koreanName":"요르크암","anotherKoreanNames":null},{"id":"adbbb54","name":"Jotbah","imageTitle":"m3ddc20.ica60a6.jpg","isModern":false,"stereo":"parent","description":"An ancient town in Judah known primarily as the hometown of Meshullemeth, the daughter of Haruz and mother of King Amon of Judah (2 Kings 21:19). Its location is uncertain, but it may be identical with 'Jotbathah' or possibly 'Juttah' mentioned elsewhere in scripture.","koreanDescription":"고대 유다의 성읍으로, 주로 유다 왕 아몬의 어머니인 하루스의 딸 므술레멧의 고향으로 알려져 있습니다(열왕기하 21:19). 정확한 위치는 불분명하나, '욧바다' 또는 '윳다'와 동일시하는 견해도 있습니다.","verses":["2Kgs.21.19"],"placeUrl":"/geo/ancient/adbbb54/jotbah","identificationPaths":["/geo/modern/m3ddc20","/geo/modern/m02b936","/geo/modern/m743a5d","/geo/modern/m0a0e06","/geo/modern/m134a42","/geo/modern/mdc9182","/geo/modern/m161c59"],"types":["settlement"],"unknownPlacePossibility":null,"geojsonText":"{\"bbox\":[34.896882,29.492468,35.33388,32.831944],\"features\":[{\"geometry\":{\"coordinates\":[35.33388,32.75008],\"type\":\"Point\"},\"properties\":{\"id\":\"m02b936.point\"},\"type\":\"Feature\"},{\"geometry\":{\"coordinates\":[35.043611,29.879167],\"type\":\"Point\"},\"properties\":{\"id\":\"m0a0e06.point\"},\"type\":\"Feature\"},{\"geometry\":{\"coordinates\":[35.0965,29.85878],\"type\":\"Point\"},\"properties\":{\"id\":\"m134a42.point\"},\"type\":\"Feature\"},{\"geometry\":{\"coordinates\":[35.09,31.447778],\"type\":\"Point\"},\"properties\":{\"id\":\"m161c59.point\"},\"type\":\"Feature\"},{\"geometry\":{\"coordinates\":[35.278139,32.831944],\"type\":\"Point\"},\"properties\":{\"id\":\"m3ddc20.point\"},\"type\":\"Feature\"},{\"geometry\":{\"coordinates\":[34.896882,29.492468],\"type\":\"Point\"},\"properties\":{\"id\":\"m743a5d.point\"},\"type\":\"Feature\"},{\"geometry\":{\"coordinates\":[35.19,30.616667],\"type\":\"Point\"},\"properties\":{\"id\":\"mdc9182.point\"},\"type\":\"Feature\"}],\"metadata\":{\"name\":\"Jotbah\"},\"type\":\"FeatureCollection\"}","anotherNames":null,"koreanName":"욧바","anotherKoreanNames":null},{"id":"a7384d7","name":"Jotbathah","imageTitle":"m743a5d.i073cab.jpg","isModern":false,"stereo":"parent","description":"A station where the Israelites camped during their wanderings in the wilderness. It is listed as being between Hor-hagidgad and Abronah (Num. 33:33-34) and is described as 'a land of brooks of water' (Deut. 10:7), indicating it was an oasis with springs. The exact site is debated among scholars.","koreanDescription":"이스라엘 백성이 광야를 방황하는 동안 진을 쳤던 장소 중 하나입니다. 호르하깃갓과 아브로나 사이에 위치하며(민수기 33:33-34), '물의 시냇물이 흐르는 땅'(신명기 10:7)으로 묘사되어 샘물이 있는 오아시스였음을 알 수 있습니다. 정확한 위치는 불분명합니다.","verses":["Num.33.33","Num.33.34","Deut.10.7"],"placeUrl":"/geo/ancient/a7384d7/jotbathah","identificationPaths":["/geo/modern/m743a5d","/geo/modern/m0a0e06","/geo/modern/m134a42","/geo/modern/mdc9182"],"types":["settlement","spring"],"unknownPlacePossibility":null,"geojsonText":"{\"bbox\":[34.896882,29.492468,35.19,30.616667],\"features\":[{\"geometry\":{\"coordinates\":[35.043611,29.879167],\"type\":\"Point\"},\"properties\":{\"id\":\"m0a0e06.point\"},\"type\":\"Feature\"},{\"geometry\":{\"coordinates\":[35.0965,29.85878],\"type\":\"Point\"},\"properties\":{\"id\":\"m134a42.point\"},\"type\":\"Feature\"},{\"geometry\":{\"coordinates\":[34.896882,29.492468],\"type\":\"Point\"},\"properties\":{\"id\":\"m743a5d.point\"},\"type\":\"Feature\"},{\"geometry\":{\"coordinates\":[35.19,30.616667],\"type\":\"Point\"},\"properties\":{\"id\":\"mdc9182.point\"},\"type\":\"Feature\"}],\"metadata\":{\"name\":\"Jotbathah\"},\"type\":\"FeatureCollection\"}","anotherNames":null,"koreanName":"욧바다","anotherKoreanNames":null},{"id":"a149f13","name":"Judea 1","imageTitle":"a149f13.i81d2a4.jpg","isModern":false,"stereo":"parent","description":"The region known in the New Testament as Judea (meaning 'Land of the Jews'). It was the southern part of the Holy Land, centered around the capital city of Jerusalem. This is the area where Jesus was born (Bethlehem of Judea), where John the Baptist began his ministry, and where Jesus and the Apostles often ministered. It was an important Roman province during the New Testament era.","koreanDescription":"신약 시대에 유대 땅('유대인의 땅'이라는 의미)으로 알려진 지역입니다. 성도의 수도인 예루살렘을 중심으로 하는 성지의 남부 지역이었습니다. 예수님께서 태어나시고(유대 베들레헴), 세례 요한이 사역을 시작했으며, 예수님과 사도들이 자주 사역한 곳입니다. 신약 시대에는 로마 제국의 중요한 속주였습니다.","verses":["Matt.2.1","Matt.2.5","Matt.2.22","Matt.3.1","Matt.3.5","Matt.4.12","Matt.4.25","Matt.19.1","Matt.24.16","Mark.1.5","Mark.3.7","Mark.10.1","Mark.13.14","Luke.1.5","Luke.1.39","Luke.1.65","Luke.2.4","Luke.3.1","Luke.4.44","Luke.5.17","Luke.6.17","Luke.7.17","Luke.21.21","Luke.23.5","Luke.23.51","John.3.22","John.4.3","John.4.47","John.4.54","John.7.1","John.7.3","John.11.7","John.11.8","John.11.54","Acts.1.8","Acts.2.9","Acts.2.14","Acts.8.1","Acts.9.31","Acts.10.37","Acts.10.39","Acts.11.1","Acts.11.29","Acts.12.19","Acts.15.1","Acts.21.10","Acts.26.20","Acts.28.21","Rom.15.31","2Cor.1.16","Gal.1.22","1Thess.2.14"],"placeUrl":"/geo/ancient/a149f13/judea-1","identificationPaths":["/geo/modern/m66c5b8"],"types":["region"],"unknownPlacePossibility":null,"geojsonText":"{\"bbox\":[34.484398,31.211483,35.647488,33.104068],\"features\":[{\"geometry\":{\"coordinates\":[[[34.883215,32.562013],[34.855042,32.412566],[34.741444,32.044753],[34.59465,31.777872],[34.484398,31.617956],[34.539955,31.211483],[35.450015,31.243866],[35.55086,31.531459],[35.647488,31.595129],[35.596268,32.711386],[35.645996,32.866567],[35.628623,33.104068],[34.883215,32.562013]]],\"type\":\"Polygon\"},\"properties\":{\"id\":\"g55ebd7.geometry\",\"land_or_water\":\"land\"},\"type\":\"Feature\"},{\"geometry\":{\"coordinates\":[35.234167,31.776667],\"type\":\"Point\"},\"properties\":{\"id\":\"m66c5b8.point\"},\"type\":\"Feature\"}],\"metadata\":{\"name\":\"Judea 1\"},\"type\":\"FeatureCollection\"}","anotherNames":null,"koreanName":"유대 1","anotherKoreanNames":null},{"id":"ab86a69","name":"Judea 2","imageTitle":"ab86a69.i515ae6.jpg","isModern":false,"stereo":"parent","description":"The province of Judah (later Judea) during the Persian Empire period, following the return of the exiles from Babylon. The name Judea began to be used after the Babylonian captivity when most returnees were from the tribe of Judah. At this time, it comprised a smaller region centered around Jerusalem (Ezra 5:8; 9:9).","koreanDescription":"바벨론 포로 생활에서 돌아온 후, 페르시아 제국 시대의 유다 지방입니다. 유다 지파 출신들이 대부분이었기에 이때부터 '유대'라는 이름이 사용되기 시작했습니다. 당시에는 예루살렘을 중심으로 하는 비교적 작은 지역을 의미했습니다(에스라 5:8; 9:9).","verses":["Ezra.5.8","Ezra.9.9"],"placeUrl":"/geo/ancient/ab86a69/judea-2","identificationPaths":["/geo/modern/m66c5b8"],"types":["region"],"unknownPlacePossibility":null,"geojsonText":"{\"bbox\":[34.8538,31.44855,35.53351,32.02986],\"features\":[{\"geometry\":{\"coordinates\":[[[[35.42894,32.02986],[35.4028,32.02986],[35.37665,32.02986],[35.35051,32.02986],[35.32437,32.02986],[35.29822,32.02986],[35.27208,32.02986],[35.24594,32.02986],[35.2198,32.02986],[35.19365,32.02986],[35.16751,32.02986],[35.14137,32.02986],[35.11523,32.02986],[35.08908,32.02986],[35.06294,32.02986],[35.0368,32.02986],[35.01065,32.02986],[34.98451,32.02986],[34.95837,32.02986],[34.93223,32.02986],[34.90608,32.02986],[34.87994,32.02986],[34.8538,32.02986],[34.8538,32.0075],[34.8538,31.98515],[34.8538,31.80628],[34.8538,31.78392],[34.8538,31.76157],[34.8538,31.73921],[34.8538,31.71685],[34.90608,31.60506],[34.93223,31.5827],[35.27208,31.47091],[35.35051,31.44855],[35.37665,31.44855],[35.4028,31.44855],[35.53351,31.76157],[35.53351,31.78392],[35.53351,31.80628],[35.53351,31.82864],[35.53351,31.851],[35.53351,31.87336],[35.53351,31.89571],[35.53351,31.91807],[35.48122,31.98515],[35.45508,32.0075],[35.42894,32.02986]]],[[[34.93223,31.60506],[34.98451,31.5827],[35.27208,31.47091],[35.35051,31.44855],[35.37665,31.44855],[35.4028,31.44855],[35.53351,31.76157],[35.53351,31.78392],[35.53351,31.80628],[35.53351,31.82864],[35.53351,31.851],[35.53351,31.87336],[35.53351,31.89571],[35.53351,31.91807],[35.45508,32.0075],[35.19365,32.02986],[35.16751,32.02986],[35.14137,32.02986],[35.11523,32.02986],[35.08908,32.02986],[35.06294,32.02986],[35.0368,32.02986],[35.01065,32.02986],[34.98451,32.02986],[34.95837,32.02986],[34.93223,32.02986],[34.90608,32.02986],[34.87994,32.02986],[34.8538,32.02986],[34.8538,31.78392],[34.87994,31.69449],[34.90608,31.64978],[34.93223,31.60506]]],[[[34.93223,31.62742],[34.95837,31.60506],[34.98451,31.5827],[35.35051,31.44855],[35.37665,31.44855],[35.4028,31.44855],[35.53351,31.76157],[35.53351,31.78392],[35.53351,31.80628],[35.53351,31.82864],[35.53351,31.851],[35.53351,31.87336],[35.53351,31.89571],[35.53351,31.91807],[35.19365,32.0075],[34.90608,32.02986],[34.87994,32.02986],[34.8538,32.02986],[34.87994,31.71685],[34.93223,31.62742]]],[[[34.87994,31.82864],[34.87994,31.80628],[34.87994,31.78392],[34.87994,31.76157],[34.87994,31.73921],[34.87994,31.71685],[34.93223,31.62742],[34.95837,31.60506],[34.98451,31.5827],[35.35051,31.44855],[35.37665,31.44855],[35.4028,31.47091],[35.53351,31.76157],[35.53351,31.78392],[35.53351,31.80628],[35.53351,31.82864],[35.53351,31.851],[35.53351,31.87336],[35.53351,31.89571],[35.4028,31.94043],[35.2198,31.98515],[35.0368,32.0075],[34.87994,32.02986],[34.87994,32.0075],[34.87994,31.98515],[34.87994,31.96279],[34.87994,31.94043],[34.87994,31.91807],[34.87994,31.89571],[34.87994,31.87336],[34.87994,31.851],[34.87994,31.82864]]],[[[34.87994,31.82864],[34.87994,31.80628],[34.87994,31.78392],[34.87994,31.76157],[34.87994,31.73921],[34.93223,31.62742],[34.95837,31.60506],[34.98451,31.5827],[35.35051,31.44855],[35.37665,31.44855],[35.4028,31.47091],[35.53351,31.76157],[35.53351,31.78392],[35.53351,31.80628],[35.53351,31.82864],[35.53351,31.851],[35.53351,31.87336],[35.53351,31.89571],[35.45508,31.91807],[35.37665,31.94043],[35.19365,31.98515],[34.87994,32.02986],[34.87994,32.0075],[34.87994,31.98515],[34.87994,31.96279],[34.87994,31.94043],[34.87994,31.91807],[34.87994,31.89571],[34.87994,31.82864]]],[[[34.93223,31.64978],[34.95837,31.60506],[34.98451,31.5827],[35.35051,31.44855],[35.37665,31.44855],[35.4028,31.47091],[35.53351,31.76157],[35.53351,31.78392],[35.53351,31.80628],[35.53351,31.82864],[35.53351,31.851],[35.53351,31.87336],[35.53351,31.89571],[35.45508,31.91807],[35.16751,31.98515],[34.95837,32.0075],[34.93223,31.98515],[34.90608,31.96279],[34.87994,31.80628],[34.87994,31.78392],[34.87994,31.76157],[34.93223,31.64978]]],[[[34.90608,31.80628],[34.90608,31.78392],[34.90608,31.76157],[34.90608,31.73921],[34.95837,31.60506],[35.01065,31.5827],[35.37665,31.44855],[35.4028,31.47091],[35.53351,31.76157],[35.53351,31.78392],[35.53351,31.80628],[35.53351,31.82864],[35.53351,31.851],[35.53351,31.87336],[35.53351,31.89571],[35.2198,31.96279],[35.11523,31.98515],[35.08908,31.98515],[35.0368,31.98515],[34.93223,31.96279],[34.90608,31.94043],[34.90608,31.91807],[34.90608,31.89571],[34.90608,31.87336],[34.90608,31.851],[34.90608,31.82864],[34.90608,31.80628]]],[[[34.90608,31.89571],[34.90608,31.87336],[34.90608,31.851],[34.90608,31.82864],[34.90608,31.80628],[34.95837,31.60506],[35.01065,31.5827],[35.35051,31.47091],[35.37665,31.47091],[35.4028,31.47091],[35.53351,31.76157],[35.53351,31.78392],[35.53351,31.80628],[35.53351,31.82864],[35.53351,31.851],[35.53351,31.87336],[35.45508,31.89571],[35.37665,31.91807],[35.2198,31.96279],[35.19365,31.96279],[35.16751,31.96279],[35.14137,31.96279],[35.11523,31.96279],[35.08908,31.96279],[35.06294,31.96279],[35.0368,31.96279],[35.01065,31.96279],[34.98451,31.96279],[34.95837,31.94043],[34.93223,31.91807],[34.90608,31.89571]]],[[[34.90608,31.851],[34.90608,31.82864],[34.93223,31.71685],[34.95837,31.60506],[35.01065,31.5827],[35.37665,31.53798],[35.4028,31.53798],[35.53351,31.76157],[35.53351,31.78392],[35.53351,31.80628],[35.53351,31.82864],[35.53351,31.851],[35.53351,31.87336],[35.2198,31.96279],[35.19365,31.96279],[35.16751,31.96279],[35.14137,31.96279],[35.11523,31.96279],[35.08908,31.96279],[35.06294,31.96279],[35.0368,31.96279],[35.01065,31.96279],[34.98451,31.96279],[34.93223,31.89571],[34.90608,31.851]]]],\"type\":\"MultiPolygon\"},\"properties\":{\"format\":\"isobands\",\"id\":\"gb88bb1.isobands\",\"land_or_water\":\"land\",\"max_confidence\":90,\"min_confidence\":10,\"role\":\"isobands\"},\"type\":\"Feature\"},{\"geometry\":{\"coordinates\":[35.234167,31.776667],\"type\":\"Point\"},\"properties\":{\"id\":\"m66c5b8.point\"},\"type\":\"Feature\"}],\"metadata\":{\"name\":\"Judea 2\"},\"type\":\"FeatureCollection\"}","anotherNames":null,"koreanName":"유대 2","anotherKoreanNames":null},{"id":"acc7184","name":"Juttah","imageTitle":"m161c59.i8174de.jpg","isModern":false,"stereo":"parent","description":"A priestly city in the hill country of Judah (Josh. 15:55; 21:16). It was one of the 13 cities assigned to the descendants of Aaron. Some traditions, based on Luke 1:39, suggest it might have been the home of Zechariah and Elizabeth, and thus the birthplace of John the Baptist.","koreanDescription":"유다 산지에 위치한 제사장 성읍이었습니다(여호수아 15:55; 21:16). 아론의 후손들에게 할당된 13개 성읍 중 하나였습니다. 누가복음 1:39에 근거하여, 일부 전통에서는 이곳이 세례 요한의 부모인 사가랴와 엘리사벳의 고향이자 요한의 출생지였을 것으로 추정하기도 합니다.","verses":["Josh.15.55","Josh.21.16","1Chr.6.59"],"placeUrl":"/geo/ancient/acc7184/juttah","identificationPaths":["/geo/modern/m161c59"],"types":["settlement"],"unknownPlacePossibility":null,"geojsonText":"{\"features\":[{\"geometry\":{\"coordinates\":[35.09,31.447778],\"type\":\"Point\"},\"properties\":{\"id\":\"m161c59.point\"},\"type\":\"Feature\"}],\"metadata\":{\"name\":\"Juttah\"},\"type\":\"FeatureCollection\"}","anotherNames":null,"koreanName":"윳다","anotherKoreanNames":null},{"id":"a2715db","name":"Kabzeel","imageTitle":"mef1743.satellite.jpg","isModern":false,"stereo":"parent","description":"An ancient city in the extreme southern part of Judah, near the border of Edom (Josh. 15:21). It is noted as the native town of Benaiah the son of Jehoiada, one of David's mighty men (2 Sam. 23:20). It was later re-inhabited after the Babylonian exile (Neh. 11:25, where it is called Jekabzeel).","koreanDescription":"에돔 국경 근처, 유다의 극남부에 위치한 고대 성읍입니다(여호수아 15:21). 다윗의 용사 중 한 명인 여호야다의 아들 브나야의 고향으로 유명합니다(사무엘하 23:20). 바벨론 포로 귀환 후 다시 거주지로 언급되었습니다(느헤미야 11:25에서는 '여갑스엘'로 불림).","verses":["Josh.15.21","2Sam.23.20","1Chr.11.22","Neh.11.25"],"placeUrl":"/geo/ancient/a2715db/kabzeel","identificationPaths":["/geo/modern/mef1743","/geo/modern/ma832c2"],"types":["settlement"],"unknownPlacePossibility":null,"geojsonText":"{\"bbox\":[34.93235,31.2328,34.9867,31.28619],\"features\":[{\"geometry\":{\"coordinates\":[34.9867,31.2328],\"type\":\"Point\"},\"properties\":{\"id\":\"ma832c2.point\"},\"type\":\"Feature\"},{\"geometry\":{\"coordinates\":[34.93235,31.28619],\"type\":\"Point\"},\"properties\":{\"id\":\"mef1743.point\"},\"type\":\"Feature\"}],\"metadata\":{\"name\":\"Kabzeel\"},\"type\":\"FeatureCollection\"}","anotherNames":null,"koreanName":"갑스엘","anotherKoreanNames":null},{"id":"adc9b5a","name":"Kadesh 2","imageTitle":"m32c21d.if4ef6d.jpg","isModern":false,"stereo":"parent","description":"One of several ancient places named Kadesh ('holy place'). This specific Kadesh is mentioned in the context of King David's census (2 Sam. 24:6), suggesting a location in the northern regions, possibly near Mount Hermon. Its precise identification is uncertain and debated.","koreanDescription":"여러 고대 성읍 중 '거룩한 곳'을 뜻하는 이름 가데스를 가진 곳 중 하나입니다. 이 가데스는 다윗 왕의 인구 조사와 관련하여 북부 지역, 어쩌면 헬몬 산 근처에 위치했을 것으로 추정됩니다(사무엘하 24:6). 정확한 위치는 논쟁의 여지가 있습니다.","verses":["2Sam.24.6"],"placeUrl":"/geo/ancient/adc9b5a/kadesh-2","identificationPaths":["/geo/modern/m32c21d","/geo/modern/m48684e","/geo/modern/m946fef","/geo/modern/m12c649","/geo/modern/m81b743","/geo/modern/md54909","/geo/modern/m662b52","/geo/modern/mc78c4d"],"types":["settlement"],"unknownPlacePossibility":null,"geojsonText":"{\"bbox\":[35.216031,32.55949,36.520815,34.559105],\"features\":[{\"geometry\":{\"coordinates\":[[[35.85,33.62483],[35.82178,33.6236],[35.79387,33.6199],[35.76657,33.6138],[35.7402,33.60534],[35.71504,33.59464],[35.69137,33.58179],[35.66945,33.56695],[35.64952,33.55028],[35.63179,33.53196],[35.61647,33.5122],[35.60372,33.4912],[35.59367,33.46921],[35.58644,33.44647],[35.5821,33.42321],[35.58069,33.39971],[35.58224,33.37621],[35.58672,33.35298],[35.59408,33.33026],[35.60424,33.30831],[35.61708,33.28737],[35.63246,33.26766],[35.65021,33.2494],[35.67014,33.23279],[35.69204,33.21801],[35.71565,33.20522],[35.74072,33.19456],[35.76698,33.18615],[35.79415,33.18007],[35.82192,33.1764],[35.85,33.17517],[35.87808,33.1764],[35.90585,33.18007],[35.93302,33.18615],[35.95928,33.19456],[35.98435,33.20522],[36.00796,33.21801],[36.02986,33.23279],[36.04979,33.2494],[36.06754,33.26766],[36.08292,33.28737],[36.09576,33.30831],[36.10592,33.33026],[36.11328,33.35298],[36.11776,33.37621],[36.11931,33.39971],[36.1179,33.42321],[36.11356,33.44647],[36.10633,33.46921],[36.09628,33.4912],[36.08353,33.5122],[36.06821,33.53196],[36.05048,33.55028],[36.03055,33.56695],[36.00863,33.58179],[35.98496,33.59464],[35.9598,33.60534],[35.93343,33.6138],[35.90613,33.6199],[35.87822,33.6236],[35.85,33.62483]]],\"type\":\"Polygon\"},\"properties\":{\"id\":\"g1dd7c2.geometry\",\"land_or_water\":\"land\"},\"type\":\"Feature\"},{\"geometry\":{\"coordinates\":[[[36.517924,34.556789],[36.517775,34.556318],[36.51765,34.555892],[36.518041,34.555537],[36.518668,34.555414],[36.519452,34.555511],[36.519977,34.555898],[36.520651,34.557202],[36.520721,34.557802],[36.520815,34.558415],[36.520768,34.558686],[36.520408,34.559015],[36.520032,34.559105],[36.519616,34.559002],[36.519209,34.558679],[36.518645,34.557711],[36.518262,34.557221],[36.517924,34.556789]]],\"type\":\"Polygon\"},\"properties\":{\"id\":\"g96b497.geometry\",\"land_or_water\":\"land\"},\"type\":\"Feature\"},{\"geometry\":{\"coordinates\":[35.216031,32.55949],\"type\":\"Point\"},\"properties\":{\"id\":\"m12c649.point\"},\"type\":\"Feature\"},{\"geometry\":{\"coordinates\":[36.5196,34.55781],\"type\":\"Point\"},\"properties\":{\"id\":\"m32c21d.point\"},\"type\":\"Feature\"},{\"geometry\":{\"coordinates\":[35.529517,33.111638],\"type\":\"Point\"},\"properties\":{\"id\":\"m48684e.point\"},\"type\":\"Feature\"},{\"geometry\":{\"coordinates\":[35.371944,32.631389],\"type\":\"Point\"},\"properties\":{\"id\":\"m662b52.point\"},\"type\":\"Feature\"},{\"geometry\":{\"coordinates\":[35.393056,32.661389],\"type\":\"Point\"},\"properties\":{\"id\":\"m81b743.point\"},\"type\":\"Feature\"},{\"geometry\":{\"coordinates\":[35.55555,32.735],\"type\":\"Point\"},\"properties\":{\"id\":\"m946fef.point\"},\"type\":\"Feature\"},{\"geometry\":{\"coordinates\":[35.85,33.4],\"type\":\"Point\"},\"properties\":{\"id\":\"mc78c4d.25000m\"},\"type\":\"Feature\"},{\"geometry\":{\"coordinates\":[35.46614,32.653446],\"type\":\"Point\"},\"properties\":{\"id\":\"md54909.point\"},\"type\":\"Feature\"}],\"metadata\":{\"geometry_credit\":\"Some data © OpenStreetMap contributors\",\"name\":\"Kadesh 2\"},\"type\":\"FeatureCollection\"}","anotherNames":null,"koreanName":"가데스 2","anotherKoreanNames":null},{"id":"ac2cef0","name":"Kadesh-barnea","imageTitle":"m6da23a.i61384b.jpg","isModern":false,"stereo":"parent","description":"A crucially important place in the wilderness journey, serving as the main base camp for the Israelites for much of their 40 years of wandering (Num. 20:1; Deut. 1:46). It was from here that the twelve spies were sent into Canaan (Num. 13:26), and where the people's subsequent disbelief and murmuring led to the 40-year punishment (Num. 14:29-33). It was located in the Wilderness of Zin, on the southern border of the Promised Land (Num. 34:4; Josh. 15:3). Miriam's death also occurred here (Num. 20:1).","koreanDescription":"광야 여정에서 매우 중요한 장소로, 이스라엘 백성이 40년 방황하는 기간 중 상당 기간 동안 주요 진영이었습니다(민수기 20:1; 신명기 1:46). 이곳에서 열두 정탐꾼이 가나안으로 파송되었으며(민수기 13:26), 백성들의 불신과 원망으로 인해 40년간의 형벌이 시작된 곳입니다(민수기 14:29-33). 약속의 땅 남쪽 경계에 있는 신 광야에 위치했으며(민수기 34:4; 여호수아 15:3), 미리암이 죽은 곳이기도 합니다(민수기 20:1).","verses":["Gen.14.7","Gen.16.14","Gen.20.1","Num.13.26","Num.20.1","Num.20.14","Num.20.16","Num.20.22","Num.27.14","Num.32.8","Num.33.36","Num.33.37","Num.34.4","Deut.1.2","Deut.1.19","Deut.1.46","Deut.2.14","Deut.9.23","Josh.10.41","Josh.14.6","Josh.14.7","Josh.15.3","Judg.11.16","Judg.11.17"],"placeUrl":"/geo/ancient/ac2cef0/kadesh-barnea","identificationPaths":["/geo/modern/m6da23a","/geo/modern/m2ed468"],"types":["settlement"],"unknownPlacePossibility":null,"geojsonText":"{\"bbox\":[34.422222,30.583378,34.484081,30.648333],\"features\":[{\"geometry\":{\"coordinates\":[34.484081,30.583378],\"type\":\"Point\"},\"properties\":{\"id\":\"m2ed468.point\"},\"type\":\"Feature\"},{\"geometry\":{\"coordinates\":[34.422222,30.648333],\"type\":\"Point\"},\"properties\":{\"id\":\"m6da23a.point\"},\"type\":\"Feature\"}],\"metadata\":{\"name\":\"Kadesh-barnea\"},\"type\":\"FeatureCollection\"}","anotherNames":null,"koreanName":"가데스 바네아","anotherKoreanNames":null},{"id":"m8fcc34","name":"Jordan Valley","isModern":true,"stereo":"child","description":"The Jordan Valley is the modern name for the rift valley that the Jordan River runs through, forming a significant border and agricultural region today, especially for dates and bananas. It is geologically part of the Great Rift Valley system. It is the modern counterpart to the biblical Jordan Valley (aa54aa4).","koreanDescription":"요단 계곡은 요단강이 흐르는 지구대를 일컫는 현대 지명입니다. 현재는 농업 지역으로 중요하며, 특히 대추야자와 바나나 재배가 활발합니다. 지질학적으로는 동아프리카 지구대(Great Rift Valley)의 일부이며, 성경 속 요단 계곡(aa54aa4)과 동일한 지역입니다.","imageTitle":"m8fcc34.icd3068.jpg","types":["valley"],"geojsonText":"{\"bbox\":[35.377756,31.738839,35.701387,32.727494],\"features\":[{\"geometry\":{\"coordinates\":[35.57,32.317222],\"type\":\"Point\"},\"properties\":{\"id\":\"m8fcc34.representative_point\",\"role\":\"representative_point\"},\"type\":\"Feature\"},{\"geometry\":{\"coordinates\":[[[35.641497,31.738839],[35.701387,31.844513],[35.595213,31.965858],[35.668632,32.19519],[35.598618,32.350868],[35.635348,32.727494],[35.566054,32.71703],[35.575584,32.661326],[35.567754,32.623829],[35.519762,32.506111],[35.539992,32.362357],[35.556018,32.270368],[35.540053,32.197291],[35.489048,32.083101],[35.434166,32.030584],[35.447941,31.960009],[35.398864,31.951947],[35.377756,31.918242],[35.421166,31.893264],[35.430094,31.847714],[35.454051,31.779867],[35.494221,31.751456],[35.641497,31.738839]]],\"type\":\"Polygon\"},\"properties\":{\"id\":\"gda936b.geometry\",\"land_or_water\":\"land\",\"role\":\"geometry\"},\"type\":\"Feature\"}],\"metadata\":{\"class\":\"natural\",\"land_or_water\":\"land\",\"name\":\"Jordan Valley\",\"type\":\"valley\"},\"type\":\"FeatureCollection\"}","anotherNames":null,"koreanName":"요단 계곡","anotherKoreanNames":null},{"id":"mee0e2f","name":"Khirbet er Raqqa","isModern":true,"stereo":"child","description":"An archaeological site in the Shephelah region of Israel. Excavations have uncovered remains from the Bronze Age through the Ottoman period. Some scholars suggest this site might be the biblical Jorkeam (a2b389a) or possibly Ziklag, though identification with the former is less certain.","koreanDescription":"이스라엘 세펠라 지역에 있는 고고학 유적지입니다. 청동기 시대부터 오스만 제국 시대까지의 유적이 발굴되었습니다. 일부 학자들은 이 유적지가 성경 속 요르크암 (a2b389a) 또는 스글락일 가능성이 있다고 제안하지만, 요르크암과의 일치는 확실하지 않습니다.","imageTitle":"mee0e2f.satellite.jpg","types":["settlement"],"geojsonText":"{\"bbox\":[35.11828,31.46179,35.1187,31.46215],\"features\":[{\"geometry\":{\"coordinates\":[35.118489,31.461967],\"type\":\"Point\"},\"properties\":{\"id\":\"mee0e2f.point\",\"role\":\"point\"},\"type\":\"Feature\"},{\"geometry\":{\"coordinates\":[[[35.11849,31.46215],[35.11847,31.46215],[35.11845,31.46214],[35.11842,31.46214],[35.1184,31.46213],[35.11838,31.46212],[35.11837,31.46211],[35.11835,31.4621],[35.11833,31.46209],[35.11832,31.46207],[35.11831,31.46206],[35.1183,31.46204],[35.11829,31.46202],[35.11828,31.462],[35.11828,31.46199],[35.11828,31.46197],[35.11828,31.46195],[35.11828,31.46193],[35.11829,31.46191],[35.1183,31.46189],[35.11831,31.46188],[35.11832,31.46186],[35.11833,31.46185],[35.11835,31.46183],[35.11837,31.46182],[35.11838,31.46181],[35.1184,31.4618],[35.11842,31.4618],[35.11845,31.46179],[35.11847,31.46179],[35.11849,31.46179],[35.11851,31.46179],[35.11853,31.46179],[35.11855,31.4618],[35.11857,31.4618],[35.11859,31.46181],[35.11861,31.46182],[35.11863,31.46183],[35.11865,31.46185],[35.11866,31.46186],[35.11867,31.46188],[35.11868,31.46189],[35.11869,31.46191],[35.1187,31.46193],[35.1187,31.46195],[35.1187,31.46197],[35.1187,31.46199],[35.1187,31.462],[35.11869,31.46202],[35.11868,31.46204],[35.11867,31.46206],[35.11866,31.46207],[35.11865,31.46209],[35.11863,31.4621],[35.11861,31.46211],[35.11859,31.46212],[35.11857,31.46213],[35.11855,31.46214],[35.11853,31.46214],[35.11851,31.46215],[35.11849,31.46215]]],\"type\":\"Polygon\"},\"properties\":{\"id\":\"g738632.precision_radius\",\"land_or_water\":\"land\",\"role\":\"precision_radius\"},\"type\":\"Feature\"}],\"metadata\":{\"class\":\"human\",\"land_or_water\":\"land\",\"name\":\"Khirbet er Raqqa\",\"type\":\"settlement\"},\"type\":\"FeatureCollection\"}","anotherNames":"Khirbet er Raqah, Khirbet Raqah, Khirbet Raq’a, Khirbet Ru’qa","koreanName":"키르벳 에르 라카","anotherKoreanNames":"키르벳 에르 라카, 키르벳 라카, 키르벳 라카, 키르벳 루카"},{"id":"m3ddc20","name":"Khirbet Shifat","isModern":true,"stereo":"child","description":"An archaeological site in the Lower Galilee region of Israel, often identified with the ancient settlement of Jotapata. This site is one of the possibilities suggested for the biblical Jotbah (adbbb54), though Jotbah is generally placed in Judah.","koreanDescription":"이스라엘 하부 갈릴리 지역의 고고학 유적지로, 고대 성읍 요타파타로 확인되는 경우가 많습니다. 이곳은 성경 속 욧바(adbbb54)의 후보지 중 하나로 제안되지만, 욧바는 보통 유다 지역에 위치했던 것으로 여겨집니다.","imageTitle":"m3ddc20.ica60a6.jpg","types":["settlement"],"geojsonText":"{\"bbox\":[35.27707,32.83104,35.27921,32.83284],\"features\":[{\"geometry\":{\"coordinates\":[35.278139,32.831944],\"type\":\"Point\"},\"properties\":{\"id\":\"m3ddc20.point\",\"role\":\"point\"},\"type\":\"Feature\"},{\"geometry\":{\"coordinates\":[[[35.27814,32.83284],[35.27803,32.83284],[35.27792,32.83282],[35.27781,32.8328],[35.2777,32.83277],[35.2776,32.83272],[35.27751,32.83267],[35.27742,32.83261],[35.27734,32.83255],[35.27727,32.83247],[35.27721,32.83239],[35.27716,32.83231],[35.27712,32.83222],[35.27709,32.83213],[35.27707,32.83204],[35.27707,32.83194],[35.27707,32.83185],[35.27709,32.83176],[35.27712,32.83167],[35.27716,32.83158],[35.27721,32.83149],[35.27727,32.83142],[35.27734,32.83134],[35.27742,32.83128],[35.27751,32.83122],[35.2776,32.83117],[35.2777,32.83112],[35.27781,32.83109],[35.27792,32.83106],[35.27803,32.83105],[35.27814,32.83104],[35.27825,32.83105],[35.27836,32.83106],[35.27847,32.83109],[35.27857,32.83112],[35.27867,32.83117],[35.27877,32.83122],[35.27886,32.83128],[35.27893,32.83134],[35.279,32.83142],[35.27907,32.83149],[35.27912,32.83158],[35.27916,32.83167],[35.27919,32.83176],[35.2792,32.83185],[35.27921,32.83194],[35.2792,32.83204],[35.27919,32.83213],[35.27916,32.83222],[35.27912,32.83231],[35.27907,32.83239],[35.279,32.83247],[35.27893,32.83255],[35.27886,32.83261],[35.27877,32.83267],[35.27867,32.83272],[35.27857,32.83277],[35.27847,32.8328],[35.27836,32.83282],[35.27825,32.83284],[35.27814,32.83284]]],\"type\":\"Polygon\"},\"properties\":{\"id\":\"g9a3c1d.precision_radius\",\"land_or_water\":\"land\",\"role\":\"precision_radius\"},\"type\":\"Feature\"}],\"metadata\":{\"class\":\"human\",\"land_or_water\":\"land\",\"name\":\"Khirbet Shifat\",\"type\":\"settlement\"},\"type\":\"FeatureCollection\"}","anotherNames":"Horbat Yodfat, Jotapata (ancient name), Khirbet Jefat, Tell Jefat, Yodfat","koreanName":"키르벳 쉬파트","anotherKoreanNames":"호르밧 요드팟, 요타파타(고대 이름), 키르벳 예파트, 텔 예파트, 요드팟"},{"id":"m02b936","name":"Karm er Ras","isModern":true,"stereo":"child","description":"A site in Galilee, Israel, near the traditional site of Cana. Archaeological finds from the Roman period, including a Jewish ritual bath, suggest a Jewish settlement existed here. It is one of the lesser-supported proposals for the biblical Jotbah (adbbb54).","koreanDescription":"이스라엘 갈릴리 지역, 전통적인 가나 근처에 있는 유적지입니다. 유대인 의식용 목욕탕을 포함한 로마 시대의 고고학적 발견은 이곳에 유대인 정착지가 있었음을 시사합니다. 성경 속 욧바(adbbb54)의 후보지 중 하나이지만 지지도가 낮습니다.","imageTitle":"m02b936.satellite.jpg","types":["settlement"],"geojsonText":"{\"bbox\":[35.33308,32.74941,35.33468,32.75075],\"features\":[{\"geometry\":{\"coordinates\":[35.33388,32.75008],\"type\":\"Point\"},\"properties\":{\"id\":\"m02b936.point\",\"role\":\"point\"},\"type\":\"Feature\"},{\"geometry\":{\"coordinates\":[[[35.33388,32.75075],[35.3338,32.75075],[35.33371,32.75074],[35.33363,32.75072],[35.33355,32.7507],[35.33348,32.75066],[35.33341,32.75063],[35.33334,32.75058],[35.33328,32.75053],[35.33323,32.75048],[35.33319,32.75042],[35.33315,32.75035],[35.33312,32.75029],[35.3331,32.75022],[35.33308,32.75015],[35.33308,32.75008],[35.33308,32.75001],[35.3331,32.74994],[35.33312,32.74987],[35.33315,32.74981],[35.33319,32.74974],[35.33323,32.74968],[35.33328,32.74963],[35.33334,32.74958],[35.33341,32.74953],[35.33348,32.7495],[35.33355,32.74946],[35.33363,32.74944],[35.33371,32.74942],[35.3338,32.74941],[35.33388,32.74941],[35.33396,32.74941],[35.33405,32.74942],[35.33413,32.74944],[35.33421,32.74946],[35.33428,32.7495],[35.33435,32.74953],[35.33442,32.74958],[35.33448,32.74963],[35.33453,32.74968],[35.33457,32.74974],[35.33461,32.74981],[35.33464,32.74987],[35.33466,32.74994],[35.33468,32.75001],[35.33468,32.75008],[35.33468,32.75015],[35.33466,32.75022],[35.33464,32.75029],[35.33461,32.75035],[35.33457,32.75042],[35.33453,32.75048],[35.33448,32.75053],[35.33442,32.75058],[35.33435,32.75063],[35.33428,32.75066],[35.33421,32.7507],[35.33413,32.75072],[35.33405,32.75074],[35.33396,32.75075],[35.33388,32.75075]]],\"type\":\"Polygon\"},\"properties\":{\"id\":\"gab3e18.precision_radius\",\"land_or_water\":\"land\",\"role\":\"precision_radius\"},\"type\":\"Feature\"}],\"metadata\":{\"class\":\"human\",\"land_or_water\":\"land\",\"name\":\"Karm er Ras\",\"type\":\"settlement\"},\"type\":\"FeatureCollection\"}","anotherNames":"Kerem el Ras","koreanName":"카름 에르 라스","anotherKoreanNames":"케렘 엘 라스"},{"id":"m743a5d","name":"Taba","isModern":true,"stereo":"child","description":"A resort town on the northern tip of the Gulf of Aqaba, in Egypt, close to the borders with Israel and Jordan. It's a popular diving and tourism destination. It is one of the suggested modern locations for the biblical stopover Jotbathah (a7384d7).","koreanDescription":"이집트의 아카바만 북단에 위치한 리조트 도시로, 이스라엘 및 요르단 국경과 가깝습니다. 다이빙과 관광지로 유명합니다. 성경 속 이스라엘 백성의 정박지였던 욧바다(a7384d7)의 현대적 후보지 중 하나입니다.","imageTitle":"m743a5d.i073cab.jpg","types":["settlement"],"geojsonText":"{\"bbox\":[34.8943,29.49022,34.89947,29.49472],\"features\":[{\"geometry\":{\"coordinates\":[34.896882,29.492468],\"type\":\"Point\"},\"properties\":{\"id\":\"m743a5d.point\",\"role\":\"point\"},\"type\":\"Feature\"},{\"geometry\":{\"coordinates\":[[[34.89688,29.49472],[34.89661,29.4947],[34.89634,29.49467],[34.89608,29.49461],[34.89583,29.49452],[34.89559,29.49442],[34.89536,29.49429],[34.89515,29.49414],[34.89496,29.49397],[34.89479,29.49379],[34.89465,29.49359],[34.89452,29.49338],[34.89443,29.49316],[34.89436,29.49294],[34.89431,29.4927],[34.8943,29.49247],[34.89431,29.49223],[34.89436,29.492],[34.89443,29.49177],[34.89452,29.49155],[34.89465,29.49134],[34.89479,29.49115],[34.89496,29.49096],[34.89515,29.4908],[34.89536,29.49065],[34.89559,29.49052],[34.89583,29.49041],[34.89608,29.49033],[34.89634,29.49027],[34.89661,29.49023],[34.89688,29.49022],[34.89715,29.49023],[34.89742,29.49027],[34.89768,29.49033],[34.89793,29.49041],[34.89817,29.49052],[34.8984,29.49065],[34.89861,29.4908],[34.8988,29.49096],[34.89897,29.49115],[34.89912,29.49134],[34.89924,29.49155],[34.89934,29.49177],[34.89941,29.492],[34.89945,29.49223],[34.89947,29.49247],[34.89945,29.4927],[34.89941,29.49294],[34.89934,29.49316],[34.89924,29.49338],[34.89912,29.49359],[34.89897,29.49379],[34.8988,29.49397],[34.89861,29.49414],[34.8984,29.49429],[34.89817,29.49442],[34.89793,29.49452],[34.89768,29.49461],[34.89742,29.49467],[34.89715,29.4947],[34.89688,29.49472]]],\"type\":\"Polygon\"},\"properties\":{\"id\":\"g00be69.precision_radius\",\"land_or_water\":\"land\",\"role\":\"precision_radius\"},\"type\":\"Feature\"}],\"metadata\":{\"class\":\"human\",\"land_or_water\":\"land\",\"name\":\"Taba\",\"type\":\"settlement\"},\"type\":\"FeatureCollection\"}","anotherNames":"Tabeh","koreanName":"타바","anotherKoreanNames":"타베"},{"id":"m0a0e06","name":"Ein Yotvata","isModern":true,"stereo":"child","description":"A spring and oasis in the Arava Valley in southern Israel, located near Kibbutz Yotvata. The kibbutz is named after the biblical Jotbathah (a7384d7), and the spring may correspond to the 'brooks of water' mentioned in the Bible.","koreanDescription":"이스라엘 남부 아라바 계곡에 위치한 샘이자 오아시스로, 요트바타 키부츠 근처에 있습니다. 이 키부츠는 성경 속 욧바다(a7384d7)의 이름을 따왔으며, 이 샘은 성경에 언급된 '물의 시냇물'에 해당할 수 있습니다.","imageTitle":"m0a0e06.ic8f0ab.jpg","types":["spring"],"geojsonText":"{\"bbox\":[35.04257,29.87827,35.04465,29.88007],\"features\":[{\"geometry\":{\"coordinates\":[35.043611,29.879167],\"type\":\"Point\"},\"properties\":{\"id\":\"m0a0e06.point\",\"role\":\"point\"},\"type\":\"Feature\"},{\"geometry\":{\"coordinates\":[[[35.04361,29.88007],[35.0435,29.88006],[35.0434,29.88005],[35.04329,29.88002],[35.04319,29.87999],[35.04309,29.87995],[35.043,29.87989],[35.04292,29.87984],[35.04284,29.87977],[35.04277,29.8797],[35.04271,29.87962],[35.04266,29.87953],[35.04262,29.87944],[35.0426,29.87935],[35.04258,29.87926],[35.04257,29.87917],[35.04258,29.87907],[35.0426,29.87898],[35.04262,29.87889],[35.04266,29.8788],[35.04271,29.87872],[35.04277,29.87864],[35.04284,29.87857],[35.04292,29.8785],[35.043,29.87844],[35.04309,29.87839],[35.04319,29.87835],[35.04329,29.87831],[35.0434,29.87829],[35.0435,29.87827],[35.04361,29.87827],[35.04372,29.87827],[35.04383,29.87829],[35.04393,29.87831],[35.04403,29.87835],[35.04413,29.87839],[35.04422,29.87844],[35.04431,29.8785],[35.04438,29.87857],[35.04445,29.87864],[35.04451,29.87872],[35.04456,29.8788],[35.0446,29.87889],[35.04463,29.87898],[35.04464,29.87907],[35.04465,29.87917],[35.04464,29.87926],[35.04463,29.87935],[35.0446,29.87944],[35.04456,29.87953],[35.04451,29.87962],[35.04445,29.8797],[35.04438,29.87977],[35.04431,29.87984],[35.04422,29.87989],[35.04413,29.87995],[35.04403,29.87999],[35.04393,29.88002],[35.04383,29.88005],[35.04372,29.88006],[35.04361,29.88007]]],\"type\":\"Polygon\"},\"properties\":{\"id\":\"g47485e.precision_radius\",\"land_or_water\":\"land\",\"role\":\"precision_radius\"},\"type\":\"Feature\"}],\"metadata\":{\"class\":\"natural\",\"land_or_water\":\"water\",\"name\":\"Ein Yotvata\",\"type\":\"spring\"},\"type\":\"FeatureCollection\"}","anotherNames":"Ain el Ghadian","koreanName":"에인 요트바타","anotherKoreanNames":"아인 엘 가디안"},{"id":"m134a42","name":"Et Taba","isModern":true,"stereo":"child","description":"A spring or oasis in the Sinai Peninsula/Arabah region, often mentioned in discussions about the location of the biblical Jotbathah (a7384d7).","koreanDescription":"시나이 반도/아라바 지역에 있는 샘 또는 오아시스로, 성경 속 욧바다(a7384d7)의 위치를 논할 때 자주 언급되는 후보지 중 하나입니다.","imageTitle":"m134a42.satellite.jpg","types":["spring"],"geojsonText":"{\"bbox\":[35.03428,29.80482,35.15872,29.91274],\"features\":[{\"geometry\":{\"coordinates\":[35.0965,29.85878],\"type\":\"Point\"},\"properties\":{\"id\":\"m134a42.point\",\"role\":\"point\"},\"type\":\"Feature\"},{\"geometry\":{\"coordinates\":[[[35.0965,29.91274],[35.08999,29.91244],[35.08356,29.91156],[35.07726,29.9101],[35.07118,29.90807],[35.06538,29.90551],[35.05991,29.90243],[35.05485,29.89887],[35.05025,29.89488],[35.04615,29.89049],[35.0426,29.88575],[35.03965,29.88072],[35.03732,29.87544],[35.03563,29.86998],[35.03462,29.86441],[35.03428,29.85877],[35.03463,29.85313],[35.03565,29.84755],[35.03734,29.84209],[35.03967,29.83682],[35.04263,29.83179],[35.04618,29.82705],[35.05028,29.82267],[35.05488,29.81867],[35.05994,29.81512],[35.06541,29.81205],[35.07121,29.80948],[35.07728,29.80746],[35.08357,29.806],[35.09,29.80512],[35.0965,29.80482],[35.103,29.80512],[35.10943,29.806],[35.11572,29.80746],[35.12179,29.80948],[35.12759,29.81205],[35.13306,29.81512],[35.13812,29.81867],[35.14272,29.82267],[35.14682,29.82705],[35.15037,29.83179],[35.15333,29.83682],[35.15566,29.84209],[35.15735,29.84755],[35.15837,29.85313],[35.15872,29.85877],[35.15838,29.86441],[35.15737,29.86998],[35.15568,29.87544],[35.15335,29.88072],[35.1504,29.88575],[35.14685,29.89049],[35.14275,29.89488],[35.13815,29.89887],[35.13309,29.90243],[35.12762,29.90551],[35.12182,29.90807],[35.11574,29.9101],[35.10944,29.91156],[35.10301,29.91244],[35.0965,29.91274]]],\"type\":\"Polygon\"},\"properties\":{\"id\":\"g77efd4.precision_radius\",\"land_or_water\":\"land\",\"role\":\"precision_radius\"},\"type\":\"Feature\"}],\"metadata\":{\"class\":\"natural\",\"land_or_water\":\"water\",\"name\":\"Et Taba\",\"type\":\"spring\"},\"type\":\"FeatureCollection\"}","anotherNames":"Ain Tabah, Bir Taba, Sabkhat Tabah","koreanName":"엣 타바","anotherKoreanNames":"아인 타바, 비르 타바, 삽카트 타바"},{"id":"mdc9182","name":"Ein Weibeh","isModern":true,"stereo":"child","description":"A major spring in the Arabah Valley, Israel, identified by some early explorers as a possible location for the biblical stopover Jotbathah (a7384d7). Its abundant water source suggests it fits the biblical description.","koreanDescription":"이스라엘 아라바 계곡에 있는 주요 샘으로, 일부 초기 탐험가들에 의해 성경 속 정박지 욧바다(a738d7)의 가능한 위치로 확인되었습니다. 풍부한 수원은 성경의 묘사와 일치합니다.","imageTitle":"mdc9182.i929960.jpg","types":["spring"],"geojsonText":"{\"bbox\":[35.18948,30.61622,35.19052,30.61712],\"features\":[{\"geometry\":{\"coordinates\":[35.19,30.616667],\"type\":\"Point\"},\"properties\":{\"id\":\"mdc9182.point\",\"role\":\"point\"},\"type\":\"Feature\"},{\"geometry\":{\"coordinates\":[[[35.19,30.61712],[35.18995,30.61711],[35.18989,30.61711],[35.18984,30.61709],[35.18979,30.61708],[35.18974,30.61706],[35.18969,30.61703],[35.18965,30.617],[35.18961,30.61697],[35.18958,30.61693],[35.18955,30.61689],[35.18952,30.61685],[35.1895,30.61681],[35.18949,30.61676],[35.18948,30.61671],[35.18948,30.61667],[35.18948,30.61662],[35.18949,30.61657],[35.1895,30.61653],[35.18952,30.61648],[35.18955,30.61644],[35.18958,30.6164],[35.18961,30.61637],[35.18965,30.61633],[35.18969,30.6163],[35.18974,30.61628],[35.18979,30.61626],[35.18984,30.61624],[35.18989,30.61623],[35.18995,30.61622],[35.19,30.61622],[35.19005,30.61622],[35.19011,30.61623],[35.19016,30.61624],[35.19021,30.61626],[35.19026,30.61628],[35.19031,30.6163],[35.19035,30.61633],[35.19039,30.61637],[35.19042,30.6164],[35.19045,30.61644],[35.19048,30.61648],[35.1905,30.61653],[35.19051,30.61657],[35.19052,30.61662],[35.19052,30.61667],[35.19052,30.61671],[35.19051,30.61676],[35.1905,30.61681],[35.19048,30.61685],[35.19045,30.61689],[35.19042,30.61693],[35.19039,30.61697],[35.19035,30.617],[35.19031,30.61703],[35.19026,30.61706],[35.19021,30.61708],[35.19016,30.61709],[35.19011,30.61711],[35.19005,30.61711],[35.19,30.61712]]],\"type\":\"Polygon\"},\"properties\":{\"id\":\"g3fb906.precision_radius\",\"land_or_water\":\"land\",\"role\":\"precision_radius\"},\"type\":\"Feature\"}],\"metadata\":{\"class\":\"natural\",\"land_or_water\":\"water\",\"name\":\"Ein Weibeh\",\"type\":\"spring\"},\"type\":\"FeatureCollection\"}","anotherNames":"Ain Weiba, Ein Yahav","koreanName":"에인 웨이베","anotherKoreanNames":"아인 웨이바, 에인 야하브"},{"id":"m161c59","name":"Yatta","isModern":true,"stereo":"child","description":"A Palestinian city in the southern West Bank, about 10 km south of Hebron. It is widely accepted as the modern site of the biblical priestly city of Juttah (acc7184), mentioned in Joshua and Chronicles.","koreanDescription":"헤브론에서 남쪽으로 약 10km 떨어진 서안 지구 남부의 팔레스타인 도시입니다. 여호수아와 역대기에 언급된 성경 속 제사장 성읍 윳다(acc7184)의 현대적인 위치로 널리 받아들여지고 있습니다.","imageTitle":"m161c59.i8174de.jpg","types":["settlement"],"geojsonText":"{\"bbox\":[35.08736,31.44553,35.09264,31.45003],\"features\":[{\"geometry\":{\"coordinates\":[35.09,31.447778],\"type\":\"Point\"},\"properties\":{\"id\":\"m161c59.point\",\"role\":\"point\"},\"type\":\"Feature\"},{\"geometry\":{\"coordinates\":[[[35.09,31.45003],[35.08972,31.45001],[35.08945,31.44998],[35.08919,31.44992],[35.08893,31.44983],[35.08868,31.44973],[35.08845,31.4496],[35.08824,31.44945],[35.08804,31.44928],[35.08787,31.4491],[35.08772,31.4489],[35.08759,31.44869],[35.08749,31.44847],[35.08742,31.44825],[35.08738,31.44801],[35.08736,31.44778],[35.08738,31.44754],[35.08742,31.44731],[35.08749,31.44708],[35.08759,31.44686],[35.08772,31.44665],[35.08787,31.44646],[35.08804,31.44627],[35.08824,31.44611],[35.08845,31.44596],[35.08868,31.44583],[35.08893,31.44572],[35.08919,31.44564],[35.08945,31.44558],[35.08972,31.44554],[35.09,31.44553],[35.09028,31.44554],[35.09055,31.44558],[35.09081,31.44564],[35.09107,31.44572],[35.09132,31.44583],[35.09155,31.44596],[35.09176,31.44611],[35.09196,31.44627],[35.09213,31.44646],[35.09228,31.44665],[35.09241,31.44686],[35.09251,31.44708],[35.09258,31.44731],[35.09262,31.44754],[35.09264,31.44778],[35.09262,31.44801],[35.09258,31.44825],[35.09251,31.44847],[35.09241,31.44869],[35.09228,31.4489],[35.09213,31.4491],[35.09196,31.44928],[35.09176,31.44945],[35.09155,31.4496],[35.09132,31.44973],[35.09107,31.44983],[35.09081,31.44992],[35.09055,31.44998],[35.09028,31.45001],[35.09,31.45003]]],\"type\":\"Polygon\"},\"properties\":{\"id\":\"g85680f.precision_radius\",\"land_or_water\":\"land\",\"role\":\"precision_radius\"},\"type\":\"Feature\"}],\"metadata\":{\"class\":\"human\",\"land_or_water\":\"land\",\"name\":\"Yatta\",\"type\":\"settlement\"},\"type\":\"FeatureCollection\"}","anotherNames":"Yata, Yutta","koreanName":"얏타","anotherKoreanNames":"야타, 유타"},{"id":"m66c5b8","name":"Jerusalem","isModern":true,"stereo":"child","description":"The capital of Israel, revered as a holy city by Judaism, Christianity, and Islam. Located in the Judean Hills, it is the modern-day counterpart and historical core of the biblical region of Judea 1 & 2 (a149f13, ab86a69). The Old City contains sites of immense religious significance, including the Western Wall, the Church of the Holy Sepulchre, and the Dome of the Rock.","koreanDescription":"이스라엘의 수도이며, 유대교, 기독교, 이슬람교의 성지로 숭앙받는 도시입니다. 유대 산지에 위치하며, 성경 속 유대 1 & 2 지역(a149f13, ab86a69)의 현대적 중심지이자 역사적 핵심입니다. 구시가지에는 통곡의 벽, 성묘 교회, 바위의 돔 등 종교적으로 매우 중요한 장소들이 있습니다.","imageTitle":"m66c5b8.i6449a7.jpg","types":["settlement"],"geojsonText":"{\"bbox\":[35.225701,31.772808,35.237558,31.783742],\"features\":[{\"geometry\":{\"coordinates\":[35.234167,31.776667],\"type\":\"Point\"},\"properties\":{\"id\":\"m66c5b8.point\",\"role\":\"point\"},\"type\":\"Feature\"},{\"geometry\":{\"coordinates\":[[[35.227657,31.776599],[35.227747,31.776508],[35.227659,31.776394],[35.227825,31.776289],[35.227753,31.775875],[35.227642,31.775883],[35.227618,31.775624],[35.227772,31.775611],[35.227848,31.775599],[35.227849,31.775535],[35.227847,31.775424],[35.227806,31.774544],[35.227729,31.774545],[35.22773,31.774387],[35.22779,31.774376],[35.227778,31.774048],[35.227782,31.773881],[35.227836,31.773872],[35.227858,31.773486],[35.227791,31.773485],[35.227794,31.77336],[35.227865,31.773336],[35.22787,31.773082],[35.227819,31.773084],[35.22782,31.772896],[35.228621,31.772903],[35.229503,31.772898],[35.229592,31.772872],[35.229638,31.772857],[35.229742,31.772823],[35.229792,31.772808],[35.230644,31.772943],[35.230646,31.772918],[35.230707,31.772927],[35.230773,31.772936],[35.230772,31.772966],[35.231011,31.773026],[35.231003,31.77306],[35.231499,31.773154],[35.231483,31.773234],[35.232293,31.773404],[35.23234,31.773362],[35.232427,31.773437],[35.23238,31.773479],[35.23242,31.773833],[35.232459,31.773913],[35.232517,31.773913],[35.232535,31.774013],[35.233242,31.774283],[35.233551,31.774736],[35.233704,31.774761],[35.233848,31.774781],[35.234179,31.774828],[35.235563,31.775017],[35.235767,31.775046],[35.23572,31.77531],[35.235672,31.775582],[35.235771,31.775594],[35.235759,31.775672],[35.235843,31.775681],[35.235812,31.775846],[35.23624,31.775911],[35.23653,31.775954],[35.237558,31.7761],[35.237298,31.778181],[35.237292,31.778227],[35.237209,31.778892],[35.237235,31.778894],[35.237218,31.779043],[35.237191,31.779041],[35.23719,31.779052],[35.237154,31.779343],[35.23714,31.779461],[35.237062,31.78007],[35.237088,31.780073],[35.237085,31.780094],[35.237056,31.780297],[35.237014,31.780728],[35.236999,31.780797],[35.236976,31.780907],[35.236961,31.780973],[35.236918,31.781381],[35.236999,31.781391],[35.236982,31.781533],[35.236931,31.781529],[35.236915,31.781703],[35.236964,31.781709],[35.236928,31.78197],[35.236965,31.78197],[35.236956,31.782097],[35.236927,31.782096],[35.236907,31.782264],[35.236953,31.782268],[35.236944,31.782362],[35.236895,31.782359],[35.236809,31.783188],[35.236712,31.783628],[35.236817,31.783648],[35.236792,31.783742],[35.236687,31.783722],[35.236691,31.783697],[35.236318,31.783629],[35.236306,31.783671],[35.236225,31.783657],[35.236227,31.78362],[35.235913,31.783553],[35.235908,31.783579],[35.235839,31.783565],[35.235848,31.78354],[35.235445,31.783448],[35.235443,31.783456],[35.235137,31.783383],[35.235125,31.78342],[35.235017,31.783394],[35.23503,31.783353],[35.234933,31.783327],[35.234972,31.783237],[35.234743,31.783195],[35.234724,31.783232],[35.234557,31.78319],[35.234552,31.783152],[35.233739,31.782979],[35.233725,31.783022],[35.233611,31.782996],[35.233626,31.782947],[35.233061,31.782816],[35.233045,31.782862],[35.232924,31.782847],[35.232926,31.782763],[35.232536,31.782697],[35.232511,31.782542],[35.232177,31.782489],[35.231864,31.782508],[35.231792,31.78258],[35.231637,31.782555],[35.231589,31.782585],[35.2313,31.782492],[35.231251,31.782425],[35.23105,31.78231],[35.231087,31.78227],[35.230952,31.782181],[35.230921,31.782215],[35.230846,31.782165],[35.23091,31.78209],[35.230745,31.781977],[35.230771,31.78194],[35.230558,31.781784],[35.230533,31.781808],[35.230496,31.781843],[35.230391,31.781763],[35.230432,31.781724],[35.230393,31.781695],[35.23035,31.781662],[35.230303,31.781627],[35.230276,31.781606],[35.230233,31.781647],[35.230134,31.781572],[35.230196,31.781513],[35.229897,31.781289],[35.229808,31.781363],[35.229702,31.78128],[35.229673,31.781302],[35.2295,31.781176],[35.229568,31.781111],[35.229465,31.781022],[35.229496,31.780984],[35.228562,31.780281],[35.228517,31.780306],[35.228397,31.780217],[35.228425,31.780181],[35.228198,31.77999],[35.228165,31.780013],[35.228074,31.779955],[35.228101,31.779928],[35.22775,31.779661],[35.227458,31.779963],[35.22688,31.779603],[35.226831,31.779646],[35.226419,31.779403],[35.226215,31.77931],[35.226086,31.779249],[35.226044,31.779314],[35.225883,31.779211],[35.226176,31.778899],[35.225701,31.778412],[35.22588,31.778287],[35.225868,31.77815],[35.225926,31.778132],[35.225926,31.778046],[35.227419,31.77679],[35.227578,31.776657],[35.227544,31.776628],[35.227503,31.776595],[35.227574,31.776528],[35.227657,31.776599]]],\"type\":\"Polygon\"},\"properties\":{\"id\":\"g1c795f.local\",\"land_or_water\":\"land\",\"role\":\"local\"},\"type\":\"Feature\"},{\"geometry\":{\"coordinates\":[[[35.227657,31.776599],[35.227747,31.776508],[35.227659,31.776394],[35.227825,31.776289],[35.227753,31.775875],[35.227642,31.775883],[35.227618,31.775624],[35.227848,31.775599],[35.227806,31.774544],[35.227729,31.774545],[35.227858,31.773486],[35.227791,31.773485],[35.227794,31.77336],[35.227865,31.773336],[35.22782,31.772896],[35.229503,31.772898],[35.229792,31.772808],[35.230773,31.772936],[35.231003,31.77306],[35.231499,31.773154],[35.231483,31.773234],[35.232293,31.773404],[35.23234,31.773362],[35.232427,31.773437],[35.23238,31.773479],[35.23242,31.773833],[35.232535,31.774013],[35.233242,31.774283],[35.233551,31.774736],[35.235767,31.775046],[35.235672,31.775582],[35.235843,31.775681],[35.235812,31.775846],[35.237558,31.7761],[35.236918,31.781381],[35.236999,31.781391],[35.236915,31.781703],[35.236964,31.781709],[35.236907,31.782264],[35.236953,31.782268],[35.236712,31.783628],[35.236817,31.783648],[35.236792,31.783742],[35.235017,31.783394],[35.234933,31.783327],[35.234972,31.783237],[35.234724,31.783232],[35.233739,31.782979],[35.233725,31.783022],[35.233611,31.782996],[35.233626,31.782947],[35.233061,31.782816],[35.232924,31.782847],[35.232926,31.782763],[35.232536,31.782697],[35.232511,31.782542],[35.232177,31.782489],[35.231589,31.782585],[35.2313,31.782492],[35.23105,31.78231],[35.231087,31.78227],[35.230846,31.782165],[35.23091,31.78209],[35.230745,31.781977],[35.230771,31.78194],[35.230558,31.781784],[35.230496,31.781843],[35.230276,31.781606],[35.230233,31.781647],[35.230134,31.781572],[35.230196,31.781513],[35.229897,31.781289],[35.229808,31.781363],[35.2295,31.781176],[35.229568,31.781111],[35.229465,31.781022],[35.229496,31.780984],[35.228562,31.780281],[35.228397,31.780217],[35.228425,31.780181],[35.22775,31.779661],[35.227458,31.779963],[35.22688,31.779603],[35.226831,31.779646],[35.226086,31.779249],[35.226044,31.779314],[35.225883,31.779211],[35.226176,31.778899],[35.225701,31.778412],[35.22588,31.778287],[35.225926,31.778046],[35.227578,31.776657],[35.227503,31.776595],[35.227574,31.776528],[35.227657,31.776599]]],\"type\":\"Polygon\"},\"properties\":{\"id\":\"g1c795f.simplified_local\",\"land_or_water\":\"land\",\"role\":\"simplified_local\"},\"type\":\"Feature\"},{\"geometry\":{\"coordinates\":[[[35.23417,31.77892],[35.23389,31.7789],[35.23362,31.77887],[35.23335,31.77881],[35.23309,31.77872],[35.23284,31.77861],[35.23261,31.77849],[35.2324,31.77834],[35.2322,31.77817],[35.23203,31.77799],[35.23188,31.77779],[35.23175,31.77758],[35.23165,31.77736],[35.23158,31.77713],[35.23154,31.7769],[35.23152,31.77667],[35.23154,31.77643],[35.23158,31.7762],[35.23165,31.77597],[35.23175,31.77575],[35.23188,31.77554],[35.23203,31.77535],[35.2322,31.77516],[35.2324,31.775],[35.23261,31.77485],[35.23284,31.77472],[35.23309,31.77461],[35.23335,31.77453],[35.23362,31.77447],[35.23389,31.77443],[35.23417,31.77442],[35.23444,31.77443],[35.23472,31.77447],[35.23498,31.77453],[35.23524,31.77461],[35.23549,31.77472],[35.23572,31.77485],[35.23594,31.775],[35.23613,31.77516],[35.23631,31.77535],[35.23646,31.77554],[35.23658,31.77575],[35.23668,31.77597],[35.23675,31.7762],[35.2368,31.77643],[35.23681,31.77667],[35.2368,31.7769],[35.23675,31.77713],[35.23668,31.77736],[35.23658,31.77758],[35.23646,31.77779],[35.23631,31.77799],[35.23613,31.77817],[35.23594,31.77834],[35.23572,31.77849],[35.23549,31.77861],[35.23524,31.77872],[35.23498,31.77881],[35.23472,31.77887],[35.23444,31.7789],[35.23417,31.77892]]],\"type\":\"Polygon\"},\"properties\":{\"id\":\"gd974ad.precision_radius\",\"land_or_water\":\"land\",\"role\":\"precision_radius\"},\"type\":\"Feature\"}],\"metadata\":{\"class\":\"human\",\"geometry_credit\":\"Some data © OpenStreetMap contributors\",\"land_or_water\":\"land\",\"name\":\"Jerusalem\",\"type\":\"settlement\"},\"type\":\"FeatureCollection\"}","anotherNames":null,"koreanName":"예루살렘","anotherKoreanNames":null},{"id":"mef1743","name":"Khirbet Hora","isModern":true,"stereo":"child","description":"An archaeological site in the Negev region of Israel, often identified with a settlement from the Iron Age. It is one of the two main candidates for the biblical city of Kabzeel (a2715db) in the extreme southern territory of Judah.","koreanDescription":"이스라엘 네게브 지역의 고고학 유적지로, 철기 시대 정착지로 확인되는 경우가 많습니다. 유다의 극남부 영토에 있던 성경 속 도시 갑스엘(a2715db)의 두 주요 후보지 중 하나입니다.","imageTitle":"mef1743.satellite.jpg","types":["settlement"],"geojsonText":"{\"bbox\":[34.93182,31.28574,34.93288,31.28664],\"features\":[{\"geometry\":{\"coordinates\":[34.93235,31.28619],\"type\":\"Point\"},\"properties\":{\"id\":\"mef1743.point\",\"role\":\"point\"},\"type\":\"Feature\"},{\"geometry\":{\"coordinates\":[[[34.93235,31.28664],[34.93229,31.28664],[34.93224,31.28663],[34.93219,31.28662],[34.93214,31.2866],[34.93209,31.28658],[34.93204,31.28655],[34.932,31.28652],[34.93196,31.28649],[34.93192,31.28645],[34.93189,31.28641],[34.93187,31.28637],[34.93185,31.28633],[34.93184,31.28628],[34.93183,31.28624],[34.93182,31.28619],[34.93183,31.28614],[34.93184,31.2861],[34.93185,31.28605],[34.93187,31.28601],[34.93189,31.28597],[34.93192,31.28593],[34.93196,31.28589],[34.932,31.28586],[34.93204,31.28583],[34.93209,31.2858],[34.93214,31.28578],[34.93219,31.28576],[34.93224,31.28575],[34.9323,31.28574],[34.93235,31.28574],[34.9324,31.28574],[34.93246,31.28575],[34.93251,31.28576],[34.93256,31.28578],[34.93261,31.2858],[34.93266,31.28583],[34.9327,31.28586],[34.93274,31.28589],[34.93278,31.28593],[34.93281,31.28597],[34.93283,31.28601],[34.93285,31.28605],[34.93286,31.2861],[34.93287,31.28614],[34.93288,31.28619],[34.93287,31.28624],[34.93286,31.28628],[34.93285,31.28633],[34.93283,31.28637],[34.93281,31.28641],[34.93278,31.28645],[34.93274,31.28649],[34.9327,31.28652],[34.93266,31.28655],[34.93261,31.28658],[34.93256,31.2866],[34.93251,31.28662],[34.93246,31.28663],[34.93241,31.28664],[34.93235,31.28664]]],\"type\":\"Polygon\"},\"properties\":{\"id\":\"gf13d05.precision_radius\",\"land_or_water\":\"land\",\"role\":\"precision_radius\"},\"type\":\"Feature\"}],\"metadata\":{\"class\":\"human\",\"land_or_water\":\"land\",\"name\":\"Khirbet Hora\",\"type\":\"settlement\"},\"type\":\"FeatureCollection\"}","anotherNames":"Horbat Hur, Khirbet Haura, Khirbet Hura","koreanName":"키르벳 호라","anotherKoreanNames":"호르밧 후르, 키르벳 하우라, 키르벳 후라"},{"id":"ma832c2","name":"Tel Ira","isModern":true,"stereo":"child","description":"An archaeological mound (tell) in the Negev region of Israel, containing remains from the Iron Age, Hellenistic, and Byzantine periods. It is another candidate site for the biblical city of Kabzeel (a2715db).","koreanDescription":"이스라엘 네게브 지역의 고고학적 언덕(텔)으로, 철기 시대, 헬레니즘 시대, 비잔틴 시대의 유적을 포함하고 있습니다. 성경 속 도시 갑스엘(a2715db)의 또 다른 후보지입니다.","imageTitle":"ma832c2.satellite.jpg","types":["settlement"],"geojsonText":"{\"bbox\":[34.98617,31.23235,34.98723,31.23325],\"features\":[{\"geometry\":{\"coordinates\":[34.9867,31.2328],\"type\":\"Point\"},\"properties\":{\"id\":\"ma832c2.point\",\"role\":\"point\"},\"type\":\"Feature\"},{\"geometry\":{\"coordinates\":[[[34.9867,31.23325],[34.98665,31.23325],[34.98659,31.23324],[34.98654,31.23323],[34.98649,31.23321],[34.98644,31.23319],[34.98639,31.23316],[34.98635,31.23313],[34.98631,31.2331],[34.98627,31.23306],[34.98624,31.23302],[34.98622,31.23298],[34.9862,31.23294],[34.98619,31.23289],[34.98618,31.23285],[34.98617,31.2328],[34.98618,31.23275],[34.98619,31.23271],[34.9862,31.23266],[34.98622,31.23262],[34.98624,31.23258],[34.98627,31.23254],[34.98631,31.2325],[34.98635,31.23247],[34.98639,31.23244],[34.98644,31.23241],[34.98649,31.23239],[34.98654,31.23237],[34.98659,31.23236],[34.98665,31.23235],[34.9867,31.23235],[34.98675,31.23235],[34.98681,31.23236],[34.98686,31.23237],[34.98691,31.23239],[34.98696,31.23241],[34.98701,31.23244],[34.98705,31.23247],[34.98709,31.2325],[34.98713,31.23254],[34.98716,31.23258],[34.98718,31.23262],[34.9872,31.23266],[34.98721,31.23271],[34.98722,31.23275],[34.98723,31.2328],[34.98722,31.23285],[34.98721,31.23289],[34.9872,31.23294],[34.98718,31.23298],[34.98716,31.23302],[34.98713,31.23306],[34.98709,31.2331],[34.98705,31.23313],[34.98701,31.23316],[34.98696,31.23319],[34.98691,31.23321],[34.98686,31.23323],[34.98681,31.23324],[34.98675,31.23325],[34.9867,31.23325]]],\"type\":\"Polygon\"},\"properties\":{\"id\":\"gb1751d.precision_radius\",\"land_or_water\":\"land\",\"role\":\"precision_radius\"},\"type\":\"Feature\"}],\"metadata\":{\"class\":\"human\",\"land_or_water\":\"land\",\"name\":\"Tel Ira\",\"type\":\"settlement\"},\"type\":\"FeatureCollection\"}","anotherNames":"Harei Ira, Khirbet el Gharra, Khirbet el Gharrah, Khirbet Garra, Tell Gur","koreanName":"텔 이라","anotherKoreanNames":"하레이 이라, 키르벳 엘 가라, 키르벳 엘 가라, 키르벳 가라, 텔 구르"},{"id":"m32c21d","name":"Tell Nebi Mend","isModern":true,"stereo":"child","description":"A large archaeological mound in Syria, near the Orontes River, widely identified with the ancient city of Kadesh on the Orontes. This is the strongest modern candidate for the biblical Kadesh 2 (adc9b5a) mentioned in 2 Samuel 24:6, referring to a site further north than Kadesh-barnea.","koreanDescription":"오론테스 강 근처 시리아에 있는 큰 고고학적 언덕으로, 오론테스의 고대 도시 가데스로 널리 알려져 있습니다. 가데스 바네아보다 북쪽에 위치한, 사무엘하 24:6에 언급된 성경 속 가데스 2(adc9b5a)의 가장 유력한 현대적 후보지입니다.","imageTitle":"m32c21d.if4ef6d.jpg","types":["settlement"],"geojsonText":"{\"bbox\":[36.51765,34.555414,36.520815,34.559105],\"features\":[{\"geometry\":{\"coordinates\":[36.5196,34.55781],\"type\":\"Point\"},\"properties\":{\"id\":\"m32c21d.point\",\"role\":\"point\"},\"type\":\"Feature\"},{\"geometry\":{\"coordinates\":[[[36.517924,34.556789],[36.517775,34.556318],[36.51765,34.555892],[36.518041,34.555537],[36.518668,34.555414],[36.519452,34.555511],[36.519977,34.555898],[36.520651,34.557202],[36.520721,34.557802],[36.520815,34.558415],[36.520768,34.558686],[36.520408,34.559015],[36.520032,34.559105],[36.519616,34.559002],[36.519209,34.558679],[36.518645,34.557711],[36.518262,34.557221],[36.517924,34.556789]]],\"type\":\"Polygon\"},\"properties\":{\"id\":\"g96b497.local\",\"land_or_water\":\"land\",\"role\":\"local\"},\"type\":\"Feature\"}],\"metadata\":{\"class\":\"human\",\"geometry_credit\":\"Some data © OpenStreetMap contributors\",\"land_or_water\":\"land\",\"name\":\"Tell Nebi Mend\",\"type\":\"settlement\"},\"type\":\"FeatureCollection\"}","anotherNames":"En Nebi Yaqin, Khirbet Yaqin","koreanName":"텔 네비 멘드","anotherKoreanNames":"엔 네비 야킨, 키르벳 야킨"},{"id":"m48684e","name":"Tel Kedesh","isModern":true,"stereo":"child","description":"An archaeological mound in the Upper Galilee region of Israel, identified with Kedesh-Naphtali. This is one of the possibilities suggested for the biblical Kadesh 2 (adc9b5a).","koreanDescription":"이스라엘 상부 갈릴리 지역의 고고학적 언덕으로, 납달리 게데스와 동일시됩니다. 성경 속 가데스 2(adc9b5a)의 후보지 중 하나입니다.","imageTitle":"m48684e.ida206c.jpg","types":["settlement"],"geojsonText":"{\"bbox\":[35.52898,33.11119,35.53005,33.11209],\"features\":[{\"geometry\":{\"coordinates\":[35.529517,33.111638],\"type\":\"Point\"},\"properties\":{\"id\":\"m48684e.point\",\"role\":\"point\"},\"type\":\"Feature\"},{\"geometry\":{\"coordinates\":[[[35.52952,33.11209],[35.52946,33.11209],[35.52941,33.11208],[35.52935,33.11207],[35.5293,33.11205],[35.52925,33.11203],[35.5292,33.112],[35.52916,33.11197],[35.52912,33.11194],[35.52908,33.1119],[35.52905,33.11186],[35.52903,33.11182],[35.52901,33.11178],[35.52899,33.11173],[35.52898,33.11169],[35.52898,33.11164],[35.52898,33.11159],[35.52899,33.11154],[35.52901,33.1115],[35.52903,33.11146],[35.52905,33.11141],[35.52908,33.11137],[35.52912,33.11134],[35.52916,33.1113],[35.5292,33.11127],[35.52925,33.11125],[35.5293,33.11123],[35.52935,33.11121],[35.52941,33.1112],[35.52946,33.11119],[35.52952,33.11119],[35.52957,33.11119],[35.52963,33.1112],[35.52968,33.11121],[35.52974,33.11123],[35.52979,33.11125],[35.52983,33.11127],[35.52988,33.1113],[35.52992,33.11134],[35.52995,33.11137],[35.52998,33.11141],[35.53001,33.11146],[35.53003,33.1115],[35.53004,33.11154],[35.53005,33.11159],[35.53005,33.11164],[35.53005,33.11169],[35.53004,33.11173],[35.53003,33.11178],[35.53001,33.11182],[35.52998,33.11186],[35.52995,33.1119],[35.52992,33.11194],[35.52988,33.11197],[35.52983,33.112],[35.52979,33.11203],[35.52974,33.11205],[35.52968,33.11207],[35.52963,33.11208],[35.52957,33.11209],[35.52952,33.11209]]],\"type\":\"Polygon\"},\"properties\":{\"id\":\"g9ffd3c.precision_radius\",\"land_or_water\":\"land\",\"role\":\"precision_radius\"},\"type\":\"Feature\"}],\"metadata\":{\"class\":\"human\",\"land_or_water\":\"land\",\"name\":\"Tel Kedesh\",\"type\":\"settlement\"},\"type\":\"FeatureCollection\"}","anotherNames":"Tell Qadeis, Tell Qadesh, Tel Qedesh","koreanName":"텔 게데스","anotherKoreanNames":"텔 카데이스, 텔 카데스, 텔 케데스"},{"id":"m946fef","name":"Khirbet Qedish","isModern":true,"stereo":"child","description":"An archaeological ruin in the Lower Galilee region of Israel, near Tel Kedesh. It is another potential, though less certain, identification for the biblical Kadesh 2 (adc9b5a).","koreanDescription":"이스라엘 하부 갈릴리 지역, 텔 게데스 근처의 고고학적 유적입니다. 성경 속 가데스 2(adc9b5a)의 또 다른 잠재적인 후보지이지만 확실성은 낮습니다.","imageTitle":"m946fef.i4f18a6.jpg","types":["settlement"],"geojsonText":"{\"features\":[{\"geometry\":{\"coordinates\":[35.55555,32.735],\"type\":\"Point\"},\"properties\":{\"id\":\"m946fef.point\",\"role\":\"point\"},\"type\":\"Feature\"}],\"metadata\":{\"class\":\"human\",\"land_or_water\":\"land\",\"name\":\"Khirbet Qedish\",\"type\":\"settlement\"},\"type\":\"FeatureCollection\"}","anotherNames":"Horbat Qedesh, Khirbet el Qadish","koreanName":"키르벳 케디쉬","anotherKoreanNames":"호르밧 케데쉬, 키르벳 엘 카디쉬"},{"id":"m12c649","name":"Tell Abu Qedeis","isModern":true,"stereo":"child","description":"An archaeological mound in Israel, one of the locations considered as a potential site for one of the various 'Kadesh' places, and thus a minor candidate for the biblical Kadesh 2 (adc9b5a).","koreanDescription":"이스라엘에 있는 고고학적 언덕으로, 여러 '가데스' 지명 중 한 곳의 잠재적인 위치로 고려되며, 따라서 성경 속 가데스 2(adc9b5a)의 부수적인 후보지입니다.","imageTitle":"m12c649.satellite.jpg","types":["settlement"],"geojsonText":"{\"bbox\":[35.2155,32.55904,35.21656,32.55994],\"features\":[{\"geometry\":{\"coordinates\":[35.216031,32.55949],\"type\":\"Point\"},\"properties\":{\"id\":\"m12c649.point\",\"role\":\"point\"},\"type\":\"Feature\"},{\"geometry\":{\"coordinates\":[[[35.21603,32.55994],[35.21598,32.55994],[35.21592,32.55993],[35.21587,32.55992],[35.21581,32.5599],[35.21576,32.55988],[35.21572,32.55985],[35.21567,32.55982],[35.21563,32.55979],[35.2156,32.55975],[35.21557,32.55971],[35.21554,32.55967],[35.21552,32.55963],[35.21551,32.55958],[35.2155,32.55954],[35.2155,32.55949],[35.2155,32.55944],[35.21551,32.5594],[35.21552,32.55935],[35.21554,32.55931],[35.21557,32.55927],[35.2156,32.55923],[35.21563,32.55919],[35.21567,32.55916],[35.21572,32.55913],[35.21576,32.5591],[35.21581,32.55908],[35.21587,32.55906],[35.21592,32.55905],[35.21598,32.55904],[35.21603,32.55904],[35.21609,32.55904],[35.21614,32.55905],[35.2162,32.55906],[35.21625,32.55908],[35.2163,32.5591],[35.21634,32.55913],[35.21639,32.55916],[35.21643,32.55919],[35.21646,32.55923],[35.21649,32.55927],[35.21652,32.55931],[35.21654,32.55935],[35.21655,32.5594],[35.21656,32.55944],[35.21656,32.55949],[35.21656,32.55954],[35.21655,32.55958],[35.21654,32.55963],[35.21652,32.55967],[35.21649,32.55971],[35.21646,32.55975],[35.21643,32.55979],[35.21639,32.55982],[35.21634,32.55985],[35.2163,32.55988],[35.21625,32.5599],[35.2162,32.55992],[35.21614,32.55993],[35.21609,32.55994],[35.21603,32.55994]]],\"type\":\"Polygon\"},\"properties\":{\"id\":\"gc57e19.precision_radius\",\"land_or_water\":\"land\",\"role\":\"precision_radius\"},\"type\":\"Feature\"}],\"metadata\":{\"class\":\"human\",\"land_or_water\":\"land\",\"name\":\"Tell Abu Qedeis\",\"type\":\"settlement\"},\"type\":\"FeatureCollection\"}","anotherNames":"Tel Kedes, Tell Qedesh","koreanName":"텔 아부 케데이스","anotherKoreanNames":"텔 케데스, 텔 케데쉬"},{"id":"m81b743","name":"Tell Qisyon","isModern":true,"stereo":"child","description":"An archaeological mound in the Jezreel Valley of Israel. It is sometimes mentioned as a minor possibility for the biblical Kadesh 2 (adc9b5a), though there are much stronger candidates.","koreanDescription":"이스라엘 이즈르엘 계곡에 있는 고고학적 언덕입니다. 성경 속 가데스 2(adc9b5a)의 사소한 가능성으로 언급되기도 하지만, 더 유력한 후보지들이 있습니다.","imageTitle":"m81b743.satellite.jpg","types":["settlement"],"geojsonText":"{\"bbox\":[35.39252,32.66094,35.39359,32.66184],\"features\":[{\"geometry\":{\"coordinates\":[35.393056,32.661389],\"type\":\"Point\"},\"properties\":{\"id\":\"m81b743.point\",\"role\":\"point\"},\"type\":\"Feature\"},{\"geometry\":{\"coordinates\":[[[35.39306,32.66184],[35.393,32.66184],[35.39294,32.66183],[35.39289,32.66182],[35.39284,32.6618],[35.39279,32.66178],[35.39274,32.66175],[35.3927,32.66172],[35.39266,32.66169],[35.39262,32.66165],[35.39259,32.66161],[35.39257,32.66157],[35.39255,32.66153],[35.39253,32.66148],[35.39252,32.66144],[35.39252,32.66139],[35.39252,32.66134],[35.39253,32.6613],[35.39255,32.66125],[35.39257,32.66121],[35.39259,32.66116],[35.39262,32.66112],[35.39266,32.66109],[35.3927,32.66105],[35.39274,32.66103],[35.39279,32.661],[35.39284,32.66098],[35.39289,32.66096],[35.39294,32.66095],[35.393,32.66094],[35.39306,32.66094],[35.39311,32.66094],[35.39317,32.66095],[35.39322,32.66096],[35.39327,32.66098],[35.39332,32.661],[35.39337,32.66103],[35.39341,32.66105],[35.39345,32.66109],[35.39349,32.66112],[35.39352,32.66116],[35.39354,32.66121],[35.39356,32.66125],[35.39358,32.6613],[35.39359,32.66134],[35.39359,32.66139],[35.39359,32.66144],[35.39358,32.66148],[35.39356,32.66153],[35.39354,32.66157],[35.39352,32.66161],[35.39349,32.66165],[35.39345,32.66169],[35.39341,32.66172],[35.39337,32.66175],[35.39332,32.66178],[35.39327,32.6618],[35.39322,32.66182],[35.39317,32.66183],[35.39311,32.66184],[35.39306,32.66184]]],\"type\":\"Polygon\"},\"properties\":{\"id\":\"gf09ce5.precision_radius\",\"land_or_water\":\"land\",\"role\":\"precision_radius\"},\"type\":\"Feature\"}],\"metadata\":{\"class\":\"human\",\"land_or_water\":\"land\",\"name\":\"Tell Qisyon\",\"type\":\"settlement\"},\"type\":\"FeatureCollection\"}","anotherNames":"Al Khirba, El Khirba, Khirbet Qasyun, Tell Kasyun, Tell Qisan, Tel Qishayon, Tel Qishyon","koreanName":"텔 키숀","anotherKoreanNames":"알 키르바, 엘 키르바, 키르벳 카시윤, 텔 카시윤, 텔 키산, 텔 키샤욘, 텔 키숀"},{"id":"md54909","name":"Tell Rekhesh","isModern":true,"stereo":"child","description":"An archaeological site in the Lower Galilee region of Israel. It is another location considered as a candidate for one of the northern 'Kadesh' sites, and thus a minor candidate for the biblical Kadesh 2 (adc9b5a).","koreanDescription":"이스라엘 하부 갈릴리 지역의 고고학 유적지입니다. 북쪽의 '가데스' 유적지 중 하나로 고려되며, 성경 속 가데스 2(adc9b5a)의 부수적인 후보지입니다.","imageTitle":"md54909.ie351b0.jpg","types":["settlement"],"geojsonText":"{\"bbox\":[35.46561,32.653,35.46667,32.6539],\"features\":[{\"geometry\":{\"coordinates\":[35.46614,32.653446],\"type\":\"Point\"},\"properties\":{\"id\":\"md54909.point\",\"role\":\"point\"},\"type\":\"Feature\"},{\"geometry\":{\"coordinates\":[[[35.46614,32.6539],[35.46608,32.65389],[35.46603,32.65389],[35.46597,32.65387],[35.46592,32.65386],[35.46587,32.65384],[35.46583,32.65381],[35.46578,32.65378],[35.46574,32.65375],[35.46571,32.65371],[35.46568,32.65367],[35.46565,32.65363],[35.46563,32.65358],[35.46562,32.65354],[35.46561,32.65349],[35.46561,32.65345],[35.46561,32.6534],[35.46562,32.65335],[35.46563,32.65331],[35.46565,32.65326],[35.46568,32.65322],[35.46571,32.65318],[35.46574,32.65315],[35.46578,32.65311],[35.46583,32.65308],[35.46587,32.65306],[35.46592,32.65304],[35.46597,32.65302],[35.46603,32.65301],[35.46608,32.653],[35.46614,32.653],[35.4662,32.653],[35.46625,32.65301],[35.46631,32.65302],[35.46636,32.65304],[35.46641,32.65306],[35.46645,32.65308],[35.4665,32.65311],[35.46654,32.65315],[35.46657,32.65318],[35.4666,32.65322],[35.46663,32.65326],[35.46665,32.65331],[35.46666,32.65335],[35.46667,32.6534],[35.46667,32.65345],[35.46667,32.65349],[35.46666,32.65354],[35.46665,32.65358],[35.46663,32.65363],[35.4666,32.65367],[35.46657,32.65371],[35.46654,32.65375],[35.4665,32.65378],[35.46645,32.65381],[35.46641,32.65384],[35.46636,32.65386],[35.46631,32.65387],[35.46625,32.65389],[35.4662,32.65389],[35.46614,32.6539]]],\"type\":\"Polygon\"},\"properties\":{\"id\":\"gbd9176.precision_radius\",\"land_or_water\":\"land\",\"role\":\"precision_radius\"},\"type\":\"Feature\"}],\"metadata\":{\"class\":\"human\",\"land_or_water\":\"land\",\"name\":\"Tell Rekhesh\",\"type\":\"settlement\"},\"type\":\"FeatureCollection\"}","anotherNames":"Tell el Mukharkhash, Tell el Muqarqash","koreanName":"텔 레케쉬","anotherKoreanNames":"텔 엘 무카르카쉬, 텔 엘 무카르카쉬"},{"id":"m662b52","name":"Tell el Ajjul","isModern":true,"stereo":"child","description":"A large archaeological mound near Gaza, Israel, known to be a significant site from the Middle Bronze Age. It is sometimes mentioned as a potential, though geographically distant, candidate for the biblical Kadesh 2 (adc9b5a).","koreanDescription":"이스라엘 가자 근처의 큰 고고학적 언덕으로, 중기 청동기 시대의 중요한 유적지로 알려져 있습니다. 지리적으로는 멀지만 성경 속 가데스 2(adc9b5a)의 잠재적인 후보지로 언급되기도 합니다.","imageTitle":"m662b52.satellite.jpg","types":["settlement"],"geojsonText":"{\"bbox\":[35.37141,32.63094,35.37248,32.63184],\"features\":[{\"geometry\":{\"coordinates\":[35.371944,32.631389],\"type\":\"Point\"},\"properties\":{\"id\":\"m662b52.point\",\"role\":\"point\"},\"type\":\"Feature\"},{\"geometry\":{\"coordinates\":[[[35.37194,32.63184],[35.37189,32.63184],[35.37183,32.63183],[35.37178,32.63182],[35.37173,32.6318],[35.37168,32.63178],[35.37163,32.63175],[35.37159,32.63172],[35.37155,32.63169],[35.37151,32.63165],[35.37148,32.63161],[35.37146,32.63157],[35.37144,32.63153],[35.37142,32.63148],[35.37141,32.63144],[35.37141,32.63139],[35.37141,32.63134],[35.37142,32.6313],[35.37144,32.63125],[35.37146,32.63121],[35.37148,32.63116],[35.37151,32.63112],[35.37155,32.63109],[35.37159,32.63105],[35.37163,32.63103],[35.37168,32.631],[35.37173,32.63098],[35.37178,32.63096],[35.37183,32.63095],[35.37189,32.63094],[35.37194,32.63094],[35.372,32.63094],[35.37206,32.63095],[35.37211,32.63096],[35.37216,32.63098],[35.37221,32.631],[35.37226,32.63103],[35.3723,32.63105],[35.37234,32.63109],[35.37238,32.63112],[35.37241,32.63116],[35.37243,32.63121],[35.37245,32.63125],[35.37247,32.6313],[35.37248,32.63134],[35.37248,32.63139],[35.37248,32.63144],[35.37247,32.63148],[35.37245,32.63153],[35.37243,32.63157],[35.37241,32.63161],[35.37238,32.63165],[35.37234,32.63169],[35.3723,32.63172],[35.37226,32.63175],[35.37221,32.63178],[35.37216,32.6318],[35.37211,32.63182],[35.37206,32.63183],[35.372,32.63184],[35.37194,32.63184]]],\"type\":\"Polygon\"},\"properties\":{\"id\":\"gb89978.precision_radius\",\"land_or_water\":\"land\",\"role\":\"precision_radius\"},\"type\":\"Feature\"}],\"metadata\":{\"class\":\"human\",\"land_or_water\":\"land\",\"name\":\"Tell el Ajjul\",\"type\":\"settlement\"},\"type\":\"FeatureCollection\"}","anotherNames":"Tel Agol","koreanName":"텔 엘 아줄","anotherKoreanNames":"텔 아골"},{"id":"mc78c4d","name":"Mount Hermon","isModern":true,"stereo":"child","description":"A mountain cluster in the Anti-Lebanon mountain range, straddling the border between Syria and Lebanon, with a portion in Israel-occupied territory. It is the modern location associated with the northernmost biblical city of Kadesh 2 (adc9b5a) mentioned in 2 Samuel 24:6, which was near the region of 'Tahtim-hodshi' which is sometimes associated with this area.","koreanDescription":"시리아와 레바논 국경에 걸쳐 있으며, 일부가 이스라엘 점령지에 속해 있는 안티-레바논 산맥의 산군입니다. 사무엘하 24:6에 언급된 가장 북쪽의 성경 도시 가데스 2(adc9b5a)가 이 지역과 관련된 '닷딤 홋시' 근처에 있었을 가능성이 있어 현대적으로 연관되는 장소입니다.","imageTitle":"mc78c4d.i2be58f.jpg","types":["mountain"],"geojsonText":"{\"bbox\":[35.83923,33.39101,35.86077,33.40899],\"features\":[{\"geometry\":{\"coordinates\":[35.85,33.4],\"type\":\"Point\"},\"properties\":{\"id\":\"mc78c4d.point\",\"role\":\"point\"},\"type\":\"Feature\"},{\"geometry\":{\"coordinates\":[[[35.85,33.40899],[35.84887,33.40894],[35.84776,33.4088],[35.84667,33.40855],[35.84562,33.40822],[35.84461,33.40779],[35.84367,33.40728],[35.84279,33.40668],[35.84199,33.40602],[35.84128,33.40529],[35.84067,33.4045],[35.84016,33.40366],[35.83975,33.40278],[35.83946,33.40187],[35.83929,33.40094],[35.83923,33.4],[35.83929,33.39906],[35.83946,33.39813],[35.83976,33.39722],[35.84016,33.39634],[35.84067,33.3955],[35.84129,33.39471],[35.842,33.39398],[35.84279,33.39332],[35.84367,33.39272],[35.84461,33.39221],[35.84562,33.39178],[35.84667,33.39145],[35.84776,33.3912],[35.84887,33.39106],[35.85,33.39101],[35.85113,33.39106],[35.85224,33.3912],[35.85333,33.39145],[35.85438,33.39178],[35.85539,33.39221],[35.85633,33.39272],[35.85721,33.39332],[35.858,33.39398],[35.85871,33.39471],[35.85933,33.3955],[35.85984,33.39634],[35.86024,33.39722],[35.86054,33.39813],[35.86071,33.39906],[35.86077,33.4],[35.86071,33.40094],[35.86054,33.40187],[35.86025,33.40278],[35.85984,33.40366],[35.85933,33.4045],[35.85872,33.40529],[35.85801,33.40602],[35.85721,33.40668],[35.85633,33.40728],[35.85539,33.40779],[35.85438,33.40822],[35.85333,33.40855],[35.85224,33.4088],[35.85113,33.40894],[35.85,33.40899]]],\"type\":\"Polygon\"},\"properties\":{\"id\":\"g5b73f3.precision_radius\",\"land_or_water\":\"land\",\"role\":\"precision_radius\"},\"type\":\"Feature\"}],\"metadata\":{\"class\":\"natural\",\"land_or_water\":\"land\",\"name\":\"Mount Hermon\",\"type\":\"mountain\"},\"type\":\"FeatureCollection\"}","anotherNames":null,"koreanName":"헬몬 산","anotherKoreanNames":null},{"id":"m6da23a","name":"Ain el Qudeirat","isModern":true,"stereo":"child","description":"A major spring and oasis in the Sinai Peninsula/Negev border region, widely regarded as the most probable modern identification for the biblical Kadesh-barnea (ac2cef0). The site's abundance of water, large wadi for camping, and strategic location fit the scriptural accounts of the Israelites' main desert camp.","koreanDescription":"시나이 반도/네게브 국경 지역의 주요 샘이자 오아시스로, 성경 속 가데스 바네아(ac2cef0)의 가장 유력한 현대적 위치로 널리 인정됩니다. 풍부한 물, 대규모 야영이 가능한 와디, 전략적 위치 등이 이스라엘 백성의 주요 광야 진영에 대한 성경 기록과 일치합니다.","imageTitle":"m6da23a.i61384b.jpg","types":["spring"],"geojsonText":"{\"bbox\":[34.4217,30.64788,34.42274,30.64878],\"features\":[{\"geometry\":{\"coordinates\":[34.422222,30.648333],\"type\":\"Point\"},\"properties\":{\"id\":\"m6da23a.point\",\"role\":\"point\"},\"type\":\"Feature\"},{\"geometry\":{\"coordinates\":[[[34.42222,30.64878],[34.42217,30.64878],[34.42211,30.64877],[34.42206,30.64876],[34.42201,30.64874],[34.42196,30.64872],[34.42191,30.6487],[34.42187,30.64867],[34.42183,30.64863],[34.4218,30.6486],[34.42177,30.64856],[34.42174,30.64852],[34.42172,30.64847],[34.42171,30.64843],[34.4217,30.64838],[34.4217,30.64833],[34.4217,30.64829],[34.42171,30.64824],[34.42172,30.64819],[34.42174,30.64815],[34.42177,30.64811],[34.4218,30.64807],[34.42183,30.64803],[34.42187,30.648],[34.42191,30.64797],[34.42196,30.64794],[34.42201,30.64792],[34.42206,30.64791],[34.42211,30.64789],[34.42217,30.64789],[34.42222,30.64788],[34.42228,30.64789],[34.42233,30.64789],[34.42238,30.64791],[34.42243,30.64792],[34.42248,30.64794],[34.42253,30.64797],[34.42257,30.648],[34.42261,30.64803],[34.42264,30.64807],[34.42267,30.64811],[34.4227,30.64815],[34.42272,30.64819],[34.42273,30.64824],[34.42274,30.64829],[34.42274,30.64833],[34.42274,30.64838],[34.42273,30.64843],[34.42272,30.64847],[34.4227,30.64852],[34.42267,30.64856],[34.42264,30.6486],[34.42261,30.64863],[34.42257,30.64867],[34.42253,30.6487],[34.42248,30.64872],[34.42243,30.64874],[34.42238,30.64876],[34.42233,30.64877],[34.42228,30.64878],[34.42222,30.64878]]],\"type\":\"Polygon\"},\"properties\":{\"id\":\"gaafed4.precision_radius\",\"land_or_water\":\"land\",\"role\":\"precision_radius\"},\"type\":\"Feature\"}],\"metadata\":{\"class\":\"natural\",\"land_or_water\":\"water\",\"name\":\"Ain el Qudeirat\",\"type\":\"spring\"},\"type\":\"FeatureCollection\"}","anotherNames":null,"koreanName":"아인 엘 쿠데이라트","anotherKoreanNames":null},{"id":"m2ed468","name":"Ein Qedeis","isModern":true,"stereo":"child","description":"A spring and oasis in the Sinai Peninsula/Negev region, located a short distance from Ain el Qudeirat. This site is considered a secondary, less probable, candidate for the biblical Kadesh-barnea (ac2cef0).","koreanDescription":"시나이 반도/네게브 지역에 위치한 샘이자 오아시스로, 아인 엘 쿠데이라트와 가까운 거리에 있습니다. 성경 속 가데스 바네아(ac2cef0)의 두 번째, 덜 유력한 후보지로 간주됩니다.","imageTitle":"m2ed468.i2f4b01.jpg","types":["spring"],"geojsonText":"{\"bbox\":[34.48304,30.58248,34.48513,30.58428],\"features\":[{\"geometry\":{\"coordinates\":[34.484081,30.583378],\"type\":\"Point\"},\"properties\":{\"id\":\"m2ed468.point\",\"role\":\"point\"},\"type\":\"Feature\"},{\"geometry\":{\"coordinates\":[[[34.48408,30.58428],[34.48397,30.58427],[34.48386,30.58426],[34.48376,30.58423],[34.48366,30.5842],[34.48356,30.58416],[34.48347,30.58411],[34.48338,30.58405],[34.4833,30.58398],[34.48324,30.58391],[34.48318,30.58383],[34.48313,30.58374],[34.48309,30.58366],[34.48306,30.58356],[34.48304,30.58347],[34.48304,30.58338],[34.48304,30.58328],[34.48306,30.58319],[34.48309,30.5831],[34.48313,30.58301],[34.48318,30.58293],[34.48324,30.58285],[34.4833,30.58278],[34.48338,30.58271],[34.48347,30.58265],[34.48356,30.5826],[34.48366,30.58256],[34.48376,30.58252],[34.48386,30.5825],[34.48397,30.58248],[34.48408,30.58248],[34.48419,30.58248],[34.4843,30.5825],[34.4844,30.58252],[34.48451,30.58256],[34.4846,30.5826],[34.4847,30.58265],[34.48478,30.58271],[34.48486,30.58278],[34.48493,30.58285],[34.48499,30.58293],[34.48504,30.58301],[34.48507,30.5831],[34.4851,30.58319],[34.48512,30.58328],[34.48513,30.58338],[34.48512,30.58347],[34.4851,30.58356],[34.48507,30.58366],[34.48504,30.58374],[34.48499,30.58383],[34.48493,30.58391],[34.48486,30.58398],[34.48478,30.58405],[34.4847,30.58411],[34.4846,30.58416],[34.48451,30.5842],[34.4844,30.58423],[34.4843,30.58426],[34.48419,30.58427],[34.48408,30.58428]]],\"type\":\"Polygon\"},\"properties\":{\"id\":\"gdf0a15.precision_radius\",\"land_or_water\":\"land\",\"role\":\"precision_radius\"},\"type\":\"Feature\"}],\"metadata\":{\"class\":\"natural\",\"land_or_water\":\"water\",\"name\":\"Ein Qedeis\",\"type\":\"spring\"},\"type\":\"FeatureCollection\"}","anotherNames":"Ain Qedeis, Ain Qedis, Ayn Qudays, Ein Qadeis","koreanName":"에인 케데이스","anotherKoreanNames":"아인 케데이스, 아인 케디스, 아인 쿠다이스, 에인 카데이스"}],"relations":[{"parentId":"a2b389a","childId":"mee0e2f","possibility":35},{"parentId":"a7384d7","childId":"m743a5d","possibility":35},{"parentId":"a7384d7","childId":"m0a0e06","possibility":15},{"parentId":"a7384d7","childId":"m134a42","possibility":10},{"parentId":"a7384d7","childId":"mdc9182","possibility":10},{"parentId":"aa54aa4","childId":"m8fcc34","possibility":100},{"parentId":"adbbb54","childId":"m3ddc20","possibility":65},{"parentId":"adbbb54","childId":"m02b936","possibility":10},{"parentId":"adbbb54","childId":"m743a5d","possibility":10},{"parentId":"adbbb54","childId":"m0a0e06","possibility":10},{"parentId":"adbbb54","childId":"m134a42","possibility":10},{"parentId":"adbbb54","childId":"mdc9182","possibility":10},{"parentId":"adbbb54","childId":"m161c59","possibility":10},{"parentId":"a149f13","childId":"m66c5b8","possibility":100},{"parentId":"adc9b5a","childId":"m32c21d","possibility":55},{"parentId":"adc9b5a","childId":"m48684e","possibility":10},{"parentId":"adc9b5a","childId":"m946fef","possibility":10},{"parentId":"adc9b5a","childId":"m12c649","possibility":10},{"parentId":"adc9b5a","childId":"m81b743","possibility":10},{"parentId":"adc9b5a","childId":"md54909","possibility":10},{"parentId":"adc9b5a","childId":"m662b52","possibility":10},{"parentId":"adc9b5a","childId":"mc78c4d","possibility":10},{"parentId":"a2715db","childId":"mef1743","possibility":20},{"parentId":"a2715db","childId":"ma832c2","possibility":15},{"parentId":"ac2cef0","childId":"m6da23a","possibility":90},{"parentId":"ac2cef0","childId":"m2ed468","possibility":10},{"parentId":"ab86a69","childId":"m66c5b8","possibility":100},{"parentId":"acc7184","childId":"m161c59","possibility":80}],"total":32}