{
  "data": [
    {
      "id": "a70fd5d",
      "name": "Nineveh",
      "imageTitle": "m52bd87.i028fec.jpg",
      "isModern": false,
      "stereo": "parent",
      "description": "The capital city of the Assyrian Empire, a major power and long-time enemy of Israel. \nIt was a famously large and wicked city to which the prophet Jonah was sent to preach repentance. The Ninevites repented at Jonah's message, and God spared the city temporarily. Later, the prophet Nahum prophesied its complete destruction due to its persistent wickedness and cruelty. It was ultimately sacked by a coalition of Babylonians, Medes, and Scythians in 612 BC, fulfilling the prophecy.",
      "koreanDescription": "앗수르 제국의 수도이자 이스라엘의 오랜 적대국이었습니다. \n선지자 요나가 하나님의 심판을 선포하기 위해 파견된 크고 악명 높은 도시로, 요나의 설교에 왕부터 백성에 이르기까지 회개하여 일시적으로 멸망을 면했습니다.\n그러나 이후에도 계속된 사악함과 잔혹함으로 인해 선지자 나훔이 파멸을 예언했고, 결국 기원전 612년에 바벨론, 메대, 스구디아 연합군에게 함락되어 예언대로 멸망했습니다. 예수님께서도 이 도시 사람들의 회개를 언급하셨습니다.",
      "verses": [
        "Gen.10.11",
        "Gen.10.12",
        "2Kgs.19.36",
        "Isa.37.37",
        "Jonah.1.2",
        "Jonah.3.2",
        "Jonah.3.3",
        "Jonah.3.4",
        "Jonah.3.5",
        "Jonah.3.6",
        "Jonah.3.7",
        "Jonah.4.11",
        "Nah.1.1",
        "Nah.1.8",
        "Nah.1.11",
        "Nah.1.14",
        "Nah.2.1",
        "Nah.2.5",
        "Nah.2.7",
        "Nah.2.8",
        "Nah.2.9",
        "Nah.2.11",
        "Nah.3.1",
        "Nah.3.4",
        "Nah.3.7",
        "Nah.3.11",
        "Zeph.2.13",
        "Matt.12.41",
        "Luke.11.30",
        "Luke.11.32"
      ],
      "placeUrl": "/geo/ancient/a70fd5d/nineveh",
      "identificationPaths": ["/geo/modern/m52bd87"],
      "types": ["settlement"],
      "unknownPlacePossibility": null,
      "geojsonText": "{\"bbox\":[43.141334,36.336278,43.178269,36.377898],\"features\":[{\"geometry\":{\"coordinates\":[[[43.167325,36.339251],[43.167873,36.338386],[43.168495,36.33709],[43.168827,36.336839],[43.174484,36.336494],[43.178033,36.336278],[43.178269,36.336528],[43.176287,36.346407],[43.176155,36.347063],[43.174052,36.357311],[43.173355,36.360499],[43.172057,36.363938],[43.171252,36.365493],[43.170115,36.367722],[43.168924,36.369536],[43.166904,36.372002],[43.160566,36.377864],[43.160137,36.377898],[43.155105,36.375246],[43.151178,36.37313],[43.148142,36.371583],[43.141415,36.367523],[43.141334,36.366751],[43.142445,36.365484],[43.147831,36.359013],[43.148904,36.357812],[43.150857,36.355557],[43.152391,36.354045],[43.157541,36.349094],[43.158292,36.348204],[43.159633,36.346397],[43.161092,36.345723],[43.16316,36.344001],[43.167325,36.339251]]],\"type\":\"Polygon\"},\"properties\":{\"id\":\"g0723a5.geometry\",\"land_or_water\":\"land\"},\"type\":\"Feature\"},{\"geometry\":{\"coordinates\":[43.1528,36.3594],\"type\":\"Point\"},\"properties\":{\"id\":\"m52bd87.point\"},\"type\":\"Feature\"}],\"metadata\":{\"geometry_credit\":\"Some data © OpenStreetMap contributors\",\"name\":\"Nineveh\"},\"type\":\"FeatureCollection\"}",
      "anotherNames": null,
      "koreanName": "니느웨",
      "anotherKoreanNames": null
    },
    {
      "id": "afdda14",
      "name": "Nob",
      "imageTitle": "m09483e.i614b3e.jpg",
      "isModern": false,
      "stereo": "parent",
      "description": "A priestly city in the territory of Benjamin, near Jerusalem. \nIt is infamous as the location where David, fleeing from King Saul, received the showbread and Goliath's sword from the priest Ahimelech. Later, Saul, in an act of furious paranoia instigated by Doeg the Edomite, had the priests of Nob and the entire city population massacred (1 Samuel 22). The city is also mentioned by Isaiah as a place from which the Assyrian army threatens Jerusalem.",
      "koreanDescription": "예루살렘 근처 베냐민 지파의 경계에 있던 제사장들의 성읍입니다. \n사울 왕을 피해 도망치던 다윗이 제사장 아히멜렉에게서 진설병과 골리앗의 칼을 받았던 장소로 유명합니다. 이후 도엑의 고변으로 인해 사울이 아히멜렉과 이 성읍의 모든 제사장과 백성들을 잔인하게 학살하는 비극이 벌어졌습니다(사무엘상 22장).\n이사야 선지자는 앗수르 군대가 예루살렘을 위협할 때 이 곳을 지나게 될 것을 예언했습니다.",
      "verses": [
        "1Sam.21.1",
        "1Sam.22.9",
        "1Sam.22.11",
        "1Sam.22.19",
        "2Sam.21.16",
        "Neh.11.32",
        "Isa.10.32"
      ],
      "placeUrl": "/geo/ancient/afdda14/nob",
      "identificationPaths": [
        "/geo/modern/m09483e",
        "/geo/modern/m36b854",
        "/geo/modern/m286edc",
        "/geo/modern/m6d98ed",
        "/geo/modern/m095a7e",
        "/geo/modern/m12013f",
        "/geo/modern/m6bd6bd"
      ],
      "types": ["settlement"],
      "unknownPlacePossibility": null,
      "geojsonText": "{\"bbox\":[35.23737,31.777103,35.25694,31.81337],\"features\":[{\"geometry\":{\"coordinates\":[[[35.250975,31.777454],[35.250973,31.777352],[35.251083,31.777349],[35.251084,31.777243],[35.251227,31.777103],[35.251428,31.777349],[35.251235,31.77739],[35.25123,31.777495],[35.251083,31.7775],[35.251077,31.777454],[35.250975,31.777454]]],\"type\":\"Polygon\"},\"properties\":{\"id\":\"gaf4b4b.geometry\",\"land_or_water\":\"land\"},\"type\":\"Feature\"},{\"geometry\":{\"coordinates\":[35.244167,31.7925],\"type\":\"Point\"},\"properties\":{\"id\":\"m09483e.point\"},\"type\":\"Feature\"},{\"geometry\":{\"coordinates\":[35.23737,31.81337],\"type\":\"Point\"},\"properties\":{\"id\":\"m095a7e.point\"},\"type\":\"Feature\"},{\"geometry\":{\"coordinates\":[35.238992,31.8057],\"type\":\"Point\"},\"properties\":{\"id\":\"m12013f.point\"},\"type\":\"Feature\"},{\"geometry\":{\"coordinates\":[35.248333,31.798611],\"type\":\"Point\"},\"properties\":{\"id\":\"m286edc.point\"},\"type\":\"Feature\"},{\"geometry\":{\"coordinates\":[35.242628,31.794892],\"type\":\"Point\"},\"properties\":{\"id\":\"m36b854.point\"},\"type\":\"Feature\"},{\"geometry\":{\"coordinates\":[35.250839,31.777619],\"type\":\"Point\"},\"properties\":{\"id\":\"m6bd6bd.point\"},\"type\":\"Feature\"},{\"geometry\":{\"coordinates\":[35.25694,31.7912],\"type\":\"Point\"},\"properties\":{\"id\":\"m6d98ed.point\"},\"type\":\"Feature\"}],\"metadata\":{\"geometry_credit\":\"Some data © OpenStreetMap contributors\",\"name\":\"Nob\"},\"type\":\"FeatureCollection\"}",
      "anotherNames": null,
      "koreanName": "놉",
      "anotherKoreanNames": null
    },
    {
      "id": "aa23a3e",
      "name": "Nobah 1",
      "imageTitle": "m612cff.ib95f08.jpg",
      "isModern": false,
      "stereo": "parent",
      "description": "A town originally named Kenath, which was captured by an Israelite of the tribe of Manasseh named Nobah during the conquest of the territory east of the Jordan River. Nobah subsequently renamed the town after himself (Numbers 32:42).",
      "koreanDescription": "요단 강 동편 지역을 정복할 때 므낫세 지파의 노바(Nobah)라는 사람이 점령하고 자신의 이름을 따서 개명한 성읍입니다. 원래 이름은 그낫(Kenath)이었습니다(민수기 32:42).",
      "verses": ["Num.32.42"],
      "placeUrl": "/geo/ancient/aa23a3e/nobah-1",
      "identificationPaths": ["/geo/modern/m612cff", "/geo/modern/maf7dea"],
      "types": ["settlement"],
      "unknownPlacePossibility": null,
      "geojsonText": "{\"bbox\":[36.348611,32.686111,36.61899,32.75616],\"features\":[{\"geometry\":{\"coordinates\":[[[36.617796,32.754356],[36.617786,32.754185],[36.61799,32.754117],[36.617952,32.753833],[36.618167,32.75376],[36.618193,32.753467],[36.618526,32.753382],[36.618656,32.754322],[36.617796,32.754356]]],\"type\":\"Polygon\"},\"properties\":{\"id\":\"g168cce.geometry\",\"land_or_water\":\"land\"},\"type\":\"Feature\"},{\"geometry\":{\"coordinates\":[36.61899,32.75616],\"type\":\"Point\"},\"properties\":{\"id\":\"m612cff.point\"},\"type\":\"Feature\"},{\"geometry\":{\"coordinates\":[36.348611,32.686111],\"type\":\"Point\"},\"properties\":{\"id\":\"maf7dea.point\"},\"type\":\"Feature\"}],\"metadata\":{\"geometry_credit\":\"Some data © OpenStreetMap contributors\",\"name\":\"Nobah 1\"},\"type\":\"FeatureCollection\"}",
      "anotherNames": null,
      "koreanName": "노바 1",
      "anotherKoreanNames": null
    },
    {
      "id": "a9bf50d",
      "name": "Nobah 2",
      "imageTitle": "m612cff.ib95f08.jpg",
      "isModern": false,
      "stereo": "parent",
      "description": "A geographical marker used to describe the route taken by Gideon in his pursuit of the Midianite kings Zebah and Zalmunna, east of the inhabitants of tents and Jogbehah (Judges 8:11). Some scholars suggest this may be the same as Nobah 1 (the former Kenath) or another location.",
      "koreanDescription": "미디안 두 왕 세바와 살문나를 추격하던 기드온이 '장막에 거주하는 자의 길'을 따라 홉바와 놉바 동쪽으로 지나갔다고 언급된 지명입니다(사사기 8:11). 일부 학자들은 이 곳이 노바 1(이전의 그낫)과 동일한 장소이거나, 혹은 또 다른 노바일 가능성을 제기합니다.",
      "verses": ["Judg.8.11"],
      "placeUrl": "/geo/ancient/a9bf50d/nobah-2",
      "identificationPaths": [
        "/geo/modern/m612cff",
        "/geo/modern/maf7dea",
        "/geo/modern/m9ccfee"
      ],
      "types": ["settlement"],
      "unknownPlacePossibility": null,
      "geojsonText": "{\"bbox\":[35.837654,32.032589,36.61899,32.75616],\"features\":[{\"geometry\":{\"coordinates\":[[[36.617796,32.754356],[36.617786,32.754185],[36.61799,32.754117],[36.617952,32.753833],[36.618167,32.75376],[36.618193,32.753467],[36.618526,32.753382],[36.618656,32.754322],[36.617796,32.754356]]],\"type\":\"Polygon\"},\"properties\":{\"id\":\"g168cce.geometry\",\"land_or_water\":\"land\"},\"type\":\"Feature\"},{\"geometry\":{\"coordinates\":[36.61899,32.75616],\"type\":\"Point\"},\"properties\":{\"id\":\"m612cff.point\"},\"type\":\"Feature\"},{\"geometry\":{\"coordinates\":[35.837654,32.032589],\"type\":\"Point\"},\"properties\":{\"id\":\"m9ccfee.point\"},\"type\":\"Feature\"},{\"geometry\":{\"coordinates\":[36.348611,32.686111],\"type\":\"Point\"},\"properties\":{\"id\":\"maf7dea.point\"},\"type\":\"Feature\"}],\"metadata\":{\"geometry_credit\":\"Some data © OpenStreetMap contributors\",\"name\":\"Nobah 2\"},\"type\":\"FeatureCollection\"}",
      "anotherNames": null,
      "koreanName": "노바 2",
      "anotherKoreanNames": null
    },
    {
      "id": "a1ad8e1",
      "name": "Nod",
      "isModern": false,
      "stereo": "parent",
      "description": "The land to which Cain went after murdering his brother Abel and being cursed by God to be a restless wanderer. \nThe name 'Nod' itself means 'wandering' or 'exile'. It is described as being 'east of Eden' (Genesis 4:16), symbolizing Cain's separation and alienation from God's presence as a result of his sin.",
      "koreanDescription": "가인이 동생 아벨을 살해한 후 하나님께 저주를 받아 땅에서 유리하는 자가 되어 정착한 땅입니다. \n'놋'이라는 이름 자체가 '유리(방황)' 또는 '추방'을 의미합니다. 에덴의 동쪽에 위치했다고 기록되어 있으며(창세기 4:16), 이는 가인이 죄의 결과로 하나님의 임재로부터 멀어진 상태와 소외를 상징적으로 보여줍니다.",
      "verses": ["Gen.4.16"],
      "placeUrl": "/geo/ancient/a1ad8e1/nod",
      "identificationPaths": [],
      "types": ["region"],
      "unknownPlacePossibility": null,
      "geojsonText": "{\"features\":[],\"metadata\":{\"name\":\"Nod\"},\"type\":\"FeatureCollection\"}",
      "anotherNames": null,
      "koreanName": "놋",
      "anotherKoreanNames": null
    },
    {
      "id": "ab4d194",
      "name": "Nohah",
      "isModern": false,
      "stereo": "parent",
      "description": "A biblical location mentioned in a fragmented context, referring to the pursuit of the Benjamites after the battle at Gibeah (Judges 20:43). It is not certain whether it refers to a specific settlement or a geographical marker in the pursuit route.",
      "koreanDescription": "기브아 전투 후 베냐민 자손을 추격하는 문맥에서 짧게 언급된 장소입니다(사사기 20:43). 이 지명이 정확히 특정한 성읍을 가리키는지, 아니면 추격로상의 지리적 표식을 가리키는지는 명확하지 않습니다.",
      "verses": ["Judg.20.43"],
      "placeUrl": "/geo/ancient/ab4d194/nohah",
      "identificationPaths": [],
      "types": ["settlement"],
      "unknownPlacePossibility": 10,
      "geojsonText": "{\"features\":[],\"metadata\":{\"name\":\"Nohah\"},\"type\":\"FeatureCollection\"}",
      "anotherNames": null,
      "koreanName": "노하",
      "anotherKoreanNames": null
    },
    {
      "id": "aed6b0e",
      "name": "Nophah",
      "imageTitle": "aa0b1d6.i5b8554.jpg",
      "isModern": false,
      "stereo": "parent",
      "description": "A city in Moabite territory that was occupied by the Amorites, mentioned in the song of the proverb-makers celebrating Israel's victory over Sihon, king of the Amorites (Numbers 21:30).",
      "koreanDescription": "모압 영토 내에 있던 성읍으로, 아모리 사람의 왕 시혼에 대한 이스라엘의 승리를 노래하는 비유가들(잠언으로 말하는 자들)의 노래에서 언급되었습니다(민수기 21:30). 이 성읍은 아모리 사람들에게 점령되어 있었습니다.",
      "verses": ["Num.21.30"],
      "placeUrl": "/geo/ancient/aed6b0e/nophah",
      "identificationPaths": [
        "/geo/modern/mcbaccd",
        "/geo/modern/m612cff",
        "/geo/modern/maf7dea"
      ],
      "types": ["settlement"],
      "unknownPlacePossibility": null,
      "geojsonText": "{\"bbox\":[35.41733,30.81953,36.61899,32.75616],\"features\":[{\"geometry\":{\"coordinates\":[[[36.617796,32.754356],[36.617786,32.754185],[36.61799,32.754117],[36.617952,32.753833],[36.618167,32.75376],[36.618193,32.753467],[36.618526,32.753382],[36.618656,32.754322],[36.617796,32.754356]]],\"type\":\"Polygon\"},\"properties\":{\"id\":\"g168cce.geometry\",\"land_or_water\":\"land\"},\"type\":\"Feature\"},{\"geometry\":{\"coordinates\":[[[[35.45177,31.02662],[35.48621,30.99704],[36.03722,30.81953],[36.1061,31.02662],[36.14054,31.4704],[36.14054,31.49999],[36.14054,31.52957],[36.14054,31.55916],[36.14054,31.58874],[36.14054,31.61833],[36.14054,31.64791],[36.14054,31.6775],[36.14054,31.70708],[36.1061,31.73667],[36.00278,31.79584],[35.96835,31.79584],[35.93391,31.79584],[35.89947,31.79584],[35.72728,31.76625],[35.58952,31.73667],[35.41733,31.2633],[35.45177,31.02662]]],[[[35.45177,31.02662],[35.96835,30.84911],[36.00278,30.84911],[36.03722,30.90828],[36.1061,31.05621],[36.14054,31.55916],[36.14054,31.58874],[36.14054,31.61833],[36.14054,31.64791],[36.14054,31.6775],[36.14054,31.70708],[35.96835,31.79584],[35.93391,31.79584],[35.89947,31.79584],[35.72728,31.76625],[35.58952,31.73667],[35.41733,31.2633],[35.45177,31.02662]]],[[[35.58952,31.73667],[35.41733,31.2633],[35.45177,31.05621],[35.48621,31.02662],[35.96835,30.84911],[36.00278,30.8787],[36.03722,30.93787],[36.07166,31.02662],[36.1061,31.32247],[36.1061,31.49999],[36.03722,31.6775],[36.00278,31.73667],[35.96835,31.76625],[35.93391,31.76625],[35.89947,31.76625],[35.86503,31.76625],[35.83059,31.76625],[35.76172,31.76625],[35.72728,31.76625],[35.58952,31.73667]]],[[[35.69284,31.73667],[35.6584,31.73667],[35.62396,31.73667],[35.58952,31.73667],[35.41733,31.2633],[35.45177,31.05621],[35.48621,31.02662],[35.96835,30.84911],[36.00278,30.8787],[36.03722,31.02662],[36.1061,31.32247],[36.07166,31.49999],[36.00278,31.6775],[35.96835,31.73667],[35.93391,31.73667],[35.89947,31.73667],[35.86503,31.73667],[35.83059,31.73667],[35.79615,31.73667],[35.76172,31.73667],[35.72728,31.73667],[35.69284,31.73667]]],[[[35.93391,31.73667],[35.89947,31.73667],[35.86503,31.73667],[35.83059,31.73667],[35.79615,31.73667],[35.76172,31.73667],[35.72728,31.73667],[35.69284,31.73667],[35.6584,31.73667],[35.62396,31.73667],[35.58952,31.73667],[35.41733,31.2633],[35.45177,31.05621],[35.48621,31.02662],[35.96835,30.84911],[36.00278,30.93787],[36.03722,31.05621],[36.07166,31.29289],[36.07166,31.32247],[36.07166,31.35206],[36.03722,31.49999],[35.96835,31.73667],[35.93391,31.73667]]],[[[35.96835,31.73667],[35.93391,31.73667],[35.89947,31.73667],[35.86503,31.73667],[35.83059,31.73667],[35.79615,31.73667],[35.76172,31.73667],[35.72728,31.73667],[35.69284,31.73667],[35.6584,31.73667],[35.62396,31.73667],[35.58952,31.73667],[35.41733,31.2633],[35.45177,31.05621],[35.48621,31.02662],[35.96835,30.84911],[36.03722,31.17455],[36.03722,31.20413],[36.03722,31.2633],[36.03722,31.29289],[36.03722,31.32247],[36.03722,31.35206],[35.96835,31.73667]]],[[[35.69284,31.6775],[35.6584,31.64791],[35.48621,31.38164],[35.45177,31.29289],[35.45177,31.2633],[35.45177,31.23372],[35.45177,31.05621],[35.48621,31.02662],[35.96835,30.84911],[36.00278,31.02662],[36.03722,31.2633],[36.03722,31.29289],[36.03722,31.32247],[36.03722,31.35206],[35.96835,31.6775],[35.86503,31.73667],[35.83059,31.73667],[35.79615,31.73667],[35.69284,31.6775]]],[[[35.96835,31.6775],[35.83059,31.73667],[35.6584,31.64791],[35.48621,31.38164],[35.45177,31.29289],[35.45177,31.2633],[35.45177,31.23372],[35.48621,31.02662],[35.86503,30.90828],[35.89947,30.90828],[36.00278,31.05621],[36.03722,31.2633],[36.03722,31.29289],[36.03722,31.32247],[35.96835,31.6775]]],[[[35.69284,31.64791],[35.62396,31.55916],[35.48621,31.38164],[35.45177,31.29289],[35.45177,31.2633],[35.45177,31.23372],[35.48621,31.05621],[35.52065,31.02662],[35.76172,30.96745],[35.79615,30.96745],[35.83059,30.96745],[35.86503,30.96745],[35.89947,30.96745],[35.93391,30.96745],[35.96835,31.02662],[36.03722,31.2633],[36.03722,31.29289],[36.03722,31.32247],[35.89947,31.64791],[35.86503,31.6775],[35.83059,31.6775],[35.79615,31.6775],[35.76172,31.6775],[35.69284,31.64791]]]],\"type\":\"MultiPolygon\"},\"properties\":{\"format\":\"isobands\",\"id\":\"g228665.isobands\",\"land_or_water\":\"land\",\"max_confidence\":90,\"min_confidence\":10,\"role\":\"isobands\"},\"type\":\"Feature\"},{\"geometry\":{\"coordinates\":[36.61899,32.75616],\"type\":\"Point\"},\"properties\":{\"id\":\"m612cff.point\"},\"type\":\"Feature\"},{\"geometry\":{\"coordinates\":[36.348611,32.686111],\"type\":\"Point\"},\"properties\":{\"id\":\"maf7dea.point\"},\"type\":\"Feature\"},{\"geometry\":{\"coordinates\":[35.701389,31.180556],\"type\":\"Point\"},\"properties\":{\"id\":\"mcbaccd.point\"},\"type\":\"Feature\"}],\"metadata\":{\"geometry_credit\":\"Some data © OpenStreetMap contributors\",\"name\":\"Nophah\"},\"type\":\"FeatureCollection\"}",
      "anotherNames": null,
      "koreanName": "노바",
      "anotherKoreanNames": null
    },
    {
      "id": "a244929",
      "name": "North",
      "imageTitle": "mbe432b.i748f59.jpg",
      "isModern": false,
      "stereo": "parent",
      "description": "In the context of the book of Daniel (especially Daniel 11), 'the King of the North' refers to the Seleucid rulers who controlled the territory north of Israel (Syria, Mesopotamia), engaging in conflicts with the Ptolemaic rulers ('the King of the South') for control of the region, including Judea.",
      "koreanDescription": "다니엘서(특히 다니엘 11장)의 문맥에서 '북방 왕'은 유대 지역을 포함한 시리아와 메소포타미아 북쪽 지역을 통치했던 셀레우코스 왕조의 왕들을 가리킵니다. 이들은 '남방 왕'(프톨레마이오스 왕조)과 영토 확장을 위해 끊임없이 전쟁을 벌였습니다.",
      "verses": [
        "Dan.11.6",
        "Dan.11.7",
        "Dan.11.8",
        "Dan.11.9",
        "Dan.11.11",
        "Dan.11.13",
        "Dan.11.15",
        "Dan.11.16",
        "Dan.11.28",
        "Dan.11.40"
      ],
      "placeUrl": "/geo/ancient/a244929/north",
      "identificationPaths": ["/geo/modern/mbe432b"],
      "types": ["region"],
      "unknownPlacePossibility": null,
      "geojsonText": "{\"bbox\":[33.134238,33.365119,38.525359,38.268119],\"features\":[{\"geometry\":{\"coordinates\":[[[35.964285,34.566208],[36.046029,33.531163],[36.52442,33.365119],[38.525359,35.919737],[37.070872,38.224429],[34.95569,38.268119],[33.134238,36.026653],[34.034234,36.192163],[34.751523,36.73176],[35.450494,36.441791],[36.01031,36.752089],[35.640034,36.327562],[35.661701,35.587387],[35.964285,34.566208]]],\"type\":\"Polygon\"},\"properties\":{\"id\":\"g044645.geometry\",\"land_or_water\":\"land\"},\"type\":\"Feature\"},{\"geometry\":{\"coordinates\":[36.171743,36.226691],\"type\":\"Point\"},\"properties\":{\"id\":\"mbe432b.point\"},\"type\":\"Feature\"}],\"metadata\":{\"name\":\"North\"},\"type\":\"FeatureCollection\"}",
      "anotherNames": null,
      "koreanName": "북방",
      "anotherKoreanNames": null
    },
    {
      "id": "aa4589b",
      "name": "North Gate",
      "imageTitle": "m66c5b8.i6449a7.jpg",
      "isModern": false,
      "stereo": "parent",
      "description": "A gate in the Temple complex or the city of Jerusalem. \nIt is mentioned in the organization of the Levites and their duties related to the Temple treasures in the time of David (1 Chronicles 26:14). It may also refer to the North Gate in the visionary temple of Ezekiel (Ezekiel 40:20-23).",
      "koreanDescription": "다윗 시대에 성전 창고 관리를 위해 제비 뽑아 정해진 문지기들의 직무와 관련하여 언급되는 예루살렘 성전 또는 성읍의 북쪽 문입니다(역대상 26:14). 에스겔 선지자의 성전 환상에 등장하는 북문(에스겔 40:20-23)을 가리킬 수도 있습니다.",
      "verses": ["1Chr.26.14"],
      "placeUrl": "/geo/ancient/aa4589b/north-gate",
      "identificationPaths": ["/geo/modern/m66c5b8"],
      "types": ["gate"],
      "unknownPlacePossibility": null,
      "geojsonText": "{\"bbox\":[35.225701,31.772808,35.237558,31.783742],\"features\":[{\"geometry\":{\"coordinates\":[[[35.227657,31.776599],[35.227747,31.776508],[35.227659,31.776394],[35.227825,31.776289],[35.227753,31.775875],[35.227642,31.775883],[35.227618,31.775624],[35.227772,31.775611],[35.227848,31.775599],[35.227849,31.775535],[35.227847,31.775424],[35.227806,31.774544],[35.227729,31.774545],[35.22773,31.774387],[35.22779,31.774376],[35.227778,31.774048],[35.227782,31.773881],[35.227836,31.773872],[35.227858,31.773486],[35.227791,31.773485],[35.227794,31.77336],[35.227865,31.773336],[35.22787,31.773082],[35.227819,31.773084],[35.22782,31.772896],[35.228621,31.772903],[35.229503,31.772898],[35.229592,31.772872],[35.229638,31.772857],[35.229742,31.772823],[35.229792,31.772808],[35.230644,31.772943],[35.230646,31.772918],[35.230707,31.772927],[35.230773,31.772936],[35.230772,31.772966],[35.231011,31.773026],[35.231003,31.77306],[35.231499,31.773154],[35.231483,31.773234],[35.232293,31.773404],[35.23234,31.773362],[35.232427,31.773437],[35.23238,31.773479],[35.23242,31.773833],[35.232459,31.773913],[35.232517,31.773913],[35.232535,31.774013],[35.233242,31.774283],[35.233551,31.774736],[35.233704,31.774761],[35.233848,31.774781],[35.234179,31.774828],[35.235563,31.775017],[35.235767,31.775046],[35.23572,31.77531],[35.235672,31.775582],[35.235771,31.775594],[35.235759,31.775672],[35.235843,31.775681],[35.235812,31.775846],[35.23624,31.775911],[35.23653,31.775954],[35.237558,31.7761],[35.237298,31.778181],[35.237292,31.778227],[35.237209,31.778892],[35.237235,31.778894],[35.237218,31.779043],[35.237191,31.779041],[35.23719,31.779052],[35.237154,31.779343],[35.23714,31.779461],[35.237062,31.78007],[35.237088,31.780073],[35.237085,31.780094],[35.237056,31.780297],[35.237014,31.780728],[35.236999,31.780797],[35.236976,31.780907],[35.236961,31.780973],[35.236918,31.781381],[35.236999,31.781391],[35.236982,31.781533],[35.236931,31.781529],[35.236915,31.781703],[35.236964,31.781709],[35.236928,31.78197],[35.236965,31.78197],[35.236956,31.782097],[35.236927,31.782096],[35.236907,31.782264],[35.236953,31.782268],[35.236944,31.782362],[35.236895,31.782359],[35.236809,31.783188],[35.236712,31.783628],[35.236817,31.783648],[35.236792,31.783742],[35.236687,31.783722],[35.236691,31.783697],[35.236318,31.783629],[35.236306,31.783671],[35.236225,31.783657],[35.236227,31.78362],[35.235913,31.783553],[35.235908,31.783579],[35.235839,31.783565],[35.235848,31.78354],[35.235445,31.783448],[35.235443,31.783456],[35.235137,31.783383],[35.235125,31.78342],[35.235017,31.783394],[35.23503,31.783353],[35.234933,31.783327],[35.234972,31.783237],[35.234743,31.783195],[35.234724,31.783232],[35.234557,31.78319],[35.234552,31.783152],[35.233739,31.782979],[35.233725,31.783022],[35.233611,31.782996],[35.233626,31.782947],[35.233061,31.782816],[35.233045,31.782862],[35.232924,31.782847],[35.232926,31.782763],[35.232536,31.782697],[35.232511,31.782542],[35.232177,31.782489],[35.231864,31.782508],[35.231792,31.78258],[35.231637,31.782555],[35.231589,31.782585],[35.2313,31.782492],[35.231251,31.782425],[35.23105,31.78231],[35.231087,31.78227],[35.230952,31.782181],[35.230921,31.782215],[35.230846,31.782165],[35.23091,31.78209],[35.230745,31.781977],[35.230771,31.78194],[35.230558,31.781784],[35.230533,31.781808],[35.230496,31.781843],[35.230391,31.781763],[35.230432,31.781724],[35.230393,31.781695],[35.23035,31.781662],[35.230303,31.781627],[35.230276,31.781606],[35.230233,31.781647],[35.230134,31.781572],[35.230196,31.781513],[35.229897,31.781289],[35.229808,31.781363],[35.229702,31.78128],[35.229673,31.781302],[35.2295,31.781176],[35.229568,31.781111],[35.229465,31.781022],[35.229496,31.780984],[35.228562,31.780281],[35.228517,31.780306],[35.228397,31.780217],[35.228425,31.780181],[35.228198,31.77999],[35.228165,31.780013],[35.228074,31.779955],[35.228101,31.779928],[35.22775,31.779661],[35.227458,31.779963],[35.22688,31.779603],[35.226831,31.779646],[35.226419,31.779403],[35.226215,31.77931],[35.226086,31.779249],[35.226044,31.779314],[35.225883,31.779211],[35.226176,31.778899],[35.225701,31.778412],[35.22588,31.778287],[35.225868,31.77815],[35.225926,31.778132],[35.225926,31.778046],[35.227419,31.77679],[35.227578,31.776657],[35.227544,31.776628],[35.227503,31.776595],[35.227574,31.776528],[35.227657,31.776599]]],\"type\":\"Polygon\"},\"properties\":{\"id\":\"g1c795f.geometry\",\"land_or_water\":\"land\"},\"type\":\"Feature\"},{\"geometry\":{\"coordinates\":[[[35.227657,31.776599],[35.227747,31.776508],[35.227659,31.776394],[35.227825,31.776289],[35.227753,31.775875],[35.227642,31.775883],[35.227618,31.775624],[35.227848,31.775599],[35.227806,31.774544],[35.227729,31.774545],[35.227858,31.773486],[35.227791,31.773485],[35.227794,31.77336],[35.227865,31.773336],[35.22782,31.772896],[35.229503,31.772898],[35.229792,31.772808],[35.230773,31.772936],[35.231003,31.77306],[35.231499,31.773154],[35.231483,31.773234],[35.232293,31.773404],[35.23234,31.773362],[35.232427,31.773437],[35.23238,31.773479],[35.23242,31.773833],[35.232535,31.774013],[35.233242,31.774283],[35.233551,31.774736],[35.235767,31.775046],[35.235672,31.775582],[35.235843,31.775681],[35.235812,31.775846],[35.237558,31.7761],[35.236918,31.781381],[35.236999,31.781391],[35.236915,31.781703],[35.236964,31.781709],[35.236907,31.782264],[35.236953,31.782268],[35.236712,31.783628],[35.236817,31.783648],[35.236792,31.783742],[35.235017,31.783394],[35.234933,31.783327],[35.234972,31.783237],[35.234724,31.783232],[35.233739,31.782979],[35.233725,31.783022],[35.233611,31.782996],[35.233626,31.782947],[35.233061,31.782816],[35.232924,31.782847],[35.232926,31.782763],[35.232536,31.782697],[35.232511,31.782542],[35.232177,31.782489],[35.231589,31.782585],[35.2313,31.782492],[35.23105,31.78231],[35.231087,31.78227],[35.230846,31.782165],[35.23091,31.78209],[35.230745,31.781977],[35.230771,31.78194],[35.230558,31.781784],[35.230496,31.781843],[35.230276,31.781606],[35.230233,31.781647],[35.230134,31.781572],[35.230196,31.781513],[35.229897,31.781289],[35.229808,31.781363],[35.2295,31.781176],[35.229568,31.781111],[35.229465,31.781022],[35.229496,31.780984],[35.228562,31.780281],[35.228397,31.780217],[35.228425,31.780181],[35.22775,31.779661],[35.227458,31.779963],[35.22688,31.779603],[35.226831,31.779646],[35.226086,31.779249],[35.226044,31.779314],[35.225883,31.779211],[35.226176,31.778899],[35.225701,31.778412],[35.22588,31.778287],[35.225926,31.778046],[35.227578,31.776657],[35.227503,31.776595],[35.227574,31.776528],[35.227657,31.776599]]],\"type\":\"Polygon\"},\"properties\":{\"id\":\"g1c795f.simplified\",\"land_or_water\":\"land\"},\"type\":\"Feature\"},{\"geometry\":{\"coordinates\":[35.234167,31.776667],\"type\":\"Point\"},\"properties\":{\"id\":\"m66c5b8.point\"},\"type\":\"Feature\"}],\"metadata\":{\"geometry_credit\":\"Some data © OpenStreetMap contributors\",\"name\":\"North Gate\"},\"type\":\"FeatureCollection\"}",
      "anotherNames": null,
      "koreanName": "북문",
      "anotherKoreanNames": null
    },
    {
      "id": "a0ef1e1",
      "name": "Oboth",
      "imageTitle": "mdc9182.i929960.jpg",
      "isModern": false,
      "stereo": "parent",
      "description": "One of the campsites of the Israelites during their wilderness wanderings, specifically mentioned after they detoured around the territory of Edom (Numbers 21:10-11, 33:43-44). Its exact location is debated among scholars, but it was likely in the Arabah valley region.",
      "koreanDescription": "이스라엘 백성이 에돔 땅을 우회한 후에 광야를 방황할 때 멈췄던 정착지 중 하나입니다(민수기 21:10-11, 33:43-44). 학자들 사이에 정확한 위치에 대해서는 논쟁이 있지만, 아라바 계곡 지역에 있었을 것으로 추정됩니다.",
      "verses": ["Num.21.10", "Num.21.11", "Num.33.43", "Num.33.44"],
      "placeUrl": "/geo/ancient/a0ef1e1/oboth",
      "identificationPaths": [
        "/geo/modern/mdc9182",
        "/geo/modern/m8f0036",
        "/geo/modern/m507218",
        "/geo/modern/m27a1e0"
      ],
      "types": ["campsite"],
      "unknownPlacePossibility": null,
      "geojsonText": "{\"bbox\":[35.19,30.616667,35.655084,30.82991],\"features\":[{\"geometry\":{\"coordinates\":[35.2459,30.8087],\"type\":\"Point\"},\"properties\":{\"id\":\"m27a1e0.point\"},\"type\":\"Feature\"},{\"geometry\":{\"coordinates\":[35.41082,30.82991],\"type\":\"Point\"},\"properties\":{\"id\":\"m507218.point\"},\"type\":\"Feature\"},{\"geometry\":{\"coordinates\":[35.655084,30.715067],\"type\":\"Point\"},\"properties\":{\"id\":\"m8f0036.point\"},\"type\":\"Feature\"},{\"geometry\":{\"coordinates\":[35.19,30.616667],\"type\":\"Point\"},\"properties\":{\"id\":\"mdc9182.point\"},\"type\":\"Feature\"}],\"metadata\":{\"name\":\"Oboth\"},\"type\":\"FeatureCollection\"}",
      "anotherNames": null,
      "koreanName": "오봇",
      "anotherKoreanNames": null
    },
    {
      "id": "m52bd87",
      "name": "Nineveh",
      "isModern": true,
      "stereo": "child",
      "description": "Modern Nineveh refers to the archaeological ruins of the ancient Assyrian capital, located on the east bank of the Tigris River, directly across from the modern city of **Mosul** in northern Iraq. The entire area is still referred to as Nineveh (or Ninweh) by local Assyrians.",
      "koreanDescription": "고대 앗수르 수도의 유적지를 일컫는 현대 지명입니다. 현재 이라크 북부의 **모술(Mosul)** 시 맞은편 티그리스 강 동쪽 강변에 위치하고 있습니다. 현지 아시리아인들은 이 지역 전체를 여전히 니느웨(혹은 닌웨)라고 부릅니다. (고대 지명: Nineveh)",
      "imageTitle": "m52bd87.i028fec.jpg",
      "types": ["settlement"],
      "geojsonText": "{\"bbox\":[43.141334,36.336278,43.178269,36.377898],\"features\":[{\"geometry\":{\"coordinates\":[43.1528,36.3594],\"type\":\"Point\"},\"properties\":{\"id\":\"m52bd87.point\",\"role\":\"point\"},\"type\":\"Feature\"},{\"geometry\":{\"coordinates\":[[[43.167325,36.339251],[43.167873,36.338386],[43.168495,36.33709],[43.168827,36.336839],[43.174484,36.336494],[43.178033,36.336278],[43.178269,36.336528],[43.176287,36.346407],[43.176155,36.347063],[43.174052,36.357311],[43.173355,36.360499],[43.172057,36.363938],[43.171252,36.365493],[43.170115,36.367722],[43.168924,36.369536],[43.166904,36.372002],[43.160566,36.377864],[43.160137,36.377898],[43.155105,36.375246],[43.151178,36.37313],[43.148142,36.371583],[43.141415,36.367523],[43.141334,36.366751],[43.142445,36.365484],[43.147831,36.359013],[43.148904,36.357812],[43.150857,36.355557],[43.152391,36.354045],[43.157541,36.349094],[43.158292,36.348204],[43.159633,36.346397],[43.161092,36.345723],[43.16316,36.344001],[43.167325,36.339251]]],\"type\":\"Polygon\"},\"properties\":{\"id\":\"g0723a5.local\",\"land_or_water\":\"land\",\"role\":\"local\"},\"type\":\"Feature\"}],\"metadata\":{\"class\":\"human\",\"geometry_credit\":\"Some data © OpenStreetMap contributors\",\"land_or_water\":\"land\",\"name\":\"Nineveh\",\"type\":\"settlement\"},\"type\":\"FeatureCollection\"}",
      "anotherNames": null,
      "koreanName": "니느웨",
      "anotherKoreanNames": null
    },
    {
      "id": "m09483e",
      "name": "Ras el Mesharif",
      "isModern": true,
      "stereo": "child",
      "description": "Also known as **Mount Scopus** or **Har HaZofim**, this mountain is located northeast of the Old City of Jerusalem. It offers a commanding view of the city, fitting the biblical description of Nob from which the Assyrian army 'shakes his fist' at Jerusalem (Isaiah 10:32). This location is one of the modern suggested sites for the ancient priestly city of Nob.",
      "koreanDescription": "**스크푸스 산(Mount Scopus)** 또는 **하르 하조핌(Har HaZofim)**으로도 알려져 있으며, 예루살렘 구시가지 북동쪽에 위치한 산입니다. 고대 제사장 성읍인 놉(Nob)의 후보지 중 하나로, 성경에 기록된 것처럼 이곳에서 앗수르 군대가 예루살렘을 향해 '손을 흔들었을' 수 있습니다(이사야 10:32).",
      "imageTitle": "m09483e.i614b3e.jpg",
      "types": ["mountain"],
      "geojsonText": "{\"bbox\":[35.23359,31.78351,35.25475,31.80149],\"features\":[{\"geometry\":{\"coordinates\":[35.244167,31.7925],\"type\":\"Point\"},\"properties\":{\"id\":\"m09483e.point\",\"role\":\"point\"},\"type\":\"Feature\"},{\"geometry\":{\"coordinates\":[[[35.24417,31.80149],[35.24306,31.80144],[35.24197,31.8013],[35.2409,31.80105],[35.23986,31.80072],[35.23888,31.80029],[35.23795,31.79978],[35.23709,31.79918],[35.2363,31.79852],[35.23561,31.79779],[35.235,31.797],[35.2345,31.79616],[35.2341,31.79528],[35.23382,31.79437],[35.23364,31.79344],[35.23359,31.7925],[35.23364,31.79156],[35.23382,31.79063],[35.2341,31.78972],[35.2345,31.78884],[35.235,31.788],[35.23561,31.78721],[35.2363,31.78648],[35.23709,31.78582],[35.23795,31.78522],[35.23888,31.78471],[35.23986,31.78428],[35.2409,31.78395],[35.24197,31.7837],[35.24306,31.78356],[35.24417,31.78351],[35.24527,31.78356],[35.24637,31.7837],[35.24744,31.78395],[35.24847,31.78428],[35.24946,31.78471],[35.25039,31.78522],[35.25125,31.78582],[35.25203,31.78648],[35.25273,31.78721],[35.25333,31.788],[35.25383,31.78884],[35.25423,31.78972],[35.25452,31.79063],[35.25469,31.79156],[35.25475,31.7925],[35.25469,31.79344],[35.25452,31.79437],[35.25423,31.79528],[35.25383,31.79616],[35.25333,31.797],[35.25273,31.79779],[35.25203,31.79852],[35.25125,31.79918],[35.25039,31.79978],[35.24946,31.80029],[35.24847,31.80072],[35.24744,31.80105],[35.24637,31.8013],[35.24527,31.80144],[35.24417,31.80149]]],\"type\":\"Polygon\"},\"properties\":{\"id\":\"g95c245.precision_radius\",\"land_or_water\":\"land\",\"role\":\"precision_radius\"},\"type\":\"Feature\"}],\"metadata\":{\"class\":\"natural\",\"land_or_water\":\"land\",\"name\":\"Ras el Mesharif\",\"type\":\"mountain\"},\"type\":\"FeatureCollection\"}",
      "anotherNames": "Gabal al Masharif, Har Ha Zofim, Mount Scopus, Ras al Masharif, Ras el Mesarif",
      "koreanName": "라스 엘 메샤리프",
      "anotherKoreanNames": "가발 알 마샤리프, 하르 하조핌, 스코푸스 산, 라스 알 마샤리프, 라스 엘 메사리프"
    },
    {
      "id": "m36b854",
      "name": "Ras Umm et Tala",
      "isModern": true,
      "stereo": "child",
      "description": "A mountain or elevated point, which is one of the various proposed locations for the biblical city of Nob, near Jerusalem.",
      "koreanDescription": "예루살렘 근처에 위치한 산 또는 고지대로, 고대 성읍 놉(Nob)의 후보지 중 하나로 제안되고 있습니다.",
      "imageTitle": "m36b854.satellite.jpg",
      "types": ["mountain"],
      "geojsonText": "{\"bbox\":[35.23205,31.7859,35.25321,31.80389],\"features\":[{\"geometry\":{\"coordinates\":[35.242628,31.794892],\"type\":\"Point\"},\"properties\":{\"id\":\"m36b854.point\",\"role\":\"point\"},\"type\":\"Feature\"},{\"geometry\":{\"coordinates\":[[[35.24263,31.80389],[35.24152,31.80384],[35.24043,31.80369],[35.23936,31.80345],[35.23832,31.80311],[35.23734,31.80268],[35.23641,31.80217],[35.23555,31.80158],[35.23476,31.80091],[35.23407,31.80018],[35.23346,31.79939],[35.23296,31.79855],[35.23256,31.79767],[35.23228,31.79676],[35.2321,31.79583],[35.23205,31.79489],[35.23211,31.79395],[35.23228,31.79302],[35.23257,31.79211],[35.23296,31.79123],[35.23347,31.7904],[35.23407,31.78961],[35.23477,31.78887],[35.23555,31.78821],[35.23641,31.78762],[35.23734,31.7871],[35.23832,31.78668],[35.23936,31.78634],[35.24043,31.7861],[35.24152,31.78595],[35.24263,31.7859],[35.24373,31.78595],[35.24483,31.7861],[35.2459,31.78634],[35.24693,31.78668],[35.24792,31.7871],[35.24885,31.78762],[35.24971,31.78821],[35.25049,31.78887],[35.25119,31.78961],[35.25179,31.7904],[35.25229,31.79123],[35.25269,31.79211],[35.25298,31.79302],[35.25315,31.79395],[35.25321,31.79489],[35.25315,31.79583],[35.25298,31.79676],[35.25269,31.79767],[35.25229,31.79855],[35.25179,31.79939],[35.25119,31.80018],[35.25049,31.80091],[35.24971,31.80158],[35.24885,31.80217],[35.24792,31.80268],[35.24693,31.80311],[35.2459,31.80345],[35.24483,31.80369],[35.24373,31.80384],[35.24263,31.80389]]],\"type\":\"Polygon\"},\"properties\":{\"id\":\"g8da75e.precision_radius\",\"land_or_water\":\"land\",\"role\":\"precision_radius\"},\"type\":\"Feature\"}],\"metadata\":{\"class\":\"natural\",\"land_or_water\":\"land\",\"name\":\"Ras Umm et Tala\",\"type\":\"mountain\"},\"type\":\"FeatureCollection\"}",
      "anotherNames": null,
      "koreanName": "라스 움 엣 탈라",
      "anotherKoreanNames": null
    },
    {
      "id": "m286edc",
      "name": "Isawiya",
      "isModern": true,
      "stereo": "child",
      "description": "A Palestinian neighborhood in East Jerusalem, located on the eastern slopes of the Mount Scopus ridge (Ras el Mesharif). It is one of the potential modern locations suggested for the biblical Nob.",
      "koreanDescription": "동예루살렘의 팔레스타인인 거주 지역으로, 스코푸스 산(Ras el Mesharif) 동쪽 경사면에 위치하고 있습니다. 성경의 놉(Nob)이 있었을 가능성이 있는 현대 지명 중 하나입니다.",
      "imageTitle": "m286edc.i2304ae.jpg",
      "types": ["settlement"],
      "geojsonText": "{\"bbox\":[35.24569,31.79636,35.25098,31.80086],\"features\":[{\"geometry\":{\"coordinates\":[35.248333,31.798611],\"type\":\"Point\"},\"properties\":{\"id\":\"m286edc.point\",\"role\":\"point\"},\"type\":\"Feature\"},{\"geometry\":{\"coordinates\":[[[35.24833,31.80086],[35.24806,31.80085],[35.24778,31.80081],[35.24752,31.80075],[35.24726,31.80066],[35.24701,31.80056],[35.24678,31.80043],[35.24656,31.80028],[35.24637,31.80012],[35.24619,31.79993],[35.24604,31.79974],[35.24592,31.79953],[35.24582,31.79931],[35.24575,31.79908],[35.2457,31.79885],[35.24569,31.79861],[35.2457,31.79838],[35.24575,31.79814],[35.24582,31.79792],[35.24592,31.7977],[35.24604,31.79749],[35.24619,31.79729],[35.24637,31.79711],[35.24656,31.79694],[35.24678,31.79679],[35.24701,31.79666],[35.24726,31.79656],[35.24752,31.79647],[35.24778,31.79641],[35.24806,31.79638],[35.24833,31.79636],[35.24861,31.79638],[35.24888,31.79641],[35.24915,31.79647],[35.24941,31.79656],[35.24966,31.79666],[35.24989,31.79679],[35.2501,31.79694],[35.2503,31.79711],[35.25047,31.79729],[35.25062,31.79749],[35.25075,31.7977],[35.25085,31.79792],[35.25092,31.79814],[35.25096,31.79838],[35.25098,31.79861],[35.25096,31.79885],[35.25092,31.79908],[35.25085,31.79931],[35.25075,31.79953],[35.25062,31.79974],[35.25047,31.79993],[35.2503,31.80012],[35.2501,31.80028],[35.24989,31.80043],[35.24966,31.80056],[35.24941,31.80066],[35.24915,31.80075],[35.24888,31.80081],[35.24861,31.80085],[35.24833,31.80086]]],\"type\":\"Polygon\"},\"properties\":{\"id\":\"g3fc264.precision_radius\",\"land_or_water\":\"land\",\"role\":\"precision_radius\"},\"type\":\"Feature\"}],\"metadata\":{\"class\":\"human\",\"land_or_water\":\"land\",\"name\":\"Isawiya\",\"type\":\"settlement\"},\"type\":\"FeatureCollection\"}",
      "anotherNames": "Al Issawiya, El Esawijeh, El Isawiyeh",
      "koreanName": "이사위야",
      "anotherKoreanNames": "알 이사위야, 엘 에사위예, 엘 이사위예"
    },
    {
      "id": "m6d98ed",
      "name": "Ras Tumeim",
      "isModern": true,
      "stereo": "child",
      "description": "A hill or elevated point in the vicinity of Jerusalem, sometimes considered as a possible location for the biblical Nob.",
      "koreanDescription": "예루살렘 근처의 언덕 또는 고지대로, 성경의 놉(Nob)이 있었을 가능성이 있는 후보지 중 하나입니다.",
      "imageTitle": "m6d98ed.satellite.jpg",
      "types": ["hill"],
      "geojsonText": "{\"bbox\":[35.25377,31.7885,35.26011,31.7939],\"features\":[{\"geometry\":{\"coordinates\":[35.25694,31.7912],\"type\":\"Point\"},\"properties\":{\"id\":\"m6d98ed.point\",\"role\":\"point\"},\"type\":\"Feature\"},{\"geometry\":{\"coordinates\":[[[35.25694,31.7939],[35.25661,31.79388],[35.25628,31.79384],[35.25596,31.79377],[35.25565,31.79366],[35.25535,31.79354],[35.25507,31.79338],[35.25482,31.7932],[35.25458,31.79301],[35.25437,31.79279],[35.25419,31.79255],[35.25404,31.7923],[35.25392,31.79203],[35.25384,31.79176],[35.25378,31.79148],[35.25377,31.7912],[35.25378,31.79092],[35.25384,31.79064],[35.25392,31.79037],[35.25404,31.7901],[35.25419,31.78985],[35.25437,31.78961],[35.25458,31.78939],[35.25482,31.7892],[35.25507,31.78902],[35.25535,31.78886],[35.25565,31.78874],[35.25596,31.78863],[35.25628,31.78856],[35.25661,31.78852],[35.25694,31.7885],[35.25727,31.78852],[35.2576,31.78856],[35.25792,31.78863],[35.25823,31.78874],[35.25853,31.78886],[35.25881,31.78902],[35.25906,31.7892],[35.2593,31.78939],[35.25951,31.78961],[35.25969,31.78985],[35.25984,31.7901],[35.25996,31.79037],[35.26004,31.79064],[35.2601,31.79092],[35.26011,31.7912],[35.2601,31.79148],[35.26004,31.79176],[35.25996,31.79203],[35.25984,31.7923],[35.25969,31.79255],[35.25951,31.79279],[35.2593,31.79301],[35.25906,31.7932],[35.25881,31.79338],[35.25853,31.79354],[35.25823,31.79366],[35.25792,31.79377],[35.2576,31.79384],[35.25727,31.79388],[35.25694,31.7939]]],\"type\":\"Polygon\"},\"properties\":{\"id\":\"g99f31b.precision_radius\",\"land_or_water\":\"land\",\"role\":\"precision_radius\"},\"type\":\"Feature\"}],\"metadata\":{\"class\":\"natural\",\"land_or_water\":\"land\",\"name\":\"Ras Tumeim\",\"type\":\"hill\"},\"type\":\"FeatureCollection\"}",
      "anotherNames": "Ras el Temim, Ras et Temim, Ras et Tmim, Ras et Tmin",
      "koreanName": "라스 투메임",
      "anotherKoreanNames": "라스 엘 테밈, 라스 엣 테밈, 라스 엣 트밈, 라스 엣 트민"
    },
    {
      "id": "m095a7e",
      "name": "Qu’meh",
      "isModern": true,
      "stereo": "child",
      "description": "A mountain or elevated area, possibly considered as one of the multiple sites that could correspond to the biblical location of Nob.",
      "koreanDescription": "산 또는 고지대로, 성경의 놉(Nob)의 여러 후보지 중 하나로 간주될 수 있는 장소입니다.",
      "imageTitle": "m095a7e.ibc0814.jpg",
      "types": ["mountain"],
      "geojsonText": "{\"bbox\":[35.22679,31.80438,35.24795,31.82236],\"features\":[{\"geometry\":{\"coordinates\":[35.23737,31.81337],\"type\":\"Point\"},\"properties\":{\"id\":\"m095a7e.point\",\"role\":\"point\"},\"type\":\"Feature\"},{\"geometry\":{\"coordinates\":[[[35.23737,31.82236],[35.23626,31.82231],[35.23517,31.82217],[35.2341,31.82192],[35.23307,31.82159],[35.23208,31.82116],[35.23115,31.82065],[35.23029,31.82005],[35.2295,31.81939],[35.22881,31.81866],[35.2282,31.81787],[35.2277,31.81703],[35.2273,31.81615],[35.22702,31.81524],[35.22684,31.81431],[35.22679,31.81337],[35.22684,31.81243],[35.22702,31.8115],[35.22731,31.81059],[35.2277,31.80971],[35.22821,31.80887],[35.22881,31.80808],[35.22951,31.80735],[35.23029,31.80669],[35.23115,31.80609],[35.23208,31.80558],[35.23307,31.80515],[35.2341,31.80482],[35.23517,31.80457],[35.23626,31.80443],[35.23737,31.80438],[35.23848,31.80443],[35.23957,31.80457],[35.24064,31.80482],[35.24167,31.80515],[35.24266,31.80558],[35.24359,31.80609],[35.24445,31.80669],[35.24523,31.80735],[35.24593,31.80808],[35.24653,31.80887],[35.24704,31.80971],[35.24743,31.81059],[35.24772,31.8115],[35.2479,31.81243],[35.24795,31.81337],[35.2479,31.81431],[35.24772,31.81524],[35.24744,31.81615],[35.24704,31.81703],[35.24654,31.81787],[35.24593,31.81866],[35.24524,31.81939],[35.24445,31.82005],[35.24359,31.82065],[35.24266,31.82116],[35.24167,31.82159],[35.24064,31.82192],[35.23957,31.82217],[35.23848,31.82231],[35.23737,31.82236]]],\"type\":\"Polygon\"},\"properties\":{\"id\":\"gb65266.precision_radius\",\"land_or_water\":\"land\",\"role\":\"precision_radius\"},\"type\":\"Feature\"}],\"metadata\":{\"class\":\"natural\",\"land_or_water\":\"land\",\"name\":\"Qu’meh\",\"type\":\"mountain\"},\"type\":\"FeatureCollection\"}",
      "anotherNames": "El Qu’ma",
      "koreanName": "쿠메",
      "anotherKoreanNames": "엘 쿠마"
    },
    {
      "id": "m12013f",
      "name": "French Hill",
      "isModern": true,
      "stereo": "child",
      "description": "A neighborhood in northern East Jerusalem, situated near Mount Scopus (Ras el Mesharif). This area is in the general vicinity of where the biblical city of Nob is thought to have been located.",
      "koreanDescription": "동예루살렘 북부에 위치한 주거 지역으로, 스코푸스 산(Ras el Mesharif) 근처에 있습니다. 이 지역은 성경의 놉(Nob)이 있었을 것으로 추정되는 광범위한 지역 내에 속합니다.",
      "imageTitle": "m12013f.i296d5a.jpg",
      "types": ["settlement"],
      "geojsonText": "{\"bbox\":[35.23635,31.80345,35.24164,31.80795],\"features\":[{\"geometry\":{\"coordinates\":[35.238992,31.8057],\"type\":\"Point\"},\"properties\":{\"id\":\"m12013f.point\",\"role\":\"point\"},\"type\":\"Feature\"},{\"geometry\":{\"coordinates\":[[[35.23899,31.80795],[35.23872,31.80794],[35.23844,31.8079],[35.23817,31.80784],[35.23792,31.80775],[35.23767,31.80765],[35.23744,31.80752],[35.23722,31.80737],[35.23703,31.8072],[35.23685,31.80702],[35.2367,31.80682],[35.23658,31.80661],[35.23648,31.80639],[35.2364,31.80617],[35.23636,31.80593],[35.23635,31.8057],[35.23636,31.80546],[35.2364,31.80523],[35.23648,31.80501],[35.23658,31.80479],[35.2367,31.80458],[35.23685,31.80438],[35.23703,31.8042],[35.23722,31.80403],[35.23744,31.80388],[35.23767,31.80375],[35.23792,31.80365],[35.23817,31.80356],[35.23844,31.8035],[35.23872,31.80346],[35.23899,31.80345],[35.23927,31.80346],[35.23954,31.8035],[35.23981,31.80356],[35.24007,31.80365],[35.24031,31.80375],[35.24055,31.80388],[35.24076,31.80403],[35.24096,31.8042],[35.24113,31.80438],[35.24128,31.80458],[35.24141,31.80479],[35.24151,31.80501],[35.24158,31.80523],[35.24162,31.80546],[35.24164,31.8057],[35.24162,31.80593],[35.24158,31.80617],[35.24151,31.80639],[35.24141,31.80661],[35.24128,31.80682],[35.24113,31.80702],[35.24096,31.8072],[35.24076,31.80737],[35.24055,31.80752],[35.24031,31.80765],[35.24007,31.80775],[35.23981,31.80784],[35.23954,31.8079],[35.23927,31.80794],[35.23899,31.80795]]],\"type\":\"Polygon\"},\"properties\":{\"id\":\"g0d4d58.precision_radius\",\"land_or_water\":\"land\",\"role\":\"precision_radius\"},\"type\":\"Feature\"}],\"metadata\":{\"class\":\"human\",\"land_or_water\":\"land\",\"name\":\"French Hill\",\"type\":\"settlement\"},\"type\":\"FeatureCollection\"}",
      "anotherNames": "Givat Shapira, Karm el Waz",
      "koreanName": "프렌치 힐",
      "anotherKoreanNames": "기밧 샤피라, 카름 엘 와즈"
    },
    {
      "id": "m6bd6bd",
      "name": "Et Tur",
      "isModern": true,
      "stereo": "child",
      "description": "An Arab neighborhood on the Mount of Olives in East Jerusalem. The Mount of Olives is in the area where the biblical city of Nob is sometimes placed.",
      "koreanDescription": "동예루살렘의 올리브 산에 위치한 아랍인 거주 지역입니다. 올리브 산 주변 지역은 성경의 놉(Nob)이 위치했을 가능성이 있는 곳으로 간주되기도 합니다.",
      "imageTitle": "m6bd6bd.i360a3c.jpg",
      "types": ["settlement"],
      "geojsonText": "{\"bbox\":[35.24819,31.77537,35.25348,31.77987],\"features\":[{\"geometry\":{\"coordinates\":[35.250839,31.777619],\"type\":\"Point\"},\"properties\":{\"id\":\"m6bd6bd.point\",\"role\":\"point\"},\"type\":\"Feature\"},{\"geometry\":{\"coordinates\":[[[35.250975,31.777454],[35.250973,31.777352],[35.251083,31.777349],[35.251084,31.777243],[35.251227,31.777103],[35.251428,31.777349],[35.251235,31.77739],[35.25123,31.777495],[35.251083,31.7775],[35.251077,31.777454],[35.250975,31.777454]]],\"type\":\"Polygon\"},\"properties\":{\"id\":\"gaf4b4b.local\",\"land_or_water\":\"land\",\"role\":\"local\"},\"type\":\"Feature\"},{\"geometry\":{\"coordinates\":[[[35.25084,31.77987],[35.25056,31.77985],[35.25029,31.77982],[35.25002,31.77976],[35.24976,31.77967],[35.24952,31.77957],[35.24928,31.77944],[35.24907,31.77929],[35.24887,31.77912],[35.2487,31.77894],[35.24855,31.77874],[35.24842,31.77853],[35.24832,31.77831],[35.24825,31.77809],[35.24821,31.77785],[35.24819,31.77762],[35.24821,31.77738],[35.24825,31.77715],[35.24832,31.77692],[35.24842,31.7767],[35.24855,31.77649],[35.2487,31.7763],[35.24887,31.77611],[35.24907,31.77595],[35.24928,31.7758],[35.24952,31.77567],[35.24976,31.77557],[35.25002,31.77548],[35.25029,31.77542],[35.25056,31.77538],[35.25084,31.77537],[35.25112,31.77538],[35.25139,31.77542],[35.25166,31.77548],[35.25191,31.77557],[35.25216,31.77567],[35.25239,31.7758],[35.25261,31.77595],[35.2528,31.77611],[35.25298,31.7763],[35.25313,31.77649],[35.25326,31.7767],[35.25335,31.77692],[35.25343,31.77715],[35.25347,31.77738],[35.25348,31.77762],[35.25347,31.77785],[35.25343,31.77809],[35.25335,31.77831],[35.25326,31.77853],[35.25313,31.77874],[35.25298,31.77894],[35.2528,31.77912],[35.25261,31.77929],[35.25239,31.77944],[35.25216,31.77957],[35.25191,31.77967],[35.25166,31.77976],[35.25139,31.77982],[35.25112,31.77985],[35.25084,31.77987]]],\"type\":\"Polygon\"},\"properties\":{\"id\":\"gb5045e.precision_radius\",\"land_or_water\":\"land\",\"role\":\"precision_radius\"},\"type\":\"Feature\"}],\"metadata\":{\"class\":\"human\",\"geometry_credit\":\"Some data © OpenStreetMap contributors\",\"land_or_water\":\"land\",\"name\":\"Et Tur\",\"type\":\"settlement\"},\"type\":\"FeatureCollection\"}",
      "anotherNames": "At Tur, Church of Bethphage",
      "koreanName": "엣 투르",
      "anotherKoreanNames": "앗 투르, 벳바게 교회"
    },
    {
      "id": "m612cff",
      "name": "Qanawat",
      "isModern": true,
      "stereo": "child",
      "description": "A village in the Jabal al-Druze region of Syria, which is identified with the ancient city of **Kenath** (Nobah 1) and later the Hellenistic-Roman city of Canatha, one of the cities of the Decapolis. It contains extensive ancient ruins.",
      "koreanDescription": "시리아의 자발 알-드루즈 지역에 위치한 마을로, 고대 성읍 **그낫(Kenath)**이자 성경 속 노바 1(Nobah 1) 및 노바 2(Nobah 2)의 후보지 중 하나이며, 헬레니즘-로마 시대의 데가볼리 도시 중 하나인 카나타(Canatha)로도 알려져 있습니다. 광범위한 고대 유적을 포함하고 있습니다.",
      "imageTitle": "m612cff.ib95f08.jpg",
      "types": ["settlement"],
      "geojsonText": "{\"bbox\":[36.617786,32.753382,36.61899,32.75616],\"features\":[{\"geometry\":{\"coordinates\":[36.61899,32.75616],\"type\":\"Point\"},\"properties\":{\"id\":\"m612cff.point\",\"role\":\"point\"},\"type\":\"Feature\"},{\"geometry\":{\"coordinates\":[[[36.617796,32.754356],[36.617786,32.754185],[36.61799,32.754117],[36.617952,32.753833],[36.618167,32.75376],[36.618193,32.753467],[36.618526,32.753382],[36.618656,32.754322],[36.617796,32.754356]]],\"type\":\"Polygon\"},\"properties\":{\"id\":\"g168cce.local\",\"land_or_water\":\"land\",\"role\":\"local\"},\"type\":\"Feature\"}],\"metadata\":{\"class\":\"human\",\"geometry_credit\":\"Some data © OpenStreetMap contributors\",\"land_or_water\":\"land\",\"name\":\"Qanawat\",\"type\":\"settlement\"},\"type\":\"FeatureCollection\"}",
      "anotherNames": "Canatha",
      "koreanName": "카나와트",
      "anotherKoreanNames": "카나타"
    },
    {
      "id": "maf7dea",
      "name": "Krak Canatha",
      "isModern": true,
      "stereo": "child",
      "description": "A location identified with the settlement of Al Karak or Kerak Kanata in the Syrian region, which may be associated with the biblical Nobah 1 and Nobah 2.",
      "koreanDescription": "시리아 지역의 알 카라크(Al Karak) 또는 케라크 카나타(Kerak Kanata)로 식별되는 장소입니다. 성경의 노바 1(Nobah 1)과 노바 2(Nobah 2)와 관련이 있을 수 있습니다.",
      "imageTitle": "maf7dea.satellite.jpg",
      "types": ["settlement"],
      "geojsonText": "{\"bbox\":[36.34594,32.68386,36.35128,32.68836],\"features\":[{\"geometry\":{\"coordinates\":[36.348611,32.686111],\"type\":\"Point\"},\"properties\":{\"id\":\"maf7dea.point\",\"role\":\"point\"},\"type\":\"Feature\"},{\"geometry\":{\"coordinates\":[[[36.34861,32.68836],[36.34833,32.68835],[36.34806,32.68831],[36.34779,32.68825],[36.34752,32.68816],[36.34728,32.68806],[36.34704,32.68793],[36.34682,32.68778],[36.34663,32.68762],[36.34645,32.68743],[36.3463,32.68724],[36.34617,32.68703],[36.34607,32.68681],[36.346,32.68658],[36.34595,32.68635],[36.34594,32.68611],[36.34595,32.68588],[36.346,32.68564],[36.34607,32.68542],[36.34617,32.6852],[36.3463,32.68499],[36.34645,32.68479],[36.34663,32.68461],[36.34682,32.68444],[36.34704,32.68429],[36.34728,32.68416],[36.34752,32.68406],[36.34779,32.68397],[36.34806,32.68391],[36.34833,32.68388],[36.34861,32.68386],[36.34889,32.68388],[36.34917,32.68391],[36.34944,32.68397],[36.3497,32.68406],[36.34995,32.68416],[36.35018,32.68429],[36.3504,32.68444],[36.3506,32.68461],[36.35077,32.68479],[36.35092,32.68499],[36.35105,32.6852],[36.35115,32.68542],[36.35122,32.68564],[36.35127,32.68588],[36.35128,32.68611],[36.35127,32.68635],[36.35122,32.68658],[36.35115,32.68681],[36.35105,32.68703],[36.35092,32.68724],[36.35077,32.68743],[36.3506,32.68762],[36.3504,32.68778],[36.35018,32.68793],[36.34995,32.68806],[36.3497,32.68816],[36.34944,32.68825],[36.34917,32.68831],[36.34889,32.68835],[36.34861,32.68836]]],\"type\":\"Polygon\"},\"properties\":{\"id\":\"g35d211.precision_radius\",\"land_or_water\":\"land\",\"role\":\"precision_radius\"},\"type\":\"Feature\"}],\"metadata\":{\"class\":\"human\",\"land_or_water\":\"land\",\"name\":\"Krak Canatha\",\"type\":\"settlement\"},\"type\":\"FeatureCollection\"}",
      "anotherNames": "Al Karak, Kerak Kanata",
      "koreanName": "크라크 카나타",
      "anotherKoreanNames": "알 카라크, 케라크 카나타"
    },
    {
      "id": "m9ccfee",
      "name": "Tell Safut",
      "isModern": true,
      "stereo": "child",
      "description": "An archaeological tell (mound) in modern Jordan. This location is one of the proposed sites for the biblical Nobah 2.",
      "koreanDescription": "현대 요르단에 있는 고고학적 언덕(텔, Tell)입니다. 이 장소는 성경의 노바 2(Nobah 2)의 후보지 중 하나로 제안되고 있습니다.",
      "imageTitle": "m9ccfee.satellite.jpg",
      "types": ["settlement"],
      "geojsonText": "{\"bbox\":[35.83712,32.03214,35.83818,32.03304],\"features\":[{\"geometry\":{\"coordinates\":[35.837654,32.032589],\"type\":\"Point\"},\"properties\":{\"id\":\"m9ccfee.point\",\"role\":\"point\"},\"type\":\"Feature\"},{\"geometry\":{\"coordinates\":[[[35.83765,32.03304],[35.8376,32.03304],[35.83754,32.03303],[35.83749,32.03302],[35.83744,32.033],[35.83739,32.03298],[35.83734,32.03295],[35.8373,32.03292],[35.83726,32.03289],[35.83722,32.03285],[35.83719,32.03281],[35.83717,32.03277],[35.83715,32.03273],[35.83714,32.03268],[35.83713,32.03264],[35.83712,32.03259],[35.83713,32.03254],[35.83714,32.0325],[35.83715,32.03245],[35.83717,32.03241],[35.83719,32.03236],[35.83722,32.03232],[35.83726,32.03229],[35.8373,32.03225],[35.83734,32.03223],[35.83739,32.0322],[35.83744,32.03218],[35.83749,32.03216],[35.83754,32.03215],[35.8376,32.03214],[35.83765,32.03214],[35.83771,32.03214],[35.83776,32.03215],[35.83782,32.03216],[35.83787,32.03218],[35.83792,32.0322],[35.83797,32.03223],[35.83801,32.03225],[35.83805,32.03229],[35.83808,32.03232],[35.83811,32.03236],[35.83814,32.03241],[35.83816,32.03245],[35.83817,32.0325],[35.83818,32.03254],[35.83818,32.03259],[35.83818,32.03264],[35.83817,32.03268],[35.83816,32.03273],[35.83814,32.03277],[35.83811,32.03281],[35.83808,32.03285],[35.83805,32.03289],[35.83801,32.03292],[35.83797,32.03295],[35.83792,32.03298],[35.83787,32.033],[35.83782,32.03302],[35.83776,32.03303],[35.83771,32.03304],[35.83765,32.03304]]],\"type\":\"Polygon\"},\"properties\":{\"id\":\"g114c89.precision_radius\",\"land_or_water\":\"land\",\"role\":\"precision_radius\"},\"type\":\"Feature\"}],\"metadata\":{\"class\":\"human\",\"land_or_water\":\"land\",\"name\":\"Tell Safut\",\"type\":\"settlement\"},\"type\":\"FeatureCollection\"}",
      "anotherNames": null,
      "koreanName": "텔 사푸트",
      "anotherKoreanNames": null
    },
    {
      "id": "mcbaccd",
      "name": "Kerak",
      "isModern": true,
      "stereo": "child",
      "description": "A city in modern Jordan, best known for its Crusader castle, Karak Castle. It is identified with the ancient Moabite city of Kir-Hareseth/Kir-Heres. It is also one of the locations proposed for the biblical Nophah.",
      "koreanDescription": "현대 요르단에 있는 도시로, 특히 십자군 시대의 카라크 성으로 유명합니다. 고대 모압의 도시 기르하레셋(Kir-Hareseth/Kir-Heres)과 동일시되기도 합니다. 성경의 노바(Nophah)가 있었을 가능성이 있는 후보지 중 하나입니다.",
      "imageTitle": "mcbaccd.iaa497c.jpg",
      "types": ["settlement"],
      "geojsonText": "{\"features\":[{\"geometry\":{\"coordinates\":[35.701389,31.180556],\"type\":\"Point\"},\"properties\":{\"id\":\"mcbaccd.point\",\"role\":\"point\"},\"type\":\"Feature\"}],\"metadata\":{\"class\":\"human\",\"land_or_water\":\"land\",\"name\":\"Kerak\",\"type\":\"settlement\"},\"type\":\"FeatureCollection\"}",
      "anotherNames": "Al Kerak, El Kerak",
      "koreanName": "케라크",
      "anotherKoreanNames": "알 케라크, 엘 케라크"
    },
    {
      "id": "mbe432b",
      "name": "Antioch on the Orontes",
      "isModern": true,
      "stereo": "child",
      "description": "An ancient city on the Orontes River, now known as Antakya in modern Turkey. It was a major center in the Hellenistic and Roman periods and is historically associated with the 'King of the North' conflicts described in the Book of Daniel (Daniel 11) because it was the capital of the Seleucid Empire.",
      "koreanDescription": "오론테스 강변에 있던 고대 도시로, 현재는 터키의 **안타키아(Antakya)**로 알려져 있습니다. 헬레니즘과 로마 시대의 주요 중심지였으며, 셀레우코스 왕조의 수도였기 때문에 다니엘서(다니엘 11장)에 묘사된 '북방 왕'의 세력과 역사적으로 관련이 있습니다.",
      "imageTitle": "mbe432b.i748f59.jpg",
      "types": ["settlement"],
      "geojsonText": "{\"features\":[{\"geometry\":{\"coordinates\":[36.171743,36.226691],\"type\":\"Point\"},\"properties\":{\"id\":\"mbe432b.point\",\"role\":\"point\"},\"type\":\"Feature\"}],\"metadata\":{\"class\":\"human\",\"land_or_water\":\"land\",\"name\":\"Antioch on the Orontes\",\"type\":\"settlement\"},\"type\":\"FeatureCollection\"}",
      "anotherNames": null,
      "koreanName": "오론테스 강변의 안티오크",
      "anotherKoreanNames": null
    },
    {
      "id": "m66c5b8",
      "name": "Jerusalem",
      "isModern": true,
      "stereo": "child",
      "description": "The capital of modern Israel. The ancient 'North Gate' was a gate within the city or the Temple complex of Jerusalem, as mentioned in 1 Chronicles 26:14. Today, the Damascus Gate on the north wall of the Old City is a major entry point, although the biblical North Gate's exact location is debated.",
      "koreanDescription": "현대 이스라엘의 수도입니다. 고대 '북문(North Gate)'은 역대상 26:14에 언급된 대로 예루살렘 성 또는 성전 구역 내의 문이었습니다. 오늘날 구시가지 북쪽 성벽의 '다마스커스 문(Damascus Gate)'이 주요 진입로이지만, 성경 속 북문의 정확한 위치는 논쟁의 여지가 있습니다. (고대 지명: North Gate)",
      "imageTitle": "m66c5b8.i6449a7.jpg",
      "types": ["settlement"],
      "geojsonText": "{\"bbox\":[35.225701,31.772808,35.237558,31.783742],\"features\":[{\"geometry\":{\"coordinates\":[35.234167,31.776667],\"type\":\"Point\"},\"properties\":{\"id\":\"m66c5b8.point\",\"role\":\"point\"},\"type\":\"Feature\"},{\"geometry\":{\"coordinates\":[[[35.227657,31.776599],[35.227747,31.776508],[35.227659,31.776394],[35.227825,31.776289],[35.227753,31.775875],[35.227642,31.775883],[35.227618,31.775624],[35.227772,31.775611],[35.227848,31.775599],[35.227849,31.775535],[35.227847,31.775424],[35.227806,31.774544],[35.227729,31.774545],[35.22773,31.774387],[35.22779,31.774376],[35.227778,31.774048],[35.227782,31.773881],[35.227836,31.773872],[35.227858,31.773486],[35.227791,31.773485],[35.227794,31.77336],[35.227865,31.773336],[35.22787,31.773082],[35.227819,31.773084],[35.22782,31.772896],[35.228621,31.772903],[35.229503,31.772898],[35.229592,31.772872],[35.229638,31.772857],[35.229742,31.772823],[35.229792,31.772808],[35.230644,31.772943],[35.230646,31.772918],[35.230707,31.772927],[35.230773,31.772936],[35.230772,31.772966],[35.231011,31.773026],[35.231003,31.77306],[35.231499,31.773154],[35.231483,31.773234],[35.232293,31.773404],[35.23234,31.773362],[35.232427,31.773437],[35.23238,31.773479],[35.23242,31.773833],[35.232459,31.773913],[35.232517,31.773913],[35.232535,31.774013],[35.233242,31.774283],[35.233551,31.774736],[35.233704,31.774761],[35.233848,31.774781],[35.234179,31.774828],[35.235563,31.775017],[35.235767,31.775046],[35.23572,31.77531],[35.235672,31.775582],[35.235771,31.775594],[35.235759,31.775672],[35.235843,31.775681],[35.235812,31.775846],[35.23624,31.775911],[35.23653,31.775954],[35.237558,31.7761],[35.237298,31.778181],[35.237292,31.778227],[35.237209,31.778892],[35.237235,31.778894],[35.237218,31.779043],[35.237191,31.779041],[35.23719,31.779052],[35.237154,31.779343],[35.23714,31.779461],[35.237062,31.78007],[35.237088,31.780073],[35.237085,31.780094],[35.237056,31.780297],[35.237014,31.780728],[35.236999,31.780797],[35.236976,31.780907],[35.236961,31.780973],[35.236918,31.781381],[35.236999,31.781391],[35.236982,31.781533],[35.236931,31.781529],[35.236915,31.781703],[35.236964,31.781709],[35.236928,31.78197],[35.236965,31.78197],[35.236956,31.782097],[35.236927,31.782096],[35.236907,31.782264],[35.236953,31.782268],[35.236944,31.782362],[35.236895,31.782359],[35.236809,31.783188],[35.236712,31.783628],[35.236817,31.783648],[35.236792,31.783742],[35.236687,31.783722],[35.236691,31.783697],[35.236318,31.783629],[35.236306,31.783671],[35.236225,31.783657],[35.236227,31.78362],[35.235913,31.783553],[35.235908,31.783579],[35.235839,31.783565],[35.235848,31.78354],[35.235445,31.783448],[35.235443,31.783456],[35.235137,31.783383],[35.235125,31.78342],[35.235017,31.783394],[35.23503,31.783353],[35.234933,31.783327],[35.234972,31.783237],[35.234743,31.783195],[35.234724,31.783232],[35.234557,31.78319],[35.234552,31.783152],[35.233739,31.782979],[35.233725,31.783022],[35.233611,31.782996],[35.233626,31.782947],[35.233061,31.782816],[35.233045,31.782862],[35.232924,31.782847],[35.232926,31.782763],[35.232536,31.782697],[35.232511,31.782542],[35.232177,31.782489],[35.231864,31.782508],[35.231792,31.78258],[35.231637,31.782555],[35.231589,31.782585],[35.2313,31.782492],[35.231251,31.782425],[35.23105,31.78231],[35.231087,31.78227],[35.230952,31.782181],[35.230921,31.782215],[35.230846,31.782165],[35.23091,31.78209],[35.230745,31.781977],[35.230771,31.78194],[35.230558,31.781784],[35.230533,31.781808],[35.230496,31.781843],[35.230391,31.781763],[35.230432,31.781724],[35.230393,31.781695],[35.23035,31.781662],[35.230303,31.781627],[35.230276,31.781606],[35.230233,31.781647],[35.230134,31.781572],[35.230196,31.781513],[35.229897,31.781289],[35.229808,31.781363],[35.229702,31.78128],[35.229673,31.781302],[35.2295,31.781176],[35.229568,31.781111],[35.229465,31.781022],[35.229496,31.780984],[35.228562,31.780281],[35.228517,31.780306],[35.228397,31.780217],[35.228425,31.780181],[35.228198,31.77999],[35.228165,31.780013],[35.228074,31.779955],[35.228101,31.779928],[35.22775,31.779661],[35.227458,31.779963],[35.22688,31.779603],[35.226831,31.779646],[35.226419,31.779403],[35.226215,31.77931],[35.226086,31.779249],[35.226044,31.779314],[35.225883,31.779211],[35.226176,31.778899],[35.225701,31.778412],[35.22588,31.778287],[35.225868,31.77815],[35.225926,31.778132],[35.225926,31.778046],[35.227419,31.77679],[35.227578,31.776657],[35.227544,31.776628],[35.227503,31.776595],[35.227574,31.776528],[35.227657,31.776599]]],\"type\":\"Polygon\"},\"properties\":{\"id\":\"g1c795f.local\",\"land_or_water\":\"land\",\"role\":\"local\"},\"type\":\"Feature\"},{\"geometry\":{\"coordinates\":[[[35.227657,31.776599],[35.227747,31.776508],[35.227659,31.776394],[35.227825,31.776289],[35.227753,31.775875],[35.227642,31.775883],[35.227618,31.775624],[35.227848,31.775599],[35.227806,31.774544],[35.227729,31.774545],[35.227858,31.773486],[35.227791,31.773485],[35.227794,31.77336],[35.227865,31.773336],[35.22782,31.772896],[35.229503,31.772898],[35.229792,31.772808],[35.230773,31.772936],[35.231003,31.77306],[35.231499,31.773154],[35.231483,31.773234],[35.232293,31.773404],[35.23234,31.773362],[35.232427,31.773437],[35.23238,31.773479],[35.23242,31.773833],[35.232535,31.774013],[35.233242,31.774283],[35.233551,31.774736],[35.235767,31.775046],[35.235672,31.775582],[35.235843,31.775681],[35.235812,31.775846],[35.237558,31.7761],[35.236918,31.781381],[35.236999,31.781391],[35.236915,31.781703],[35.236964,31.781709],[35.236907,31.782264],[35.236953,31.782268],[35.236712,31.783628],[35.236817,31.783648],[35.236792,31.783742],[35.235017,31.783394],[35.234933,31.783327],[35.234972,31.783237],[35.234724,31.783232],[35.233739,31.782979],[35.233725,31.783022],[35.233611,31.782996],[35.233626,31.782947],[35.233061,31.782816],[35.232924,31.782847],[35.232926,31.782763],[35.232536,31.782697],[35.232511,31.782542],[35.232177,31.782489],[35.231589,31.782585],[35.2313,31.782492],[35.23105,31.78231],[35.231087,31.78227],[35.230846,31.782165],[35.23091,31.78209],[35.230745,31.781977],[35.230771,31.78194],[35.230558,31.781784],[35.230496,31.781843],[35.230276,31.781606],[35.230233,31.781647],[35.230134,31.781572],[35.230196,31.781513],[35.229897,31.781289],[35.229808,31.781363],[35.2295,31.781176],[35.229568,31.781111],[35.229465,31.781022],[35.229496,31.780984],[35.228562,31.780281],[35.228397,31.780217],[35.228425,31.780181],[35.22775,31.779661],[35.227458,31.779963],[35.22688,31.779603],[35.226831,31.779646],[35.226086,31.779249],[35.226044,31.779314],[35.225883,31.779211],[35.226176,31.778899],[35.225701,31.778412],[35.22588,31.778287],[35.225926,31.778046],[35.227578,31.776657],[35.227503,31.776595],[35.227574,31.776528],[35.227657,31.776599]]],\"type\":\"Polygon\"},\"properties\":{\"id\":\"g1c795f.simplified_local\",\"land_or_water\":\"land\",\"role\":\"simplified_local\"},\"type\":\"Feature\"},{\"geometry\":{\"coordinates\":[[[35.23417,31.77892],[35.23389,31.7789],[35.23362,31.77887],[35.23335,31.77881],[35.23309,31.77872],[35.23284,31.77861],[35.23261,31.77849],[35.2324,31.77834],[35.2322,31.77817],[35.23203,31.77799],[35.23188,31.77779],[35.23175,31.77758],[35.23165,31.77736],[35.23158,31.77713],[35.23154,31.7769],[35.23152,31.77667],[35.23154,31.77643],[35.23158,31.7762],[35.23165,31.77597],[35.23175,31.77575],[35.23188,31.77554],[35.23203,31.77535],[35.2322,31.77516],[35.2324,31.775],[35.23261,31.77485],[35.23284,31.77472],[35.23309,31.77461],[35.23335,31.77453],[35.23362,31.77447],[35.23389,31.77443],[35.23417,31.77442],[35.23444,31.77443],[35.23472,31.77447],[35.23498,31.77453],[35.23524,31.77461],[35.23549,31.77472],[35.23572,31.77485],[35.23594,31.775],[35.23613,31.77516],[35.23631,31.77535],[35.23646,31.77554],[35.23658,31.77575],[35.23668,31.77597],[35.23675,31.7762],[35.2368,31.77643],[35.23681,31.77667],[35.2368,31.7769],[35.23675,31.77713],[35.23668,31.77736],[35.23658,31.77758],[35.23646,31.77779],[35.23631,31.77799],[35.23613,31.77817],[35.23594,31.77834],[35.23572,31.77849],[35.23549,31.77861],[35.23524,31.77872],[35.23498,31.77881],[35.23472,31.77887],[35.23444,31.7789],[35.23417,31.77892]]],\"type\":\"Polygon\"},\"properties\":{\"id\":\"gd974ad.precision_radius\",\"land_or_water\":\"land\",\"role\":\"precision_radius\"},\"type\":\"Feature\"}],\"metadata\":{\"class\":\"human\",\"geometry_credit\":\"Some data © OpenStreetMap contributors\",\"land_or_water\":\"land\",\"name\":\"Jerusalem\",\"type\":\"settlement\"},\"type\":\"FeatureCollection\"}",
      "anotherNames": null,
      "koreanName": "예루살렘",
      "anotherKoreanNames": null
    },
    {
      "id": "mdc9182",
      "name": "Ein Weibeh",
      "isModern": true,
      "stereo": "child",
      "description": "A spring or water source in the Arabah valley, south of the Dead Sea. It is a proposed location for the biblical campsite of Oboth, which the Israelites reached after bypassing Edom.",
      "koreanDescription": "사해 남쪽 아라바 계곡에 있는 샘 또는 수원입니다. 에돔을 우회한 후 이스라엘 백성이 도착했던 성경 속 오봇(Oboth)의 후보지 중 하나로 제안되고 있습니다.",
      "imageTitle": "mdc9182.i929960.jpg",
      "types": ["spring"],
      "geojsonText": "{\"bbox\":[35.18948,30.61622,35.19052,30.61712],\"features\":[{\"geometry\":{\"coordinates\":[35.19,30.616667],\"type\":\"Point\"},\"properties\":{\"id\":\"mdc9182.point\",\"role\":\"point\"},\"type\":\"Feature\"},{\"geometry\":{\"coordinates\":[[[35.19,30.61712],[35.18995,30.61711],[35.18989,30.61711],[35.18984,30.61709],[35.18979,30.61708],[35.18974,30.61706],[35.18969,30.61703],[35.18965,30.617],[35.18961,30.61697],[35.18958,30.61693],[35.18955,30.61689],[35.18952,30.61685],[35.1895,30.61681],[35.18949,30.61676],[35.18948,30.61671],[35.18948,30.61667],[35.18948,30.61662],[35.18949,30.61657],[35.1895,30.61653],[35.18952,30.61648],[35.18955,30.61644],[35.18958,30.6164],[35.18961,30.61637],[35.18965,30.61633],[35.18969,30.6163],[35.18974,30.61628],[35.18979,30.61626],[35.18984,30.61624],[35.18989,30.61623],[35.18995,30.61622],[35.19,30.61622],[35.19005,30.61622],[35.19011,30.61623],[35.19016,30.61624],[35.19021,30.61626],[35.19026,30.61628],[35.19031,30.6163],[35.19035,30.61633],[35.19039,30.61637],[35.19042,30.6164],[35.19045,30.61644],[35.19048,30.61648],[35.1905,30.61653],[35.19051,30.61657],[35.19052,30.61662],[35.19052,30.61667],[35.19052,30.61671],[35.19051,30.61676],[35.1905,30.61681],[35.19048,30.61685],[35.19045,30.61689],[35.19042,30.61693],[35.19039,30.61697],[35.19035,30.617],[35.19031,30.61703],[35.19026,30.61706],[35.19021,30.61708],[35.19016,30.61709],[35.19011,30.61711],[35.19005,30.61711],[35.19,30.61712]]],\"type\":\"Polygon\"},\"properties\":{\"id\":\"g3fb906.precision_radius\",\"land_or_water\":\"land\",\"role\":\"precision_radius\"},\"type\":\"Feature\"}],\"metadata\":{\"class\":\"natural\",\"land_or_water\":\"water\",\"name\":\"Ein Weibeh\",\"type\":\"spring\"},\"type\":\"FeatureCollection\"}",
      "anotherNames": "Ain Weiba, Ein Yahav",
      "koreanName": "아인 웨이베",
      "anotherKoreanNames": "아인 웨이바, 아인 야하브"
    },
    {
      "id": "m8f0036",
      "name": "Gharandal",
      "isModern": true,
      "stereo": "child",
      "description": "A town in southern Jordan, identified with the late Roman/Byzantine town of Arindela. It is another proposed location for the biblical campsite of Oboth.",
      "koreanDescription": "요르단 남부의 도시로, 후기 로마/비잔틴 시대의 아린델라(Arindela)와 동일시됩니다. 성경 속 오봇(Oboth)의 또 다른 후보지 중 하나입니다.",
      "imageTitle": "m8f0036.satellite.jpg",
      "types": ["settlement"],
      "geojsonText": "{\"bbox\":[35.65247,30.71282,35.6577,30.71732],\"features\":[{\"geometry\":{\"coordinates\":[35.655084,30.715067],\"type\":\"Point\"},\"properties\":{\"id\":\"m8f0036.point\",\"role\":\"point\"},\"type\":\"Feature\"},{\"geometry\":{\"coordinates\":[[[35.65508,30.71732],[35.65481,30.7173],[35.65454,30.71727],[35.65428,30.71721],[35.65402,30.71712],[35.65378,30.71701],[35.65355,30.71689],[35.65333,30.71674],[35.65314,30.71657],[35.65297,30.71639],[35.65282,30.71619],[35.65269,30.71598],[35.6526,30.71576],[35.65253,30.71553],[35.65248,30.7153],[35.65247,30.71507],[35.65248,30.71483],[35.65253,30.7146],[35.6526,30.71437],[35.65269,30.71415],[35.65282,30.71394],[35.65297,30.71375],[35.65314,30.71356],[35.65333,30.7134],[35.65355,30.71325],[35.65378,30.71312],[35.65402,30.71301],[35.65428,30.71293],[35.65454,30.71287],[35.65481,30.71283],[35.65508,30.71282],[35.65536,30.71283],[35.65563,30.71287],[35.65589,30.71293],[35.65615,30.71301],[35.65639,30.71312],[35.65662,30.71325],[35.65683,30.7134],[35.65703,30.71356],[35.6572,30.71375],[35.65735,30.71394],[35.65747,30.71415],[35.65757,30.71437],[35.65764,30.7146],[35.65768,30.71483],[35.6577,30.71507],[35.65768,30.7153],[35.65764,30.71553],[35.65757,30.71576],[35.65747,30.71598],[35.65735,30.71619],[35.6572,30.71639],[35.65703,30.71657],[35.65683,30.71674],[35.65662,30.71689],[35.65639,30.71701],[35.65615,30.71712],[35.65589,30.71721],[35.65563,30.71727],[35.65536,30.7173],[35.65508,30.71732]]],\"type\":\"Polygon\"},\"properties\":{\"id\":\"g988ef6.precision_radius\",\"land_or_water\":\"land\",\"role\":\"precision_radius\"},\"type\":\"Feature\"}],\"metadata\":{\"class\":\"human\",\"land_or_water\":\"land\",\"name\":\"Gharandal\",\"type\":\"settlement\"},\"type\":\"FeatureCollection\"}",
      "anotherNames": null,
      "koreanName": "가란달",
      "anotherKoreanNames": null
    },
    {
      "id": "m507218",
      "name": "Telah",
      "isModern": true,
      "stereo": "child",
      "description": "A modern settlement or geographical feature sometimes suggested as a location for the biblical Oboth.",
      "koreanDescription": "성경의 오봇(Oboth) 위치로 제안되기도 하는 현대 정착지 또는 지형입니다.",
      "imageTitle": "m507218.satellite.jpg",
      "types": ["settlement"],
      "geojsonText": "{\"bbox\":[35.40977,30.82901,35.41187,30.83081],\"features\":[{\"geometry\":{\"coordinates\":[35.41082,30.82991],\"type\":\"Point\"},\"properties\":{\"id\":\"m507218.point\",\"role\":\"point\"},\"type\":\"Feature\"},{\"geometry\":{\"coordinates\":[[[35.41082,30.83081],[35.41071,30.8308],[35.4106,30.83079],[35.4105,30.83077],[35.41039,30.83073],[35.4103,30.83069],[35.4102,30.83064],[35.41012,30.83058],[35.41004,30.83051],[35.40997,30.83044],[35.40991,30.83036],[35.40986,30.83028],[35.40982,30.83019],[35.4098,30.8301],[35.40978,30.83],[35.40977,30.82991],[35.40978,30.82982],[35.4098,30.82972],[35.40982,30.82963],[35.40986,30.82954],[35.40991,30.82946],[35.40997,30.82938],[35.41004,30.82931],[35.41012,30.82924],[35.4102,30.82918],[35.4103,30.82913],[35.41039,30.82909],[35.4105,30.82905],[35.4106,30.82903],[35.41071,30.82902],[35.41082,30.82901],[35.41093,30.82902],[35.41104,30.82903],[35.41114,30.82905],[35.41125,30.82909],[35.41134,30.82913],[35.41144,30.82918],[35.41152,30.82924],[35.4116,30.82931],[35.41167,30.82938],[35.41173,30.82946],[35.41178,30.82954],[35.41182,30.82963],[35.41184,30.82972],[35.41186,30.82982],[35.41187,30.82991],[35.41186,30.83],[35.41184,30.8301],[35.41182,30.83019],[35.41178,30.83028],[35.41173,30.83036],[35.41167,30.83044],[35.4116,30.83051],[35.41152,30.83058],[35.41144,30.83064],[35.41134,30.83069],[35.41125,30.83073],[35.41114,30.83077],[35.41104,30.83079],[35.41093,30.8308],[35.41082,30.83081]]],\"type\":\"Polygon\"},\"properties\":{\"id\":\"gd125af.precision_radius\",\"land_or_water\":\"land\",\"role\":\"precision_radius\"},\"type\":\"Feature\"}],\"metadata\":{\"class\":\"human\",\"land_or_water\":\"land\",\"name\":\"Telah\",\"type\":\"settlement\"},\"type\":\"FeatureCollection\"}",
      "anotherNames": "Et Telah, Qasr at Tilah, Qasr et Telah, Toloha",
      "koreanName": "텔라",
      "anotherKoreanNames": "엣 텔라, 카스르 앗 틸라, 카스르 엣 텔라, 톨로하"
    },
    {
      "id": "m27a1e0",
      "name": "En Hazeva",
      "isModern": true,
      "stereo": "child",
      "description": "An Israelite fortress site in the Arabah valley, south of the Dead Sea, identified with the Roman fortress of Tamara and sometimes suggested as the location for the biblical Oboth or Tamar.",
      "koreanDescription": "사해 남부 아라바 계곡에 있는 이스라엘 시대의 요새 유적지입니다. 로마 시대의 타마라 요새와 동일시되며, 성경의 오봇(Oboth) 또는 다말(Tamar)의 위치로 제안되기도 합니다.",
      "imageTitle": "m27a1e0.ieebb17.jpg",
      "types": ["settlement"],
      "geojsonText": "{\"features\":[{\"geometry\":{\"coordinates\":[35.2459,30.8087],\"type\":\"Point\"},\"properties\":{\"id\":\"m27a1e0.point\",\"role\":\"point\"},\"type\":\"Feature\"}],\"metadata\":{\"class\":\"human\",\"land_or_water\":\"land\",\"name\":\"En Hazeva\",\"type\":\"settlement\"},\"type\":\"FeatureCollection\"}",
      "anotherNames": "Ain Hosb, Ain Hosob, Ain Husb, Ain Kusb, Ein Hasb, Ein Hatzevah, Ein Husb, En Husb, Haseba, Hatzevah Fortress, Kasr Ejuniyeh, Mezad Hazeva",
      "koreanName": "엔 하체바",
      "anotherKoreanNames": "아인 호스브, 아인 호솝, 아인 후스브, 아인 쿠스브, 아인 하스브, 아인 하체바, 아인 후스브, 엔 후스브, 하세바, 하체바 요새, 카스르 에주니예, 메차드 하체바"
    }
  ],
  "relations": [
    { "parentId": "aa23a3e", "childId": "m612cff", "possibility": 100 },
    { "parentId": "aa23a3e", "childId": "maf7dea", "possibility": 100 },
    { "parentId": "a9bf50d", "childId": "m612cff", "possibility": 50 },
    { "parentId": "a9bf50d", "childId": "maf7dea", "possibility": 50 },
    { "parentId": "a9bf50d", "childId": "m9ccfee", "possibility": 10 },
    { "parentId": "a70fd5d", "childId": "m52bd87", "possibility": 100 },
    { "parentId": "afdda14", "childId": "m09483e", "possibility": 20 },
    { "parentId": "afdda14", "childId": "m36b854", "possibility": 15 },
    { "parentId": "afdda14", "childId": "m286edc", "possibility": 15 },
    { "parentId": "afdda14", "childId": "m6d98ed", "possibility": 10 },
    { "parentId": "afdda14", "childId": "m095a7e", "possibility": 10 },
    { "parentId": "afdda14", "childId": "m12013f", "possibility": 10 },
    { "parentId": "afdda14", "childId": "m6bd6bd", "possibility": 10 },
    { "parentId": "aa4589b", "childId": "m66c5b8", "possibility": 100 },
    { "parentId": "a0ef1e1", "childId": "mdc9182", "possibility": 40 },
    { "parentId": "a0ef1e1", "childId": "m8f0036", "possibility": 10 },
    { "parentId": "a0ef1e1", "childId": "m507218", "possibility": 10 },
    { "parentId": "a0ef1e1", "childId": "m27a1e0", "possibility": 10 },
    { "parentId": "a244929", "childId": "mbe432b", "possibility": 100 },
    { "parentId": "aed6b0e", "childId": "mcbaccd", "possibility": 45 },
    { "parentId": "aed6b0e", "childId": "m612cff", "possibility": 25 },
    { "parentId": "aed6b0e", "childId": "maf7dea", "possibility": 25 }
  ],
  "total": 28
}
