{"data":[{"id":"ad041dd","name":"Azal","imageTitle":"me6ce5d.i7d7b43.jpg","isModern":false,"stereo":"parent","description":"A place mentioned in the prophecy of Zechariah, as the point to which the ravine of the Mount of Olives will extend after the Lord goes forth to fight (Zech. 14:5).\n\nIt is generally understood to be near Jerusalem, defining the eastern limit of the massive seismic/geographical change predicted in the last days.","koreanDescription":"스가랴의 예언에서 언급된 장소로, 여호와께서 싸우러 나가신 후에 올리브 산의 골짜기가 뻗어나갈 동쪽 한계를 나타냅니다. (스가랴 14:5)\n\n이곳은 일반적으로 예루살렘 근처에 위치하며, 마지막 때에 예고된 대규모 지진/지리적 변화의 동쪽 경계를 규정하는 곳으로 이해됩니다.","verses":["Zech.14.5"],"placeUrl":"/geo/ancient/ad041dd/azal","identificationPaths":["/geo/modern/me6ce5d","/geo/modern/m902bcf","/geo/modern/maeb1dc","/geo/modern/m3b3ebc","/geo/modern/ma056cd","/geo/modern/ma3d35b","/geo/modern/m8d7caa"],"types":["river","settlement"],"unknownPlacePossibility":null,"geojsonText":"{\"bbox\":[34.938061,31.468544,35.270379,31.916944],\"features\":[{\"geometry\":{\"coordinates\":[[35.22802,31.762101],[35.229907,31.761387],[35.233482,31.759835],[35.235885,31.760527],[35.238273,31.762362],[35.239708,31.763115]],\"type\":\"LineString\"},\"properties\":{\"id\":\"ge97c25.geometry\",\"land_or_water\":\"water\"},\"type\":\"Feature\"},{\"geometry\":{\"coordinates\":[35.228619,31.897515],\"type\":\"Point\"},\"properties\":{\"id\":\"m3b3ebc.point\"},\"type\":\"Feature\"},{\"geometry\":{\"coordinates\":[34.938061,31.468544],\"type\":\"Point\"},\"properties\":{\"id\":\"m8d7caa.point\"},\"type\":\"Feature\"},{\"geometry\":{\"coordinates\":[35.261111,31.916944],\"type\":\"Point\"},\"properties\":{\"id\":\"m902bcf.point\"},\"type\":\"Feature\"},{\"geometry\":{\"coordinates\":[35.270379,31.905169],\"type\":\"Point\"},\"properties\":{\"id\":\"ma056cd.point\"},\"type\":\"Feature\"},{\"geometry\":{\"coordinates\":[35.2464,31.9125],\"type\":\"Point\"},\"properties\":{\"id\":\"ma3d35b.point\"},\"type\":\"Feature\"},{\"geometry\":{\"coordinates\":[35.2496,31.91476],\"type\":\"Point\"},\"properties\":{\"id\":\"maeb1dc.point\"},\"type\":\"Feature\"},{\"geometry\":{\"coordinates\":[35.231667,31.760833],\"type\":\"Point\"},\"properties\":{\"id\":\"me6ce5d.point\"},\"type\":\"Feature\"}],\"metadata\":{\"name\":\"Azal\"},\"type\":\"FeatureCollection\"}","anotherNames":null,"koreanName":"아살","anotherKoreanNames":null},{"id":"ab9a5ec","name":"Azazel","isModern":false,"stereo":"parent","description":"A term in the Hebrew Bible associated with the Day of Atonement (Yom Kippur).\n\nIt represents a desolate, inaccessible place in the wilderness to which a goat, bearing the sins of the people, was symbolically sent, signifying the removal of sin from the community (Lev. 16:8, 10, 26). The meaning is generally thought to be 'scapegoat' or 'complete removal'.","koreanDescription":"히브리어 성경에서 속죄일(욤 키푸르)과 관련된 용어입니다.\n\n백성의 죄를 짊어진 염소가 상징적으로 보내진 광야의 황량하고 접근하기 어려운 장소를 나타내며, 공동체에서 죄가 제거되었음을 의미합니다. (레위기 16:8, 10, 26) 그 뜻은 일반적으로 '속죄염소' 또는 '완전한 제거'로 여겨집니다.","verses":["Lev.16.8","Lev.16.10","Lev.16.26"],"placeUrl":"/geo/ancient/ab9a5ec/azazel","identificationPaths":[],"types":["natural area"],"unknownPlacePossibility":null,"geojsonText":"{\"features\":[],\"metadata\":{\"name\":\"Azazel\"},\"type\":\"FeatureCollection\"}","anotherNames":null,"koreanName":"아사셀","anotherKoreanNames":null},{"id":"af2ca0c","name":"Azekah","imageTitle":"m933d05.ifd28e9.jpg","isModern":false,"stereo":"parent","description":"An important fortified town in the Shephelah (Judean foothills) belonging to the tribe of Judah (Josh. 15:35).\n\nIt is famous as the setting for the battle between David and Goliath (1 Sam. 17:1) and was a strategic point between the Philistine plain and the Judean hills. It was later destroyed by the Assyrian King Sennacherib (Jer. 34:7).","koreanDescription":"유다 지파에 속한 쉐펠라(유대 산기슭)의 중요한 요새 도시입니다. (여호수아 15:35)\n\n다윗과 골리앗의 전투가 벌어진 장소로 유명하며 (사무엘상 17:1), 블레셋 평야와 유대 산지 사이의 전략적 요충지였습니다. 나중에 앗수르 왕 산헤립에 의해 파괴되었습니다. (예레미야 34:7)","verses":["Josh.10.10","Josh.10.11","Josh.15.35","1Sam.17.1","2Chr.11.9","Neh.11.30","Jer.34.7"],"placeUrl":"/geo/ancient/af2ca0c/azekah","identificationPaths":["/geo/modern/m933d05"],"types":["settlement"],"unknownPlacePossibility":null,"geojsonText":"{\"features\":[{\"geometry\":{\"coordinates\":[34.935696,31.700226],\"type\":\"Point\"},\"properties\":{\"id\":\"m933d05.point\"},\"type\":\"Feature\"}],\"metadata\":{\"name\":\"Azekah\"},\"type\":\"FeatureCollection\"}","anotherNames":null,"koreanName":"아세가","anotherKoreanNames":null},{"id":"a3d7871","name":"Azmaveth","imageTitle":"mcc3d1b.if0a105.jpg","isModern":false,"stereo":"parent","description":"A settlement in the territory of the tribe of Benjamin. It is listed as a town resettled after the Babylonian exile (Ezra 2:24; Neh. 7:28; 12:29).\n\nThe name may also refer to a member of David's mighty men or a descendant of Jonathan.","koreanDescription":"베냐민 지파 영토에 있던 정착지입니다. 바벨론 포로에서 돌아온 후 재정착한 마을로 기록되어 있습니다. (에스라 2:24; 느헤미야 7:28; 12:29)\n\n이 이름은 또한 다윗의 용사 중 한 명이나 요나단의 후손을 가리킬 수도 있습니다.","verses":["Ezra.2.24","Neh.7.28","Neh.12.29"],"placeUrl":"/geo/ancient/a3d7871/azmaveth","identificationPaths":["/geo/modern/mcc3d1b","/geo/modern/m5fab39"],"types":["settlement"],"unknownPlacePossibility":null,"geojsonText":"{\"bbox\":[35.25537,31.83314,35.261944,31.835],\"features\":[{\"geometry\":{\"coordinates\":[35.25537,31.83314],\"type\":\"Point\"},\"properties\":{\"id\":\"m5fab39.point\"},\"type\":\"Feature\"},{\"geometry\":{\"coordinates\":[35.261944,31.835],\"type\":\"Point\"},\"properties\":{\"id\":\"mcc3d1b.point\"},\"type\":\"Feature\"}],\"metadata\":{\"name\":\"Azmaveth\"},\"type\":\"FeatureCollection\"}","anotherNames":null,"koreanName":"아스마웻","anotherKoreanNames":null},{"id":"a8f6a28","name":"Azmon","imageTitle":"m9398f2.satellite.jpg","isModern":false,"stereo":"parent","description":"A location marking the extreme southwest corner of the southern boundary of the Promised Land, specifically the border of the tribe of Judah, before the boundary turned toward the Brook of Egypt (Num. 34:4-5; Josh. 15:4).","koreanDescription":"약속의 땅 남쪽 경계, 특히 유다 지파 경계의 가장 남서쪽 모퉁이를 표시하는 지점으로, 경계가 '애굽 시내(Brook of Egypt)'로 향하기 전에 위치합니다. (민수기 34:4-5; 여호수아 15:4)","verses":["Num.34.4","Num.34.5","Josh.15.4"],"placeUrl":"/geo/ancient/a8f6a28/azmon","identificationPaths":["/geo/modern/m9398f2","/geo/modern/mde3fc5"],"types":["settlement"],"unknownPlacePossibility":null,"geojsonText":"{\"bbox\":[34.333333,30.666667,34.366667,30.6875],\"features\":[{\"geometry\":{\"coordinates\":[34.333333,30.6875],\"type\":\"Point\"},\"properties\":{\"id\":\"m9398f2.point\"},\"type\":\"Feature\"},{\"geometry\":{\"coordinates\":[34.366667,30.666667],\"type\":\"Point\"},\"properties\":{\"id\":\"mde3fc5.point\"},\"type\":\"Feature\"}],\"metadata\":{\"name\":\"Azmon\"},\"type\":\"FeatureCollection\"}","anotherNames":null,"koreanName":"아스몬","anotherKoreanNames":null},{"id":"a9fd165","name":"Aznoth-tabor","imageTitle":"m8c6a25.satellite.jpg","isModern":false,"stereo":"parent","description":"A boundary marker for the territory of the tribe of Naphtali (Josh. 19:34).\n\nThe name likely means 'peaks of Tabor' or 'ears of Tabor', indicating its location near Mount Tabor in the Galilee region.","koreanDescription":"납달리 지파 영토의 경계 표시 지점입니다. (여호수아 19:34)\n\n이 이름은 '다볼의 봉우리들' 또는 '다볼의 귀'를 의미할 가능성이 높으며, 갈릴리 지역의 다볼 산 근처에 위치함을 나타냅니다.","verses":["Josh.19.34"],"placeUrl":"/geo/ancient/a9fd165/aznoth-tabor","identificationPaths":["/geo/modern/m8c6a25"],"types":["settlement"],"unknownPlacePossibility":null,"geojsonText":"{\"features\":[{\"geometry\":{\"coordinates\":[35.384444,32.727222],\"type\":\"Point\"},\"properties\":{\"id\":\"m8c6a25.point\"},\"type\":\"Feature\"}],\"metadata\":{\"name\":\"Aznoth-tabor\"},\"type\":\"FeatureCollection\"}","anotherNames":null,"koreanName":"아스놋-다볼","anotherKoreanNames":null},{"id":"ae12e43","name":"Baal-gad","imageTitle":"mdc7fbf.satellite.jpg","isModern":false,"stereo":"parent","description":"A Canaanite town located at the foot of Mount Hermon.\n\nIt is consistently described in the Book of Joshua as the northernmost point of Joshua's conquests (Josh. 11:17; 12:7; 13:5), marking the limit of the land taken by the Israelites.","koreanDescription":"헤르몬 산 기슭에 위치한 가나안 성읍입니다.\n\n여호수아기에서 여호수아가 정복한 가장 북쪽 지점, 즉 이스라엘 백성이 차지한 땅의 한계를 나타내는 곳으로 일관되게 묘사됩니다. (여호수아 11:17; 12:7; 13:5)","verses":["Josh.11.17","Josh.12.7","Josh.13.5"],"placeUrl":"/geo/ancient/ae12e43/baal-gad","identificationPaths":["/geo/modern/mc78c4d","/geo/modern/m518f8e","/geo/modern/mdc7fbf","/geo/modern/m728795","/geo/modern/m6653cf","/geo/modern/m8e8c01"],"types":["settlement"],"unknownPlacePossibility":null,"geojsonText":"{\"bbox\":[35.5875,33.246111,36.206843,34.008739],\"features\":[{\"geometry\":{\"coordinates\":[[[36.205209,34.006208],[36.205302,34.006109],[36.205393,34.006012],[36.205791,34.005777],[36.205985,34.005645],[36.206171,34.00562],[36.206288,34.005768],[36.206371,34.005807],[36.20638,34.005951],[36.206499,34.005975],[36.206628,34.006168],[36.206635,34.006177],[36.206646,34.006274],[36.206663,34.006405],[36.206843,34.00676],[36.206795,34.007135],[36.206406,34.007353],[36.206307,34.007571],[36.206019,34.007707],[36.20529,34.008299],[36.20462,34.008739],[36.204187,34.008072],[36.203351,34.008282],[36.203129,34.008516],[36.202998,34.008606],[36.20291,34.008624],[36.202837,34.008574],[36.202728,34.008441],[36.202726,34.00831],[36.202215,34.007642],[36.202225,34.007569],[36.202505,34.007303],[36.20257,34.007241],[36.20257,34.007155],[36.202812,34.006213],[36.202958,34.005987],[36.203464,34.00545],[36.203502,34.005409],[36.203281,34.005319],[36.202719,34.004953],[36.20237,34.004512],[36.202195,34.003977],[36.202157,34.002993],[36.20252,34.002759],[36.203285,34.003563],[36.203782,34.00444],[36.204737,34.005492],[36.204541,34.005807],[36.204955,34.005998],[36.205209,34.006208]]],\"type\":\"Polygon\"},\"properties\":{\"id\":\"g62bc11.geometry\",\"land_or_water\":\"land\"},\"type\":\"Feature\"},{\"geometry\":{\"coordinates\":[35.693333,33.246111],\"type\":\"Point\"},\"properties\":{\"id\":\"m518f8e.point\"},\"type\":\"Feature\"},{\"geometry\":{\"coordinates\":[36.2044,34.007611],\"type\":\"Point\"},\"properties\":{\"id\":\"m6653cf.point\"},\"type\":\"Feature\"},{\"geometry\":{\"coordinates\":[35.683333,33.383333],\"type\":\"Point\"},\"properties\":{\"id\":\"m728795.point\"},\"type\":\"Feature\"},{\"geometry\":{\"coordinates\":[35.5875,33.36639],\"type\":\"Point\"},\"properties\":{\"id\":\"m8e8c01.point\"},\"type\":\"Feature\"},{\"geometry\":{\"coordinates\":[35.85,33.4],\"type\":\"Point\"},\"properties\":{\"id\":\"mc78c4d.point\"},\"type\":\"Feature\"},{\"geometry\":{\"coordinates\":[35.74747,33.46788],\"type\":\"Point\"},\"properties\":{\"id\":\"mdc7fbf.point\"},\"type\":\"Feature\"}],\"metadata\":{\"geometry_credit\":\"Some data © OpenStreetMap contributors\",\"name\":\"Baal-gad\"},\"type\":\"FeatureCollection\"}","anotherNames":null,"koreanName":"바알-갓","anotherKoreanNames":null},{"id":"a304bb7","name":"Baal-hamon","imageTitle":"m66c5b8.i6449a7.jpg","isModern":false,"stereo":"parent","description":"A place where King Solomon had a vineyard, as mentioned in the Song of Solomon (Song. 8:11).\n\nThe name literally means 'Lord of a multitude' or 'possessor of abundance', suggesting a fertile and productive area, although its exact location is unknown.","koreanDescription":"아가서에 언급된 솔로몬 왕의 포도원이 있던 장소입니다. (아가 8:11)\n\n이름은 문자적으로 '다수의 주님' 또는 '풍요의 소유자'를 의미하며, 비옥하고 생산적인 지역임을 시사하지만, 정확한 위치는 알려져 있지 않습니다.","verses":["Song.8.11"],"placeUrl":"/geo/ancient/a304bb7/baal-hamon","identificationPaths":["/geo/modern/m66c5b8","/geo/modern/m1d43c6","/geo/modern/m8b5f56","/geo/modern/mfe8eb2"],"types":["settlement","structure"],"unknownPlacePossibility":null,"geojsonText":"{\"bbox\":[35.152022,31.772808,35.582979,33.262734],\"features\":[{\"geometry\":{\"coordinates\":[[[35.227657,31.776599],[35.227747,31.776508],[35.227659,31.776394],[35.227825,31.776289],[35.227753,31.775875],[35.227642,31.775883],[35.227618,31.775624],[35.227772,31.775611],[35.227848,31.775599],[35.227849,31.775535],[35.227847,31.775424],[35.227806,31.774544],[35.227729,31.774545],[35.22773,31.774387],[35.22779,31.774376],[35.227778,31.774048],[35.227782,31.773881],[35.227836,31.773872],[35.227858,31.773486],[35.227791,31.773485],[35.227794,31.77336],[35.227865,31.773336],[35.22787,31.773082],[35.227819,31.773084],[35.22782,31.772896],[35.228621,31.772903],[35.229503,31.772898],[35.229592,31.772872],[35.229638,31.772857],[35.229742,31.772823],[35.229792,31.772808],[35.230644,31.772943],[35.230646,31.772918],[35.230707,31.772927],[35.230773,31.772936],[35.230772,31.772966],[35.231011,31.773026],[35.231003,31.77306],[35.231499,31.773154],[35.231483,31.773234],[35.232293,31.773404],[35.23234,31.773362],[35.232427,31.773437],[35.23238,31.773479],[35.23242,31.773833],[35.232459,31.773913],[35.232517,31.773913],[35.232535,31.774013],[35.233242,31.774283],[35.233551,31.774736],[35.233704,31.774761],[35.233848,31.774781],[35.234179,31.774828],[35.235563,31.775017],[35.235767,31.775046],[35.23572,31.77531],[35.235672,31.775582],[35.235771,31.775594],[35.235759,31.775672],[35.235843,31.775681],[35.235812,31.775846],[35.23624,31.775911],[35.23653,31.775954],[35.237558,31.7761],[35.237298,31.778181],[35.237292,31.778227],[35.237209,31.778892],[35.237235,31.778894],[35.237218,31.779043],[35.237191,31.779041],[35.23719,31.779052],[35.237154,31.779343],[35.23714,31.779461],[35.237062,31.78007],[35.237088,31.780073],[35.237085,31.780094],[35.237056,31.780297],[35.237014,31.780728],[35.236999,31.780797],[35.236976,31.780907],[35.236961,31.780973],[35.236918,31.781381],[35.236999,31.781391],[35.236982,31.781533],[35.236931,31.781529],[35.236915,31.781703],[35.236964,31.781709],[35.236928,31.78197],[35.236965,31.78197],[35.236956,31.782097],[35.236927,31.782096],[35.236907,31.782264],[35.236953,31.782268],[35.236944,31.782362],[35.236895,31.782359],[35.236809,31.783188],[35.236712,31.783628],[35.236817,31.783648],[35.236792,31.783742],[35.236687,31.783722],[35.236691,31.783697],[35.236318,31.783629],[35.236306,31.783671],[35.236225,31.783657],[35.236227,31.78362],[35.235913,31.783553],[35.235908,31.783579],[35.235839,31.783565],[35.235848,31.78354],[35.235445,31.783448],[35.235443,31.783456],[35.235137,31.783383],[35.235125,31.78342],[35.235017,31.783394],[35.23503,31.783353],[35.234933,31.783327],[35.234972,31.783237],[35.234743,31.783195],[35.234724,31.783232],[35.234557,31.78319],[35.234552,31.783152],[35.233739,31.782979],[35.233725,31.783022],[35.233611,31.782996],[35.233626,31.782947],[35.233061,31.782816],[35.233045,31.782862],[35.232924,31.782847],[35.232926,31.782763],[35.232536,31.782697],[35.232511,31.782542],[35.232177,31.782489],[35.231864,31.782508],[35.231792,31.78258],[35.231637,31.782555],[35.231589,31.782585],[35.2313,31.782492],[35.231251,31.782425],[35.23105,31.78231],[35.231087,31.78227],[35.230952,31.782181],[35.230921,31.782215],[35.230846,31.782165],[35.23091,31.78209],[35.230745,31.781977],[35.230771,31.78194],[35.230558,31.781784],[35.230533,31.781808],[35.230496,31.781843],[35.230391,31.781763],[35.230432,31.781724],[35.230393,31.781695],[35.23035,31.781662],[35.230303,31.781627],[35.230276,31.781606],[35.230233,31.781647],[35.230134,31.781572],[35.230196,31.781513],[35.229897,31.781289],[35.229808,31.781363],[35.229702,31.78128],[35.229673,31.781302],[35.2295,31.781176],[35.229568,31.781111],[35.229465,31.781022],[35.229496,31.780984],[35.228562,31.780281],[35.228517,31.780306],[35.228397,31.780217],[35.228425,31.780181],[35.228198,31.77999],[35.228165,31.780013],[35.228074,31.779955],[35.228101,31.779928],[35.22775,31.779661],[35.227458,31.779963],[35.22688,31.779603],[35.226831,31.779646],[35.226419,31.779403],[35.226215,31.77931],[35.226086,31.779249],[35.226044,31.779314],[35.225883,31.779211],[35.226176,31.778899],[35.225701,31.778412],[35.22588,31.778287],[35.225868,31.77815],[35.225926,31.778132],[35.225926,31.778046],[35.227419,31.77679],[35.227578,31.776657],[35.227544,31.776628],[35.227503,31.776595],[35.227574,31.776528],[35.227657,31.776599]]],\"type\":\"Polygon\"},\"properties\":{\"id\":\"g1c795f.geometry\",\"land_or_water\":\"land\"},\"type\":\"Feature\"},{\"geometry\":{\"coordinates\":[[[35.227657,31.776599],[35.227747,31.776508],[35.227659,31.776394],[35.227825,31.776289],[35.227753,31.775875],[35.227642,31.775883],[35.227618,31.775624],[35.227848,31.775599],[35.227806,31.774544],[35.227729,31.774545],[35.227858,31.773486],[35.227791,31.773485],[35.227794,31.77336],[35.227865,31.773336],[35.22782,31.772896],[35.229503,31.772898],[35.229792,31.772808],[35.230773,31.772936],[35.231003,31.77306],[35.231499,31.773154],[35.231483,31.773234],[35.232293,31.773404],[35.23234,31.773362],[35.232427,31.773437],[35.23238,31.773479],[35.23242,31.773833],[35.232535,31.774013],[35.233242,31.774283],[35.233551,31.774736],[35.235767,31.775046],[35.235672,31.775582],[35.235843,31.775681],[35.235812,31.775846],[35.237558,31.7761],[35.236918,31.781381],[35.236999,31.781391],[35.236915,31.781703],[35.236964,31.781709],[35.236907,31.782264],[35.236953,31.782268],[35.236712,31.783628],[35.236817,31.783648],[35.236792,31.783742],[35.235017,31.783394],[35.234933,31.783327],[35.234972,31.783237],[35.234724,31.783232],[35.233739,31.782979],[35.233725,31.783022],[35.233611,31.782996],[35.233626,31.782947],[35.233061,31.782816],[35.232924,31.782847],[35.232926,31.782763],[35.232536,31.782697],[35.232511,31.782542],[35.232177,31.782489],[35.231589,31.782585],[35.2313,31.782492],[35.23105,31.78231],[35.231087,31.78227],[35.230846,31.782165],[35.23091,31.78209],[35.230745,31.781977],[35.230771,31.78194],[35.230558,31.781784],[35.230496,31.781843],[35.230276,31.781606],[35.230233,31.781647],[35.230134,31.781572],[35.230196,31.781513],[35.229897,31.781289],[35.229808,31.781363],[35.2295,31.781176],[35.229568,31.781111],[35.229465,31.781022],[35.229496,31.780984],[35.228562,31.780281],[35.228397,31.780217],[35.228425,31.780181],[35.22775,31.779661],[35.227458,31.779963],[35.22688,31.779603],[35.226831,31.779646],[35.226086,31.779249],[35.226044,31.779314],[35.225883,31.779211],[35.226176,31.778899],[35.225701,31.778412],[35.22588,31.778287],[35.225926,31.778046],[35.227578,31.776657],[35.227503,31.776595],[35.227574,31.776528],[35.227657,31.776599]]],\"type\":\"Polygon\"},\"properties\":{\"id\":\"g1c795f.simplified\",\"land_or_water\":\"land\"},\"type\":\"Feature\"},{\"geometry\":{\"coordinates\":[[[35.578429,33.262734],[35.579138,33.261191],[35.579095,33.260828],[35.577292,33.26033],[35.5777,33.259536],[35.5777,33.259213],[35.577807,33.258352],[35.578129,33.257078],[35.579138,33.254462],[35.579331,33.254373],[35.58021,33.254391],[35.580747,33.254139],[35.581198,33.254875],[35.582142,33.256669],[35.582399,33.256651],[35.582464,33.257441],[35.5827,33.257441],[35.582979,33.257297],[35.582528,33.258625],[35.582378,33.259953],[35.582206,33.260294],[35.58227,33.260527],[35.582506,33.261065],[35.582356,33.261209],[35.582399,33.26146],[35.582077,33.261855],[35.58182,33.261994],[35.581691,33.261352],[35.581262,33.261442],[35.581026,33.261406],[35.580511,33.261783],[35.580039,33.261837],[35.579459,33.262016],[35.579352,33.262371],[35.579502,33.262662],[35.578429,33.262734]]],\"type\":\"Polygon\"},\"properties\":{\"id\":\"gdcc893.geometry\",\"land_or_water\":\"land\"},\"type\":\"Feature\"},{\"geometry\":{\"coordinates\":[35.581007,33.258051],\"type\":\"Point\"},\"properties\":{\"id\":\"m1d43c6.point\"},\"type\":\"Feature\"},{\"geometry\":{\"coordinates\":[35.234167,31.776667],\"type\":\"Point\"},\"properties\":{\"id\":\"m66c5b8.point\"},\"type\":\"Feature\"},{\"geometry\":{\"coordinates\":[35.152022,33.128108],\"type\":\"Point\"},\"properties\":{\"id\":\"m8b5f56.point\"},\"type\":\"Feature\"},{\"geometry\":{\"coordinates\":[35.292,32.4462],\"type\":\"Point\"},\"properties\":{\"id\":\"mfe8eb2.point\"},\"type\":\"Feature\"}],\"metadata\":{\"geometry_credit\":\"Some data © OpenStreetMap contributors\",\"name\":\"Baal-hamon\"},\"type\":\"FeatureCollection\"}","anotherNames":null,"koreanName":"바알-하몬","anotherKoreanNames":null},{"id":"a366989","name":"Baal-hazor","imageTitle":"m8136bc.i71840c.jpg","isModern":false,"stereo":"parent","description":"A place on the border between the tribes of Ephraim and Benjamin, where Absalom held a sheep-shearing feast and arranged the assassination of his half-brother Amnon (2 Sam. 13:23).\n\nIt is likely a high place (a mountain or prominent hill) used for cultic activity, as indicated by 'Baal'.","koreanDescription":"에브라임 지파와 베냐민 지파 경계에 있는 장소로, 압살롬이 양털 깎는 잔치를 열고 그의 이복형 암논을 암살하도록 계획한 곳입니다. (사무엘하 13:23)\n\n'바알'이라는 이름이 암시하듯이, 제의적 활동을 위해 사용되었던 높은 곳(산 또는 두드러진 언덕)일 가능성이 높습니다.","verses":["2Sam.13.23"],"placeUrl":"/geo/ancient/a366989/baal-hazor","identificationPaths":["/geo/modern/m8136bc","/geo/modern/mc6365d"],"types":["mountain","settlement"],"unknownPlacePossibility":null,"geojsonText":"{\"bbox\":[35.195465,31.832184,35.286111,31.978611],\"features\":[{\"geometry\":{\"coordinates\":[35.286111,31.978611],\"type\":\"Point\"},\"properties\":{\"id\":\"m8136bc.point\"},\"type\":\"Feature\"},{\"geometry\":{\"coordinates\":[35.195465,31.832184],\"type\":\"Point\"},\"properties\":{\"id\":\"mc6365d.point\"},\"type\":\"Feature\"}],\"metadata\":{\"name\":\"Baal-hazor\"},\"type\":\"FeatureCollection\"}","anotherNames":null,"koreanName":"바알-하솔","anotherKoreanNames":null},{"id":"a979444","name":"Baal-hermon","imageTitle":"mc78c4d.i2be58f.jpg","isModern":false,"stereo":"parent","description":"A region or mountain range near Mount Hermon, possibly a part of the Hermon massive.\n\nIt is mentioned as the northern limit of the land settled by the half-tribe of Manasseh (1 Chr. 5:23). The name means 'Lord of Hermon' or 'Baal's Hermon', suggesting a cultic association with the mountain.","koreanDescription":"헤르몬 산 근처의 지역 또는 산맥으로, 아마도 헤르몬 산괴의 일부일 것입니다.\n\n므낫세 반 지파가 정착한 땅의 북쪽 한계로 언급됩니다. (역대상 5:23) 이 이름은 '헤르몬의 주님' 또는 '바알의 헤르몬'을 의미하며, 산과의 제의적 연관성을 시사합니다.","verses":["1Chr.5.23"],"placeUrl":"/geo/ancient/a979444/baal-hermon","identificationPaths":["/geo/modern/mc78c4d","/geo/modern/m728795","/geo/modern/m518f8e","/geo/modern/mdc7fbf","/geo/modern/m8e8c01","/geo/modern/m6653cf"],"types":["mountain","settlement"],"unknownPlacePossibility":null,"geojsonText":"{\"bbox\":[35.5875,33.246111,36.206843,34.008739],\"features\":[{\"geometry\":{\"coordinates\":[[[36.205209,34.006208],[36.205302,34.006109],[36.205393,34.006012],[36.205791,34.005777],[36.205985,34.005645],[36.206171,34.00562],[36.206288,34.005768],[36.206371,34.005807],[36.20638,34.005951],[36.206499,34.005975],[36.206628,34.006168],[36.206635,34.006177],[36.206646,34.006274],[36.206663,34.006405],[36.206843,34.00676],[36.206795,34.007135],[36.206406,34.007353],[36.206307,34.007571],[36.206019,34.007707],[36.20529,34.008299],[36.20462,34.008739],[36.204187,34.008072],[36.203351,34.008282],[36.203129,34.008516],[36.202998,34.008606],[36.20291,34.008624],[36.202837,34.008574],[36.202728,34.008441],[36.202726,34.00831],[36.202215,34.007642],[36.202225,34.007569],[36.202505,34.007303],[36.20257,34.007241],[36.20257,34.007155],[36.202812,34.006213],[36.202958,34.005987],[36.203464,34.00545],[36.203502,34.005409],[36.203281,34.005319],[36.202719,34.004953],[36.20237,34.004512],[36.202195,34.003977],[36.202157,34.002993],[36.20252,34.002759],[36.203285,34.003563],[36.203782,34.00444],[36.204737,34.005492],[36.204541,34.005807],[36.204955,34.005998],[36.205209,34.006208]]],\"type\":\"Polygon\"},\"properties\":{\"id\":\"g62bc11.geometry\",\"land_or_water\":\"land\"},\"type\":\"Feature\"},{\"geometry\":{\"coordinates\":[35.693333,33.246111],\"type\":\"Point\"},\"properties\":{\"id\":\"m518f8e.point\"},\"type\":\"Feature\"},{\"geometry\":{\"coordinates\":[36.2044,34.007611],\"type\":\"Point\"},\"properties\":{\"id\":\"m6653cf.point\"},\"type\":\"Feature\"},{\"geometry\":{\"coordinates\":[35.683333,33.383333],\"type\":\"Point\"},\"properties\":{\"id\":\"m728795.point\"},\"type\":\"Feature\"},{\"geometry\":{\"coordinates\":[35.5875,33.36639],\"type\":\"Point\"},\"properties\":{\"id\":\"m8e8c01.point\"},\"type\":\"Feature\"},{\"geometry\":{\"coordinates\":[35.85,33.4],\"type\":\"Point\"},\"properties\":{\"id\":\"mc78c4d.point\"},\"type\":\"Feature\"},{\"geometry\":{\"coordinates\":[35.74747,33.46788],\"type\":\"Point\"},\"properties\":{\"id\":\"mdc7fbf.point\"},\"type\":\"Feature\"}],\"metadata\":{\"geometry_credit\":\"Some data © OpenStreetMap contributors\",\"name\":\"Baal-hermon\"},\"type\":\"FeatureCollection\"}","anotherNames":null,"koreanName":"바알-헤르몬","anotherKoreanNames":null},{"id":"me6ce5d","name":"Nahal Azal","isModern":true,"stereo":"child","description":"A modern wadi (seasonal riverbed), also known as Wadi Yasul or Wadi Yas‘ul, located near Jerusalem. It is considered a possible, though low-confidence, modern identification for the biblical location Azal (Zech. 14:5).","koreanDescription":"예루살렘 근처에 위치한 현대의 와디(계절천)로, 와디 야술(Wadi Yasul) 또는 와디 야술(Wadi Yas‘ul)로도 알려져 있습니다. 성경 속 아살(스가랴 14:5)의 가능한 현대 지명으로 여겨지지만, 확실성은 낮습니다.","imageTitle":"me6ce5d.i7d7b43.jpg","types":["river"],"geojsonText":"{\"bbox\":[35.22802,31.759835,35.239708,31.763115],\"features\":[{\"geometry\":{\"coordinates\":[35.231667,31.760833],\"type\":\"Point\"},\"properties\":{\"id\":\"me6ce5d.representative_point\",\"role\":\"representative_point\"},\"type\":\"Feature\"},{\"geometry\":{\"coordinates\":[[35.22802,31.762101],[35.229907,31.761387],[35.233482,31.759835],[35.235885,31.760527],[35.238273,31.762362],[35.239708,31.763115]],\"type\":\"LineString\"},\"properties\":{\"id\":\"ge97c25.geometry\",\"land_or_water\":\"water\",\"role\":\"geometry\"},\"type\":\"Feature\"},{\"geometry\":{\"coordinates\":[[[35.23167,31.76173],[35.23156,31.76173],[35.23145,31.76171],[35.23134,31.76169],[35.23124,31.76165],[35.23114,31.76161],[35.23105,31.76156],[35.23096,31.7615],[35.23088,31.76143],[35.23081,31.76136],[35.23075,31.76128],[35.2307,31.7612],[35.23066,31.76111],[35.23063,31.76102],[35.23062,31.76093],[35.23061,31.76083],[35.23062,31.76074],[35.23063,31.76065],[35.23066,31.76056],[35.2307,31.76047],[35.23075,31.76038],[35.23081,31.7603],[35.23088,31.76023],[35.23096,31.76016],[35.23105,31.76011],[35.23114,31.76005],[35.23124,31.76001],[35.23134,31.75998],[35.23145,31.75995],[35.23156,31.75994],[35.23167,31.75993],[35.23178,31.75994],[35.23189,31.75995],[35.23199,31.75998],[35.2321,31.76001],[35.2322,31.76005],[35.23229,31.76011],[35.23237,31.76016],[35.23245,31.76023],[35.23252,31.7603],[35.23258,31.76038],[35.23263,31.76047],[35.23267,31.76056],[35.2327,31.76065],[35.23272,31.76074],[35.23272,31.76083],[35.23272,31.76093],[35.2327,31.76102],[35.23267,31.76111],[35.23263,31.7612],[35.23258,31.76128],[35.23252,31.76136],[35.23245,31.76143],[35.23237,31.7615],[35.23229,31.76156],[35.2322,31.76161],[35.2321,31.76165],[35.23199,31.76169],[35.23189,31.76171],[35.23178,31.76173],[35.23167,31.76173]]],\"type\":\"Polygon\"},\"properties\":{\"id\":\"gdfd2f5.precision_radius\",\"land_or_water\":\"land\",\"role\":\"precision_radius\"},\"type\":\"Feature\"}],\"metadata\":{\"class\":\"natural\",\"land_or_water\":\"water\",\"name\":\"Nahal Azal\",\"type\":\"river\"},\"type\":\"FeatureCollection\"}","anotherNames":"Nahal Achal, Wadi Yasul, Wadi Yas‘ul","koreanName":"아살천","anotherKoreanNames":"나할 아할, 야술 와디, 야스울 와디"},{"id":"m902bcf","name":"Et Tell","isModern":true,"stereo":"child","description":"An archaeological mound (tel) located near the modern village of Deir Dibwan, about 3 km east of ancient Bethel (Beitin) in the West Bank.\n\nIt is widely regarded by many scholars as the site of the biblical Ai (아이). It is one of several suggested identifications for the ancient location Azal, though this identification is speculative.","koreanDescription":"서안 지구에 있는 현대 마을 데이르 딥완(Deir Dibwan) 근처, 고대 베델(베이틴)에서 동쪽으로 약 3km 떨어진 곳에 위치한 고고학적 언덕(텔)입니다.\n\n많은 학자들이 성경의 아이(Ai) 성읍으로 널리 간주하고 있습니다. 고대 아살(Azal)의 여러 추정 위치 중 하나이지만, 확실성은 낮습니다.","imageTitle":"m902bcf.i1e586f.jpg","types":["settlement"],"geojsonText":"{\"bbox\":[35.26058,31.91649,35.26164,31.91739],\"features\":[{\"geometry\":{\"coordinates\":[35.261111,31.916944],\"type\":\"Point\"},\"properties\":{\"id\":\"m902bcf.point\",\"role\":\"point\"},\"type\":\"Feature\"},{\"geometry\":{\"coordinates\":[[[35.26111,31.91739],[35.26106,31.91739],[35.261,31.91738],[35.26095,31.91737],[35.2609,31.91735],[35.26085,31.91733],[35.2608,31.91731],[35.26076,31.91728],[35.26072,31.91724],[35.26068,31.91721],[35.26065,31.91717],[35.26063,31.91713],[35.26061,31.91708],[35.26059,31.91704],[35.26058,31.91699],[35.26058,31.91694],[35.26058,31.9169],[35.26059,31.91685],[35.26061,31.91681],[35.26063,31.91676],[35.26065,31.91672],[35.26068,31.91668],[35.26072,31.91664],[35.26076,31.91661],[35.2608,31.91658],[35.26085,31.91655],[35.2609,31.91653],[35.26095,31.91652],[35.261,31.9165],[35.26106,31.9165],[35.26111,31.91649],[35.26117,31.9165],[35.26122,31.9165],[35.26127,31.91652],[35.26133,31.91653],[35.26138,31.91655],[35.26142,31.91658],[35.26147,31.91661],[35.2615,31.91664],[35.26154,31.91668],[35.26157,31.91672],[35.26159,31.91676],[35.26161,31.91681],[35.26163,31.91685],[35.26164,31.9169],[35.26164,31.91694],[35.26164,31.91699],[35.26163,31.91704],[35.26161,31.91708],[35.26159,31.91713],[35.26157,31.91717],[35.26154,31.91721],[35.2615,31.91724],[35.26147,31.91728],[35.26142,31.91731],[35.26138,31.91733],[35.26133,31.91735],[35.26127,31.91737],[35.26122,31.91738],[35.26117,31.91739],[35.26111,31.91739]]],\"type\":\"Polygon\"},\"properties\":{\"id\":\"gfe63cc.precision_radius\",\"land_or_water\":\"land\",\"role\":\"precision_radius\"},\"type\":\"Feature\"}],\"metadata\":{\"class\":\"human\",\"land_or_water\":\"land\",\"name\":\"Et Tell\",\"type\":\"settlement\"},\"type\":\"FeatureCollection\"}","anotherNames":null,"koreanName":"엣 텔","anotherKoreanNames":null},{"id":"maeb1dc","name":"Khirbet el Maqatir","isModern":true,"stereo":"child","description":"An archaeological site located approximately 9 miles north of Jerusalem and 0.6 miles west of et-Tell. The site is notable as another strong candidate for the biblical city of Ai (아이) conquered by Joshua, especially due to its geographical correspondence with the biblical narrative.\n\nIt is one of the suggested identifications for the ancient location Azal.","koreanDescription":"예루살렘 북쪽 약 9마일, 엣 텔(et-Tell) 서쪽 0.6마일 지점에 위치한 고고학적 유적지입니다. 성경적 서사와 지리적으로 일치하는 점이 있어, 여호수아가 정복한 성경 속 아이(Ai) 성읍의 또 다른 유력 후보지로 주목받고 있습니다.\n\n고대 아살(Azal)의 추정 위치 중 하나입니다.","imageTitle":"maeb1dc.satellite.jpg","types":["settlement"],"geojsonText":"{\"bbox\":[35.24907,31.91431,35.25013,31.91521],\"features\":[{\"geometry\":{\"coordinates\":[35.2496,31.91476],\"type\":\"Point\"},\"properties\":{\"id\":\"maeb1dc.point\",\"role\":\"point\"},\"type\":\"Feature\"},{\"geometry\":{\"coordinates\":[[[35.2496,31.91521],[35.24954,31.91521],[35.24949,31.9152],[35.24944,31.91519],[35.24938,31.91517],[35.24934,31.91515],[35.24929,31.91512],[35.24925,31.91509],[35.24921,31.91506],[35.24917,31.91502],[35.24914,31.91498],[35.24912,31.91494],[35.2491,31.9149],[35.24908,31.91485],[35.24907,31.91481],[35.24907,31.91476],[35.24907,31.91471],[35.24908,31.91467],[35.2491,31.91462],[35.24912,31.91458],[35.24914,31.91454],[35.24917,31.9145],[35.24921,31.91446],[35.24925,31.91443],[35.24929,31.9144],[35.24934,31.91437],[35.24938,31.91435],[35.24944,31.91433],[35.24949,31.91432],[35.24954,31.91431],[35.2496,31.91431],[35.24966,31.91431],[35.24971,31.91432],[35.24976,31.91433],[35.24982,31.91435],[35.24986,31.91437],[35.24991,31.9144],[35.24995,31.91443],[35.24999,31.91446],[35.25003,31.9145],[35.25006,31.91454],[35.25008,31.91458],[35.2501,31.91462],[35.25012,31.91467],[35.25013,31.91471],[35.25013,31.91476],[35.25013,31.91481],[35.25012,31.91485],[35.2501,31.9149],[35.25008,31.91494],[35.25006,31.91498],[35.25003,31.91502],[35.24999,31.91506],[35.24995,31.91509],[35.24991,31.91512],[35.24986,31.91515],[35.24982,31.91517],[35.24976,31.91519],[35.24971,31.9152],[35.24966,31.91521],[35.2496,31.91521]]],\"type\":\"Polygon\"},\"properties\":{\"id\":\"g6d61b4.precision_radius\",\"land_or_water\":\"land\",\"role\":\"precision_radius\"},\"type\":\"Feature\"}],\"metadata\":{\"class\":\"human\",\"land_or_water\":\"land\",\"name\":\"Khirbet el Maqatir\",\"type\":\"settlement\"},\"type\":\"FeatureCollection\"}","anotherNames":"Khirbet el Mukatir","koreanName":"키르벳 엘 마카티르","anotherKoreanNames":"키르벳 엘 무카티르"},{"id":"m3b3ebc","name":"Khirbet Nisieh","isModern":true,"stereo":"child","description":"An archaeological site located in the West Bank, south of Bethel (Beitin) and near Khirbet el-Maqatir. It is sometimes identified with the biblical Beth-Aven (벧아웬). It is one of the less confident suggested identifications for the ancient location Azal.","koreanDescription":"서안 지구에 위치한 고고학적 유적지로, 베델(베이틴) 남쪽, 키르벳 엘 마카티르(Khirbet el-Maqatir) 근처에 있습니다. 때때로 성경의 벧아웬(Beth-Aven)과 동일시되기도 합니다. 고대 아살(Azal)의 여러 추정 위치 중 하나이지만, 확실성은 낮은 편입니다.","imageTitle":"m3b3ebc.i70a37e.jpg","types":["settlement"],"geojsonText":"{\"bbox\":[35.22809,31.89707,35.22915,31.89796],\"features\":[{\"geometry\":{\"coordinates\":[35.228619,31.897515],\"type\":\"Point\"},\"properties\":{\"id\":\"m3b3ebc.point\",\"role\":\"point\"},\"type\":\"Feature\"},{\"geometry\":{\"coordinates\":[[[35.22862,31.89796],[35.22856,31.89796],[35.22851,31.89795],[35.22846,31.89794],[35.2284,31.89793],[35.22835,31.8979],[35.22831,31.89788],[35.22826,31.89785],[35.22823,31.89782],[35.22819,31.89778],[35.22816,31.89774],[35.22814,31.8977],[35.22812,31.89765],[35.2281,31.89761],[35.22809,31.89756],[35.22809,31.89751],[35.22809,31.89747],[35.2281,31.89742],[35.22812,31.89738],[35.22814,31.89733],[35.22816,31.89729],[35.22819,31.89725],[35.22823,31.89721],[35.22826,31.89718],[35.22831,31.89715],[35.22835,31.89713],[35.2284,31.8971],[35.22846,31.89709],[35.22851,31.89708],[35.22856,31.89707],[35.22862,31.89707],[35.22867,31.89707],[35.22873,31.89708],[35.22878,31.89709],[35.22883,31.8971],[35.22888,31.89713],[35.22893,31.89715],[35.22897,31.89718],[35.22901,31.89721],[35.22905,31.89725],[35.22908,31.89729],[35.2291,31.89733],[35.22912,31.89738],[35.22914,31.89742],[35.22915,31.89747],[35.22915,31.89751],[35.22915,31.89756],[35.22914,31.89761],[35.22912,31.89765],[35.2291,31.8977],[35.22908,31.89774],[35.22905,31.89778],[35.22901,31.89782],[35.22897,31.89785],[35.22893,31.89788],[35.22888,31.8979],[35.22883,31.89793],[35.22878,31.89794],[35.22873,31.89795],[35.22867,31.89796],[35.22862,31.89796]]],\"type\":\"Polygon\"},\"properties\":{\"id\":\"g41af49.precision_radius\",\"land_or_water\":\"land\",\"role\":\"precision_radius\"},\"type\":\"Feature\"}],\"metadata\":{\"class\":\"human\",\"land_or_water\":\"land\",\"name\":\"Khirbet Nisieh\",\"type\":\"settlement\"},\"type\":\"FeatureCollection\"}","anotherNames":"Khirbet Nisya","koreanName":"키르벳 니시에","anotherKoreanNames":"키르벳 니스야"},{"id":"ma056cd","name":"Khirbet Haiyan","isModern":true,"stereo":"child","description":"An archaeological site in the West Bank, near the modern village of Deir Dibwan. It is occasionally suggested as a possible location for the biblical Azal, although archaeological evidence for 15th-11th century BC occupation is lacking, making it a low-confidence identification.","koreanDescription":"서안 지구에 위치한 고고학적 유적지로, 현대 마을 데이르 딥완(Deir Dibwan) 근처에 있습니다. 때때로 성경의 아살(Azal)의 가능한 위치로 제안되기도 하지만, 기원전 15~11세기 점령에 대한 고고학적 증거가 부족하여 확실성이 낮습니다.","imageTitle":"ma056cd.satellite.jpg","types":["settlement"],"geojsonText":"{\"bbox\":[35.26985,31.90472,35.27091,31.90562],\"features\":[{\"geometry\":{\"coordinates\":[35.270379,31.905169],\"type\":\"Point\"},\"properties\":{\"id\":\"ma056cd.point\",\"role\":\"point\"},\"type\":\"Feature\"},{\"geometry\":{\"coordinates\":[[[35.27038,31.90562],[35.27032,31.90562],[35.27027,31.90561],[35.27022,31.9056],[35.27016,31.90558],[35.27011,31.90556],[35.27007,31.90553],[35.27002,31.9055],[35.26999,31.90547],[35.26995,31.90543],[35.26992,31.90539],[35.2699,31.90535],[35.26988,31.90531],[35.26986,31.90526],[35.26985,31.90522],[35.26985,31.90517],[35.26985,31.90512],[35.26986,31.90508],[35.26988,31.90503],[35.2699,31.90499],[35.26992,31.90494],[35.26995,31.9049],[35.26999,31.90487],[35.27002,31.90483],[35.27007,31.90481],[35.27011,31.90478],[35.27016,31.90476],[35.27022,31.90474],[35.27027,31.90473],[35.27032,31.90472],[35.27038,31.90472],[35.27043,31.90472],[35.27049,31.90473],[35.27054,31.90474],[35.27059,31.90476],[35.27064,31.90478],[35.27069,31.90481],[35.27073,31.90483],[35.27077,31.90487],[35.27081,31.9049],[35.27084,31.90494],[35.27086,31.90499],[35.27088,31.90503],[35.2709,31.90508],[35.27091,31.90512],[35.27091,31.90517],[35.27091,31.90522],[35.2709,31.90526],[35.27088,31.90531],[35.27086,31.90535],[35.27084,31.90539],[35.27081,31.90543],[35.27077,31.90547],[35.27073,31.9055],[35.27069,31.90553],[35.27064,31.90556],[35.27059,31.90558],[35.27054,31.9056],[35.27049,31.90561],[35.27043,31.90562],[35.27038,31.90562]]],\"type\":\"Polygon\"},\"properties\":{\"id\":\"ge2cd15.precision_radius\",\"land_or_water\":\"land\",\"role\":\"precision_radius\"},\"type\":\"Feature\"}],\"metadata\":{\"class\":\"human\",\"land_or_water\":\"land\",\"name\":\"Khirbet Haiyan\",\"type\":\"settlement\"},\"type\":\"FeatureCollection\"}","anotherNames":null,"koreanName":"키르벳 하이얀","anotherKoreanNames":null},{"id":"ma3d35b","name":"Khirbet Ibn Baraq","isModern":true,"stereo":"child","description":"An archaeological site in the West Bank. It is one of the suggested, but low-confidence, identifications for the ancient location Azal.","koreanDescription":"서안 지구에 위치한 고고학적 유적지입니다. 고대 아살(Azal)의 추정 위치 중 하나이지만, 확실성은 낮습니다.","imageTitle":"ma3d35b.ia9b9a2.jpg","types":["settlement"],"geojsonText":"{\"bbox\":[35.24481,31.91115,35.24799,31.91385],\"features\":[{\"geometry\":{\"coordinates\":[35.2464,31.9125],\"type\":\"Point\"},\"properties\":{\"id\":\"ma3d35b.point\",\"role\":\"point\"},\"type\":\"Feature\"},{\"geometry\":{\"coordinates\":[[[35.2464,31.91385],[35.24623,31.91384],[35.24607,31.91382],[35.24591,31.91378],[35.24575,31.91373],[35.24561,31.91367],[35.24547,31.91359],[35.24534,31.9135],[35.24522,31.9134],[35.24511,31.91329],[35.24502,31.91317],[35.24495,31.91305],[35.24489,31.91292],[35.24485,31.91278],[35.24482,31.91264],[35.24481,31.9125],[35.24482,31.91236],[35.24485,31.91222],[35.24489,31.91208],[35.24495,31.91195],[35.24502,31.91183],[35.24511,31.91171],[35.24522,31.9116],[35.24534,31.9115],[35.24547,31.91141],[35.24561,31.91133],[35.24575,31.91127],[35.24591,31.91122],[35.24607,31.91118],[35.24623,31.91116],[35.2464,31.91115],[35.24657,31.91116],[35.24673,31.91118],[35.24689,31.91122],[35.24705,31.91127],[35.24719,31.91133],[35.24733,31.91141],[35.24746,31.9115],[35.24758,31.9116],[35.24769,31.91171],[35.24778,31.91183],[35.24785,31.91195],[35.24791,31.91208],[35.24795,31.91222],[35.24798,31.91236],[35.24799,31.9125],[35.24798,31.91264],[35.24795,31.91278],[35.24791,31.91292],[35.24785,31.91305],[35.24778,31.91317],[35.24769,31.91329],[35.24758,31.9134],[35.24746,31.9135],[35.24733,31.91359],[35.24719,31.91367],[35.24705,31.91373],[35.24689,31.91378],[35.24673,31.91382],[35.24657,31.91384],[35.2464,31.91385]]],\"type\":\"Polygon\"},\"properties\":{\"id\":\"g46d5d4.precision_radius\",\"land_or_water\":\"land\",\"role\":\"precision_radius\"},\"type\":\"Feature\"}],\"metadata\":{\"class\":\"human\",\"land_or_water\":\"land\",\"name\":\"Khirbet Ibn Baraq\",\"type\":\"settlement\"},\"type\":\"FeatureCollection\"}","anotherNames":null,"koreanName":"키르벳 이븐 바락","anotherKoreanNames":null},{"id":"m8d7caa","name":"Deir al Asal al Fauqa","isModern":true,"stereo":"child","description":"A Palestinian town located sixteen kilometers west of Hebron in the Hebron Governorate, Southern West Bank. The name contains a possible linguistic link to 'Azal' (Asal). It is suggested as a modern identification for the ancient location Azal.","koreanDescription":"헤브론 서쪽 16km 떨어진 서안 지구 남부 헤브론 주에 위치한 팔레스타인 마을입니다. 이름에 '아살'(Asal)과의 언어적 연관성이 있을 수 있습니다. 고대 아살(Azal)의 현대 지명으로 제안됩니다.","imageTitle":"m8d7caa.ie210c1.jpg","types":["settlement"],"geojsonText":"{\"bbox\":[34.93543,31.4663,34.9407,31.47079],\"features\":[{\"geometry\":{\"coordinates\":[34.938061,31.468544],\"type\":\"Point\"},\"properties\":{\"id\":\"m8d7caa.point\",\"role\":\"point\"},\"type\":\"Feature\"},{\"geometry\":{\"coordinates\":[[[34.93806,31.47079],[34.93779,31.47078],[34.93751,31.47074],[34.93725,31.47068],[34.93699,31.4706],[34.93674,31.47049],[34.93651,31.47036],[34.9363,31.47021],[34.9361,31.47005],[34.93593,31.46987],[34.93578,31.46967],[34.93565,31.46946],[34.93555,31.46924],[34.93548,31.46901],[34.93544,31.46878],[34.93543,31.46854],[34.93544,31.46831],[34.93548,31.46808],[34.93555,31.46785],[34.93565,31.46763],[34.93578,31.46742],[34.93593,31.46722],[34.9361,31.46704],[34.9363,31.46687],[34.93651,31.46673],[34.93674,31.4666],[34.93699,31.46649],[34.93725,31.46641],[34.93751,31.46634],[34.93779,31.46631],[34.93806,31.4663],[34.93834,31.46631],[34.93861,31.46634],[34.93888,31.46641],[34.93913,31.46649],[34.93938,31.4666],[34.93961,31.46673],[34.93982,31.46687],[34.94002,31.46704],[34.94019,31.46722],[34.94034,31.46742],[34.94047,31.46763],[34.94057,31.46785],[34.94064,31.46808],[34.94068,31.46831],[34.9407,31.46854],[34.94068,31.46878],[34.94064,31.46901],[34.94057,31.46924],[34.94047,31.46946],[34.94034,31.46967],[34.94019,31.46987],[34.94002,31.47005],[34.93982,31.47021],[34.93961,31.47036],[34.93938,31.47049],[34.93913,31.4706],[34.93888,31.47068],[34.93861,31.47074],[34.93834,31.47078],[34.93806,31.47079]]],\"type\":\"Polygon\"},\"properties\":{\"id\":\"g6dddb8.precision_radius\",\"land_or_water\":\"land\",\"role\":\"precision_radius\"},\"type\":\"Feature\"}],\"metadata\":{\"class\":\"human\",\"land_or_water\":\"land\",\"name\":\"Deir al Asal al Fauqa\",\"type\":\"settlement\"},\"type\":\"FeatureCollection\"}","anotherNames":"Deir el Asal, Deir el Asal el Fawqa","koreanName":"데이르 알 아살 알 파우카","anotherKoreanNames":"데이르 엘 아살, 데이르 엘 아살 엘 파우카"},{"id":"m933d05","name":"Tel Azekah","isModern":true,"stereo":"child","description":"A large archaeological mound (tel) located in the Judean Shephelah, approximately 30km from Jerusalem. This site is identified with high confidence (80%) as the biblical city of Azekah, which played a strategic role in the Judean Kingdom and was the setting for the battle between David and Goliath.","koreanDescription":"예루살렘에서 약 30km 떨어진 유대 쉐펠라(Shephelah)에 위치한 대규모 고고학적 언덕(텔)입니다. 유다 왕국에서 전략적 역할을 했으며 다윗과 골리앗의 전투가 벌어진 성경의 아세가(Azekah)와 80%의 높은 확실성으로 동일시됩니다. (다른 이름: 텔 아제가, 텔 에즈 자하리예, 텔 에즈 자카리야, 텔 자카리야, 텔 자카리예)","imageTitle":"m933d05.ifd28e9.jpg","types":["settlement"],"geojsonText":"{\"bbox\":[34.93517,31.69978,34.93622,31.70068],\"features\":[{\"geometry\":{\"coordinates\":[34.935696,31.700226],\"type\":\"Point\"},\"properties\":{\"geometry_credit\":\"osm\",\"id\":\"m933d05.point\",\"role\":\"point\"},\"type\":\"Feature\"},{\"geometry\":{\"coordinates\":[[[34.9357,31.70068],[34.93564,31.70067],[34.93559,31.70067],[34.93553,31.70065],[34.93548,31.70064],[34.93543,31.70062],[34.93539,31.70059],[34.93534,31.70056],[34.9353,31.70053],[34.93527,31.70049],[34.93524,31.70045],[34.93521,31.70041],[34.93519,31.70036],[34.93518,31.70032],[34.93517,31.70027],[34.93517,31.70023],[34.93517,31.70018],[34.93518,31.70013],[34.93519,31.70009],[34.93521,31.70004],[34.93524,31.7],[34.93527,31.69996],[34.9353,31.69993],[34.93534,31.69989],[34.93539,31.69986],[34.93543,31.69984],[34.93548,31.69982],[34.93553,31.6998],[34.93559,31.69979],[34.93564,31.69978],[34.9357,31.69978],[34.93575,31.69978],[34.93581,31.69979],[34.93586,31.6998],[34.93591,31.69982],[34.93596,31.69984],[34.93601,31.69986],[34.93605,31.69989],[34.93609,31.69993],[34.93612,31.69996],[34.93615,31.7],[34.93618,31.70004],[34.9362,31.70009],[34.93621,31.70013],[34.93622,31.70018],[34.93622,31.70023],[34.93622,31.70027],[34.93621,31.70032],[34.9362,31.70036],[34.93618,31.70041],[34.93615,31.70045],[34.93612,31.70049],[34.93609,31.70053],[34.93605,31.70056],[34.93601,31.70059],[34.93596,31.70062],[34.93591,31.70064],[34.93586,31.70065],[34.93581,31.70067],[34.93575,31.70067],[34.9357,31.70068]]],\"type\":\"Polygon\"},\"properties\":{\"id\":\"g2d6b40.precision_radius\",\"land_or_water\":\"land\",\"role\":\"precision_radius\"},\"type\":\"Feature\"}],\"metadata\":{\"class\":\"human\",\"land_or_water\":\"land\",\"name\":\"Tel Azekah\",\"type\":\"settlement\"},\"type\":\"FeatureCollection\"}","anotherNames":"Tel Azeqa, Tell ez Zahariyeh, Tell ez Zakariyah, Tell Zakariya, Tell Zakariyeh","koreanName":"텔 아세가","anotherKoreanNames":"텔 아제가, 텔 에즈 자하리예, 텔 에즈 자카리야, 텔 자카리야, 텔 자카리예"},{"id":"mcc3d1b","name":"Hizma","isModern":true,"stereo":"child","description":"A Palestinian town in the Jerusalem Governorate, located seven kilometers from Jerusalem's Old City. This site is considered a strong candidate (55% possibility) for the biblical town of Azmaveth, based on linguistic and archaeological evidence, particularly Iron Age II pottery finds.","koreanDescription":"예루살렘 구시가지에서 7km 떨어진 예루살렘 주에 위치한 팔레스타인 마을입니다. 언어적 및 고고학적 증거, 특히 철기 시대 II기 토기 발견을 바탕으로 성경의 아스마웻(Azmaveth) 마을의 강력한 후보지(55% 가능성)로 간주됩니다.","imageTitle":"mcc3d1b.if0a105.jpg","types":["settlement"],"geojsonText":"{\"bbox\":[35.2593,31.83275,35.26459,31.83725],\"features\":[{\"geometry\":{\"coordinates\":[35.261944,31.835],\"type\":\"Point\"},\"properties\":{\"id\":\"mcc3d1b.point\",\"role\":\"point\"},\"type\":\"Feature\"},{\"geometry\":{\"coordinates\":[[[35.26194,31.83725],[35.26167,31.83724],[35.26139,31.8372],[35.26113,31.83714],[35.26087,31.83705],[35.26062,31.83695],[35.26039,31.83682],[35.26017,31.83667],[35.25998,31.8365],[35.2598,31.83632],[35.25965,31.83612],[35.25953,31.83591],[35.25943,31.83569],[35.25936,31.83547],[35.25931,31.83523],[35.2593,31.835],[35.25931,31.83476],[35.25936,31.83453],[35.25943,31.83431],[35.25953,31.83409],[35.25965,31.83388],[35.2598,31.83368],[35.25998,31.8335],[35.26017,31.83333],[35.26039,31.83318],[35.26062,31.83305],[35.26087,31.83295],[35.26113,31.83286],[35.26139,31.8328],[35.26167,31.83276],[35.26194,31.83275],[35.26222,31.83276],[35.26249,31.8328],[35.26276,31.83286],[35.26302,31.83295],[35.26327,31.83305],[35.2635,31.83318],[35.26371,31.83333],[35.26391,31.8335],[35.26408,31.83368],[35.26424,31.83388],[35.26436,31.83409],[35.26446,31.83431],[35.26453,31.83453],[35.26458,31.83476],[35.26459,31.835],[35.26458,31.83523],[35.26453,31.83547],[35.26446,31.83569],[35.26436,31.83591],[35.26424,31.83612],[35.26409,31.83632],[35.26391,31.8365],[35.26371,31.83667],[35.2635,31.83682],[35.26327,31.83695],[35.26302,31.83705],[35.26276,31.83714],[35.26249,31.8372],[35.26222,31.83724],[35.26194,31.83725]]],\"type\":\"Polygon\"},\"properties\":{\"id\":\"g27a0cb.precision_radius\",\"land_or_water\":\"land\",\"role\":\"precision_radius\"},\"type\":\"Feature\"}],\"metadata\":{\"class\":\"human\",\"land_or_water\":\"land\",\"name\":\"Hizma\",\"type\":\"settlement\"},\"type\":\"FeatureCollection\"}","anotherNames":"Hizmeh","koreanName":"히즈마","anotherKoreanNames":"히즈메"},{"id":"m5fab39","name":"Ras Zukeir","isModern":true,"stereo":"child","description":"A mountain peak in the West Bank. It is suggested as a less likely (20% possibility) alternative location for the biblical Azmaveth.","koreanDescription":"서안 지구에 있는 산봉우리입니다. 성경의 아스마웻(Azmaveth)에 대한 덜 유력한(20% 가능성) 대체 위치로 제안됩니다.","imageTitle":"m5fab39.satellite.jpg","types":["mountain"],"geojsonText":"{\"bbox\":[35.24478,31.82415,35.26596,31.84213],\"features\":[{\"geometry\":{\"coordinates\":[35.25537,31.83314],\"type\":\"Point\"},\"properties\":{\"id\":\"m5fab39.point\",\"role\":\"point\"},\"type\":\"Feature\"},{\"geometry\":{\"coordinates\":[[[35.25537,31.84213],[35.25426,31.84208],[35.25317,31.84194],[35.2521,31.84169],[35.25106,31.84136],[35.25008,31.84093],[35.24915,31.84042],[35.24829,31.83982],[35.2475,31.83916],[35.24681,31.83843],[35.2462,31.83764],[35.2457,31.8368],[35.2453,31.83592],[35.24502,31.83501],[35.24484,31.83408],[35.24478,31.83314],[35.24484,31.8322],[35.24502,31.83127],[35.2453,31.83036],[35.2457,31.82948],[35.2462,31.82864],[35.24681,31.82785],[35.2475,31.82712],[35.24829,31.82646],[35.24915,31.82586],[35.25008,31.82535],[35.25106,31.82492],[35.2521,31.82459],[35.25317,31.82434],[35.25426,31.8242],[35.25537,31.82415],[35.25648,31.8242],[35.25757,31.82434],[35.25864,31.82459],[35.25968,31.82492],[35.26066,31.82535],[35.26159,31.82586],[35.26245,31.82646],[35.26324,31.82712],[35.26393,31.82785],[35.26454,31.82864],[35.26504,31.82948],[35.26544,31.83036],[35.26572,31.83127],[35.2659,31.8322],[35.26596,31.83314],[35.2659,31.83408],[35.26572,31.83501],[35.26544,31.83592],[35.26504,31.8368],[35.26454,31.83764],[35.26393,31.83843],[35.26324,31.83916],[35.26245,31.83982],[35.26159,31.84042],[35.26066,31.84093],[35.25968,31.84136],[35.25864,31.84169],[35.25757,31.84194],[35.25648,31.84208],[35.25537,31.84213]]],\"type\":\"Polygon\"},\"properties\":{\"id\":\"ged4f41.precision_radius\",\"land_or_water\":\"land\",\"role\":\"precision_radius\"},\"type\":\"Feature\"}],\"metadata\":{\"class\":\"natural\",\"land_or_water\":\"land\",\"name\":\"Ras Zukeir\",\"type\":\"mountain\"},\"type\":\"FeatureCollection\"}","anotherNames":"Ras Dhukeir","koreanName":"라스 주케이르","anotherKoreanNames":"라스 주케이르"},{"id":"m9398f2","name":"Ain Muweileh","isModern":true,"stereo":"child","description":"A spring located near Quseima in the Sinai Peninsula, Egypt. It is a proposed location (55% possibility) for the biblical Azmon, which marked the southwest boundary of Judah's territory.","koreanDescription":"이집트 시나이 반도 쿠세이마(Quseima) 근처에 위치한 샘입니다. 유다 지파 영토의 남서쪽 경계를 표시했던 성경의 아스몬(Azmon)의 제안된 위치(55% 가능성) 중 하나입니다.","imageTitle":"m9398f2.satellite.jpg","types":["spring"],"geojsonText":"{\"bbox\":[34.33229,30.6866,34.33438,30.6884],\"features\":[{\"geometry\":{\"coordinates\":[34.333333,30.6875],\"type\":\"Point\"},\"properties\":{\"id\":\"m9398f2.point\",\"role\":\"point\"},\"type\":\"Feature\"},{\"geometry\":{\"coordinates\":[[[34.33333,30.6884],[34.33322,30.68839],[34.33312,30.68838],[34.33301,30.68836],[34.33291,30.68832],[34.33281,30.68828],[34.33272,30.68823],[34.33263,30.68817],[34.33256,30.6881],[34.33249,30.68803],[34.33243,30.68795],[34.33238,30.68787],[34.33234,30.68778],[34.33231,30.68769],[34.33229,30.68759],[34.33229,30.6875],[34.33229,30.68741],[34.33231,30.68731],[34.33234,30.68722],[34.33238,30.68713],[34.33243,30.68705],[34.33249,30.68697],[34.33256,30.6869],[34.33263,30.68683],[34.33272,30.68677],[34.33281,30.68672],[34.33291,30.68668],[34.33301,30.68664],[34.33312,30.68662],[34.33322,30.68661],[34.33333,30.6866],[34.33344,30.68661],[34.33355,30.68662],[34.33366,30.68664],[34.33376,30.68668],[34.33386,30.68672],[34.33395,30.68677],[34.33403,30.68683],[34.33411,30.6869],[34.33418,30.68697],[34.33424,30.68705],[34.33429,30.68713],[34.33433,30.68722],[34.33436,30.68731],[34.33437,30.68741],[34.33438,30.6875],[34.33437,30.68759],[34.33436,30.68769],[34.33433,30.68778],[34.33429,30.68787],[34.33424,30.68795],[34.33418,30.68803],[34.33411,30.6881],[34.33403,30.68817],[34.33395,30.68823],[34.33386,30.68828],[34.33376,30.68832],[34.33366,30.68836],[34.33355,30.68838],[34.33344,30.68839],[34.33333,30.6884]]],\"type\":\"Polygon\"},\"properties\":{\"id\":\"gf883e8.precision_radius\",\"land_or_water\":\"land\",\"role\":\"precision_radius\"},\"type\":\"Feature\"}],\"metadata\":{\"class\":\"natural\",\"land_or_water\":\"water\",\"name\":\"Ain Muweileh\",\"type\":\"spring\"},\"type\":\"FeatureCollection\"}","anotherNames":"Ain el Muweileh, Ain Muweilih, Muwaylih","koreanName":"아인 무웨일라","anotherKoreanNames":"아인 엘 무웨일라, 아인 무웨일리, 무와일리"},{"id":"mde3fc5","name":"Ain Qoseimeh","isModern":true,"stereo":"child","description":"A spring near the modern settlement of Qoseimeh in the Sinai Peninsula, Egypt. It is suggested as a less likely (10% possibility) alternative location for the biblical Azmon.","koreanDescription":"이집트 시나이 반도의 현대 정착지 코세이메(Qoseimeh) 근처에 있는 샘입니다. 성경의 아스몬(Azmon)에 대한 덜 유력한(10% 가능성) 대체 위치로 제안됩니다.","imageTitle":"mde3fc5.iea75aa.jpg","types":["spring"],"geojsonText":"{\"bbox\":[34.36405,30.66442,34.36928,30.66892],\"features\":[{\"geometry\":{\"coordinates\":[34.366667,30.666667],\"type\":\"Point\"},\"properties\":{\"geometry_credit\":\"osm\",\"id\":\"mde3fc5.point\",\"role\":\"point\"},\"type\":\"Feature\"},{\"geometry\":{\"coordinates\":[[[34.36667,30.66892],[34.36639,30.6689],[34.36612,30.66887],[34.36586,30.66881],[34.3656,30.66872],[34.36536,30.66861],[34.36513,30.66849],[34.36492,30.66834],[34.36472,30.66817],[34.36455,30.66799],[34.3644,30.66779],[34.36428,30.66758],[34.36418,30.66736],[34.36411,30.66713],[34.36407,30.6669],[34.36405,30.66667],[34.36407,30.66643],[34.36411,30.6662],[34.36418,30.66597],[34.36428,30.66575],[34.3644,30.66554],[34.36455,30.66535],[34.36472,30.66516],[34.36492,30.665],[34.36513,30.66485],[34.36536,30.66472],[34.3656,30.66461],[34.36586,30.66453],[34.36612,30.66447],[34.36639,30.66443],[34.36667,30.66442],[34.36694,30.66443],[34.36721,30.66447],[34.36747,30.66453],[34.36773,30.66461],[34.36797,30.66472],[34.3682,30.66485],[34.36842,30.665],[34.36861,30.66516],[34.36878,30.66535],[34.36893,30.66554],[34.36905,30.66575],[34.36915,30.66597],[34.36922,30.6662],[34.36927,30.66643],[34.36928,30.66667],[34.36927,30.6669],[34.36922,30.66713],[34.36915,30.66736],[34.36905,30.66758],[34.36893,30.66779],[34.36878,30.66799],[34.36861,30.66817],[34.36842,30.66834],[34.3682,30.66849],[34.36797,30.66861],[34.36773,30.66872],[34.36747,30.66881],[34.36721,30.66887],[34.36694,30.6689],[34.36667,30.66892]]],\"type\":\"Polygon\"},\"properties\":{\"id\":\"g3eae26.precision_radius\",\"land_or_water\":\"land\",\"role\":\"precision_radius\"},\"type\":\"Feature\"}],\"metadata\":{\"class\":\"natural\",\"land_or_water\":\"water\",\"name\":\"Ain Qoseimeh\",\"type\":\"spring\"},\"type\":\"FeatureCollection\"}","anotherNames":"Ain el Qeseimeh, Bir Qusaima, Ein el Quseima","koreanName":"아인 코세이메","anotherKoreanNames":"아인 엘 케세이메, 비르 쿠사이마, 아인 엘 쿠세이마"},{"id":"m8c6a25","name":"Tel Govel","isModern":true,"stereo":"child","description":"An archaeological tell located in the Lower Galilee region, near Mount Tabor in Israel. It is considered a possible location (40% possibility) for the biblical boundary marker Aznoth-tabor, whose name means 'peaks of Tabor'.","koreanDescription":"이스라엘 갈릴리 하부 지역, 다볼 산 근처에 위치한 고고학적 텔입니다. 이름이 '다볼의 봉우리들'을 의미하는 성경의 경계 표시 지점 아스놋-다볼(Aznoth-tabor)의 가능한 위치(40% 가능성)로 간주됩니다.","imageTitle":"m8c6a25.satellite.jpg","types":["settlement"],"geojsonText":"{\"bbox\":[35.38391,32.72677,35.38498,32.72767],\"features\":[{\"geometry\":{\"coordinates\":[35.384444,32.727222],\"type\":\"Point\"},\"properties\":{\"id\":\"m8c6a25.point\",\"role\":\"point\"},\"type\":\"Feature\"},{\"geometry\":{\"coordinates\":[[[35.38444,32.72767],[35.38439,32.72767],[35.38433,32.72766],[35.38428,32.72765],[35.38423,32.72763],[35.38418,32.72761],[35.38413,32.72759],[35.38409,32.72756],[35.38405,32.72752],[35.38401,32.72749],[35.38398,32.72745],[35.38396,32.7274],[35.38394,32.72736],[35.38392,32.72732],[35.38391,32.72727],[35.38391,32.72722],[35.38391,32.72717],[35.38392,32.72713],[35.38394,32.72708],[35.38396,32.72704],[35.38398,32.727],[35.38401,32.72696],[35.38405,32.72692],[35.38409,32.72689],[35.38413,32.72686],[35.38418,32.72683],[35.38423,32.72681],[35.38428,32.72679],[35.38433,32.72678],[35.38439,32.72677],[35.38444,32.72677],[35.3845,32.72677],[35.38456,32.72678],[35.38461,32.72679],[35.38466,32.72681],[35.38471,32.72683],[35.38476,32.72686],[35.3848,32.72689],[35.38484,32.72692],[35.38488,32.72696],[35.38491,32.727],[35.38493,32.72704],[35.38495,32.72708],[35.38497,32.72713],[35.38498,32.72717],[35.38498,32.72722],[35.38498,32.72727],[35.38497,32.72732],[35.38495,32.72736],[35.38493,32.7274],[35.38491,32.72745],[35.38488,32.72749],[35.38484,32.72752],[35.3848,32.72756],[35.38476,32.72759],[35.38471,32.72761],[35.38466,32.72763],[35.38461,32.72765],[35.38456,32.72766],[35.3845,32.72767],[35.38444,32.72767]]],\"type\":\"Polygon\"},\"properties\":{\"id\":\"g7ac67e.precision_radius\",\"land_or_water\":\"land\",\"role\":\"precision_radius\"},\"type\":\"Feature\"}],\"metadata\":{\"class\":\"human\",\"land_or_water\":\"land\",\"name\":\"Tel Govel\",\"type\":\"settlement\"},\"type\":\"FeatureCollection\"}","anotherNames":"Khirbet el Jebeil, Khirbet el Jebell, Khirbet Umm Jubeil, Tel Aznot Tavor","koreanName":"텔 고벨","anotherKoreanNames":"키르벳 엘 제베일, 키르벳 엘 제벨, 키르벳 움 주베일, 텔 아스놋 타보르"},{"id":"mc78c4d","name":"Mount Hermon","isModern":true,"stereo":"child","description":"A mountain massive located on the border between Lebanon and Syria, with a lower slope extending into Israel. It is the most dominant geographical feature associated with the biblical Baal-gad (25% possibility) and Baal-hermon (60% possibility). The name 'Baal-Hermon' specifically suggests a strong connection to this mountain.","koreanDescription":"레바논과 시리아 국경에 위치하며, 낮은 경사면이 이스라엘까지 뻗어 있는 거대한 산입니다. 성경의 바알-갓(Baal-gad, 25% 가능성)과 바알-헤르몬(Baal-hermon, 60% 가능성)과 관련된 가장 지배적인 지리적 특징입니다. '바알-헤르몬'이라는 이름은 특히 이 산과의 강한 연관성을 시사합니다.","imageTitle":"mc78c4d.i2be58f.jpg","types":["mountain"],"geojsonText":"{\"bbox\":[35.83923,33.39101,35.86077,33.40899],\"features\":[{\"geometry\":{\"coordinates\":[35.85,33.4],\"type\":\"Point\"},\"properties\":{\"id\":\"mc78c4d.point\",\"role\":\"point\"},\"type\":\"Feature\"},{\"geometry\":{\"coordinates\":[[[35.85,33.40899],[35.84887,33.40894],[35.84776,33.4088],[35.84667,33.40855],[35.84562,33.40822],[35.84461,33.40779],[35.84367,33.40728],[35.84279,33.40668],[35.84199,33.40602],[35.84128,33.40529],[35.84067,33.4045],[35.84016,33.40366],[35.83975,33.40278],[35.83946,33.40187],[35.83929,33.40094],[35.83923,33.4],[35.83929,33.39906],[35.83946,33.39813],[35.83976,33.39722],[35.84016,33.39634],[35.84067,33.3955],[35.84129,33.39471],[35.842,33.39398],[35.84279,33.39332],[35.84367,33.39272],[35.84461,33.39221],[35.84562,33.39178],[35.84667,33.39145],[35.84776,33.3912],[35.84887,33.39106],[35.85,33.39101],[35.85113,33.39106],[35.85224,33.3912],[35.85333,33.39145],[35.85438,33.39178],[35.85539,33.39221],[35.85633,33.39272],[35.85721,33.39332],[35.858,33.39398],[35.85871,33.39471],[35.85933,33.3955],[35.85984,33.39634],[35.86024,33.39722],[35.86054,33.39813],[35.86071,33.39906],[35.86077,33.4],[35.86071,33.40094],[35.86054,33.40187],[35.86025,33.40278],[35.85984,33.40366],[35.85933,33.4045],[35.85872,33.40529],[35.85801,33.40602],[35.85721,33.40668],[35.85633,33.40728],[35.85539,33.40779],[35.85438,33.40822],[35.85333,33.40855],[35.85224,33.4088],[35.85113,33.40894],[35.85,33.40899]]],\"type\":\"Polygon\"},\"properties\":{\"id\":\"g5b73f3.precision_radius\",\"land_or_water\":\"land\",\"role\":\"precision_radius\"},\"type\":\"Feature\"}],\"metadata\":{\"class\":\"natural\",\"land_or_water\":\"land\",\"name\":\"Mount Hermon\",\"type\":\"mountain\"},\"type\":\"FeatureCollection\"}","anotherNames":null,"koreanName":"헤르몬 산","anotherKoreanNames":null},{"id":"m518f8e","name":"Banias","isModern":true,"stereo":"child","description":"An archaeological site and modern location in the Golan Heights, near a natural spring, once associated with the Greek god Pan (ancient Paneas). It is an alternative, though less likely, identification for the biblical Baal-gad (25% possibility) and Baal-hermon (25% possibility).","koreanDescription":"골란 고원에 있는 고고학적 유적지이자 현대 지명으로, 한때 그리스 신 판(고대 파네아스)과 관련된 자연 샘 근처에 있습니다. 성경의 바알-갓(Baal-gad, 25% 가능성)과 바알-헤르몬(Baal-hermon, 25% 가능성)에 대한 대안적인, 그러나 확실성이 낮은, 동일시 지점입니다.","imageTitle":"m518f8e.i7a45a3.jpg","types":["settlement"],"geojsonText":"{\"bbox\":[35.6928,33.24566,35.69387,33.24656],\"features\":[{\"geometry\":{\"coordinates\":[35.693333,33.246111],\"type\":\"Point\"},\"properties\":{\"id\":\"m518f8e.point\",\"role\":\"point\"},\"type\":\"Feature\"},{\"geometry\":{\"coordinates\":[[[35.69333,33.24656],[35.69328,33.24656],[35.69322,33.24655],[35.69317,33.24654],[35.69311,33.24652],[35.69306,33.2465],[35.69302,33.24647],[35.69297,33.24645],[35.69293,33.24641],[35.6929,33.24638],[35.69287,33.24634],[35.69284,33.24629],[35.69282,33.24625],[35.69281,33.2462],[35.6928,33.24616],[35.6928,33.24611],[35.6928,33.24606],[35.69281,33.24602],[35.69282,33.24597],[35.69284,33.24593],[35.69287,33.24589],[35.6929,33.24585],[35.69293,33.24581],[35.69297,33.24578],[35.69302,33.24575],[35.69306,33.24572],[35.69311,33.2457],[35.69317,33.24568],[35.69322,33.24567],[35.69328,33.24566],[35.69333,33.24566],[35.69339,33.24566],[35.69344,33.24567],[35.6935,33.24568],[35.69355,33.2457],[35.6936,33.24572],[35.69365,33.24575],[35.69369,33.24578],[35.69373,33.24581],[35.69377,33.24585],[35.6938,33.24589],[35.69382,33.24593],[35.69384,33.24597],[35.69386,33.24602],[35.69387,33.24606],[35.69387,33.24611],[35.69387,33.24616],[35.69386,33.2462],[35.69384,33.24625],[35.69382,33.24629],[35.6938,33.24634],[35.69377,33.24638],[35.69373,33.24641],[35.69369,33.24645],[35.69365,33.24647],[35.6936,33.2465],[35.69355,33.24652],[35.6935,33.24654],[35.69344,33.24655],[35.69339,33.24656],[35.69333,33.24656]]],\"type\":\"Polygon\"},\"properties\":{\"id\":\"gbd6362.precision_radius\",\"land_or_water\":\"land\",\"role\":\"precision_radius\"},\"type\":\"Feature\"}],\"metadata\":{\"class\":\"human\",\"land_or_water\":\"land\",\"name\":\"Banias\",\"type\":\"settlement\"},\"type\":\"FeatureCollection\"}","anotherNames":null,"koreanName":"바니아스","anotherKoreanNames":null},{"id":"mdc7fbf","name":"Tell Haush","isModern":true,"stereo":"child","description":"A tell (mound) in the Beqaa Valley of Lebanon, also known as Tell ez-Zeitoun. It is a suggested location (20% possibility) for the biblical Baal-gad, favored by some scholars for its Late Bronze Age and Iron Age remains, which better fit the biblical time frame than other sites.","koreanDescription":"레바논 베카아 계곡에 있는 텔(언덕)로, 텔 에즈-제이툰(Tell ez-Zeitoun)으로도 알려져 있습니다. 다른 유적지들보다 성경 시대에 더 잘 맞는 후기 청동기 시대와 철기 시대 유적이 발견되어 일부 학자들이 선호하는 성경의 바알-갓(Baal-gad)의 제안된 위치(20% 가능성)입니다.","imageTitle":"mdc7fbf.satellite.jpg","types":["settlement"],"geojsonText":"{\"bbox\":[35.74693,33.46743,35.74801,33.46833],\"features\":[{\"geometry\":{\"coordinates\":[35.74747,33.46788],\"type\":\"Point\"},\"properties\":{\"id\":\"mdc7fbf.point\",\"role\":\"point\"},\"type\":\"Feature\"},{\"geometry\":{\"coordinates\":[[[35.74747,33.46833],[35.74741,33.46833],[35.74736,33.46832],[35.7473,33.46831],[35.74725,33.46829],[35.7472,33.46827],[35.74715,33.46824],[35.74711,33.46821],[35.74707,33.46818],[35.74703,33.46814],[35.747,33.4681],[35.74698,33.46806],[35.74696,33.46802],[35.74694,33.46797],[35.74693,33.46793],[35.74693,33.46788],[35.74693,33.46783],[35.74694,33.46779],[35.74696,33.46774],[35.74698,33.4677],[35.747,33.46766],[35.74703,33.46762],[35.74707,33.46758],[35.74711,33.46755],[35.74715,33.46752],[35.7472,33.46749],[35.74725,33.46747],[35.7473,33.46745],[35.74736,33.46744],[35.74741,33.46743],[35.74747,33.46743],[35.74753,33.46743],[35.74758,33.46744],[35.74764,33.46745],[35.74769,33.46747],[35.74774,33.46749],[35.74779,33.46752],[35.74783,33.46755],[35.74787,33.46758],[35.74791,33.46762],[35.74794,33.46766],[35.74796,33.4677],[35.74798,33.46774],[35.748,33.46779],[35.74801,33.46783],[35.74801,33.46788],[35.74801,33.46793],[35.748,33.46797],[35.74798,33.46802],[35.74796,33.46806],[35.74794,33.4681],[35.74791,33.46814],[35.74787,33.46818],[35.74783,33.46821],[35.74779,33.46824],[35.74774,33.46827],[35.74769,33.46829],[35.74764,33.46831],[35.74758,33.46832],[35.74753,33.46833],[35.74747,33.46833]]],\"type\":\"Polygon\"},\"properties\":{\"id\":\"g97d8c7.precision_radius\",\"land_or_water\":\"land\",\"role\":\"precision_radius\"},\"type\":\"Feature\"}],\"metadata\":{\"class\":\"human\",\"land_or_water\":\"land\",\"name\":\"Tell Haush\",\"type\":\"settlement\"},\"type\":\"FeatureCollection\"}","anotherNames":"Tell ez Zeitoun, Tell ez Zetun, Tell Haus","koreanName":"텔 하우쉬","anotherKoreanNames":"텔 에즈 제이툰, 텔 에즈 제툰, 텔 하우스"},{"id":"m728795","name":"Hasbaya","isModern":true,"stereo":"child","description":"A town in southeastern Lebanon, located in the Nabatiyeh Governorate. It is suggested as a less likely (10% possibility) alternative identification for the biblical Baal-gad and Baal-hermon (25% possibility), though archaeological evidence suggests it was not inhabited during the biblical period of conquest.","koreanDescription":"레바논 남동부 나바티예 주에 위치한 마을입니다. 성경의 바알-갓(Baal-gad, 10% 가능성)과 바알-헤르몬(Baal-hermon, 25% 가능성)에 대한 덜 유력한 대안적 동일시 지점으로 제안되지만, 고고학적 증거는 정복 시대에는 사람이 거주하지 않았음을 시사합니다.","imageTitle":"m728795.i2f6d82.jpg","types":["settlement"],"geojsonText":"{\"bbox\":[35.68064,33.38108,35.68603,33.38558],\"features\":[{\"geometry\":{\"coordinates\":[35.683333,33.383333],\"type\":\"Point\"},\"properties\":{\"id\":\"m728795.point\",\"role\":\"point\"},\"type\":\"Feature\"},{\"geometry\":{\"coordinates\":[[[35.68333,33.38558],[35.68305,33.38557],[35.68277,33.38553],[35.6825,33.38547],[35.68224,33.38539],[35.68199,33.38528],[35.68175,33.38515],[35.68153,33.385],[35.68133,33.38484],[35.68115,33.38465],[35.681,33.38446],[35.68087,33.38425],[35.68077,33.38403],[35.6807,33.3838],[35.68066,33.38357],[35.68064,33.38333],[35.68066,33.3831],[35.6807,33.38287],[35.68077,33.38264],[35.68087,33.38242],[35.681,33.38221],[35.68115,33.38201],[35.68133,33.38183],[35.68153,33.38166],[35.68175,33.38151],[35.68199,33.38139],[35.68224,33.38128],[35.6825,33.38119],[35.68277,33.38113],[35.68305,33.3811],[35.68333,33.38108],[35.68361,33.3811],[35.68389,33.38113],[35.68417,33.38119],[35.68443,33.38128],[35.68468,33.38139],[35.68492,33.38151],[35.68513,33.38166],[35.68533,33.38183],[35.68551,33.38201],[35.68566,33.38221],[35.68579,33.38242],[35.68589,33.38264],[35.68597,33.38287],[35.68601,33.3831],[35.68603,33.38333],[35.68601,33.38357],[35.68597,33.3838],[35.68589,33.38403],[35.68579,33.38425],[35.68566,33.38446],[35.68551,33.38465],[35.68533,33.38484],[35.68513,33.385],[35.68492,33.38515],[35.68468,33.38528],[35.68443,33.38539],[35.68417,33.38547],[35.68389,33.38553],[35.68361,33.38557],[35.68333,33.38558]]],\"type\":\"Polygon\"},\"properties\":{\"id\":\"gc068b4.precision_radius\",\"land_or_water\":\"land\",\"role\":\"precision_radius\"},\"type\":\"Feature\"}],\"metadata\":{\"class\":\"human\",\"land_or_water\":\"land\",\"name\":\"Hasbaya\",\"type\":\"settlement\"},\"type\":\"FeatureCollection\"}","anotherNames":"Hasbayya","koreanName":"하스바야","anotherKoreanNames":"하스바야"},{"id":"m6653cf","name":"Baalbek","isModern":true,"stereo":"child","description":"A city in the Beqaa Valley of Lebanon, famous for its massive Roman ruins, including the Temple of Jupiter. The name means 'Lord Baal of the Beqaa Valley'. It is an alternative, though geographically distant (10% possibility), identification for the biblical Baal-gad and Baal-hermon (25% possibility).","koreanDescription":"레바논 베카아 계곡에 있는 도시로, 유피테르 신전(Temple of Jupiter)을 포함한 거대한 로마 유적으로 유명합니다. 이름은 '베카아 계곡의 주님 바알'을 의미합니다. 성경의 바알-갓(Baal-gad)과 바알-헤르몬(Baal-hermon)에 대한 대안적인, 그러나 지리적으로 멀리 떨어진(10% 가능성) 동일시 지점입니다.","imageTitle":"m6653cf.ib43c0d.jpg","types":["settlement"],"geojsonText":"{\"bbox\":[36.202157,34.002759,36.206843,34.008739],\"features\":[{\"geometry\":{\"coordinates\":[36.2044,34.007611],\"type\":\"Point\"},\"properties\":{\"id\":\"m6653cf.point\",\"role\":\"point\"},\"type\":\"Feature\"},{\"geometry\":{\"coordinates\":[[[36.205209,34.006208],[36.205302,34.006109],[36.205393,34.006012],[36.205791,34.005777],[36.205985,34.005645],[36.206171,34.00562],[36.206288,34.005768],[36.206371,34.005807],[36.20638,34.005951],[36.206499,34.005975],[36.206628,34.006168],[36.206635,34.006177],[36.206646,34.006274],[36.206663,34.006405],[36.206843,34.00676],[36.206795,34.007135],[36.206406,34.007353],[36.206307,34.007571],[36.206019,34.007707],[36.20529,34.008299],[36.20462,34.008739],[36.204187,34.008072],[36.203351,34.008282],[36.203129,34.008516],[36.202998,34.008606],[36.20291,34.008624],[36.202837,34.008574],[36.202728,34.008441],[36.202726,34.00831],[36.202215,34.007642],[36.202225,34.007569],[36.202505,34.007303],[36.20257,34.007241],[36.20257,34.007155],[36.202812,34.006213],[36.202958,34.005987],[36.203464,34.00545],[36.203502,34.005409],[36.203281,34.005319],[36.202719,34.004953],[36.20237,34.004512],[36.202195,34.003977],[36.202157,34.002993],[36.20252,34.002759],[36.203285,34.003563],[36.203782,34.00444],[36.204737,34.005492],[36.204541,34.005807],[36.204955,34.005998],[36.205209,34.006208]]],\"type\":\"Polygon\"},\"properties\":{\"id\":\"g62bc11.local\",\"land_or_water\":\"land\",\"role\":\"local\"},\"type\":\"Feature\"}],\"metadata\":{\"class\":\"human\",\"geometry_credit\":\"Some data © OpenStreetMap contributors\",\"land_or_water\":\"land\",\"name\":\"Baalbek\",\"type\":\"settlement\"},\"type\":\"FeatureCollection\"}","anotherNames":null,"koreanName":"바알베크","anotherKoreanNames":null},{"id":"m8e8c01","name":"Ain Jedeideh","isModern":true,"stereo":"child","description":"A spring or village in Lebanon. It is suggested as a less likely (10% possibility) alternative identification for the biblical Baal-gad and Baal-hermon (25% possibility).","koreanDescription":"레바논에 있는 샘 또는 마을입니다. 성경의 바알-갓(Baal-gad)과 바알-헤르몬(Baal-hermon)에 대한 덜 유력한(10% 가능성) 대안적 동일시 지점으로 제안됩니다.","imageTitle":"m8e8c01.satellite.jpg","types":["spring"],"geojsonText":"{\"bbox\":[35.58212,33.36189,35.59288,33.37089],\"features\":[{\"geometry\":{\"coordinates\":[35.5875,33.36639],\"type\":\"Point\"},\"properties\":{\"id\":\"m8e8c01.point\",\"role\":\"point\"},\"type\":\"Feature\"},{\"geometry\":{\"coordinates\":[[[35.5875,33.37089],[35.58694,33.37086],[35.58638,33.37079],[35.58584,33.37067],[35.58531,33.3705],[35.58481,33.37028],[35.58434,33.37003],[35.5839,33.36973],[35.5835,33.3694],[35.58314,33.36903],[35.58284,33.36864],[35.58258,33.36822],[35.58238,33.36778],[35.58223,33.36732],[35.58215,33.36686],[35.58212,33.36639],[35.58215,33.36592],[35.58223,33.36545],[35.58238,33.365],[35.58258,33.36456],[35.58284,33.36414],[35.58314,33.36375],[35.5835,33.36338],[35.5839,33.36305],[35.58434,33.36275],[35.58481,33.3625],[35.58531,33.36228],[35.58584,33.36211],[35.58638,33.36199],[35.58694,33.36192],[35.5875,33.36189],[35.58806,33.36192],[35.58862,33.36199],[35.58916,33.36211],[35.58969,33.36228],[35.59019,33.3625],[35.59066,33.36275],[35.5911,33.36305],[35.5915,33.36338],[35.59186,33.36375],[35.59216,33.36414],[35.59242,33.36456],[35.59262,33.365],[35.59277,33.36545],[35.59285,33.36592],[35.59288,33.36639],[35.59285,33.36686],[35.59277,33.36732],[35.59262,33.36778],[35.59242,33.36822],[35.59216,33.36864],[35.59186,33.36903],[35.5915,33.3694],[35.5911,33.36973],[35.59066,33.37003],[35.59019,33.37028],[35.58969,33.3705],[35.58916,33.37067],[35.58862,33.37079],[35.58806,33.37086],[35.5875,33.37089]]],\"type\":\"Polygon\"},\"properties\":{\"id\":\"g605f35.precision_radius\",\"land_or_water\":\"land\",\"role\":\"precision_radius\"},\"type\":\"Feature\"}],\"metadata\":{\"class\":\"natural\",\"land_or_water\":\"water\",\"name\":\"Ain Jedeideh\",\"type\":\"spring\"},\"type\":\"FeatureCollection\"}","anotherNames":null,"koreanName":"아인 제데이다","anotherKoreanNames":null},{"id":"m66c5b8","name":"Jerusalem","isModern":true,"stereo":"child","description":"The capital of modern Israel and a major biblical city. It is very unlikely (15% possibility) to be the Baal-hamon mentioned in Song of Solomon, but is included as one of the suggested identifications, possibly referring to a vineyard site near the city.","koreanDescription":"현대 이스라엘의 수도이자 주요 성경 도시입니다. 아가서에 언급된 바알-하몬(Baal-hamon)일 가능성은 매우 낮지만(15% 가능성), 도시 근처의 포도원 부지를 가리키는 것일 수 있다는 제안된 동일시 지점 중 하나로 포함되었습니다.","imageTitle":"m66c5b8.i6449a7.jpg","types":["settlement"],"geojsonText":"{\"bbox\":[35.225701,31.772808,35.237558,31.783742],\"features\":[{\"geometry\":{\"coordinates\":[35.234167,31.776667],\"type\":\"Point\"},\"properties\":{\"id\":\"m66c5b8.point\",\"role\":\"point\"},\"type\":\"Feature\"},{\"geometry\":{\"coordinates\":[[[35.227657,31.776599],[35.227747,31.776508],[35.227659,31.776394],[35.227825,31.776289],[35.227753,31.775875],[35.227642,31.775883],[35.227618,31.775624],[35.227772,31.775611],[35.227848,31.775599],[35.227849,31.775535],[35.227847,31.775424],[35.227806,31.774544],[35.227729,31.774545],[35.22773,31.774387],[35.22779,31.774376],[35.227778,31.774048],[35.227782,31.773881],[35.227836,31.773872],[35.227858,31.773486],[35.227791,31.773485],[35.227794,31.77336],[35.227865,31.773336],[35.22787,31.773082],[35.227819,31.773084],[35.22782,31.772896],[35.228621,31.772903],[35.229503,31.772898],[35.229592,31.772872],[35.229638,31.772857],[35.229742,31.772823],[35.229792,31.772808],[35.230644,31.772943],[35.230646,31.772918],[35.230707,31.772927],[35.230773,31.772936],[35.230772,31.772966],[35.231011,31.773026],[35.231003,31.77306],[35.231499,31.773154],[35.231483,31.773234],[35.232293,31.773404],[35.23234,31.773362],[35.232427,31.773437],[35.23238,31.773479],[35.23242,31.773833],[35.232459,31.773913],[35.232517,31.773913],[35.232535,31.774013],[35.233242,31.774283],[35.233551,31.774736],[35.233704,31.774761],[35.233848,31.774781],[35.234179,31.774828],[35.235563,31.775017],[35.235767,31.775046],[35.23572,31.77531],[35.235672,31.775582],[35.235771,31.775594],[35.235759,31.775672],[35.235843,31.775681],[35.235812,31.775846],[35.23624,31.775911],[35.23653,31.775954],[35.237558,31.7761],[35.237298,31.778181],[35.237292,31.778227],[35.237209,31.778892],[35.237235,31.778894],[35.237218,31.779043],[35.237191,31.779041],[35.23719,31.779052],[35.237154,31.779343],[35.23714,31.779461],[35.237062,31.78007],[35.237088,31.780073],[35.237085,31.780094],[35.237056,31.780297],[35.237014,31.780728],[35.236999,31.780797],[35.236976,31.780907],[35.236961,31.780973],[35.236918,31.781381],[35.236999,31.781391],[35.236982,31.781533],[35.236931,31.781529],[35.236915,31.781703],[35.236964,31.781709],[35.236928,31.78197],[35.236965,31.78197],[35.236956,31.782097],[35.236927,31.782096],[35.236907,31.782264],[35.236953,31.782268],[35.236944,31.782362],[35.236895,31.782359],[35.236809,31.783188],[35.236712,31.783628],[35.236817,31.783648],[35.236792,31.783742],[35.236687,31.783722],[35.236691,31.783697],[35.236318,31.783629],[35.236306,31.783671],[35.236225,31.783657],[35.236227,31.78362],[35.235913,31.783553],[35.235908,31.783579],[35.235839,31.783565],[35.235848,31.78354],[35.235445,31.783448],[35.235443,31.783456],[35.235137,31.783383],[35.235125,31.78342],[35.235017,31.783394],[35.23503,31.783353],[35.234933,31.783327],[35.234972,31.783237],[35.234743,31.783195],[35.234724,31.783232],[35.234557,31.78319],[35.234552,31.783152],[35.233739,31.782979],[35.233725,31.783022],[35.233611,31.782996],[35.233626,31.782947],[35.233061,31.782816],[35.233045,31.782862],[35.232924,31.782847],[35.232926,31.782763],[35.232536,31.782697],[35.232511,31.782542],[35.232177,31.782489],[35.231864,31.782508],[35.231792,31.78258],[35.231637,31.782555],[35.231589,31.782585],[35.2313,31.782492],[35.231251,31.782425],[35.23105,31.78231],[35.231087,31.78227],[35.230952,31.782181],[35.230921,31.782215],[35.230846,31.782165],[35.23091,31.78209],[35.230745,31.781977],[35.230771,31.78194],[35.230558,31.781784],[35.230533,31.781808],[35.230496,31.781843],[35.230391,31.781763],[35.230432,31.781724],[35.230393,31.781695],[35.23035,31.781662],[35.230303,31.781627],[35.230276,31.781606],[35.230233,31.781647],[35.230134,31.781572],[35.230196,31.781513],[35.229897,31.781289],[35.229808,31.781363],[35.229702,31.78128],[35.229673,31.781302],[35.2295,31.781176],[35.229568,31.781111],[35.229465,31.781022],[35.229496,31.780984],[35.228562,31.780281],[35.228517,31.780306],[35.228397,31.780217],[35.228425,31.780181],[35.228198,31.77999],[35.228165,31.780013],[35.228074,31.779955],[35.228101,31.779928],[35.22775,31.779661],[35.227458,31.779963],[35.22688,31.779603],[35.226831,31.779646],[35.226419,31.779403],[35.226215,31.77931],[35.226086,31.779249],[35.226044,31.779314],[35.225883,31.779211],[35.226176,31.778899],[35.225701,31.778412],[35.22588,31.778287],[35.225868,31.77815],[35.225926,31.778132],[35.225926,31.778046],[35.227419,31.77679],[35.227578,31.776657],[35.227544,31.776628],[35.227503,31.776595],[35.227574,31.776528],[35.227657,31.776599]]],\"type\":\"Polygon\"},\"properties\":{\"id\":\"g1c795f.local\",\"land_or_water\":\"land\",\"role\":\"local\"},\"type\":\"Feature\"},{\"geometry\":{\"coordinates\":[[[35.227657,31.776599],[35.227747,31.776508],[35.227659,31.776394],[35.227825,31.776289],[35.227753,31.775875],[35.227642,31.775883],[35.227618,31.775624],[35.227848,31.775599],[35.227806,31.774544],[35.227729,31.774545],[35.227858,31.773486],[35.227791,31.773485],[35.227794,31.77336],[35.227865,31.773336],[35.22782,31.772896],[35.229503,31.772898],[35.229792,31.772808],[35.230773,31.772936],[35.231003,31.77306],[35.231499,31.773154],[35.231483,31.773234],[35.232293,31.773404],[35.23234,31.773362],[35.232427,31.773437],[35.23238,31.773479],[35.23242,31.773833],[35.232535,31.774013],[35.233242,31.774283],[35.233551,31.774736],[35.235767,31.775046],[35.235672,31.775582],[35.235843,31.775681],[35.235812,31.775846],[35.237558,31.7761],[35.236918,31.781381],[35.236999,31.781391],[35.236915,31.781703],[35.236964,31.781709],[35.236907,31.782264],[35.236953,31.782268],[35.236712,31.783628],[35.236817,31.783648],[35.236792,31.783742],[35.235017,31.783394],[35.234933,31.783327],[35.234972,31.783237],[35.234724,31.783232],[35.233739,31.782979],[35.233725,31.783022],[35.233611,31.782996],[35.233626,31.782947],[35.233061,31.782816],[35.232924,31.782847],[35.232926,31.782763],[35.232536,31.782697],[35.232511,31.782542],[35.232177,31.782489],[35.231589,31.782585],[35.2313,31.782492],[35.23105,31.78231],[35.231087,31.78227],[35.230846,31.782165],[35.23091,31.78209],[35.230745,31.781977],[35.230771,31.78194],[35.230558,31.781784],[35.230496,31.781843],[35.230276,31.781606],[35.230233,31.781647],[35.230134,31.781572],[35.230196,31.781513],[35.229897,31.781289],[35.229808,31.781363],[35.2295,31.781176],[35.229568,31.781111],[35.229465,31.781022],[35.229496,31.780984],[35.228562,31.780281],[35.228397,31.780217],[35.228425,31.780181],[35.22775,31.779661],[35.227458,31.779963],[35.22688,31.779603],[35.226831,31.779646],[35.226086,31.779249],[35.226044,31.779314],[35.225883,31.779211],[35.226176,31.778899],[35.225701,31.778412],[35.22588,31.778287],[35.225926,31.778046],[35.227578,31.776657],[35.227503,31.776595],[35.227574,31.776528],[35.227657,31.776599]]],\"type\":\"Polygon\"},\"properties\":{\"id\":\"g1c795f.simplified_local\",\"land_or_water\":\"land\",\"role\":\"simplified_local\"},\"type\":\"Feature\"},{\"geometry\":{\"coordinates\":[[[35.23417,31.77892],[35.23389,31.7789],[35.23362,31.77887],[35.23335,31.77881],[35.23309,31.77872],[35.23284,31.77861],[35.23261,31.77849],[35.2324,31.77834],[35.2322,31.77817],[35.23203,31.77799],[35.23188,31.77779],[35.23175,31.77758],[35.23165,31.77736],[35.23158,31.77713],[35.23154,31.7769],[35.23152,31.77667],[35.23154,31.77643],[35.23158,31.7762],[35.23165,31.77597],[35.23175,31.77575],[35.23188,31.77554],[35.23203,31.77535],[35.2322,31.77516],[35.2324,31.775],[35.23261,31.77485],[35.23284,31.77472],[35.23309,31.77461],[35.23335,31.77453],[35.23362,31.77447],[35.23389,31.77443],[35.23417,31.77442],[35.23444,31.77443],[35.23472,31.77447],[35.23498,31.77453],[35.23524,31.77461],[35.23549,31.77472],[35.23572,31.77485],[35.23594,31.775],[35.23613,31.77516],[35.23631,31.77535],[35.23646,31.77554],[35.23658,31.77575],[35.23668,31.77597],[35.23675,31.7762],[35.2368,31.77643],[35.23681,31.77667],[35.2368,31.7769],[35.23675,31.77713],[35.23668,31.77736],[35.23658,31.77758],[35.23646,31.77779],[35.23631,31.77799],[35.23613,31.77817],[35.23594,31.77834],[35.23572,31.77849],[35.23549,31.77861],[35.23524,31.77872],[35.23498,31.77881],[35.23472,31.77887],[35.23444,31.7789],[35.23417,31.77892]]],\"type\":\"Polygon\"},\"properties\":{\"id\":\"gd974ad.precision_radius\",\"land_or_water\":\"land\",\"role\":\"precision_radius\"},\"type\":\"Feature\"}],\"metadata\":{\"class\":\"human\",\"geometry_credit\":\"Some data © OpenStreetMap contributors\",\"land_or_water\":\"land\",\"name\":\"Jerusalem\",\"type\":\"settlement\"},\"type\":\"FeatureCollection\"}","anotherNames":null,"koreanName":"예루살렘","anotherKoreanNames":null},{"id":"m1d43c6","name":"Tel Abel Beth Maacah","isModern":true,"stereo":"child","description":"A 텔 (mound) in Northern Israel near the border with Lebanon. It is a major biblical site, but only a very low-confidence (10% possibility) suggested identification for the ancient Baal-hamon.","koreanDescription":"레바논 국경 근처 이스라엘 북부에 있는 텔(언덕)입니다. 주요 성경 유적지이지만, 고대 바알-하몬(Baal-hamon)에 대한 확실성이 매우 낮은(10% 가능성) 제안된 동일시 지점일 뿐입니다.","imageTitle":"m1d43c6.i8581ee.jpg","types":["settlement"],"geojsonText":"{\"bbox\":[35.577292,33.254139,35.582979,33.262734],\"features\":[{\"geometry\":{\"coordinates\":[35.581007,33.258051],\"type\":\"Point\"},\"properties\":{\"id\":\"m1d43c6.point\",\"role\":\"point\"},\"type\":\"Feature\"},{\"geometry\":{\"coordinates\":[[[35.578429,33.262734],[35.579138,33.261191],[35.579095,33.260828],[35.577292,33.26033],[35.5777,33.259536],[35.5777,33.259213],[35.577807,33.258352],[35.578129,33.257078],[35.579138,33.254462],[35.579331,33.254373],[35.58021,33.254391],[35.580747,33.254139],[35.581198,33.254875],[35.582142,33.256669],[35.582399,33.256651],[35.582464,33.257441],[35.5827,33.257441],[35.582979,33.257297],[35.582528,33.258625],[35.582378,33.259953],[35.582206,33.260294],[35.58227,33.260527],[35.582506,33.261065],[35.582356,33.261209],[35.582399,33.26146],[35.582077,33.261855],[35.58182,33.261994],[35.581691,33.261352],[35.581262,33.261442],[35.581026,33.261406],[35.580511,33.261783],[35.580039,33.261837],[35.579459,33.262016],[35.579352,33.262371],[35.579502,33.262662],[35.578429,33.262734]]],\"type\":\"Polygon\"},\"properties\":{\"id\":\"gdcc893.local\",\"land_or_water\":\"land\",\"role\":\"local\"},\"type\":\"Feature\"},{\"geometry\":{\"coordinates\":[[[35.58101,33.2585],[35.58095,33.2585],[35.5809,33.25849],[35.58084,33.25848],[35.58079,33.25846],[35.58074,33.25844],[35.58069,33.25841],[35.58065,33.25839],[35.58061,33.25835],[35.58057,33.25832],[35.58054,33.25828],[35.58052,33.25823],[35.5805,33.25819],[35.58048,33.25814],[35.58047,33.2581],[35.58047,33.25805],[35.58047,33.258],[35.58048,33.25796],[35.5805,33.25791],[35.58052,33.25787],[35.58054,33.25783],[35.58057,33.25779],[35.58061,33.25775],[35.58065,33.25772],[35.58069,33.25769],[35.58074,33.25766],[35.58079,33.25764],[35.58084,33.25762],[35.5809,33.25761],[35.58095,33.2576],[35.58101,33.2576],[35.58106,33.2576],[35.58112,33.25761],[35.58117,33.25762],[35.58123,33.25764],[35.58128,33.25766],[35.58132,33.25769],[35.58137,33.25772],[35.58141,33.25775],[35.58144,33.25779],[35.58147,33.25783],[35.5815,33.25787],[35.58152,33.25791],[35.58153,33.25796],[35.58154,33.258],[35.58154,33.25805],[35.58154,33.2581],[35.58153,33.25814],[35.58152,33.25819],[35.5815,33.25823],[35.58147,33.25828],[35.58144,33.25832],[35.58141,33.25835],[35.58137,33.25839],[35.58132,33.25841],[35.58128,33.25844],[35.58123,33.25846],[35.58117,33.25848],[35.58112,33.25849],[35.58106,33.2585],[35.58101,33.2585]]],\"type\":\"Polygon\"},\"properties\":{\"id\":\"g10c6e9.precision_radius\",\"land_or_water\":\"land\",\"role\":\"precision_radius\"},\"type\":\"Feature\"}],\"metadata\":{\"class\":\"human\",\"geometry_credit\":\"Some data © OpenStreetMap contributors\",\"land_or_water\":\"land\",\"name\":\"Tel Abel Beth Maacah\",\"type\":\"settlement\"},\"type\":\"FeatureCollection\"}","anotherNames":"Tel Avel Bet Ma’aka, Tell Abil al Qamh, Tell Abil el Qameh, Tell Abil el Qamh","koreanName":"텔 아벨 벧 마아가","anotherKoreanNames":"텔 아벨 벧 마아가, 텔 아빌 알 캄, 텔 아빌 엘 카메, 텔 아빌 엘 캄"},{"id":"m8b5f56","name":"Umm el Awamid","isModern":true,"stereo":"child","description":"An archaeological site near Naqoura in Lebanon, notable for its Phoenician temples. The site contains remnants of a city known as Hammon, which may have been the original name of a place associated with Baal-hamon, making it a low-confidence (10% possibility) identification for the biblical location.","koreanDescription":"레바논 나쿠라 근처에 있는 고고학적 유적지로, 페니키아 신전으로 유명합니다. 이 유적지에는 함몬(Hammon)이라는 도시의 잔해가 있는데, 이곳이 바알-하몬과 관련된 장소의 원래 이름이었을 수 있어, 성경 지명에 대한 확실성이 낮은(10% 가능성) 동일시 지점입니다.","imageTitle":"m8b5f56.ie658d3.jpg","types":["settlement"],"geojsonText":"{\"features\":[{\"geometry\":{\"coordinates\":[35.152022,33.128108],\"type\":\"Point\"},\"properties\":{\"id\":\"m8b5f56.point\",\"role\":\"point\"},\"type\":\"Feature\"}],\"metadata\":{\"class\":\"human\",\"land_or_water\":\"land\",\"name\":\"Umm el Awamid\",\"type\":\"settlement\"},\"type\":\"FeatureCollection\"}","anotherNames":"Oum el Aamad","koreanName":"움 엘 아와미드","anotherKoreanNames":"움 엘 아아마드"},{"id":"mfe8eb2","name":"Khirbet Belameh","isModern":true,"stereo":"child","description":"An archaeological site in the West Bank, near Jenin, frequently identified with the biblical Ibleam. It is included as a low-confidence (10% possibility) identification for Baal-hamon.","koreanDescription":"서안 지구 제닌 근처에 있는 고고학적 유적지로, 성경의 이블르암(Ibleam)과 자주 동일시됩니다. 바알-하몬(Baal-hamon)에 대한 확실성이 낮은(10% 가능성) 동일시 지점으로 포함되었습니다.","imageTitle":"mfe8eb2.satellite.jpg","types":["settlement"],"geojsonText":"{\"features\":[{\"geometry\":{\"coordinates\":[35.292,32.4462],\"type\":\"Point\"},\"properties\":{\"id\":\"mfe8eb2.point\",\"role\":\"point\"},\"type\":\"Feature\"}],\"metadata\":{\"class\":\"human\",\"land_or_water\":\"land\",\"name\":\"Khirbet Belameh\",\"type\":\"settlement\"},\"type\":\"FeatureCollection\"}","anotherNames":"Khirbet Bal’ama","koreanName":"키르벳 벨라메","anotherKoreanNames":"키르벳 발아마"},{"id":"m8136bc","name":"Jebel Asur","isModern":true,"stereo":"child","description":"A prominent mountain peak in the West Bank, located between Bethel and Jericho. This site has a high confidence (75% possibility) of being the biblical Baal-hazor, the place where Absalom held his sheep-shearing feast and murdered Amnon (2 Sam. 13:23).","koreanDescription":"서안 지구, 베델과 여리고 사이에 위치한 눈에 띄는 산봉우리입니다. 압살롬이 양털 깎는 잔치를 열고 암논을 살해한 성경의 바알-하솔(Baal-hazor)일 가능성이 높은(75% 가능성) 곳입니다. (다른 이름: 제벨 엘 아수르, 제벨 엘 아추르, 텔 아사르, 텔 아수르)","imageTitle":"m8136bc.i71840c.jpg","types":["mountain"],"geojsonText":"{\"bbox\":[35.28346,31.97636,35.28876,31.98086],\"features\":[{\"geometry\":{\"coordinates\":[35.286111,31.978611],\"type\":\"Point\"},\"properties\":{\"id\":\"m8136bc.point\",\"role\":\"point\"},\"type\":\"Feature\"},{\"geometry\":{\"coordinates\":[[[35.28611,31.98086],[35.28583,31.98085],[35.28556,31.98081],[35.28529,31.98075],[35.28503,31.98066],[35.28479,31.98056],[35.28455,31.98043],[35.28434,31.98028],[35.28414,31.98012],[35.28397,31.97993],[35.28382,31.97974],[35.28369,31.97953],[35.28359,31.97931],[35.28352,31.97908],[35.28347,31.97885],[35.28346,31.97861],[35.28347,31.97838],[35.28352,31.97814],[35.28359,31.97792],[35.28369,31.9777],[35.28382,31.97749],[35.28397,31.97729],[35.28414,31.97711],[35.28434,31.97694],[35.28455,31.97679],[35.28479,31.97666],[35.28503,31.97656],[35.28529,31.97647],[35.28556,31.97641],[35.28583,31.97638],[35.28611,31.97636],[35.28639,31.97638],[35.28666,31.97641],[35.28693,31.97647],[35.28719,31.97656],[35.28744,31.97666],[35.28767,31.97679],[35.28788,31.97694],[35.28808,31.97711],[35.28826,31.97729],[35.28841,31.97749],[35.28853,31.9777],[35.28863,31.97792],[35.2887,31.97814],[35.28875,31.97838],[35.28876,31.97861],[35.28875,31.97885],[35.2887,31.97908],[35.28863,31.97931],[35.28853,31.97953],[35.28841,31.97974],[35.28826,31.97993],[35.28808,31.98012],[35.28788,31.98028],[35.28767,31.98043],[35.28744,31.98056],[35.28719,31.98066],[35.28693,31.98075],[35.28666,31.98081],[35.28639,31.98085],[35.28611,31.98086]]],\"type\":\"Polygon\"},\"properties\":{\"id\":\"g1dd7a7.precision_radius\",\"land_or_water\":\"land\",\"role\":\"precision_radius\"},\"type\":\"Feature\"}],\"metadata\":{\"class\":\"natural\",\"land_or_water\":\"land\",\"name\":\"Jebel Asur\",\"type\":\"mountain\"},\"type\":\"FeatureCollection\"}","anotherNames":"Jebel el Asur, Jebel el Atsur, Tell Asar, Tell Asur","koreanName":"제벨 아수르","anotherKoreanNames":"제벨 엘 아수르, 제벨 엘 아추르, 텔 아사르, 텔 아수르"},{"id":"mc6365d","name":"Khirbet Hazzur","isModern":true,"stereo":"child","description":"An archaeological ruin located in the Benjamin Plateau, north-northwest of Jerusalem. It is a minor, less likely (10% possibility) suggested identification for the biblical Baal-hazor.","koreanDescription":"예루살렘 북서쪽으로 8km 떨어진 베냐민 고원에 위치한 고고학적 유적입니다. 성경의 바알-하솔(Baal-hazor)에 대한 덜 유력한(10% 가능성) 제안된 동일시 지점입니다.","imageTitle":"mc6365d.satellite.jpg","types":["settlement"],"geojsonText":"{\"bbox\":[35.19282,31.82994,35.19811,31.83443],\"features\":[{\"geometry\":{\"coordinates\":[35.195465,31.832184],\"type\":\"Point\"},\"properties\":{\"geometry_credit\":\"osm\",\"id\":\"mc6365d.point\",\"role\":\"point\"},\"type\":\"Feature\"},{\"geometry\":{\"coordinates\":[[[35.19547,31.83443],[35.19519,31.83442],[35.19491,31.83438],[35.19465,31.83432],[35.19439,31.83424],[35.19414,31.83413],[35.19391,31.834],[35.19369,31.83385],[35.1935,31.83369],[35.19332,31.83351],[35.19317,31.83331],[35.19305,31.8331],[35.19295,31.83288],[35.19288,31.83265],[35.19283,31.83242],[35.19282,31.83218],[35.19283,31.83195],[35.19288,31.83172],[35.19295,31.83149],[35.19305,31.83127],[35.19317,31.83106],[35.19332,31.83086],[35.1935,31.83068],[35.19369,31.83051],[35.19391,31.83037],[35.19414,31.83024],[35.19439,31.83013],[35.19465,31.83005],[35.19491,31.82998],[35.19519,31.82995],[35.19547,31.82994],[35.19574,31.82995],[35.19602,31.82998],[35.19628,31.83005],[35.19654,31.83013],[35.19679,31.83024],[35.19702,31.83037],[35.19724,31.83051],[35.19743,31.83068],[35.19761,31.83086],[35.19776,31.83106],[35.19788,31.83127],[35.19798,31.83149],[35.19805,31.83172],[35.1981,31.83195],[35.19811,31.83218],[35.1981,31.83242],[35.19805,31.83265],[35.19798,31.83288],[35.19788,31.8331],[35.19776,31.83331],[35.19761,31.83351],[35.19743,31.83369],[35.19724,31.83385],[35.19702,31.834],[35.19679,31.83413],[35.19654,31.83424],[35.19628,31.83432],[35.19602,31.83438],[35.19574,31.83442],[35.19547,31.83443]]],\"type\":\"Polygon\"},\"properties\":{\"id\":\"g6eab6e.precision_radius\",\"land_or_water\":\"land\",\"role\":\"precision_radius\"},\"type\":\"Feature\"}],\"metadata\":{\"class\":\"human\",\"land_or_water\":\"land\",\"name\":\"Khirbet Hazzur\",\"type\":\"settlement\"},\"type\":\"FeatureCollection\"}","anotherNames":"Khirbet Hazur","koreanName":"키르벳 하쭈르","anotherKoreanNames":"키르벳 하주르"}],"relations":[{"parentId":"af2ca0c","childId":"m933d05","possibility":80},{"parentId":"a8f6a28","childId":"m9398f2","possibility":55},{"parentId":"a8f6a28","childId":"mde3fc5","possibility":10},{"parentId":"ad041dd","childId":"me6ce5d","possibility":25},{"parentId":"ad041dd","childId":"m902bcf","possibility":10},{"parentId":"ad041dd","childId":"maeb1dc","possibility":10},{"parentId":"ad041dd","childId":"m3b3ebc","possibility":10},{"parentId":"ad041dd","childId":"ma056cd","possibility":10},{"parentId":"ad041dd","childId":"ma3d35b","possibility":10},{"parentId":"ad041dd","childId":"m8d7caa","possibility":10},{"parentId":"a3d7871","childId":"mcc3d1b","possibility":55},{"parentId":"a3d7871","childId":"m5fab39","possibility":20},{"parentId":"ae12e43","childId":"mc78c4d","possibility":25},{"parentId":"ae12e43","childId":"m518f8e","possibility":25},{"parentId":"ae12e43","childId":"mdc7fbf","possibility":20},{"parentId":"ae12e43","childId":"m728795","possibility":10},{"parentId":"ae12e43","childId":"m6653cf","possibility":10},{"parentId":"ae12e43","childId":"m8e8c01","possibility":10},{"parentId":"a366989","childId":"m8136bc","possibility":75},{"parentId":"a366989","childId":"mc6365d","possibility":10},{"parentId":"a9fd165","childId":"m8c6a25","possibility":40},{"parentId":"a979444","childId":"mc78c4d","possibility":60},{"parentId":"a979444","childId":"m728795","possibility":25},{"parentId":"a979444","childId":"m518f8e","possibility":25},{"parentId":"a979444","childId":"mdc7fbf","possibility":25},{"parentId":"a979444","childId":"m8e8c01","possibility":25},{"parentId":"a979444","childId":"m6653cf","possibility":25},{"parentId":"a304bb7","childId":"m66c5b8","possibility":15},{"parentId":"a304bb7","childId":"m1d43c6","possibility":10},{"parentId":"a304bb7","childId":"m8b5f56","possibility":10},{"parentId":"a304bb7","childId":"mfe8eb2","possibility":10}],"total":35}