{"data":[{"id":"ac31fee","name":"Zoan","imageTitle":"mc013b6.if2362d.jpg","isModern":false,"stereo":"parent","description":"Zoan (or Tanis) was a significant city in the northeastern Nile Delta of ancient Egypt, frequently mentioned in the Bible.\nIt is historically identified as the site where Moses performed some of the plagues before Pharaoh (Psalm 78:12, 43).\nIt served as a major capital and royal residence, reflecting the glory and, later, the decline of Egypt (Isaiah 19:11, 13; 30:4; Ezekiel 30:14).","koreanDescription":"고대 이집트 나일강 삼각주 북동쪽에 위치했던 중요한 도시로, 성경에 자주 언급됩니다.\n모세가 바로 앞에서 몇 가지 재앙을 행했던 장소로 알려져 있으며(시편 78:12, 43), 이집트의 주요 수도이자 왕궁이 있던 곳이었습니다.\n이사야와 에스겔 같은 선지자들의 예언에서 이집트의 영광과 이후의 쇠퇴를 상징하는 곳으로 나타납니다.","verses":["Num.13.22","Ps.78.12","Ps.78.43","Isa.19.11","Isa.19.13","Isa.30.4","Ezek.30.14"],"placeUrl":"/geo/ancient/ac31fee/zoan","identificationPaths":["/geo/modern/mc013b6"],"types":["settlement"],"unknownPlacePossibility":null,"geojsonText":"{\"bbox\":[31.875361,30.960924,31.891574,30.98408],\"features\":[{\"geometry\":{\"coordinates\":[[[31.890838,30.971776],[31.891187,30.972366],[31.891259,30.972879],[31.891223,30.973555],[31.891141,30.973757],[31.891205,30.975054],[31.891486,30.977404],[31.891326,30.977893],[31.891045,30.978475],[31.890446,30.979819],[31.890283,30.980146],[31.890108,30.980462],[31.889583,30.981299],[31.889094,30.982072],[31.889066,30.982179],[31.889069,30.982389],[31.8891,30.982809],[31.889248,30.983173],[31.888567,30.983439],[31.888018,30.983481],[31.887993,30.98342],[31.887882,30.983417],[31.88779,30.983226],[31.887754,30.983137],[31.887221,30.983151],[31.887131,30.983092],[31.886929,30.983062],[31.886431,30.982998],[31.886366,30.982949],[31.886135,30.983055],[31.886023,30.982778],[31.885647,30.982771],[31.885967,30.983667],[31.882405,30.983645],[31.880859,30.98408],[31.880282,30.983241],[31.878826,30.981038],[31.878522,30.980756],[31.877523,30.980177],[31.876389,30.979224],[31.876006,30.978803],[31.876416,30.978341],[31.876402,30.977754],[31.876416,30.97704],[31.875698,30.975294],[31.875429,30.974991],[31.875361,30.974678],[31.875376,30.974552],[31.875587,30.974069],[31.876244,30.973756],[31.876291,30.973786],[31.876441,30.973674],[31.876398,30.973632],[31.877114,30.973028],[31.877374,30.972843],[31.8786,30.972366],[31.879592,30.972043],[31.879832,30.971904],[31.880251,30.971558],[31.880731,30.97102],[31.881161,30.970253],[31.882065,30.968859],[31.882601,30.968045],[31.882989,30.967435],[31.883987,30.965666],[31.884196,30.965334],[31.884372,30.965111],[31.884529,30.964938],[31.884776,30.964728],[31.885133,30.964439],[31.886526,30.963396],[31.889642,30.960924],[31.890517,30.9616],[31.891001,30.962089],[31.891574,30.962649],[31.890983,30.963115],[31.889727,30.964439],[31.888049,30.965463],[31.887714,30.96728],[31.887747,30.96732],[31.889003,30.968064],[31.889169,30.968206],[31.889243,30.968331],[31.889374,30.970125],[31.890838,30.971776]]],\"type\":\"Polygon\"},\"properties\":{\"id\":\"g16fceb.geometry\",\"land_or_water\":\"land\"},\"type\":\"Feature\"},{\"geometry\":{\"coordinates\":[31.88,30.976944],\"type\":\"Point\"},\"properties\":{\"id\":\"mc013b6.point\"},\"type\":\"Feature\"}],\"metadata\":{\"geometry_credit\":\"Some data © OpenStreetMap contributors\",\"name\":\"Zoan\"},\"type\":\"FeatureCollection\"}","anotherNames":null,"koreanName":"소안","anotherKoreanNames":null},{"id":"aacfcda","name":"Zoar","imageTitle":"m28cd4b.i7f6d6c.jpg","isModern":false,"stereo":"parent","description":"Zoar was one of the five 'Cities of the Plain' in the vicinity of the Dead Sea (Genesis 14:2, 8).\nOriginally named Bela, it was spared from the destruction that befell Sodom and Gomorrah after Lot pleaded for it as a refuge (Genesis 19:22-23, 30).\nIts exact location is debated, but it is traditionally placed near the southern or southeastern end of the Dead Sea (Deuteronomy 34:3; Isaiah 15:5; Jeremiah 48:34).","koreanDescription":"사해(死海) 근처 '평지의 도시' 다섯 곳 중 하나였습니다(창세기 14:2, 8).\n원래 이름은 벨라였으나, 롯이 피난처로 간청하여 소돔과 고모라를 멸할 때 유일하게 멸망을 면했습니다(창세기 19:22-23, 30).\n정확한 위치에 대해서는 논란이 있지만, 전통적으로는 사해의 남쪽 또는 남동쪽 끝 근처로 추정됩니다.","verses":["Gen.13.10","Gen.14.2","Gen.14.8","Gen.19.22","Gen.19.23","Gen.19.30","Deut.34.3","Isa.15.5","Jer.48.34"],"placeUrl":"/geo/ancient/aacfcda/zoar","identificationPaths":["/geo/modern/m28cd4b","/geo/modern/m3edbe2","/geo/modern/m56a09d","/geo/modern/mb397de","/geo/modern/m63b310","/geo/modern/mb58c5d","/geo/modern/ma45395","/geo/modern/m56a432","/geo/modern/m713b74"],"types":["settlement"],"unknownPlacePossibility":null,"geojsonText":"{\"bbox\":[35.305248,30.90329,35.701387,32.0442],\"features\":[{\"geometry\":{\"coordinates\":[[[35.408824,31.314783],[35.305248,30.924507],[35.479241,30.90329],[35.546828,31.303317],[35.408824,31.314783]]],\"type\":\"Polygon\"},\"properties\":{\"id\":\"g9db00b.geometry\",\"land_or_water\":\"land\"},\"type\":\"Feature\"},{\"geometry\":{\"coordinates\":[[[35.641497,31.738839],[35.701387,31.844513],[35.595213,31.965858],[35.605654,32.028979],[35.473661,32.0442],[35.447941,31.960009],[35.398864,31.951947],[35.377756,31.918242],[35.421166,31.893264],[35.430094,31.847714],[35.454051,31.779867],[35.494221,31.751456],[35.641497,31.738839]]],\"type\":\"Polygon\"},\"properties\":{\"id\":\"gfca720.geometry\",\"land_or_water\":\"land\"},\"type\":\"Feature\"},{\"geometry\":{\"coordinates\":[35.487657,31.036904],\"type\":\"Point\"},\"properties\":{\"id\":\"m28cd4b.point\"},\"type\":\"Feature\"},{\"geometry\":{\"coordinates\":[35.449223,31.20849],\"type\":\"Point\"},\"properties\":{\"id\":\"m3edbe2.point\"},\"type\":\"Feature\"},{\"geometry\":{\"coordinates\":[35.595278,31.795],\"type\":\"Point\"},\"properties\":{\"id\":\"m56a09d.point\"},\"type\":\"Feature\"},{\"geometry\":{\"coordinates\":[35.671878,31.819256],\"type\":\"Point\"},\"properties\":{\"id\":\"m56a432.point\"},\"type\":\"Feature\"},{\"geometry\":{\"coordinates\":[35.573333,31.465833],\"type\":\"Point\"},\"properties\":{\"id\":\"m63b310.point\"},\"type\":\"Feature\"},{\"geometry\":{\"coordinates\":[35.523005,31.248729],\"type\":\"Point\"},\"properties\":{\"id\":\"m713b74.point\"},\"type\":\"Feature\"},{\"geometry\":{\"coordinates\":[35.649971,31.829531],\"type\":\"Point\"},\"properties\":{\"id\":\"ma45395.point\"},\"type\":\"Feature\"},{\"geometry\":{\"coordinates\":[35.47216,31.022968],\"type\":\"Point\"},\"properties\":{\"id\":\"mb397de.point\"},\"type\":\"Feature\"},{\"geometry\":{\"coordinates\":[35.475163,31.021611],\"type\":\"Point\"},\"properties\":{\"id\":\"mb58c5d.point\"},\"type\":\"Feature\"}],\"metadata\":{\"name\":\"Zoar\"},\"type\":\"FeatureCollection\"}","anotherNames":null,"koreanName":"소알","anotherKoreanNames":null},{"id":"a4aa78a","name":"Zobah","imageTitle":"a4aa78a.i97e242.jpg","isModern":false,"stereo":"parent","description":"Zobah was an Aramean kingdom located in Syria, possibly near the Beqa' valley in Lebanon (1 Samuel 14:47).\nIt was a formidable military power, ruled by kings like Hadadezer, who frequently clashed with the Israelites, especially during the reign of King David (2 Samuel 8:3, 5, 12; 10:6, 8).\nIts defeat by David was a major step in establishing the secure boundaries of the Kingdom of Israel (1 Kings 11:23-24).","koreanDescription":"수리아(시리아) 지역에 있던 아람 왕국으로, 레바논의 베카 계곡 근처였을 것으로 추정됩니다(사무엘상 14:47).\n하닷에셀과 같은 왕이 다스리던 강력한 군사 강국으로, 특히 다윗 왕 시대에 이스라엘과 자주 충돌했습니다(사무엘하 8:3, 5, 12; 10:6, 8).\n다윗에 의한 정복은 이스라엘 왕국의 국경을 확립하는 데 중요한 역할을 했습니다.","verses":["1Sam.14.47","2Sam.8.3","2Sam.8.5","2Sam.8.12","2Sam.10.6","2Sam.10.8","2Sam.23.36","1Kgs.11.23","1Kgs.11.24","1Chr.11.47","1Chr.18.5","1Chr.18.9","1Chr.19.6","Ps.60.1"],"placeUrl":"/geo/ancient/a4aa78a/zobah","identificationPaths":["/geo/modern/md56681"],"types":["region"],"unknownPlacePossibility":null,"geojsonText":"{\"bbox\":[35.80209,33.54675,36.73383,34.57991],\"features\":[{\"geometry\":{\"coordinates\":[[[[36.64066,34.57991],[36.61737,34.57991],[36.52419,34.54092],[36.26796,34.40447],[36.05832,34.13156],[35.82538,33.78068],[35.80209,33.74169],[35.80209,33.66371],[35.82538,33.58574],[35.91855,33.54675],[35.94185,33.54675],[35.96514,33.54675],[35.98844,33.54675],[36.01173,33.54675],[36.03502,33.54675],[36.15149,33.68321],[36.66395,34.32649],[36.73383,34.52143],[36.64066,34.57991]]],[[[35.84867,33.72219],[35.87197,33.7027],[36.1049,33.68321],[36.1282,33.7027],[36.29125,33.93662],[36.66395,34.44345],[36.68725,34.54092],[36.66395,34.56042],[36.64066,34.56042],[36.54748,34.54092],[36.4776,34.50194],[36.38443,34.40447],[36.08161,34.09257],[35.91855,33.91713],[35.84867,33.80017],[35.82538,33.76118],[35.84867,33.72219]]],[[[36.64066,34.54092],[36.61737,34.54092],[36.59407,34.54092],[36.52419,34.52143],[36.5009,34.50194],[36.4776,34.48244],[36.45431,34.46295],[36.31455,34.32649],[36.1049,34.11206],[35.96514,33.95612],[35.91855,33.89764],[35.87197,33.81966],[35.84867,33.74169],[35.87197,33.72219],[35.89526,33.72219],[35.94185,33.76118],[35.96514,33.78068],[35.98844,33.80017],[36.01173,33.81966],[36.03502,33.83916],[36.05832,33.85865],[36.1049,33.89764],[36.1282,33.91713],[36.15149,33.93662],[36.17478,33.95612],[36.33784,34.13156],[36.40772,34.20953],[36.66395,34.50194],[36.66395,34.52143],[36.66395,34.54092],[36.64066,34.54092]]],[[[35.89526,33.80017],[35.91855,33.78068],[35.94185,33.78068],[36.03502,33.83916],[36.05832,33.85865],[36.1282,33.91713],[36.15149,33.93662],[36.17478,33.95612],[36.31455,34.11206],[36.43102,34.24852],[36.54748,34.38497],[36.57078,34.42396],[36.57078,34.44345],[36.5009,34.48244],[36.4776,34.46295],[36.45431,34.44345],[36.43102,34.42396],[36.40772,34.40447],[36.31455,34.307],[36.08161,34.07308],[35.98844,33.97561],[35.91855,33.89764],[35.87197,33.81966],[35.89526,33.80017]]],[[[35.91855,33.87814],[35.89526,33.80017],[35.91855,33.78068],[35.94185,33.78068],[36.15149,33.93662],[36.17478,33.95612],[36.29125,34.09257],[36.40772,34.22903],[36.52419,34.36548],[36.52419,34.38497],[36.52419,34.40447],[36.5009,34.42396],[36.4776,34.44345],[36.45431,34.44345],[36.43102,34.42396],[36.40772,34.40447],[36.31455,34.307],[36.22137,34.20953],[36.1282,34.11206],[35.98844,33.95612],[35.91855,33.87814]]],[[[35.94185,33.89764],[35.94185,33.87814],[35.96514,33.85865],[36.01173,33.83916],[36.03502,33.85865],[36.05832,33.87814],[36.08161,33.89764],[36.1049,33.91713],[36.1282,33.93662],[36.15149,33.95612],[36.31455,34.13156],[36.40772,34.24852],[36.40772,34.26801],[36.24467,34.22903],[36.1282,34.11206],[35.98844,33.95612],[35.94185,33.89764]]],[[[35.94185,33.89764],[35.94185,33.87814],[35.96514,33.85865],[36.01173,33.83916],[36.05832,33.87814],[36.08161,33.89764],[36.1282,33.93662],[36.15149,33.95612],[36.31455,34.13156],[36.33784,34.17055],[36.31455,34.19004],[36.29125,34.19004],[36.26796,34.19004],[36.24467,34.19004],[36.17478,34.13156],[36.15149,34.11206],[36.1282,34.09257],[36.1049,34.07308],[36.08161,34.05358],[36.01173,33.97561],[35.94185,33.89764]]],[[[36.01173,33.97561],[35.96514,33.91713],[35.96514,33.87814],[35.98844,33.85865],[36.01173,33.85865],[36.03502,33.87814],[36.05832,33.89764],[36.08161,33.91713],[36.1049,33.93662],[36.1282,33.95612],[36.15149,33.97561],[36.29125,34.13156],[36.26796,34.13156],[36.24467,34.13156],[36.1282,34.09257],[36.1049,34.07308],[36.01173,33.97561]]],[[[35.98844,33.89764],[35.98844,33.87814],[36.01173,33.87814],[36.03502,33.87814],[36.05832,33.89764],[36.08161,33.91713],[36.1049,33.93662],[36.1282,33.95612],[36.1049,33.95612],[36.08161,33.95612],[36.05832,33.95612],[36.03502,33.93662],[36.01173,33.91713],[35.98844,33.89764]]]],\"type\":\"MultiPolygon\"},\"properties\":{\"format\":\"isobands\",\"id\":\"gffb7d8.isobands\",\"land_or_water\":\"land\",\"max_confidence\":90,\"min_confidence\":10,\"role\":\"isobands\"},\"type\":\"Feature\"},{\"geometry\":{\"coordinates\":[36.150833,33.935278],\"type\":\"Point\"},\"properties\":{\"id\":\"md56681.point\"},\"type\":\"Feature\"}],\"metadata\":{\"name\":\"Zobah\"},\"type\":\"FeatureCollection\"}","anotherNames":null,"koreanName":"소바","anotherKoreanNames":null},{"id":"ae7f7b5","name":"Zophim","imageTitle":"m6924bf.satellite.jpg","isModern":false,"stereo":"parent","description":"The 'Field of Zophim' is mentioned only once in the Bible as a location on the top of Mount Pisgah, where Balaam was taken by Balak to curse Israel (Numbers 23:14).\nIt literally means 'Field of the Watchers' or 'Lookout', suggesting a high vantage point for viewing the Israelite camps.\nIt is generally associated with the mountainous region of Abarim, possibly near or on Mount Nebo, which overlooks the Jordan Valley and the Dead Sea.","koreanDescription":"성경에 단 한 번 언급되는 장소로, 발락이 이스라엘을 저주하게 하려고 발람을 데리고 올라갔던 비스가 산 꼭대기에 있는 '소빔 들'입니다(민수기 23:14).\n글자 그대로 '파수꾼들의 들' 또는 '전망대'라는 뜻이며, 이스라엘 진영을 내려다볼 수 있는 높은 지점이었음을 암시합니다.\n요단 계곡과 사해를 굽어보는 느보 산 근처 또는 그 위에 있는 아바림 산맥 지역과 관련이 있는 것으로 여겨집니다.","verses":["Num.23.14"],"placeUrl":"/geo/ancient/ae7f7b5/zophim","identificationPaths":["/geo/modern/m6924bf","/geo/modern/m07d05e","/geo/modern/m25a76c","/geo/modern/m207993","/geo/modern/m7aba95"],"types":["natural area"],"unknownPlacePossibility":null,"geojsonText":"{\"bbox\":[35.56354,31.42373,35.86982,32.071536],\"features\":[{\"geometry\":{\"coordinates\":[[[[35.56354,31.56646],[35.56354,31.55548],[35.56354,31.5445],[35.5763,31.48961],[35.58906,31.47863],[35.60182,31.46765],[35.61458,31.45667],[35.67839,31.42373],[35.69115,31.42373],[35.85706,31.74211],[35.86982,31.77505],[35.86982,31.78603],[35.86982,31.79701],[35.85706,31.80798],[35.75496,31.81896],[35.7422,31.81896],[35.72944,31.81896],[35.71668,31.81896],[35.70392,31.81896],[35.69115,31.81896],[35.67839,31.81896],[35.61458,31.77505],[35.60182,31.76407],[35.58906,31.72016],[35.5763,31.65428],[35.56354,31.57743],[35.56354,31.56646]]],[[[35.65287,31.79701],[35.64011,31.78603],[35.62734,31.77505],[35.61458,31.76407],[35.60182,31.75309],[35.58906,31.72016],[35.5763,31.63233],[35.5763,31.62135],[35.62734,31.51156],[35.65287,31.50058],[35.66563,31.51156],[35.76772,31.61037],[35.85706,31.75309],[35.86982,31.78603],[35.86982,31.79701],[35.8443,31.80798],[35.75496,31.81896],[35.7422,31.81896],[35.72944,31.81896],[35.71668,31.81896],[35.70392,31.81896],[35.69115,31.81896],[35.67839,31.81896],[35.66563,31.80798],[35.65287,31.79701]]],[[[35.62734,31.73113],[35.61458,31.72016],[35.60182,31.6982],[35.58906,31.67624],[35.58906,31.66526],[35.58906,31.65428],[35.61458,31.61037],[35.62734,31.61037],[35.64011,31.61037],[35.65287,31.61037],[35.67839,31.61037],[35.69115,31.61037],[35.70392,31.61037],[35.71668,31.61037],[35.78049,31.78603],[35.76772,31.79701],[35.75496,31.79701],[35.62734,31.73113]]],[[[35.69115,31.73113],[35.66563,31.6982],[35.65287,31.67624],[35.64011,31.65428],[35.64011,31.64331],[35.64011,31.63233],[35.65287,31.63233],[35.66563,31.63233],[35.67839,31.64331],[35.71668,31.6982],[35.72944,31.72016],[35.72944,31.73113],[35.72944,31.74211],[35.71668,31.74211],[35.70392,31.74211],[35.69115,31.73113]]],[[[35.70392,31.73113],[35.69115,31.73113],[35.67839,31.65428],[35.67839,31.64331],[35.69115,31.66526],[35.70392,31.68722],[35.72944,31.73113],[35.71668,31.73113],[35.70392,31.73113]]]],\"type\":\"MultiPolygon\"},\"properties\":{\"format\":\"isobands\",\"id\":\"g3d49f6.isobands\",\"land_or_water\":\"land\",\"max_confidence\":50,\"min_confidence\":10,\"role\":\"isobands\"},\"type\":\"Feature\"},{\"geometry\":{\"coordinates\":[[[35.725257,31.767932],[35.725154,31.767797],[35.725738,31.767476],[35.72584,31.767611],[35.725257,31.767932]]],\"type\":\"Polygon\"},\"properties\":{\"id\":\"g65cdce.geometry\",\"land_or_water\":\"land\"},\"type\":\"Feature\"},{\"geometry\":{\"coordinates\":[35.725556,31.767778],\"type\":\"Point\"},\"properties\":{\"id\":\"m07d05e.point\"},\"type\":\"Feature\"},{\"geometry\":{\"coordinates\":[35.7152,31.7539],\"type\":\"Point\"},\"properties\":{\"id\":\"m207993.point\"},\"type\":\"Feature\"},{\"geometry\":{\"coordinates\":[35.75,31.766667],\"type\":\"Point\"},\"properties\":{\"id\":\"m25a76c.point\"},\"type\":\"Feature\"},{\"geometry\":{\"coordinates\":[35.73394,31.77107],\"type\":\"Point\"},\"properties\":{\"id\":\"m6924bf.point\"},\"type\":\"Feature\"},{\"geometry\":{\"coordinates\":[35.708552,32.071536],\"type\":\"Point\"},\"properties\":{\"id\":\"m7aba95.point\"},\"type\":\"Feature\"}],\"metadata\":{\"geometry_credit\":\"Some data © OpenStreetMap contributors\",\"name\":\"Zophim\"},\"type\":\"FeatureCollection\"}","anotherNames":null,"koreanName":"소빔","anotherKoreanNames":null},{"id":"a08174b","name":"Zorah","imageTitle":"m3c1506.id63ef4.jpg","isModern":false,"stereo":"parent","description":"Zorah was a town in the Shephelah (lowlands) of Judah, located on the border between the tribes of Judah and Dan (Joshua 15:33; 19:41).\nIt is most famous as the birthplace of the judge Samson (Judges 13:2, 25; 16:31).\nIt was later fortified by Rehoboam and was reoccupied by Judahites after the exile (2 Chronicles 11:10; Nehemiah 11:29).","koreanDescription":"유다 지파의 세펠라(저지대)에 있던 성읍으로, 유다 지파와 단 지파의 경계에 위치했습니다(여호수아 15:33; 19:41).\n가장 잘 알려진 것은 사사 삼손의 출생지라는 사실입니다(사사기 13:2, 25; 16:31).\n후에 르호보암에 의해 요새화되었고, 포로기 이후에 유다 사람들에 의해 다시 거주되었습니다(역대하 11:10; 느헤미야 11:29).","verses":["Josh.15.33","Josh.19.41","Judg.13.2","Judg.13.25","Judg.16.31","Judg.18.2","Judg.18.8","Judg.18.11","1Chr.2.53","2Chr.11.10","Neh.11.29"],"placeUrl":"/geo/ancient/a08174b/zorah","identificationPaths":["/geo/modern/m3c1506"],"types":["settlement"],"unknownPlacePossibility":null,"geojsonText":"{\"features\":[{\"geometry\":{\"coordinates\":[34.985289,31.773992],\"type\":\"Point\"},\"properties\":{\"id\":\"m3c1506.point\"},\"type\":\"Feature\"}],\"metadata\":{\"name\":\"Zorah\"},\"type\":\"FeatureCollection\"}","anotherNames":null,"koreanName":"소라","anotherKoreanNames":null},{"id":"a4d0250","name":"Zuph","imageTitle":"m67501d.i016212.jpg","isModern":false,"stereo":"parent","description":"The 'Land of Zuph' or 'Ephraimite Hills' is the area where Saul and his servant searched for his father's lost donkeys (1 Samuel 9:5).\nIt is associated with the region where Samuel and Saul met, likely a district in the hill country of Ephraim (Samuel's home region).\nIts exact boundaries are unclear but are generally placed in the central hill country of Israel, potentially encompassing the area near modern Ramallah or Nabi Samwil.","koreanDescription":"'숩 땅' 또는 '에브라임 산지'는 사울과 그의 종이 잃어버린 아버지의 암나귀를 찾던 지역입니다(사무엘상 9:5).\n사무엘과 사울이 만난 지역과 관련이 있으며, 사무엘의 고향 지역인 에브라임 산지의 한 구역이었을 것입니다.\n정확한 경계는 불분명하지만, 대략적으로 이스라엘의 중앙 산악 지대에 위치하며, 현대의 라말라 또는 나비 사무엘 근처 지역을 포함할 수 있습니다.","verses":["1Sam.9.5"],"placeUrl":"/geo/ancient/a4d0250/zuph","identificationPaths":["/geo/modern/m67501d","/geo/modern/m960e84","/geo/modern/mcd60ca","/geo/modern/m0d7bb1","/geo/modern/m77f703","/geo/modern/mebe332","/geo/modern/m17b4ff"],"types":["region"],"unknownPlacePossibility":null,"geojsonText":"{\"bbox\":[34.91337,31.64997,35.33749,32.12279],\"features\":[{\"geometry\":{\"coordinates\":[[[35.2169,31.82983],[35.20583,31.82934],[35.19489,31.82787],[35.18419,31.82543],[35.17385,31.82205],[35.16398,31.81777],[35.15469,31.81264],[35.14609,31.80671],[35.13826,31.80005],[35.1313,31.79273],[35.12527,31.78483],[35.12025,31.77644],[35.11629,31.76765],[35.11344,31.75856],[35.11172,31.74926],[35.11115,31.73986],[35.11174,31.73046],[35.11348,31.72116],[35.11635,31.71207],[35.12033,31.70329],[35.12536,31.6949],[35.13139,31.68701],[35.13836,31.6797],[35.14619,31.67305],[35.15479,31.66713],[35.16407,31.66201],[35.17392,31.65774],[35.18425,31.65437],[35.19493,31.65193],[35.20585,31.65046],[35.2169,31.64997],[35.22794,31.65046],[35.23886,31.65193],[35.24954,31.65437],[35.25987,31.65774],[35.26973,31.66201],[35.279,31.66713],[35.2876,31.67305],[35.29543,31.6797],[35.3024,31.68701],[35.30843,31.6949],[35.31346,31.70329],[35.31744,31.71207],[35.32031,31.72116],[35.32205,31.73046],[35.32264,31.73986],[35.32207,31.74926],[35.32035,31.75856],[35.3175,31.76765],[35.31354,31.77644],[35.30852,31.78483],[35.3025,31.79273],[35.29553,31.80005],[35.28771,31.80671],[35.2791,31.81264],[35.26981,31.81777],[35.25995,31.82205],[35.2496,31.82543],[35.2389,31.82787],[35.22796,31.82934],[35.2169,31.82983]]],\"type\":\"Polygon\"},\"properties\":{\"id\":\"g368292.geometry\",\"land_or_water\":\"land\"},\"type\":\"Feature\"},{\"geometry\":{\"coordinates\":[[[35.20167,31.98688],[35.19058,31.98638],[35.17962,31.98491],[35.1689,31.98247],[35.15854,31.97909],[35.14866,31.97482],[35.13936,31.96969],[35.13074,31.96376],[35.1229,31.9571],[35.11592,31.94978],[35.10989,31.94188],[35.10486,31.93349],[35.10089,31.92469],[35.09803,31.9156],[35.09631,31.9063],[35.09574,31.8969],[35.09633,31.8875],[35.09808,31.8782],[35.10095,31.86911],[35.10494,31.86033],[35.10998,31.85195],[35.11602,31.84405],[35.123,31.83674],[35.13084,31.83009],[35.13945,31.82417],[35.14875,31.81905],[35.15862,31.81478],[35.16896,31.81141],[35.17966,31.80898],[35.19061,31.8075],[35.20167,31.80701],[35.21273,31.8075],[35.22367,31.80898],[35.23437,31.81141],[35.24471,31.81478],[35.25459,31.81905],[35.26388,31.82417],[35.27249,31.83009],[35.28033,31.83674],[35.28731,31.84405],[35.29336,31.85195],[35.2984,31.86033],[35.30238,31.86911],[35.30526,31.8782],[35.307,31.8875],[35.30759,31.8969],[35.30702,31.9063],[35.3053,31.9156],[35.30244,31.92469],[35.29847,31.93349],[35.29345,31.94188],[35.28741,31.94978],[35.28044,31.9571],[35.2726,31.96376],[35.26398,31.96969],[35.25468,31.97482],[35.24479,31.97909],[35.23443,31.98247],[35.22371,31.98491],[35.21275,31.98638],[35.20167,31.98688]]],\"type\":\"Polygon\"},\"properties\":{\"id\":\"g3f0d1c.geometry\",\"land_or_water\":\"land\"},\"type\":\"Feature\"},{\"geometry\":{\"coordinates\":[[[35.18015,31.92267],[35.16907,31.92217],[35.15812,31.9207],[35.14741,31.91826],[35.13706,31.91488],[35.12718,31.91061],[35.11788,31.90547],[35.10927,31.89955],[35.10143,31.89289],[35.09446,31.88557],[35.08843,31.87767],[35.08341,31.86928],[35.07945,31.86048],[35.07659,31.85139],[35.07487,31.84209],[35.0743,31.83269],[35.07489,31.82329],[35.07663,31.81399],[35.07951,31.8049],[35.08349,31.79612],[35.08852,31.78773],[35.09456,31.77984],[35.10154,31.77253],[35.10937,31.76588],[35.11798,31.75996],[35.12727,31.75484],[35.13713,31.75057],[35.14747,31.7472],[35.15816,31.74476],[35.1691,31.74329],[35.18015,31.7428],[35.1912,31.74329],[35.20214,31.74476],[35.21283,31.7472],[35.22317,31.75057],[35.23303,31.75484],[35.24232,31.75996],[35.25093,31.76588],[35.25876,31.77253],[35.26574,31.77984],[35.27178,31.78773],[35.27681,31.79612],[35.28079,31.8049],[35.28367,31.81399],[35.28541,31.82329],[35.286,31.83269],[35.28543,31.84209],[35.28371,31.85139],[35.28085,31.86048],[35.27689,31.86928],[35.27187,31.87767],[35.26584,31.88557],[35.25887,31.89289],[35.25103,31.89955],[35.24242,31.90547],[35.23312,31.91061],[35.22324,31.91488],[35.21289,31.91826],[35.20218,31.9207],[35.19123,31.92217],[35.18015,31.92267]]],\"type\":\"Polygon\"},\"properties\":{\"id\":\"g64d134.geometry\",\"land_or_water\":\"land\"},\"type\":\"Feature\"},{\"geometry\":{\"coordinates\":[[[35.1025,32.12279],[35.0914,32.1223],[35.08042,32.12082],[35.06969,32.11839],[35.05931,32.11501],[35.04941,32.11073],[35.0401,32.1056],[35.03146,32.09967],[35.02361,32.09301],[35.01663,32.08569],[35.01058,32.07779],[35.00555,32.0694],[35.00158,32.06061],[34.99871,32.05152],[34.99699,32.04222],[34.99642,32.03282],[34.99701,32.02342],[34.99876,32.01412],[35.00164,32.00503],[35.00563,31.99624],[35.01067,31.98786],[35.01673,31.97997],[35.02372,31.97266],[35.03157,31.96601],[35.04019,31.96009],[35.0495,31.95497],[35.05939,31.9507],[35.06975,31.94733],[35.08047,31.94489],[35.09142,31.94342],[35.1025,31.94293],[35.11358,31.94342],[35.12453,31.94489],[35.13525,31.94733],[35.14561,31.9507],[35.1555,31.95497],[35.16481,31.96009],[35.17343,31.96601],[35.18128,31.97266],[35.18827,31.97997],[35.19433,31.98786],[35.19937,31.99624],[35.20336,32.00503],[35.20624,32.01412],[35.20799,32.02342],[35.20858,32.03282],[35.20801,32.04222],[35.20629,32.05152],[35.20342,32.06061],[35.19945,32.0694],[35.19442,32.07779],[35.18837,32.08569],[35.18139,32.09301],[35.17354,32.09967],[35.1649,32.1056],[35.15559,32.11073],[35.14569,32.11501],[35.13531,32.11839],[35.12458,32.12082],[35.1136,32.1223],[35.1025,32.12279]]],\"type\":\"Polygon\"},\"properties\":{\"id\":\"g6acff1.geometry\",\"land_or_water\":\"land\"},\"type\":\"Feature\"},{\"geometry\":{\"coordinates\":[[[35.21496,31.99507],[35.20387,31.99458],[35.19291,31.99311],[35.18219,31.99067],[35.17183,31.98729],[35.16194,31.98301],[35.15264,31.97788],[35.14402,31.97195],[35.13618,31.96529],[35.1292,31.95797],[35.12317,31.95008],[35.11814,31.94168],[35.11418,31.93289],[35.11132,31.9238],[35.10959,31.9145],[35.10902,31.9051],[35.10961,31.8957],[35.11136,31.8864],[35.11424,31.87731],[35.11822,31.86853],[35.12326,31.86014],[35.1293,31.85225],[35.13628,31.84494],[35.14412,31.83829],[35.15274,31.83237],[35.16203,31.82725],[35.17191,31.82298],[35.18225,31.81961],[35.19295,31.81717],[35.2039,31.8157],[35.21496,31.81521],[35.22602,31.8157],[35.23696,31.81717],[35.24766,31.81961],[35.25801,31.82298],[35.26788,31.82725],[35.27718,31.83237],[35.28579,31.83829],[35.29363,31.84494],[35.30061,31.85225],[35.30666,31.86014],[35.3117,31.86853],[35.31568,31.87731],[35.31856,31.8864],[35.3203,31.8957],[35.32089,31.9051],[35.32032,31.9145],[35.3186,31.9238],[35.31574,31.93289],[35.31177,31.94168],[35.30675,31.95008],[35.30071,31.95797],[35.29374,31.96529],[35.28589,31.97195],[35.27728,31.97788],[35.26797,31.98301],[35.25808,31.98729],[35.24772,31.99067],[35.237,31.99311],[35.22604,31.99458],[35.21496,31.99507]]],\"type\":\"Polygon\"},\"properties\":{\"id\":\"ga6d75e.geometry\",\"land_or_water\":\"land\"},\"type\":\"Feature\"},{\"geometry\":{\"coordinates\":[[[35.23161,31.94427],[35.22053,31.94378],[35.20958,31.9423],[35.19886,31.93987],[35.18851,31.93649],[35.17863,31.93221],[35.16933,31.92708],[35.16071,31.92115],[35.15288,31.91449],[35.1459,31.90717],[35.13987,31.89927],[35.13485,31.89088],[35.13088,31.88209],[35.12802,31.873],[35.1263,31.8637],[35.12573,31.8543],[35.12632,31.8449],[35.12807,31.8356],[35.13094,31.82651],[35.13492,31.81772],[35.13996,31.80934],[35.146,31.80145],[35.15298,31.79414],[35.16082,31.78749],[35.16943,31.78157],[35.17872,31.77645],[35.18858,31.77218],[35.19892,31.76881],[35.20962,31.76637],[35.22055,31.7649],[35.23161,31.76441],[35.24267,31.7649],[35.2536,31.76637],[35.2643,31.76881],[35.27464,31.77218],[35.2845,31.77645],[35.29379,31.78157],[35.3024,31.78749],[35.31024,31.79414],[35.31722,31.80145],[35.32326,31.80934],[35.3283,31.81772],[35.33228,31.82651],[35.33515,31.8356],[35.3369,31.8449],[35.33749,31.8543],[35.33692,31.8637],[35.3352,31.873],[35.33234,31.88209],[35.32837,31.89088],[35.32335,31.89927],[35.31732,31.90717],[35.31034,31.91449],[35.30251,31.92115],[35.29389,31.92708],[35.28459,31.93221],[35.27471,31.93649],[35.26436,31.93987],[35.25364,31.9423],[35.24269,31.94378],[35.23161,31.94427]]],\"type\":\"Polygon\"},\"properties\":{\"id\":\"ga81f57.geometry\",\"land_or_water\":\"land\"},\"type\":\"Feature\"},{\"geometry\":{\"coordinates\":[[[35.01944,32.11799],[35.00834,32.11749],[34.99737,32.11602],[34.98663,32.11358],[34.97626,32.11021],[34.96636,32.10593],[34.95704,32.1008],[34.94841,32.09487],[34.94056,32.08821],[34.93358,32.08089],[34.92753,32.07299],[34.9225,32.0646],[34.91853,32.05581],[34.91566,32.04671],[34.91394,32.03741],[34.91337,32.02801],[34.91396,32.01861],[34.9157,32.00932],[34.91859,32.00023],[34.92258,31.99144],[34.92762,31.98306],[34.93367,31.97517],[34.94066,31.96786],[34.94852,31.9612],[34.95714,31.95528],[34.96645,31.95016],[34.97634,31.94589],[34.98669,31.94252],[34.99741,31.94009],[35.00837,31.93862],[35.01944,31.93812],[35.03052,31.93862],[35.04148,31.94009],[35.05219,31.94252],[35.06255,31.94589],[35.07244,31.95016],[35.08175,31.95528],[35.09037,31.9612],[35.09822,31.96786],[35.10521,31.97517],[35.11127,31.98306],[35.11631,31.99144],[35.1203,32.00023],[35.12318,32.00932],[35.12493,32.01861],[35.12552,32.02801],[35.12495,32.03741],[35.12323,32.04671],[35.12036,32.05581],[35.11639,32.0646],[35.11136,32.07299],[35.10531,32.08089],[35.09833,32.08821],[35.09048,32.09487],[35.08184,32.1008],[35.07253,32.10593],[35.06263,32.11021],[35.05225,32.11358],[35.04152,32.11602],[35.03054,32.11749],[35.01944,32.11799]]],\"type\":\"Polygon\"},\"properties\":{\"id\":\"gae65fa.geometry\",\"land_or_water\":\"land\"},\"type\":\"Feature\"},{\"geometry\":{\"coordinates\":[35.201667,31.896944],\"type\":\"Point\"},\"properties\":{\"id\":\"m0d7bb1.10000m\"},\"type\":\"Feature\"},{\"geometry\":{\"coordinates\":[35.18015,31.832733],\"type\":\"Point\"},\"properties\":{\"id\":\"m17b4ff.10000m\"},\"type\":\"Feature\"},{\"geometry\":{\"coordinates\":[35.23161,31.85434],\"type\":\"Point\"},\"properties\":{\"id\":\"m67501d.10000m\"},\"type\":\"Feature\"},{\"geometry\":{\"coordinates\":[35.216896,31.739901],\"type\":\"Point\"},\"properties\":{\"id\":\"m77f703.10000m\"},\"type\":\"Feature\"},{\"geometry\":{\"coordinates\":[35.019444,32.028056],\"type\":\"Point\"},\"properties\":{\"id\":\"m960e84.10000m\"},\"type\":\"Feature\"},{\"geometry\":{\"coordinates\":[35.1025,32.03286],\"type\":\"Point\"},\"properties\":{\"id\":\"mcd60ca.10000m\"},\"type\":\"Feature\"},{\"geometry\":{\"coordinates\":[35.214958,31.905142],\"type\":\"Point\"},\"properties\":{\"id\":\"mebe332.10000m\"},\"type\":\"Feature\"}],\"metadata\":{\"name\":\"Zuph\"},\"type\":\"FeatureCollection\"}","anotherNames":null,"koreanName":"숩","anotherKoreanNames":null},{"id":"mc013b6","name":"Tanis (ancient name)","isModern":true,"stereo":"child","description":"Tanis is the modern location identified as the ancient Egyptian city of Zoan (ac31fee).\nLocated in the northeastern Nile Delta, it was a major royal city, particularly during the Third Intermediate Period of Egypt.\nThe site is now known as San el Hagar and contains extensive archaeological remains, including temples and royal tombs.","koreanDescription":"고대 이집트 도시 소안(Zoan, ac31fee)으로 식별되는 현대의 장소입니다. \n나일강 삼각주 북동쪽에 위치하며, 특히 이집트 제3중간기 동안 주요 왕실 도시였습니다. \n현재는 산 엘 하가르(San el Hagar)로 알려져 있으며, 신전과 왕릉을 포함한 광범위한 고고학적 유적이 남아 있습니다.","imageTitle":"mc013b6.if2362d.jpg","types":["settlement"],"geojsonText":"{\"bbox\":[31.875361,30.960924,31.891574,30.98408],\"features\":[{\"geometry\":{\"coordinates\":[31.88,30.976944],\"type\":\"Point\"},\"properties\":{\"id\":\"mc013b6.point\",\"role\":\"point\"},\"type\":\"Feature\"},{\"geometry\":{\"coordinates\":[[[31.890838,30.971776],[31.891187,30.972366],[31.891259,30.972879],[31.891223,30.973555],[31.891141,30.973757],[31.891205,30.975054],[31.891486,30.977404],[31.891326,30.977893],[31.891045,30.978475],[31.890446,30.979819],[31.890283,30.980146],[31.890108,30.980462],[31.889583,30.981299],[31.889094,30.982072],[31.889066,30.982179],[31.889069,30.982389],[31.8891,30.982809],[31.889248,30.983173],[31.888567,30.983439],[31.888018,30.983481],[31.887993,30.98342],[31.887882,30.983417],[31.88779,30.983226],[31.887754,30.983137],[31.887221,30.983151],[31.887131,30.983092],[31.886929,30.983062],[31.886431,30.982998],[31.886366,30.982949],[31.886135,30.983055],[31.886023,30.982778],[31.885647,30.982771],[31.885967,30.983667],[31.882405,30.983645],[31.880859,30.98408],[31.880282,30.983241],[31.878826,30.981038],[31.878522,30.980756],[31.877523,30.980177],[31.876389,30.979224],[31.876006,30.978803],[31.876416,30.978341],[31.876402,30.977754],[31.876416,30.97704],[31.875698,30.975294],[31.875429,30.974991],[31.875361,30.974678],[31.875376,30.974552],[31.875587,30.974069],[31.876244,30.973756],[31.876291,30.973786],[31.876441,30.973674],[31.876398,30.973632],[31.877114,30.973028],[31.877374,30.972843],[31.8786,30.972366],[31.879592,30.972043],[31.879832,30.971904],[31.880251,30.971558],[31.880731,30.97102],[31.881161,30.970253],[31.882065,30.968859],[31.882601,30.968045],[31.882989,30.967435],[31.883987,30.965666],[31.884196,30.965334],[31.884372,30.965111],[31.884529,30.964938],[31.884776,30.964728],[31.885133,30.964439],[31.886526,30.963396],[31.889642,30.960924],[31.890517,30.9616],[31.891001,30.962089],[31.891574,30.962649],[31.890983,30.963115],[31.889727,30.964439],[31.888049,30.965463],[31.887714,30.96728],[31.887747,30.96732],[31.889003,30.968064],[31.889169,30.968206],[31.889243,30.968331],[31.889374,30.970125],[31.890838,30.971776]]],\"type\":\"Polygon\"},\"properties\":{\"id\":\"g16fceb.local\",\"land_or_water\":\"land\",\"role\":\"local\"},\"type\":\"Feature\"}],\"metadata\":{\"class\":\"human\",\"geometry_credit\":\"Some data © OpenStreetMap contributors\",\"land_or_water\":\"land\",\"name\":\"Tanis\",\"type\":\"settlement\"},\"type\":\"FeatureCollection\"}","anotherNames":"San el Hagar, Tall San al Hajar","koreanName":"타니스 (고대 이름)","anotherKoreanNames":"산 엘 하가르, 탈 산 알 하잘"},{"id":"m28cd4b","name":"Al Safi","isModern":true,"stereo":"child","description":"Al Safi (also known as Es Safi) is a modern settlement in Jordan, located near the southeastern shore of the Dead Sea, in the general region where the biblical city of Zoar (aacfcda) is traditionally sought.\nIts location in the fertile Ghor region makes it a prominent candidate for the site of ancient Zoar, alongside other nearby locations.","koreanDescription":"알 사피(Es Safi)는 요르단의 현대 정착지이며, 사해의 남동쪽 해안 근처에 위치합니다. 성경의 도시 소알(Zoar, aacfcda)의 전통적인 후보지 중 하나인 지역입니다.\n비옥한 고르(Ghor) 지역에 위치하여 고대 소알 유적지로 간주되는 유력한 후보지 중 하나입니다.","imageTitle":"m28cd4b.i7f6d6c.jpg","types":["settlement"],"geojsonText":"{\"bbox\":[35.48503,31.03466,35.49028,31.03915],\"features\":[{\"geometry\":{\"coordinates\":[35.487657,31.036904],\"type\":\"Point\"},\"properties\":{\"id\":\"m28cd4b.point\",\"role\":\"point\"},\"type\":\"Feature\"},{\"geometry\":{\"coordinates\":[[[35.48766,31.03915],[35.48738,31.03914],[35.48711,31.0391],[35.48685,31.03904],[35.48659,31.03896],[35.48634,31.03885],[35.48611,31.03872],[35.4859,31.03857],[35.48571,31.03841],[35.48553,31.03823],[35.48538,31.03803],[35.48526,31.03782],[35.48516,31.0376],[35.48509,31.03737],[35.48505,31.03714],[35.48503,31.0369],[35.48505,31.03667],[35.48509,31.03644],[35.48516,31.03621],[35.48526,31.03599],[35.48538,31.03578],[35.48553,31.03558],[35.48571,31.0354],[35.4859,31.03523],[35.48611,31.03509],[35.48635,31.03496],[35.48659,31.03485],[35.48685,31.03477],[35.48711,31.0347],[35.48738,31.03467],[35.48766,31.03466],[35.48793,31.03467],[35.4882,31.0347],[35.48847,31.03477],[35.48872,31.03485],[35.48897,31.03496],[35.4892,31.03509],[35.48941,31.03523],[35.48961,31.0354],[35.48978,31.03558],[35.48993,31.03578],[35.49005,31.03599],[35.49015,31.03621],[35.49022,31.03644],[35.49027,31.03667],[35.49028,31.0369],[35.49027,31.03714],[35.49022,31.03737],[35.49015,31.0376],[35.49005,31.03782],[35.48993,31.03803],[35.48978,31.03823],[35.48961,31.03841],[35.48941,31.03857],[35.4892,31.03872],[35.48897,31.03885],[35.48872,31.03896],[35.48847,31.03904],[35.4882,31.0391],[35.48793,31.03914],[35.48766,31.03915]]],\"type\":\"Polygon\"},\"properties\":{\"id\":\"gcb3e99.precision_radius\",\"land_or_water\":\"land\",\"role\":\"precision_radius\"},\"type\":\"Feature\"}],\"metadata\":{\"class\":\"human\",\"land_or_water\":\"land\",\"name\":\"Al Safi\",\"type\":\"settlement\"},\"type\":\"FeatureCollection\"}","anotherNames":"Es Safi","koreanName":"알 사피","anotherKoreanNames":"에스 사피"},{"id":"m3edbe2","name":"South of the Lisan","isModern":true,"stereo":"child","description":"This is a modern geographical area referring to the land located immediately south of the Lisan peninsula, which projects into the Dead Sea.\nThis region is one of the possible areas for the biblical city of Zoar (aacfcda). The Lisan is a distinctive geographical feature of the Dead Sea.","koreanDescription":"사해(死海)로 돌출한 리산 반도(Lisan peninsula) 바로 남쪽에 위치한 현대의 지리적 영역을 나타냅니다. \n이 지역은 성경의 도시 소알(Zoar, aacfcda)의 가능한 위치 중 하나로 간주됩니다. 리산 반도는 사해의 독특한 지리적 특징입니다.","imageTitle":"m3edbe2.i0213bf.jpg","types":["region"],"geojsonText":"{\"bbox\":[35.305248,30.90329,35.546828,31.314783],\"features\":[{\"geometry\":{\"coordinates\":[35.449223,31.20849],\"type\":\"Point\"},\"properties\":{\"id\":\"m3edbe2.representative_point\",\"role\":\"representative_point\"},\"type\":\"Feature\"},{\"geometry\":{\"coordinates\":[[[35.408824,31.314783],[35.305248,30.924507],[35.479241,30.90329],[35.546828,31.303317],[35.408824,31.314783]]],\"type\":\"Polygon\"},\"properties\":{\"id\":\"g9db00b.geometry\",\"land_or_water\":\"land\",\"role\":\"geometry\"},\"type\":\"Feature\"}],\"metadata\":{\"class\":\"natural\",\"land_or_water\":\"land\",\"name\":\"south of the Lisan\",\"type\":\"region\"},\"type\":\"FeatureCollection\"}","anotherNames":null,"koreanName":"리산 남쪽","anotherKoreanNames":null},{"id":"m56a09d","name":"North of the Dead Sea","isModern":true,"stereo":"child","description":"This modern geographical designation refers to the region immediately north of the Dead Sea, encompassing the plains near the mouth of the Jordan River.\nThis area is a low-possibility alternative identification for the biblical city of Zoar (aacfcda), although most scholarship places Zoar further south.","koreanDescription":"요단강 하구 근처의 평야를 포함하여 사해 바로 북쪽에 위치한 현대의 지리적 명칭입니다.\n대부분의 학설은 소알을 더 남쪽에 두지만, 이 지역은 성경의 도시 소알(Zoar, aacfcda)의 낮은 가능성의 대체 후보지 중 하나입니다.","imageTitle":"m56a09d.i7f1cd9.jpg","types":["region"],"geojsonText":"{\"bbox\":[35.377756,31.738839,35.701387,32.0442],\"features\":[{\"geometry\":{\"coordinates\":[35.595278,31.795],\"type\":\"Point\"},\"properties\":{\"id\":\"m56a09d.representative_point\",\"role\":\"representative_point\"},\"type\":\"Feature\"},{\"geometry\":{\"coordinates\":[[[35.641497,31.738839],[35.701387,31.844513],[35.595213,31.965858],[35.605654,32.028979],[35.473661,32.0442],[35.447941,31.960009],[35.398864,31.951947],[35.377756,31.918242],[35.421166,31.893264],[35.430094,31.847714],[35.454051,31.779867],[35.494221,31.751456],[35.641497,31.738839]]],\"type\":\"Polygon\"},\"properties\":{\"id\":\"gfca720.geometry\",\"land_or_water\":\"land\",\"role\":\"geometry\"},\"type\":\"Feature\"}],\"metadata\":{\"class\":\"natural\",\"land_or_water\":\"land\",\"name\":\"north of the Dead Sea\",\"type\":\"region\"},\"type\":\"FeatureCollection\"}","anotherNames":null,"koreanName":"사해 북쪽","anotherKoreanNames":null},{"id":"mb397de","name":"Tell al Sheikh Isa","isModern":true,"stereo":"child","description":"Tell al Sheikh Isa (or Khirbat esh Sheh Isa) is an archaeological mound located near Al Safi in Jordan, south of the Dead Sea.\nIt is one of the sites in the region that has been considered as a possible, though low-possibility, location for the biblical city of Zoar (aacfcda). The site is near the medieval sugar mills of Tawahin el Sukkar.","koreanDescription":"텔 알 셰이크 이사(Khirbat esh Sheh Isa)는 요르단의 알 사피 근처, 사해 남쪽에 위치한 고고학적 언덕입니다. \n이 지역은 성경의 도시 소알(Zoar, aacfcda)의 가능성이 낮은 후보지 중 하나로 여겨집니다. 이 유적지는 중세 설탕 공장인 타와힌 엘 수카르(Tawahin el Sukkar) 근처에 있습니다.","imageTitle":"mb397de.satellite.jpg","types":["settlement"],"geojsonText":"{\"bbox\":[35.47164,31.02252,35.47268,31.02342],\"features\":[{\"geometry\":{\"coordinates\":[35.47216,31.022968],\"type\":\"Point\"},\"properties\":{\"id\":\"mb397de.point\",\"role\":\"point\"},\"type\":\"Feature\"},{\"geometry\":{\"coordinates\":[[[35.47216,31.02342],[35.47211,31.02342],[35.47205,31.02341],[35.472,31.0234],[35.47195,31.02338],[35.4719,31.02336],[35.47185,31.02333],[35.47181,31.0233],[35.47177,31.02327],[35.47174,31.02323],[35.47171,31.02319],[35.47168,31.02315],[35.47166,31.02311],[35.47165,31.02306],[35.47164,31.02302],[35.47164,31.02297],[35.47164,31.02292],[35.47165,31.02287],[35.47166,31.02283],[35.47168,31.02279],[35.47171,31.02274],[35.47174,31.0227],[35.47177,31.02267],[35.47181,31.02263],[35.47185,31.0226],[35.4719,31.02258],[35.47195,31.02256],[35.472,31.02254],[35.47205,31.02253],[35.47211,31.02252],[35.47216,31.02252],[35.47221,31.02252],[35.47227,31.02253],[35.47232,31.02254],[35.47237,31.02256],[35.47242,31.02258],[35.47247,31.0226],[35.47251,31.02263],[35.47255,31.02267],[35.47258,31.0227],[35.47261,31.02274],[35.47264,31.02279],[35.47266,31.02283],[35.47267,31.02287],[35.47268,31.02292],[35.47268,31.02297],[35.47268,31.02302],[35.47267,31.02306],[35.47266,31.02311],[35.47264,31.02315],[35.47261,31.02319],[35.47258,31.02323],[35.47255,31.02327],[35.47251,31.0233],[35.47247,31.02333],[35.47242,31.02336],[35.47237,31.02338],[35.47232,31.0234],[35.47227,31.02341],[35.47221,31.02342],[35.47216,31.02342]]],\"type\":\"Polygon\"},\"properties\":{\"id\":\"g36803d.precision_radius\",\"land_or_water\":\"land\",\"role\":\"precision_radius\"},\"type\":\"Feature\"}],\"metadata\":{\"class\":\"human\",\"land_or_water\":\"land\",\"name\":\"Tell al Sheikh Isa\",\"type\":\"settlement\"},\"type\":\"FeatureCollection\"}","anotherNames":"Hirbat esh Sheh Isa","koreanName":"텔 알 셰이크 이사","anotherKoreanNames":"히르밧 에쉬 쉐 이사"},{"id":"m63b310","name":"Mouth of Wadi Mujib","isModern":true,"stereo":"child","description":"This is the modern geographical location where the Wadi Mujib (the biblical Arnon River) flows into the Dead Sea from the east, on the Jordanian side.\nThis general area is included among the numerous, mostly low-possibility, identifications for the ancient city of Zoar (aacfcda), reflecting its uncertain location.","koreanDescription":"요르단 쪽의 와디 무집(성경의 아르논 강)이 동쪽에서 사해로 흘러 들어가는 현대의 지리적 위치입니다. \n이 지역은 고대 도시 소알(Zoar, aacfcda)의 불확실한 위치를 반영하여, 가능성이 낮은 많은 후보지 중 하나로 포함됩니다.","imageTitle":"m63b310.i904292.jpg","types":["settlement"],"geojsonText":"{\"bbox\":[35.57228,31.46493,35.57439,31.46673],\"features\":[{\"geometry\":{\"coordinates\":[35.573333,31.465833],\"type\":\"Point\"},\"properties\":{\"id\":\"m63b310.point\",\"role\":\"point\"},\"type\":\"Feature\"},{\"geometry\":{\"coordinates\":[[[35.57333,31.46673],[35.57322,31.46673],[35.57311,31.46671],[35.57301,31.46669],[35.5729,31.46665],[35.57281,31.46661],[35.57271,31.46656],[35.57263,31.4665],[35.57255,31.46643],[35.57248,31.46636],[35.57242,31.46628],[35.57237,31.4662],[35.57233,31.46611],[35.5723,31.46602],[35.57228,31.46593],[35.57228,31.46583],[35.57228,31.46574],[35.5723,31.46565],[35.57233,31.46556],[35.57237,31.46547],[35.57242,31.46538],[35.57248,31.4653],[35.57255,31.46523],[35.57263,31.46516],[35.57271,31.46511],[35.57281,31.46505],[35.5729,31.46501],[35.57301,31.46498],[35.57311,31.46495],[35.57322,31.46494],[35.57333,31.46493],[35.57344,31.46494],[35.57355,31.46495],[35.57366,31.46498],[35.57376,31.46501],[35.57386,31.46505],[35.57395,31.46511],[35.57404,31.46516],[35.57412,31.46523],[35.57419,31.4653],[35.57425,31.46538],[35.5743,31.46547],[35.57434,31.46556],[35.57436,31.46565],[35.57438,31.46574],[35.57439,31.46583],[35.57438,31.46593],[35.57436,31.46602],[35.57434,31.46611],[35.5743,31.4662],[35.57425,31.46628],[35.57419,31.46636],[35.57412,31.46643],[35.57404,31.4665],[35.57395,31.46656],[35.57386,31.46661],[35.57376,31.46665],[35.57366,31.46669],[35.57355,31.46671],[35.57344,31.46673],[35.57333,31.46673]]],\"type\":\"Polygon\"},\"properties\":{\"id\":\"g6c8d3c.precision_radius\",\"land_or_water\":\"land\",\"role\":\"precision_radius\"},\"type\":\"Feature\"}],\"metadata\":{\"class\":\"human\",\"land_or_water\":\"land\",\"name\":\"mouth of Wadi Mujib\",\"type\":\"settlement\"},\"type\":\"FeatureCollection\"}","anotherNames":null,"koreanName":"와디 무집 하구","anotherKoreanNames":null},{"id":"mb58c5d","name":"Tawahin el Sukkar","isModern":true,"stereo":"child","description":"Tawahin el Sukkar (meaning 'Sugar Mills') is an archaeological site in Jordan near Al Safi, south of the Dead Sea, featuring medieval sugar production facilities.\nWhile the site itself is medieval, its proximity to other sites like Tell al Sheikh Isa in the general area of Al Safi means it is loosely associated with the search for the location of the biblical Zoar (aacfcda).","koreanDescription":"타와힌 엘 수카르(‘설탕 공장’이라는 뜻)는 요르단의 알 사피 근처, 사해 남쪽에 위치한 중세 설탕 생산 시설의 고고학적 유적지입니다. \n이 유적지는 중세 시대의 것이지만, 알 사피 지역의 텔 알 셰이크 이사와 같은 다른 유적지들과 가까워 성경의 소알(Zoar, aacfcda) 위치를 찾는 연구와 느슨하게 관련되어 있습니다.","imageTitle":"mb58c5d.satellite.jpg","types":["settlement"],"geojsonText":"{\"bbox\":[35.47464,31.02116,35.47569,31.02206],\"features\":[{\"geometry\":{\"coordinates\":[35.475163,31.021611],\"type\":\"Point\"},\"properties\":{\"id\":\"mb58c5d.point\",\"role\":\"point\"},\"type\":\"Feature\"},{\"geometry\":{\"coordinates\":[[[35.47516,31.02206],[35.47511,31.02206],[35.47505,31.02205],[35.475,31.02204],[35.47495,31.02202],[35.4749,31.022],[35.47485,31.02197],[35.47481,31.02195],[35.47477,31.02191],[35.47474,31.02188],[35.47471,31.02184],[35.47468,31.02179],[35.47466,31.02175],[35.47465,31.0217],[35.47464,31.02166],[35.47464,31.02161],[35.47464,31.02156],[35.47465,31.02152],[35.47466,31.02147],[35.47468,31.02143],[35.47471,31.02139],[35.47474,31.02135],[35.47477,31.02131],[35.47481,31.02128],[35.47485,31.02125],[35.4749,31.02122],[35.47495,31.0212],[35.475,31.02118],[35.47505,31.02117],[35.47511,31.02116],[35.47516,31.02116],[35.47522,31.02116],[35.47527,31.02117],[35.47533,31.02118],[35.47538,31.0212],[35.47543,31.02122],[35.47547,31.02125],[35.47551,31.02128],[35.47555,31.02131],[35.47559,31.02135],[35.47562,31.02139],[35.47564,31.02143],[35.47566,31.02147],[35.47568,31.02152],[35.47568,31.02156],[35.47569,31.02161],[35.47568,31.02166],[35.47568,31.0217],[35.47566,31.02175],[35.47564,31.02179],[35.47562,31.02184],[35.47559,31.02188],[35.47555,31.02191],[35.47551,31.02195],[35.47547,31.02197],[35.47543,31.022],[35.47538,31.02202],[35.47533,31.02204],[35.47527,31.02205],[35.47522,31.02206],[35.47516,31.02206]]],\"type\":\"Polygon\"},\"properties\":{\"id\":\"gb1110e.precision_radius\",\"land_or_water\":\"land\",\"role\":\"precision_radius\"},\"type\":\"Feature\"}],\"metadata\":{\"class\":\"human\",\"land_or_water\":\"land\",\"name\":\"Tawahin el Sukkar\",\"type\":\"settlement\"},\"type\":\"FeatureCollection\"}","anotherNames":null,"koreanName":"타와힌 엘 수카르","anotherKoreanNames":null},{"id":"ma45395","name":"Esh Shaghur","isModern":true,"stereo":"child","description":"Esh Shaghur (also Tall es Saghir) is an archaeological mound and modern locality that is another low-possibility candidate for the site of the biblical Zoar (aacfcda).\nLike other sites in the Ghor area south of the Dead Sea, its proximity to the traditional region makes it part of the location debate.","koreanDescription":"에쉬 샤구르(Tall es Saghir)는 성경의 소알(Zoar, aacfcda) 후보지 중 하나로 가능성이 낮은 고고학적 언덕이자 현대 지역입니다. \n사해 남쪽의 고르 지역에 있는 다른 유적지들과 마찬가지로, 전통적인 지역과의 근접성 때문에 위치 논쟁의 일부입니다.","imageTitle":"ma45395.satellite.jpg","types":["settlement"],"geojsonText":"{\"bbox\":[35.64732,31.82728,35.65262,31.83178],\"features\":[{\"geometry\":{\"coordinates\":[35.649971,31.829531],\"type\":\"Point\"},\"properties\":{\"id\":\"ma45395.point\",\"role\":\"point\"},\"type\":\"Feature\"},{\"geometry\":{\"coordinates\":[[[35.64997,31.83178],[35.64969,31.83177],[35.64942,31.83173],[35.64915,31.83167],[35.64889,31.83158],[35.64865,31.83148],[35.64842,31.83135],[35.6482,31.8312],[35.648,31.83104],[35.64783,31.83085],[35.64768,31.83066],[35.64755,31.83045],[35.64745,31.83023],[35.64738,31.83],[35.64734,31.82977],[35.64732,31.82953],[35.64734,31.8293],[35.64738,31.82906],[35.64745,31.82884],[35.64755,31.82862],[35.64768,31.82841],[35.64783,31.82821],[35.648,31.82803],[35.6482,31.82786],[35.64842,31.82771],[35.64865,31.82758],[35.64889,31.82748],[35.64915,31.82739],[35.64942,31.82733],[35.64969,31.8273],[35.64997,31.82728],[35.65025,31.8273],[35.65052,31.82733],[35.65079,31.82739],[35.65105,31.82748],[35.65129,31.82758],[35.65153,31.82771],[35.65174,31.82786],[35.65194,31.82803],[35.65211,31.82821],[35.65226,31.82841],[35.65239,31.82862],[35.65249,31.82884],[35.65256,31.82906],[35.6526,31.8293],[35.65262,31.82953],[35.6526,31.82977],[35.65256,31.83],[35.65249,31.83023],[35.65239,31.83045],[35.65226,31.83066],[35.65211,31.83085],[35.65194,31.83104],[35.65174,31.8312],[35.65153,31.83135],[35.65129,31.83148],[35.65105,31.83158],[35.65079,31.83167],[35.65052,31.83173],[35.65025,31.83177],[35.64997,31.83178]]],\"type\":\"Polygon\"},\"properties\":{\"id\":\"g84881e.precision_radius\",\"land_or_water\":\"land\",\"role\":\"precision_radius\"},\"type\":\"Feature\"}],\"metadata\":{\"class\":\"human\",\"land_or_water\":\"land\",\"name\":\"Esh Shaghur\",\"type\":\"settlement\"},\"type\":\"FeatureCollection\"}","anotherNames":"Ash Shaghur, Tall es Saghir, Tell es Saghur","koreanName":"에쉬 샤구르","anotherKoreanNames":"아쉬 샤구르, 탈 에스 사기르, 텔 에스 사구르"},{"id":"m56a432","name":"Tall Iktanu","isModern":true,"stereo":"child","description":"Tall Iktanu is a significant archaeological mound in the Jordan Valley, northeast of the Dead Sea.\nAlthough most theories place Zoar further south, Tall Iktanu is sometimes included in the broader list of potential, though unlikely, modern identifications for Zoar (aacfcda), perhaps due to its prominent location in the Jordan Valley.","koreanDescription":"탈 이크타누는 사해 북동쪽 요단 계곡에 있는 중요한 고고학적 언덕입니다. \n대부분의 학설은 소알을 더 남쪽에 두지만, 탈 이크타누는 요단 계곡의 두드러진 위치 때문에 소알(Zoar, aacfcda)의 잠재적이지만 가능성이 낮은 현대 후보지 목록에 때때로 포함됩니다.","imageTitle":"m56a432.satellite.jpg","types":["settlement"],"geojsonText":"{\"bbox\":[35.67135,31.81881,35.67241,31.81971],\"features\":[{\"geometry\":{\"coordinates\":[35.671878,31.819256],\"type\":\"Point\"},\"properties\":{\"id\":\"m56a432.point\",\"role\":\"point\"},\"type\":\"Feature\"},{\"geometry\":{\"coordinates\":[[[35.67188,31.81971],[35.67182,31.8197],[35.67177,31.8197],[35.67171,31.81968],[35.67166,31.81967],[35.67161,31.81965],[35.67157,31.81962],[35.67152,31.81959],[35.67148,31.81956],[35.67145,31.81952],[35.67142,31.81948],[35.67139,31.81944],[35.67137,31.81939],[35.67136,31.81935],[35.67135,31.8193],[35.67135,31.81926],[35.67135,31.81921],[35.67136,31.81916],[35.67137,31.81912],[35.67139,31.81907],[35.67142,31.81903],[35.67145,31.81899],[35.67148,31.81896],[35.67152,31.81892],[35.67157,31.81889],[35.67161,31.81887],[35.67166,31.81885],[35.67171,31.81883],[35.67177,31.81882],[35.67182,31.81881],[35.67188,31.81881],[35.67193,31.81881],[35.67199,31.81882],[35.67204,31.81883],[35.67209,31.81885],[35.67214,31.81887],[35.67219,31.81889],[35.67223,31.81892],[35.67227,31.81896],[35.67231,31.81899],[35.67234,31.81903],[35.67236,31.81907],[35.67238,31.81912],[35.6724,31.81916],[35.6724,31.81921],[35.67241,31.81926],[35.6724,31.8193],[35.6724,31.81935],[35.67238,31.81939],[35.67236,31.81944],[35.67234,31.81948],[35.67231,31.81952],[35.67227,31.81956],[35.67223,31.81959],[35.67219,31.81962],[35.67214,31.81965],[35.67209,31.81967],[35.67204,31.81968],[35.67199,31.8197],[35.67193,31.8197],[35.67188,31.81971]]],\"type\":\"Polygon\"},\"properties\":{\"id\":\"g839c50.precision_radius\",\"land_or_water\":\"land\",\"role\":\"precision_radius\"},\"type\":\"Feature\"}],\"metadata\":{\"class\":\"human\",\"land_or_water\":\"land\",\"name\":\"Tall Iktanu\",\"type\":\"settlement\"},\"type\":\"FeatureCollection\"}","anotherNames":"Tell Ikhtenu, Tell Iktanu","koreanName":"탈 이크타누","anotherKoreanNames":"텔 익테누, 텔 이크타누"},{"id":"m713b74","name":"Bab edh Dhra","isModern":true,"stereo":"child","description":"Bab edh Dhra is a major Early Bronze Age archaeological site located on the plain east of the Dead Sea.\nThis site, along with others in the area, is part of the discussion regarding the location of the 'Cities of the Plain,' which included Zoar (aacfcda). However, it is primarily known for its extensive cemetery dating to the time associated with the biblical accounts of Sodom and Gomorrah.","koreanDescription":"밥 에드 드라(Bab edh Dhra)는 사해 동쪽 평원에 위치한 주요 초기 청동기 시대 고고학 유적지입니다. \n이 지역의 다른 유적지들과 함께 소알(Zoar, aacfcda)을 포함한 '평지의 도시'의 위치에 대한 논의의 일부입니다. 그러나 주로 소돔과 고모라에 대한 성경 기록과 관련된 시기의 광범위한 묘지로 알려져 있습니다.","imageTitle":"m713b74.id0e0aa.jpg","types":["settlement"],"geojsonText":"{\"bbox\":[35.52248,31.24828,35.52353,31.24918],\"features\":[{\"geometry\":{\"coordinates\":[35.523005,31.248729],\"type\":\"Point\"},\"properties\":{\"id\":\"m713b74.point\",\"role\":\"point\"},\"type\":\"Feature\"},{\"geometry\":{\"coordinates\":[[[35.52301,31.24918],[35.52295,31.24918],[35.5229,31.24917],[35.52284,31.24916],[35.52279,31.24914],[35.52274,31.24912],[35.5227,31.24909],[35.52265,31.24906],[35.52261,31.24903],[35.52258,31.24899],[35.52255,31.24895],[35.52252,31.24891],[35.5225,31.24887],[35.52249,31.24882],[35.52248,31.24878],[35.52248,31.24873],[35.52248,31.24868],[35.52249,31.24864],[35.5225,31.24859],[35.52252,31.24855],[35.52255,31.2485],[35.52258,31.24846],[35.52261,31.24843],[35.52265,31.24839],[35.5227,31.24837],[35.52274,31.24834],[35.52279,31.24832],[35.52284,31.2483],[35.5229,31.24829],[35.52295,31.24828],[35.52301,31.24828],[35.52306,31.24828],[35.52311,31.24829],[35.52317,31.2483],[35.52322,31.24832],[35.52327,31.24834],[35.52331,31.24837],[35.52336,31.24839],[35.5234,31.24843],[35.52343,31.24846],[35.52346,31.2485],[35.52349,31.24855],[35.52351,31.24859],[35.52352,31.24864],[35.52353,31.24868],[35.52353,31.24873],[35.52353,31.24878],[35.52352,31.24882],[35.52351,31.24887],[35.52349,31.24891],[35.52346,31.24895],[35.52343,31.24899],[35.5234,31.24903],[35.52336,31.24906],[35.52331,31.24909],[35.52327,31.24912],[35.52322,31.24914],[35.52317,31.24916],[35.52311,31.24917],[35.52306,31.24918],[35.52301,31.24918]]],\"type\":\"Polygon\"},\"properties\":{\"id\":\"g369c51.precision_radius\",\"land_or_water\":\"land\",\"role\":\"precision_radius\"},\"type\":\"Feature\"}],\"metadata\":{\"class\":\"human\",\"land_or_water\":\"land\",\"name\":\"Bab edh Dhra\",\"type\":\"settlement\"},\"type\":\"FeatureCollection\"}","anotherNames":"Bab edh Dra","koreanName":"밥 에드 드라","anotherKoreanNames":"밥 에드 드라"},{"id":"md56681","name":"Brital","isModern":true,"stereo":"child","description":"Brital is a village located in the Baalbek District of the Baalbek-Hermel Governorate in Lebanon, in the Beqaa Valley.\nIt is the modern place identified as the location of the ancient Aramean kingdom of Zobah (a4aa78a), based on geographical and historical correlation.","koreanDescription":"브리탈은 레바논의 바알베크-헤르멜 주, 바알베크 지구에 위치한 마을로, 베카 계곡에 있습니다.\n지리적 및 역사적 상관관계에 따라 고대 아람 왕국 소바(Zobah, a4aa78a)의 위치로 확인되는 현대 장소입니다.","imageTitle":"md56681.satellite.jpg","types":["settlement"],"geojsonText":"{\"bbox\":[36.14812,33.93303,36.15354,33.93753],\"features\":[{\"geometry\":{\"coordinates\":[36.150833,33.935278],\"type\":\"Point\"},\"properties\":{\"id\":\"md56681.point\",\"role\":\"point\"},\"type\":\"Feature\"},{\"geometry\":{\"coordinates\":[[[36.15083,33.93753],[36.15055,33.93751],[36.15027,33.93748],[36.15,33.93742],[36.14973,33.93733],[36.14948,33.93723],[36.14924,33.9371],[36.14902,33.93695],[36.14882,33.93678],[36.14864,33.9366],[36.14849,33.9364],[36.14836,33.93619],[36.14826,33.93597],[36.14818,33.93575],[36.14814,33.93551],[36.14812,33.93528],[36.14814,33.93504],[36.14818,33.93481],[36.14826,33.93458],[36.14836,33.93436],[36.14849,33.93415],[36.14864,33.93396],[36.14882,33.93377],[36.14902,33.93361],[36.14924,33.93346],[36.14948,33.93333],[36.14973,33.93322],[36.15,33.93314],[36.15027,33.93308],[36.15055,33.93304],[36.15083,33.93303],[36.15112,33.93304],[36.1514,33.93308],[36.15167,33.93314],[36.15194,33.93322],[36.15219,33.93333],[36.15243,33.93346],[36.15265,33.93361],[36.15285,33.93377],[36.15303,33.93396],[36.15318,33.93415],[36.15331,33.93436],[36.15341,33.93458],[36.15348,33.93481],[36.15353,33.93504],[36.15354,33.93528],[36.15353,33.93551],[36.15348,33.93575],[36.15341,33.93597],[36.15331,33.93619],[36.15318,33.9364],[36.15303,33.9366],[36.15285,33.93678],[36.15265,33.93695],[36.15243,33.9371],[36.15219,33.93723],[36.15194,33.93733],[36.15167,33.93742],[36.1514,33.93748],[36.15112,33.93751],[36.15083,33.93753]]],\"type\":\"Polygon\"},\"properties\":{\"id\":\"gdbe943.precision_radius\",\"land_or_water\":\"land\",\"role\":\"precision_radius\"},\"type\":\"Feature\"}],\"metadata\":{\"class\":\"human\",\"land_or_water\":\"land\",\"name\":\"Brital\",\"type\":\"settlement\"},\"type\":\"FeatureCollection\"}","anotherNames":"Bereitan, Beretain, Breitan, Britel","koreanName":"브리탈","anotherKoreanNames":"베레이탄, 베레타인, 브리텔"},{"id":"m6924bf","name":"Tila as Safa","isModern":true,"stereo":"child","description":"Tila as Safa (or Tal'at es Safa) is a modern mountain or high ground location in Jordan, which is a low-possibility identification for the biblical 'Field of Zophim' (ae7f7b5).\nThe term 'Safa' in Arabic often refers to a pure, clear stone, suggesting a prominent and exposed elevation.","koreanDescription":"틸라 아스 사파(Tal'at es Safa)는 요르단의 현대 산 또는 고지대로, 성경의 '소빔 들'(Zophim, ae7f7b5)에 대한 가능성이 낮은 후보지입니다.\n아랍어 'Safa'는 종종 '깨끗하고 맑은 돌'을 의미하며, 두드러지게 노출된 고도를 시사합니다.","imageTitle":"m6924bf.satellite.jpg","types":["mountain"],"geojsonText":"{\"bbox\":[35.72336,31.76208,35.74452,31.78006],\"features\":[{\"geometry\":{\"coordinates\":[35.73394,31.77107],\"type\":\"Point\"},\"properties\":{\"id\":\"m6924bf.point\",\"role\":\"point\"},\"type\":\"Feature\"},{\"geometry\":{\"coordinates\":[[[35.73394,31.78006],[35.73283,31.78001],[35.73174,31.77987],[35.73067,31.77962],[35.72964,31.77929],[35.72865,31.77886],[35.72772,31.77835],[35.72686,31.77775],[35.72608,31.77709],[35.72538,31.77636],[35.72478,31.77557],[35.72428,31.77473],[35.72388,31.77385],[35.72359,31.77294],[35.72342,31.77201],[35.72336,31.77107],[35.72342,31.77013],[35.72359,31.7692],[35.72388,31.76829],[35.72428,31.76741],[35.72478,31.76657],[35.72538,31.76578],[35.72608,31.76505],[35.72686,31.76439],[35.72772,31.76379],[35.72865,31.76328],[35.72964,31.76285],[35.73067,31.76252],[35.73174,31.76227],[35.73283,31.76213],[35.73394,31.76208],[35.73505,31.76213],[35.73614,31.76227],[35.73721,31.76252],[35.73824,31.76285],[35.73923,31.76328],[35.74016,31.76379],[35.74102,31.76439],[35.7418,31.76505],[35.7425,31.76578],[35.7431,31.76657],[35.7436,31.76741],[35.744,31.76829],[35.74429,31.7692],[35.74446,31.77013],[35.74452,31.77107],[35.74446,31.77201],[35.74429,31.77294],[35.744,31.77385],[35.7436,31.77473],[35.7431,31.77557],[35.7425,31.77636],[35.7418,31.77709],[35.74102,31.77775],[35.74016,31.77835],[35.73923,31.77886],[35.73824,31.77929],[35.73721,31.77962],[35.73614,31.77987],[35.73505,31.78001],[35.73394,31.78006]]],\"type\":\"Polygon\"},\"properties\":{\"id\":\"ga48573.precision_radius\",\"land_or_water\":\"land\",\"role\":\"precision_radius\"},\"type\":\"Feature\"}],\"metadata\":{\"class\":\"natural\",\"land_or_water\":\"land\",\"name\":\"Tila as Safa\",\"type\":\"mountain\"},\"type\":\"FeatureCollection\"}","anotherNames":"Tal‘at es Safa","koreanName":"틸라 아스 사파","anotherKoreanNames":"탈랏 에스 사파"},{"id":"m07d05e","name":"Rujm Siyaghah","isModern":true,"stereo":"child","description":"Rujm Siyaghah (also Ras es Siagha) is a point on Mount Nebo, Jordan.\nIt is widely accepted as the primary traditional location for Mount Pisgah, and is therefore strongly associated with the biblical Zophim (ae7f7b5), as the 'Field of Zophim' was located on Pisgah (Numbers 23:14).","koreanDescription":"루즘 시야가(Ras es Siagha)는 요르단의 느보 산에 있는 한 지점입니다. \n비스가 산의 주요 전통적인 위치로 널리 받아들여지고 있으며, 따라서 '소빔 들'(Zophim, ae7f7b5)이 비스가 산에 위치했으므로(민수기 23:14) 성경의 소빔과 밀접하게 관련되어 있습니다.","imageTitle":"m07d05e.i3f178c.jpg","types":["mountain"],"geojsonText":"{\"bbox\":[35.71498,31.75878,35.73613,31.77677],\"features\":[{\"geometry\":{\"coordinates\":[35.725556,31.767778],\"type\":\"Point\"},\"properties\":{\"id\":\"m07d05e.point\",\"role\":\"point\"},\"type\":\"Feature\"},{\"geometry\":{\"coordinates\":[[[35.725257,31.767932],[35.725154,31.767797],[35.725738,31.767476],[35.72584,31.767611],[35.725257,31.767932]]],\"type\":\"Polygon\"},\"properties\":{\"id\":\"g65cdce.local\",\"land_or_water\":\"land\",\"role\":\"local\"},\"type\":\"Feature\"},{\"geometry\":{\"coordinates\":[[[35.72556,31.77677],[35.72445,31.77672],[35.72336,31.77657],[35.72229,31.77633],[35.72125,31.77599],[35.72027,31.77557],[35.71934,31.77505],[35.71848,31.77446],[35.71769,31.7738],[35.717,31.77306],[35.71639,31.77227],[35.71589,31.77144],[35.7155,31.77056],[35.71521,31.76965],[35.71504,31.76872],[35.71498,31.76778],[35.71504,31.76684],[35.71521,31.76591],[35.7155,31.765],[35.71589,31.76412],[35.7164,31.76328],[35.717,31.76249],[35.7177,31.76176],[35.71848,31.76109],[35.71934,31.7605],[35.72027,31.75999],[35.72125,31.75956],[35.72229,31.75922],[35.72336,31.75898],[35.72445,31.75883],[35.72556,31.75878],[35.72666,31.75883],[35.72776,31.75898],[35.72882,31.75922],[35.72986,31.75956],[35.73084,31.75999],[35.73177,31.7605],[35.73263,31.76109],[35.73342,31.76176],[35.73411,31.76249],[35.73472,31.76328],[35.73522,31.76412],[35.73562,31.765],[35.7359,31.76591],[35.73608,31.76684],[35.73613,31.76778],[35.73608,31.76872],[35.7359,31.76965],[35.73562,31.77056],[35.73522,31.77144],[35.73472,31.77227],[35.73411,31.77306],[35.73342,31.7738],[35.73263,31.77446],[35.73177,31.77505],[35.73085,31.77557],[35.72986,31.77599],[35.72883,31.77633],[35.72776,31.77657],[35.72666,31.77672],[35.72556,31.77677]]],\"type\":\"Polygon\"},\"properties\":{\"id\":\"g7d78bf.precision_radius\",\"land_or_water\":\"land\",\"role\":\"precision_radius\"},\"type\":\"Feature\"}],\"metadata\":{\"class\":\"natural\",\"geometry_credit\":\"Some data © OpenStreetMap contributors\",\"land_or_water\":\"land\",\"name\":\"Rujm Siyaghah\",\"type\":\"mountain\"},\"type\":\"FeatureCollection\"}","anotherNames":"Jebel Siaghah, Khirbet Tsijaga, Ras es Saighah, Ras es Siagha, Ras es Siaghah, Ras es Siyagha","koreanName":"루즘 시야가","anotherKoreanNames":"제벨 시아가, 키르벳 치자가, 라스 에스 사이가, 라스 에스 시아가, 라스 에스 시야가, 라스 에스 시야가"},{"id":"m25a76c","name":"Jabal al Naba","isModern":true,"stereo":"child","description":"Jabal al Naba (or Mount Nebo/Jebel Nabba) is a ridge in Jordan where Moses viewed the Promised Land before his death (Deuteronomy 34:1).\nAs part of the Abarim mountain range (m207993) and a possible location for Mount Pisgah, it is frequently linked to the biblical Zophim (ae7f7b5), which was on the top of Pisgah.","koreanDescription":"자발 알 나바(느보 산/제벨 나바)는 모세가 죽기 전에 약속의 땅을 바라본 요르단의 능선입니다(신명기 34:1).\n아바림 산맥(m207993)의 일부이자 비스가 산의 가능한 위치로서, 비스가 산 꼭대기에 있던 성경의 소빔(Zophim, ae7f7b5)과 자주 연결됩니다.","imageTitle":"m25a76c.i3fc405.jpg","types":["mountain"],"geojsonText":"{\"bbox\":[35.73942,31.75767,35.76058,31.77566],\"features\":[{\"geometry\":{\"coordinates\":[35.75,31.766667],\"type\":\"Point\"},\"properties\":{\"geometry_credit\":\"osm\",\"id\":\"m25a76c.point\",\"role\":\"point\"},\"type\":\"Feature\"},{\"geometry\":{\"coordinates\":[[[35.75,31.77566],[35.74889,31.77561],[35.7478,31.77546],[35.74673,31.77522],[35.7457,31.77488],[35.74471,31.77446],[35.74378,31.77394],[35.74292,31.77335],[35.74214,31.77268],[35.74144,31.77195],[35.74084,31.77116],[35.74034,31.77032],[35.73994,31.76945],[35.73965,31.76854],[35.73948,31.76761],[35.73942,31.76667],[35.73948,31.76573],[35.73965,31.7648],[35.73994,31.76389],[35.74034,31.76301],[35.74084,31.76217],[35.74144,31.76138],[35.74214,31.76065],[35.74292,31.75998],[35.74378,31.75939],[35.74471,31.75888],[35.7457,31.75845],[35.74673,31.75811],[35.7478,31.75787],[35.74889,31.75772],[35.75,31.75767],[35.75111,31.75772],[35.7522,31.75787],[35.75327,31.75811],[35.7543,31.75845],[35.75529,31.75888],[35.75622,31.75939],[35.75708,31.75998],[35.75786,31.76065],[35.75856,31.76138],[35.75916,31.76217],[35.75966,31.76301],[35.76006,31.76389],[35.76035,31.7648],[35.76052,31.76573],[35.76058,31.76667],[35.76052,31.76761],[35.76035,31.76854],[35.76006,31.76945],[35.75966,31.77032],[35.75916,31.77116],[35.75856,31.77195],[35.75786,31.77268],[35.75708,31.77335],[35.75622,31.77394],[35.75529,31.77446],[35.7543,31.77488],[35.75327,31.77522],[35.7522,31.77546],[35.75111,31.77561],[35.75,31.77566]]],\"type\":\"Polygon\"},\"properties\":{\"id\":\"g4abf43.precision_radius\",\"land_or_water\":\"land\",\"role\":\"precision_radius\"},\"type\":\"Feature\"}],\"metadata\":{\"class\":\"natural\",\"land_or_water\":\"land\",\"name\":\"Jabal al Naba\",\"type\":\"mountain\"},\"type\":\"FeatureCollection\"}","anotherNames":"Jabal Nibu, Jebel en Neba, Jebel Nabba","koreanName":"자발 알 나바","anotherKoreanNames":"자발 니부, 제벨 엔 네바, 제벨 나바"},{"id":"m207993","name":"Abarim","isModern":true,"stereo":"child","description":"Abarim is a mountain range in Jordan, east of the Dead Sea, which includes Mount Nebo (Jabal al Naba).\nIt is the broader geographical context for the biblical Zophim (ae7f7b5), which was located on Mount Pisgah, a peak within the Abarim range.","koreanDescription":"아바림은 요르단에 있는 산맥으로, 사해 동쪽에 있으며 느보 산(자발 알 나바)을 포함합니다.\n이 산맥 내의 한 봉우리인 비스가 산에 소빔 들(Zophim, ae7f7b5)이 위치했으므로, 성경의 소빔의 광범위한 지리적 배경이 됩니다.","imageTitle":"m207993.ibaaf34.jpg","types":["mountain range"],"geojsonText":"{\"bbox\":[35.56354,31.42373,35.86982,31.81896],\"features\":[{\"geometry\":{\"coordinates\":[35.7152,31.7539],\"type\":\"Point\"},\"properties\":{\"id\":\"m207993.representative_point\",\"role\":\"representative_point\"},\"type\":\"Feature\"},{\"geometry\":{\"coordinates\":[[[[35.56354,31.56646],[35.56354,31.55548],[35.56354,31.5445],[35.5763,31.48961],[35.58906,31.47863],[35.60182,31.46765],[35.61458,31.45667],[35.67839,31.42373],[35.69115,31.42373],[35.85706,31.74211],[35.86982,31.77505],[35.86982,31.78603],[35.86982,31.79701],[35.85706,31.80798],[35.75496,31.81896],[35.7422,31.81896],[35.72944,31.81896],[35.71668,31.81896],[35.70392,31.81896],[35.69115,31.81896],[35.67839,31.81896],[35.61458,31.77505],[35.60182,31.76407],[35.58906,31.72016],[35.5763,31.65428],[35.56354,31.57743],[35.56354,31.56646]]],[[[35.65287,31.79701],[35.64011,31.78603],[35.62734,31.77505],[35.61458,31.76407],[35.60182,31.75309],[35.58906,31.72016],[35.5763,31.63233],[35.5763,31.62135],[35.62734,31.51156],[35.65287,31.50058],[35.66563,31.51156],[35.76772,31.61037],[35.85706,31.75309],[35.86982,31.78603],[35.86982,31.79701],[35.8443,31.80798],[35.75496,31.81896],[35.7422,31.81896],[35.72944,31.81896],[35.71668,31.81896],[35.70392,31.81896],[35.69115,31.81896],[35.67839,31.81896],[35.66563,31.80798],[35.65287,31.79701]]],[[[35.62734,31.73113],[35.61458,31.72016],[35.60182,31.6982],[35.58906,31.67624],[35.58906,31.66526],[35.58906,31.65428],[35.61458,31.61037],[35.62734,31.61037],[35.64011,31.61037],[35.65287,31.61037],[35.67839,31.61037],[35.69115,31.61037],[35.70392,31.61037],[35.71668,31.61037],[35.78049,31.78603],[35.76772,31.79701],[35.75496,31.79701],[35.62734,31.73113]]],[[[35.69115,31.73113],[35.66563,31.6982],[35.65287,31.67624],[35.64011,31.65428],[35.64011,31.64331],[35.64011,31.63233],[35.65287,31.63233],[35.66563,31.63233],[35.67839,31.64331],[35.71668,31.6982],[35.72944,31.72016],[35.72944,31.73113],[35.72944,31.74211],[35.71668,31.74211],[35.70392,31.74211],[35.69115,31.73113]]],[[[35.70392,31.73113],[35.69115,31.73113],[35.67839,31.65428],[35.67839,31.64331],[35.69115,31.66526],[35.70392,31.68722],[35.72944,31.73113],[35.71668,31.73113],[35.70392,31.73113]]]],\"type\":\"MultiPolygon\"},\"properties\":{\"format\":\"isobands\",\"id\":\"g3d49f6.isobands\",\"land_or_water\":\"land\",\"max_confidence\":50,\"min_confidence\":10,\"role\":\"isobands\"},\"type\":\"Feature\"}],\"metadata\":{\"class\":\"natural\",\"land_or_water\":\"land\",\"name\":\"Abarim\",\"type\":\"mountain range\"},\"type\":\"FeatureCollection\"}","anotherNames":null,"koreanName":"아바림","anotherKoreanNames":null},{"id":"m7aba95","name":"Jebel Osha","isModern":true,"stereo":"child","description":"Jebel Osha is a mountain in the Gilead region of Jordan, north of the Jabbok River.\nIt is another high mountain in the Transjordan area, sometimes included as a possible, but less likely, candidate for the location of the 'Field of Zophim' (ae7f7b5).","koreanDescription":"제벨 오샤는 요르단 길르앗 지역, 얍복 강 북쪽에 있는 산입니다.\n요단 동편 지역의 또 다른 높은 산으로, 때때로 '소빔 들'(Zophim, ae7f7b5)의 위치에 대한 가능성이 낮지만 후보로 포함되기도 합니다.","imageTitle":"m7aba95.i1f2377.jpg","types":["mountain"],"geojsonText":"{\"bbox\":[35.69794,32.06254,35.71916,32.08053],\"features\":[{\"geometry\":{\"coordinates\":[35.708552,32.071536],\"type\":\"Point\"},\"properties\":{\"id\":\"m7aba95.point\",\"role\":\"point\"},\"type\":\"Feature\"},{\"geometry\":{\"coordinates\":[[[35.70855,32.08053],[35.70744,32.08048],[35.70635,32.08033],[35.70527,32.08009],[35.70423,32.07975],[35.70325,32.07932],[35.70231,32.07881],[35.70145,32.07822],[35.70066,32.07755],[35.69997,32.07682],[35.69936,32.07603],[35.69886,32.07519],[35.69846,32.07431],[35.69817,32.07341],[35.698,32.07248],[35.69794,32.07154],[35.698,32.0706],[35.69817,32.06967],[35.69846,32.06876],[35.69886,32.06788],[35.69936,32.06704],[35.69997,32.06625],[35.70067,32.06552],[35.70145,32.06485],[35.70231,32.06426],[35.70325,32.06375],[35.70424,32.06332],[35.70527,32.06298],[35.70635,32.06274],[35.70744,32.06259],[35.70855,32.06254],[35.70966,32.06259],[35.71076,32.06274],[35.71183,32.06298],[35.71287,32.06332],[35.71386,32.06375],[35.71479,32.06426],[35.71565,32.06485],[35.71644,32.06552],[35.71714,32.06625],[35.71774,32.06704],[35.71825,32.06788],[35.71865,32.06876],[35.71893,32.06967],[35.71911,32.0706],[35.71916,32.07154],[35.71911,32.07248],[35.71893,32.07341],[35.71865,32.07431],[35.71825,32.07519],[35.71774,32.07603],[35.71714,32.07682],[35.71644,32.07755],[35.71565,32.07822],[35.71479,32.07881],[35.71386,32.07932],[35.71287,32.07975],[35.71183,32.08009],[35.71076,32.08033],[35.70966,32.08048],[35.70855,32.08053]]],\"type\":\"Polygon\"},\"properties\":{\"id\":\"gffaef1.precision_radius\",\"land_or_water\":\"land\",\"role\":\"precision_radius\"},\"type\":\"Feature\"}],\"metadata\":{\"class\":\"natural\",\"land_or_water\":\"land\",\"name\":\"Jebel Osha\",\"type\":\"mountain\"},\"type\":\"FeatureCollection\"}","anotherNames":null,"koreanName":"제벨 오샤","anotherKoreanNames":null},{"id":"m3c1506","name":"Tel Tzora","isModern":true,"stereo":"child","description":"Tel Tzora (also Tell Sar'a) is an archaeological tel and modern kibbutz located in the Judean Shephelah in Israel.\nIt is the generally accepted and most likely location of the biblical city of Zorah (a08174b), the birthplace of Samson. It offers a commanding view of the surrounding valleys.","koreanDescription":"텔 초라(Tel Tzora, 혹은 텔 사라)는 이스라엘 유다 세펠라에 위치한 고고학적 언덕(텔)이자 현대 키부츠입니다.\n사사 삼손의 출생지인 성경의 도시 소라(Zorah, a08174b)로 일반적으로 받아들여지는 가장 유력한 위치입니다. 주변 계곡을 내려다보는 압도적인 경치를 제공합니다.","imageTitle":"m3c1506.id63ef4.jpg","types":["settlement"],"geojsonText":"{\"bbox\":[34.98476,31.77354,34.98582,31.77444],\"features\":[{\"geometry\":{\"coordinates\":[34.985289,31.773992],\"type\":\"Point\"},\"properties\":{\"id\":\"m3c1506.point\",\"role\":\"point\"},\"type\":\"Feature\"},{\"geometry\":{\"coordinates\":[[[34.98529,31.77444],[34.98523,31.77444],[34.98518,31.77443],[34.98513,31.77442],[34.98507,31.7744],[34.98502,31.77438],[34.98498,31.77436],[34.98494,31.77433],[34.9849,31.77429],[34.98486,31.77426],[34.98483,31.77422],[34.98481,31.77417],[34.98479,31.77413],[34.98477,31.77409],[34.98476,31.77404],[34.98476,31.77399],[34.98476,31.77394],[34.98477,31.7739],[34.98479,31.77385],[34.98481,31.77381],[34.98483,31.77377],[34.98486,31.77373],[34.9849,31.77369],[34.98494,31.77366],[34.98498,31.77363],[34.98502,31.7736],[34.98507,31.77358],[34.98513,31.77356],[34.98518,31.77355],[34.98523,31.77354],[34.98529,31.77354],[34.98534,31.77354],[34.9854,31.77355],[34.98545,31.77356],[34.9855,31.77358],[34.98555,31.7736],[34.9856,31.77363],[34.98564,31.77366],[34.98568,31.77369],[34.98572,31.77373],[34.98575,31.77377],[34.98577,31.77381],[34.98579,31.77385],[34.98581,31.7739],[34.98582,31.77394],[34.98582,31.77399],[34.98582,31.77404],[34.98581,31.77409],[34.98579,31.77413],[34.98577,31.77417],[34.98575,31.77422],[34.98572,31.77426],[34.98568,31.77429],[34.98564,31.77433],[34.9856,31.77436],[34.98555,31.77438],[34.9855,31.7744],[34.98545,31.77442],[34.9854,31.77443],[34.98534,31.77444],[34.98529,31.77444]]],\"type\":\"Polygon\"},\"properties\":{\"id\":\"g13fb92.precision_radius\",\"land_or_water\":\"land\",\"role\":\"precision_radius\"},\"type\":\"Feature\"}],\"metadata\":{\"class\":\"human\",\"land_or_water\":\"land\",\"name\":\"Tel Tzora\",\"type\":\"settlement\"},\"type\":\"FeatureCollection\"}","anotherNames":"Tell Sar‘a, Tell Sar‘ah, Tel Sora","koreanName":"텔 초라","anotherKoreanNames":"텔 사르아, 텔 사르아, 텔 소라"},{"id":"m67501d","name":"Al Ram","isModern":true,"stereo":"child","description":"Al Ram (also Er Ram) is a Palestinian town near Jerusalem in the central West Bank.\nIt is one of the various locations in the Ephraim hill country that has been suggested, with a relatively high possibility, to be part of the biblical 'Land of Zuph' (a4d0250), the district where Saul began his search for the donkeys.","koreanDescription":"알 람(Er Ram)은 중앙 웨스트 뱅크의 예루살렘 근처에 있는 팔레스타인 마을입니다.\n이곳은 사울이 암나귀를 찾기 시작했던 구역인 성경의 '숩 땅'(Zuph, a4d0250)의 일부였을 것으로 비교적 높은 가능성으로 제안된 에브라임 산지의 여러 위치 중 하나입니다.","imageTitle":"m67501d.i016212.jpg","types":["settlement"],"geojsonText":"{\"bbox\":[35.22896,31.85209,35.23426,31.85659],\"features\":[{\"geometry\":{\"coordinates\":[35.23161,31.85434],\"type\":\"Point\"},\"properties\":{\"id\":\"m67501d.point\",\"role\":\"point\"},\"type\":\"Feature\"},{\"geometry\":{\"coordinates\":[[[35.23161,31.85659],[35.23133,31.85658],[35.23106,31.85654],[35.23079,31.85648],[35.23053,31.85639],[35.23029,31.85629],[35.23005,31.85616],[35.22984,31.85601],[35.22964,31.85584],[35.22947,31.85566],[35.22932,31.85546],[35.22919,31.85525],[35.22909,31.85503],[35.22902,31.85481],[35.22898,31.85457],[35.22896,31.85434],[35.22898,31.8541],[35.22902,31.85387],[35.22909,31.85365],[35.22919,31.85343],[35.22932,31.85322],[35.22947,31.85302],[35.22964,31.85284],[35.22984,31.85267],[35.23005,31.85252],[35.23029,31.85239],[35.23053,31.85229],[35.23079,31.8522],[35.23106,31.85214],[35.23133,31.8521],[35.23161,31.85209],[35.23189,31.8521],[35.23216,31.85214],[35.23243,31.8522],[35.23269,31.85229],[35.23293,31.85239],[35.23317,31.85252],[35.23338,31.85267],[35.23358,31.85284],[35.23375,31.85302],[35.2339,31.85322],[35.23403,31.85343],[35.23413,31.85365],[35.2342,31.85387],[35.23424,31.8541],[35.23426,31.85434],[35.23424,31.85457],[35.2342,31.85481],[35.23413,31.85503],[35.23403,31.85525],[35.2339,31.85546],[35.23375,31.85566],[35.23358,31.85584],[35.23338,31.85601],[35.23317,31.85616],[35.23293,31.85629],[35.23269,31.85639],[35.23243,31.85648],[35.23216,31.85654],[35.23189,31.85658],[35.23161,31.85659]]],\"type\":\"Polygon\"},\"properties\":{\"id\":\"g9394dd.precision_radius\",\"land_or_water\":\"land\",\"role\":\"precision_radius\"},\"type\":\"Feature\"}],\"metadata\":{\"class\":\"human\",\"land_or_water\":\"land\",\"name\":\"Al Ram\",\"type\":\"settlement\"},\"type\":\"FeatureCollection\"}","anotherNames":"Er Ram","koreanName":"알 람","anotherKoreanNames":"에르 람"},{"id":"m960e84","name":"Rantis","isModern":true,"stereo":"child","description":"Rantis is a Palestinian village located in the West Bank, northwest of Ramallah.\nIts location is within the general area considered to be the historical 'Land of Zuph' (a4d0250), linking it to the region where the biblical figure Saul had his early experiences.","koreanDescription":"란티스는 라말라 북서쪽에 위치한 웨스트 뱅크의 팔레스타인 마을입니다.\n이곳은 역사적인 '숩 땅'(Zuph, a4d0250)으로 간주되는 광범위한 지역 내에 위치하며, 성경 인물 사울의 초기 경험과 관련된 지역입니다.","imageTitle":"m960e84.i055cfc.jpg","types":["settlement"],"geojsonText":"{\"bbox\":[35.01679,32.02581,35.0221,32.0303],\"features\":[{\"geometry\":{\"coordinates\":[35.019444,32.028056],\"type\":\"Point\"},\"properties\":{\"id\":\"m960e84.point\",\"role\":\"point\"},\"type\":\"Feature\"},{\"geometry\":{\"coordinates\":[[[35.01944,32.0303],[35.01917,32.03029],[35.01889,32.03026],[35.01862,32.03019],[35.01837,32.03011],[35.01812,32.03],[35.01789,32.02987],[35.01767,32.02973],[35.01747,32.02956],[35.0173,32.02938],[35.01715,32.02918],[35.01702,32.02897],[35.01692,32.02875],[35.01685,32.02852],[35.01681,32.02829],[35.01679,32.02806],[35.01681,32.02782],[35.01685,32.02759],[35.01692,32.02736],[35.01702,32.02714],[35.01715,32.02693],[35.0173,32.02673],[35.01747,32.02655],[35.01767,32.02639],[35.01789,32.02624],[35.01812,32.02611],[35.01837,32.026],[35.01862,32.02592],[35.01889,32.02586],[35.01917,32.02582],[35.01944,32.02581],[35.01972,32.02582],[35.02,32.02586],[35.02026,32.02592],[35.02052,32.026],[35.02077,32.02611],[35.021,32.02624],[35.02122,32.02639],[35.02141,32.02655],[35.02159,32.02673],[35.02174,32.02693],[35.02187,32.02714],[35.02197,32.02736],[35.02204,32.02759],[35.02208,32.02782],[35.0221,32.02806],[35.02208,32.02829],[35.02204,32.02852],[35.02197,32.02875],[35.02187,32.02897],[35.02174,32.02918],[35.02159,32.02938],[35.02141,32.02956],[35.02122,32.02973],[35.021,32.02987],[35.02077,32.03],[35.02052,32.03011],[35.02026,32.03019],[35.02,32.03026],[35.01972,32.03029],[35.01944,32.0303]]],\"type\":\"Polygon\"},\"properties\":{\"id\":\"g81a813.precision_radius\",\"land_or_water\":\"land\",\"role\":\"precision_radius\"},\"type\":\"Feature\"}],\"metadata\":{\"class\":\"human\",\"land_or_water\":\"land\",\"name\":\"Rantis\",\"type\":\"settlement\"},\"type\":\"FeatureCollection\"}","anotherNames":"Remphis, Rentis","koreanName":"란티스","anotherKoreanNames":"렘피스, 렌티스"},{"id":"mcd60ca","name":"Beit Rima","isModern":true,"stereo":"child","description":"Beit Rima is a Palestinian village in the Ramallah and Al-Bireh Governorate in the West Bank.\nIts name may be a corruption of 'Ramah' or 'Ramathaim-Zophim,' the hometown of Samuel, suggesting a connection to the biblical 'Land of Zuph' (a4d0250).","koreanDescription":"베이트 리마는 웨스트 뱅크의 라말라 및 알 비레 주에 위치한 팔레스타인 마을입니다.\n그 이름은 사무엘의 고향인 '라마' 또는 '라마타임-소빔'이 변형된 것일 수 있으며, 성경의 '숩 땅'(Zuph, a4d0250)과의 연관성을 시사합니다.","imageTitle":"mcd60ca.iac15e4.jpg","types":["settlement"],"geojsonText":"{\"bbox\":[35.09985,32.03061,35.10515,32.03511],\"features\":[{\"geometry\":{\"coordinates\":[35.1025,32.03286],\"type\":\"Point\"},\"properties\":{\"id\":\"mcd60ca.point\",\"role\":\"point\"},\"type\":\"Feature\"},{\"geometry\":{\"coordinates\":[[[35.1025,32.03511],[35.10222,32.0351],[35.10195,32.03506],[35.10168,32.035],[35.10142,32.03491],[35.10117,32.03481],[35.10094,32.03468],[35.10073,32.03453],[35.10053,32.03436],[35.10035,32.03418],[35.1002,32.03398],[35.10008,32.03377],[35.09998,32.03355],[35.09991,32.03333],[35.09986,32.03309],[35.09985,32.03286],[35.09986,32.03262],[35.09991,32.03239],[35.09998,32.03217],[35.10008,32.03195],[35.1002,32.03174],[35.10035,32.03154],[35.10053,32.03136],[35.10073,32.03119],[35.10094,32.03104],[35.10117,32.03091],[35.10142,32.03081],[35.10168,32.03072],[35.10195,32.03066],[35.10222,32.03062],[35.1025,32.03061],[35.10278,32.03062],[35.10305,32.03066],[35.10332,32.03072],[35.10358,32.03081],[35.10383,32.03091],[35.10406,32.03104],[35.10427,32.03119],[35.10447,32.03136],[35.10465,32.03154],[35.1048,32.03174],[35.10492,32.03195],[35.10502,32.03217],[35.10509,32.03239],[35.10514,32.03262],[35.10515,32.03286],[35.10514,32.03309],[35.10509,32.03333],[35.10502,32.03355],[35.10492,32.03377],[35.1048,32.03398],[35.10465,32.03418],[35.10447,32.03436],[35.10427,32.03453],[35.10406,32.03468],[35.10383,32.03481],[35.10358,32.03491],[35.10332,32.035],[35.10305,32.03506],[35.10278,32.0351],[35.1025,32.03511]]],\"type\":\"Polygon\"},\"properties\":{\"id\":\"g8df87b.precision_radius\",\"land_or_water\":\"land\",\"role\":\"precision_radius\"},\"type\":\"Feature\"}],\"metadata\":{\"class\":\"human\",\"land_or_water\":\"land\",\"name\":\"Beit Rima\",\"type\":\"settlement\"},\"type\":\"FeatureCollection\"}","anotherNames":"Bani Zeid, Bayt Rima, Beit Ramah, Beth Ramah, Ramathain","koreanName":"베이트 리마","anotherKoreanNames":"바니 제이드, 바이트 리마, 베이트 라마, 베스 라마, 라마타임"},{"id":"m0d7bb1","name":"Ramallah","isModern":true,"stereo":"child","description":"Ramallah is a major Palestinian city in the central West Bank, north of Jerusalem.\nIts name, meaning 'Hill of God', and its location in the central hill country have led some to propose it as a site related to the 'Land of Zuph' (a4d0250), or potentially even Ramathaim-Zophim.","koreanDescription":"라말라는 중앙 웨스트 뱅크, 예루살렘 북쪽에 있는 주요 팔레스타인 도시입니다.\n그 이름은 '하나님의 언덕'을 의미하며, 중앙 산악 지대에 위치하고 있어 '숩 땅'(Zuph, a4d0250) 또는 라마타임-소빔과 관련된 장소로 제안되기도 합니다.","imageTitle":"m0d7bb1.i396d07.jpg","types":["settlement"],"geojsonText":"{\"bbox\":[35.19902,31.8947,35.20432,31.89919],\"features\":[{\"geometry\":{\"coordinates\":[35.201667,31.896944],\"type\":\"Point\"},\"properties\":{\"id\":\"m0d7bb1.point\",\"role\":\"point\"},\"type\":\"Feature\"},{\"geometry\":{\"coordinates\":[[[35.20167,31.89919],[35.20139,31.89918],[35.20112,31.89914],[35.20085,31.89908],[35.20059,31.899],[35.20034,31.89889],[35.20011,31.89876],[35.19989,31.89861],[35.1997,31.89845],[35.19952,31.89827],[35.19937,31.89807],[35.19925,31.89786],[35.19915,31.89764],[35.19908,31.89741],[35.19903,31.89718],[35.19902,31.89694],[35.19903,31.89671],[35.19908,31.89648],[35.19915,31.89625],[35.19925,31.89603],[35.19937,31.89582],[35.19952,31.89562],[35.1997,31.89544],[35.1999,31.89527],[35.20011,31.89513],[35.20034,31.895],[35.20059,31.89489],[35.20085,31.89481],[35.20112,31.89474],[35.20139,31.89471],[35.20167,31.8947],[35.20194,31.89471],[35.20222,31.89474],[35.20249,31.89481],[35.20274,31.89489],[35.20299,31.895],[35.20322,31.89513],[35.20344,31.89527],[35.20363,31.89544],[35.20381,31.89562],[35.20396,31.89582],[35.20409,31.89603],[35.20419,31.89625],[35.20426,31.89648],[35.2043,31.89671],[35.20432,31.89694],[35.2043,31.89718],[35.20426,31.89741],[35.20419,31.89764],[35.20409,31.89786],[35.20396,31.89807],[35.20381,31.89827],[35.20364,31.89845],[35.20344,31.89861],[35.20322,31.89876],[35.20299,31.89889],[35.20274,31.899],[35.20249,31.89908],[35.20222,31.89914],[35.20194,31.89918],[35.20167,31.89919]]],\"type\":\"Polygon\"},\"properties\":{\"id\":\"gefc809.precision_radius\",\"land_or_water\":\"land\",\"role\":\"precision_radius\"},\"type\":\"Feature\"}],\"metadata\":{\"class\":\"human\",\"land_or_water\":\"land\",\"name\":\"Ramallah\",\"type\":\"settlement\"},\"type\":\"FeatureCollection\"}","anotherNames":"Ram Allah","koreanName":"라말라","anotherKoreanNames":"람 알라"},{"id":"m77f703","name":"Ramat Rahel","isModern":true,"stereo":"child","description":"Ramat Rahel is a kibbutz in Israel, located on a hill overlooking Jerusalem.\nAlthough located south of the traditional Ephraimite hill country, it is sometimes included in the wider geographical possibilities for the 'Land of Zuph' (a4d0250) due to its historical importance as a fortress and its location on the border between Judah and Benjamin.","koreanDescription":"라마 라헬은 예루살렘을 내려다보는 언덕에 위치한 이스라엘의 키부츠입니다.\n전통적인 에브라임 산지 남쪽에 위치하지만, 요새로서의 역사적 중요성과 유다와 베냐민 경계에 위치하고 있어 '숩 땅'(Zuph, a4d0250)의 더 넓은 지리적 가능성 안에 포함되기도 합니다.","imageTitle":"m77f703.ia43b6c.jpg","types":["settlement"],"geojsonText":"{\"features\":[{\"geometry\":{\"coordinates\":[35.216896,31.739901],\"type\":\"Point\"},\"properties\":{\"id\":\"m77f703.point\",\"role\":\"point\"},\"type\":\"Feature\"}],\"metadata\":{\"class\":\"human\",\"land_or_water\":\"land\",\"name\":\"Ramat Rahel\",\"type\":\"settlement\"},\"type\":\"FeatureCollection\"}","anotherNames":"Khirbet Salih, Ramat Rachel","koreanName":"라마 라헬","anotherKoreanNames":"키르벳 살리, 라마트 라헬"},{"id":"mebe332","name":"Al Bira","isModern":true,"stereo":"child","description":"Al Bira (or Al Bireh) is a city adjacent to Ramallah in the central West Bank.\nIts location is firmly within the central hill country of Ephraim and Benjamin, making it a strong candidate for a locality associated with the biblical 'Land of Zuph' (a4d0250), or perhaps the town of Beeroth (Joshua 9:17).","koreanDescription":"알 비라(Al Bireh)는 중앙 웨스트 뱅크의 라말라에 인접한 도시입니다.\n이곳은 에브라임과 베냐민의 중앙 산악 지대에 확고하게 위치하고 있어, 성경의 '숩 땅'(Zuph, a4d0250)과 관련된 지역, 또는 아마도 브에롯 성읍(여호수아 9:17)의 유력한 후보지입니다.","imageTitle":"mebe332.i912dd9.jpg","types":["settlement"],"geojsonText":"{\"bbox\":[35.21231,31.90289,35.21761,31.90739],\"features\":[{\"geometry\":{\"coordinates\":[35.214958,31.905142],\"type\":\"Point\"},\"properties\":{\"id\":\"mebe332.point\",\"role\":\"point\"},\"type\":\"Feature\"},{\"geometry\":{\"coordinates\":[[[35.21496,31.90739],[35.21468,31.90738],[35.21441,31.90734],[35.21414,31.90728],[35.21388,31.9072],[35.21363,31.90709],[35.2134,31.90696],[35.21319,31.90681],[35.21299,31.90665],[35.21282,31.90646],[35.21266,31.90627],[35.21254,31.90606],[35.21244,31.90584],[35.21237,31.90561],[35.21232,31.90538],[35.21231,31.90514],[35.21232,31.90491],[35.21237,31.90467],[35.21244,31.90445],[35.21254,31.90423],[35.21266,31.90402],[35.21282,31.90382],[35.21299,31.90364],[35.21319,31.90347],[35.2134,31.90332],[35.21363,31.90319],[35.21388,31.90309],[35.21414,31.903],[35.21441,31.90294],[35.21468,31.90291],[35.21496,31.90289],[35.21523,31.90291],[35.21551,31.90294],[35.21578,31.903],[35.21604,31.90309],[35.21628,31.90319],[35.21651,31.90332],[35.21673,31.90347],[35.21693,31.90364],[35.2171,31.90382],[35.21725,31.90402],[35.21738,31.90423],[35.21748,31.90445],[35.21755,31.90467],[35.21759,31.90491],[35.21761,31.90514],[35.21759,31.90538],[35.21755,31.90561],[35.21748,31.90584],[35.21738,31.90606],[35.21725,31.90627],[35.2171,31.90646],[35.21693,31.90665],[35.21673,31.90681],[35.21651,31.90696],[35.21628,31.90709],[35.21604,31.9072],[35.21578,31.90728],[35.21551,31.90734],[35.21523,31.90738],[35.21496,31.90739]]],\"type\":\"Polygon\"},\"properties\":{\"id\":\"g949049.precision_radius\",\"land_or_water\":\"land\",\"role\":\"precision_radius\"},\"type\":\"Feature\"}],\"metadata\":{\"class\":\"human\",\"land_or_water\":\"land\",\"name\":\"Al Bira\",\"type\":\"settlement\"},\"type\":\"FeatureCollection\"}","anotherNames":"Al Bireh, El Bireh","koreanName":"알 비라","anotherKoreanNames":"알 비레, 엘 비레"},{"id":"m17b4ff","name":"Nabi Samwil","isModern":true,"stereo":"child","description":"Nabi Samwil is a high point overlooking Jerusalem, traditionally identified as the burial place of the Prophet Samuel.\nIts name and commanding location strongly link it to Ramathaim-Zophim ('Ramah of the Zophites'), the traditional home of Samuel, and thus the biblical 'Land of Zuph' (a4d0250).","koreanDescription":"나비 사무엘은 예루살렘을 내려다보는 높은 지점으로, 전통적으로 선지자 사무엘의 매장지로 확인됩니다.\n그 이름과 압도적인 위치는 사무엘의 전통적인 고향인 라마타임-소빔('소빔 사람들의 라마')과 강하게 연결되어 있으며, 따라서 성경의 '숩 땅'(Zuph, a4d0250)과도 관련이 있습니다.","imageTitle":"m17b4ff.i8581dc.jpg","types":["settlement"],"geojsonText":"{\"features\":[{\"geometry\":{\"coordinates\":[35.18015,31.832733],\"type\":\"Point\"},\"properties\":{\"id\":\"m17b4ff.point\",\"role\":\"point\"},\"type\":\"Feature\"}],\"metadata\":{\"class\":\"human\",\"land_or_water\":\"land\",\"name\":\"Nabi Samwil\",\"type\":\"settlement\"},\"type\":\"FeatureCollection\"}","anotherNames":"Nebi Samwil, Nebu Samwil","koreanName":"나비 사무엘","anotherKoreanNames":"네비 사무엘, 네부 사무엘"}],"relations":[{"parentId":"a08174b","childId":"m3c1506","possibility":85},{"parentId":"ac31fee","childId":"mc013b6","possibility":100},{"parentId":"ae7f7b5","childId":"m6924bf","possibility":50},{"parentId":"ae7f7b5","childId":"m07d05e","possibility":45},{"parentId":"ae7f7b5","childId":"m25a76c","possibility":45},{"parentId":"ae7f7b5","childId":"m207993","possibility":45},{"parentId":"ae7f7b5","childId":"m7aba95","possibility":45},{"parentId":"aacfcda","childId":"m28cd4b","possibility":35},{"parentId":"aacfcda","childId":"m3edbe2","possibility":30},{"parentId":"aacfcda","childId":"m56a09d","possibility":10},{"parentId":"aacfcda","childId":"mb397de","possibility":10},{"parentId":"aacfcda","childId":"m63b310","possibility":10},{"parentId":"aacfcda","childId":"mb58c5d","possibility":10},{"parentId":"aacfcda","childId":"ma45395","possibility":10},{"parentId":"aacfcda","childId":"m56a432","possibility":10},{"parentId":"aacfcda","childId":"m713b74","possibility":10},{"parentId":"a4aa78a","childId":"md56681","possibility":100},{"parentId":"a4d0250","childId":"m67501d","possibility":70},{"parentId":"a4d0250","childId":"m960e84","possibility":70},{"parentId":"a4d0250","childId":"mcd60ca","possibility":70},{"parentId":"a4d0250","childId":"m0d7bb1","possibility":70},{"parentId":"a4d0250","childId":"m77f703","possibility":70},{"parentId":"a4d0250","childId":"mebe332","possibility":70},{"parentId":"a4d0250","childId":"m17b4ff","possibility":70}],"total":30}