{"data":[{"id":"a70e842","name":"Beer-lahai-roi","imageTitle":"m9398f2.satellite.jpg","isModern":false,"stereo":"parent","description":"Beer Lahai Roi, meaning 'the well of the Living One who sees me,' is a significant biblical site in the Negev, located between Kadesh and Bered.\nIt is primarily associated with Hagar, the Egyptian maidservant of Sarah.\nHagar fled from Sarah and encountered the Angel of the LORD by this well, where she was assured that her son, Ishmael, would be the father of a great nation (Gen. 16:7-14).\nShe named the well in recognition of God's personal attention to her plight. \nLater, Isaac dwelled near this well (Gen. 24:62; 25:11).","koreanDescription":"‘나를 감찰하시는 살아 계신 이의 우물’이라는 뜻의 고대 지명으로, 가데스와 베렛 사이에 위치한 것으로 언급됩니다.\n이곳은 아브라함의 아내 사라의 여종 하갈과 깊은 관련이 있습니다.\n사라에게서 도망친 하갈이 광야에서 여호와의 사자를 만났고, 아들 이스마엘에 대한 약속을 받은 후, 하나님이 자신을 보셨음을 깨닫고 이 우물을 명명했습니다(창 16:7-14).\n후에 이삭이 이 지역 근처에 거주했습니다(창 24:62; 25:11).","verses":["Gen.16.14","Gen.24.62","Gen.25.11"],"placeUrl":"/geo/ancient/a70e842/beer-lahai-roi","identificationPaths":["/geo/modern/m9398f2","/geo/modern/mea9d16","/geo/modern/m58ed36","/geo/modern/m9ad5c9"],"types":["well"],"unknownPlacePossibility":null,"geojsonText":"{\"bbox\":[34.127577,30.382414,34.661566,31.100185],\"features\":[{\"geometry\":{\"coordinates\":[[[34.653798,31.100185],[34.651738,31.099634],[34.650665,31.097962],[34.651931,31.096529],[34.654421,31.094342],[34.656073,31.093148],[34.661566,31.094195],[34.661308,31.094838],[34.659442,31.097043],[34.657897,31.098623],[34.653798,31.100185]]],\"type\":\"Polygon\"},\"properties\":{\"id\":\"gdddc8e.geometry\",\"land_or_water\":\"land\"},\"type\":\"Feature\"},{\"geometry\":{\"coordinates\":[[34.158807,30.738661],[34.158667,30.740155],[34.158474,30.741529],[34.157906,30.742359],[34.156629,30.743742],[34.154934,30.745051],[34.154054,30.745392],[34.15356,30.745872],[34.151801,30.746923],[34.150953,30.747458],[34.150535,30.747808],[34.150031,30.748601],[34.150041,30.750021],[34.149655,30.750528],[34.148346,30.751008],[34.145739,30.75133],[34.143207,30.753147],[34.142209,30.754723],[34.140439,30.756457],[34.139237,30.758135],[34.138132,30.758411],[34.137081,30.759711],[34.136502,30.759868],[34.135375,30.760486],[34.13413,30.760633],[34.132982,30.760329],[34.129013,30.761583],[34.127577,30.761891]],\"type\":\"LineString\"},\"properties\":{\"id\":\"ge14acc.geometry\",\"land_or_water\":\"water\"},\"type\":\"Feature\"},{\"geometry\":{\"coordinates\":[34.173133,30.382414],\"type\":\"Point\"},\"properties\":{\"id\":\"m58ed36.point\"},\"type\":\"Feature\"},{\"geometry\":{\"coordinates\":[34.333333,30.6875],\"type\":\"Point\"},\"properties\":{\"id\":\"m9398f2.point\"},\"type\":\"Feature\"},{\"geometry\":{\"coordinates\":[34.12978,30.76286],\"type\":\"Point\"},\"properties\":{\"id\":\"m9ad5c9.point\"},\"type\":\"Feature\"},{\"geometry\":{\"coordinates\":[34.652,31.097],\"type\":\"Point\"},\"properties\":{\"id\":\"mea9d16.point\"},\"type\":\"Feature\"}],\"metadata\":{\"geometry_credit\":\"Some data © OpenStreetMap contributors\",\"name\":\"Beer-lahai-roi\"},\"type\":\"FeatureCollection\"}","anotherNames":null,"koreanName":"브엘라해로이","anotherKoreanNames":null},{"id":"a046454","name":"Beeroth","imageTitle":"m8d753d.i869ba7.jpg","isModern":false,"stereo":"parent","description":"A biblical city, one of the four Hivite cities that deceived Joshua into making a covenant of peace (Josh. 9:17).\nIt was later allotted to the tribe of Benjamin (Josh. 18:25).\nThe town was abandoned after the Babylonian exile but its inhabitants later returned (Ezra 2:25; Neh. 7:29).","koreanDescription":"고대 히위 족속의 성읍 중 하나로, 기브온과 연합하여 여호수아를 속여 평화 조약을 맺은 네 성읍 중 하나입니다(수 9:17).\n이후 베냐민 지파에게 분배된 땅에 속하게 되었습니다(수 18:25).\n바벨론 포로기 이후에는 버려졌다가, 포로 귀환 후 그 주민들이 돌아왔습니다(스 2:25; 느 7:29).","verses":["Josh.9.17","Josh.18.25","2Sam.4.2","2Sam.4.3","2Sam.4.5","2Sam.23.37","1Chr.11.39","Ezra.2.25","Neh.7.29"],"placeUrl":"/geo/ancient/a046454/beeroth","identificationPaths":["/geo/modern/m8d753d","/geo/modern/mebe332","/geo/modern/m17b4ff","/geo/modern/mbcd830","/geo/modern/m857981","/geo/modern/mf55105","/geo/modern/m3b4f65","/geo/modern/mfe37a0"],"types":["settlement"],"unknownPlacePossibility":null,"geojsonText":"{\"bbox\":[35.14832,31.82383,35.216417,31.9121],\"features\":[{\"geometry\":{\"coordinates\":[35.18015,31.832733],\"type\":\"Point\"},\"properties\":{\"id\":\"m17b4ff.point\"},\"type\":\"Feature\"},{\"geometry\":{\"coordinates\":[35.202,31.9121],\"type\":\"Point\"},\"properties\":{\"id\":\"m3b4f65.point\"},\"type\":\"Feature\"},{\"geometry\":{\"coordinates\":[35.2117,31.90879],\"type\":\"Point\"},\"properties\":{\"id\":\"m857981.point\"},\"type\":\"Feature\"},{\"geometry\":{\"coordinates\":[35.1872,31.82383],\"type\":\"Point\"},\"properties\":{\"id\":\"m8d753d.point\"},\"type\":\"Feature\"},{\"geometry\":{\"coordinates\":[35.14832,31.83392],\"type\":\"Point\"},\"properties\":{\"id\":\"mbcd830.point\"},\"type\":\"Feature\"},{\"geometry\":{\"coordinates\":[35.214958,31.905142],\"type\":\"Point\"},\"properties\":{\"id\":\"mebe332.point\"},\"type\":\"Feature\"},{\"geometry\":{\"coordinates\":[35.183351,31.847451],\"type\":\"Point\"},\"properties\":{\"id\":\"mf55105.point\"},\"type\":\"Feature\"},{\"geometry\":{\"coordinates\":[35.216417,31.885136],\"type\":\"Point\"},\"properties\":{\"id\":\"mfe37a0.point\"},\"type\":\"Feature\"}],\"metadata\":{\"name\":\"Beeroth\"},\"type\":\"FeatureCollection\"}","anotherNames":null,"koreanName":"브에롯","anotherKoreanNames":null},{"id":"a280f83","name":"Beeroth Bene-jaakan","imageTitle":"m4ee7bd.i2c623f.jpg","isModern":false,"stereo":"parent","description":"A location in the wilderness where the Israelites camped during their journey from Egypt to the Promised Land.\nIts name means 'Wells of the sons of Jaakan,' highlighting its importance as a water source (Deut. 10:6).\nIt is also related to the place simply called 'Bene-jaakan' mentioned in Numbers 33:31-32.","koreanDescription":"이스라엘 백성이 이집트에서 약속의 땅으로 가는 광야 여정 중 한 숙영지입니다.\n'야아간의 아들들의 우물'이라는 뜻으로, 물이 귀한 사막 지역에서 중요한 샘터였음을 보여줍니다(신 10:6).\n민수기 33:31-32에는 '브네야아간'으로만 언급되기도 합니다.","verses":["Deut.10.6"],"placeUrl":"/geo/ancient/a280f83/beeroth-bene-jaakan","identificationPaths":["/geo/modern/m4ee7bd"],"types":["settlement"],"unknownPlacePossibility":null,"geojsonText":"{\"features\":[{\"geometry\":{\"coordinates\":[34.472522,30.791764],\"type\":\"Point\"},\"properties\":{\"id\":\"m4ee7bd.point\"},\"type\":\"Feature\"}],\"metadata\":{\"name\":\"Beeroth Bene-jaakan\"},\"type\":\"FeatureCollection\"}","anotherNames":null,"koreanName":"브에롯 브네야아간","anotherKoreanNames":null},{"id":"ad2f6c2","name":"Beersheba 1","imageTitle":"m392188.iae4b38.jpg","isModern":false,"stereo":"parent","description":"Beersheba, meaning 'Well of Seven' or 'Well of the Oath,' was a city in the southern boundary of ancient Israel, famously captured in the phrase 'From Dan to Beersheba.'\nIt was allotted to the tribe of Simeon within the territory of Judah (Josh. 15:28; 19:2).\nIt served as a key administrative and religious center, where the sons of Samuel were judges (1 Sam. 8:2) and the prophet Elijah took refuge (1 Kgs. 19:3).","koreanDescription":"‘일곱 우물’ 또는 ‘맹세의 우물’이라는 뜻의 도시로, 고대 이스라엘의 남쪽 경계를 상징하는 지명입니다('단에서부터 브엘세바까지').\n유다 지파 영역 내 시므온 지파에게 할당되었습니다(수 15:28; 19:2).\n사무엘의 아들들이 재판장으로 있었고(삼상 8:2), 선지자 엘리야가 이세벨을 피해 도피했던 곳입니다(왕상 19:3).","verses":["Josh.15.28","Josh.19.2","Judg.20.1","1Sam.3.20","1Sam.8.2","2Sam.3.10","2Sam.17.11","2Sam.24.2","2Sam.24.7","2Sam.24.15","1Kgs.4.25","1Kgs.19.3","2Kgs.12.1","2Kgs.23.8","1Chr.4.28","1Chr.21.2","2Chr.19.4","2Chr.24.1","2Chr.30.5","Neh.11.27","Neh.11.30","Amos.5.5","Amos.8.14"],"placeUrl":"/geo/ancient/ad2f6c2/beersheba-1","identificationPaths":["/geo/modern/m392188","/geo/modern/m14a95e"],"types":["settlement"],"unknownPlacePossibility":null,"geojsonText":"{\"bbox\":[34.792886,31.23699,34.842236,31.247004],\"features\":[{\"geometry\":{\"coordinates\":[[[34.792939,31.237166],[34.793035,31.237017],[34.793064,31.237031],[34.79309,31.23699],[34.793272,31.237076],[34.793214,31.237166],[34.793202,31.237297],[34.793192,31.237339],[34.793162,31.237383],[34.793117,31.237415],[34.793044,31.237431],[34.792982,31.237422],[34.792923,31.237392],[34.792899,31.237364],[34.792886,31.237318],[34.792889,31.23727],[34.792899,31.237247],[34.792923,31.237224],[34.792965,31.237206],[34.793002,31.237196],[34.792939,31.237166]]],\"type\":\"Polygon\"},\"properties\":{\"id\":\"g75c7b7.geometry\",\"land_or_water\":\"water\"},\"type\":\"Feature\"},{\"geometry\":{\"coordinates\":[[[34.84152,31.246925],[34.841139,31.246329],[34.840833,31.245838],[34.84047,31.245802],[34.840055,31.245604],[34.839549,31.245395],[34.839614,31.24495],[34.839803,31.244305],[34.840436,31.244081],[34.841144,31.244192],[34.841494,31.244592],[34.841815,31.245666],[34.841993,31.246056],[34.842134,31.246461],[34.842236,31.246504],[34.842236,31.246628],[34.842236,31.247004],[34.84152,31.246925]]],\"type\":\"Polygon\"},\"properties\":{\"id\":\"gd9b586.geometry\",\"land_or_water\":\"land\"},\"type\":\"Feature\"},{\"geometry\":{\"coordinates\":[34.793078,31.237225],\"type\":\"Point\"},\"properties\":{\"id\":\"m14a95e.point\"},\"type\":\"Feature\"},{\"geometry\":{\"coordinates\":[34.840833,31.244722],\"type\":\"Point\"},\"properties\":{\"id\":\"m392188.point\"},\"type\":\"Feature\"}],\"metadata\":{\"geometry_credit\":\"Some data © OpenStreetMap contributors\",\"name\":\"Beersheba 1\"},\"type\":\"FeatureCollection\"}","anotherNames":null,"koreanName":"브엘세바 1","anotherKoreanNames":null},{"id":"a075d61","name":"Beersheba 2","imageTitle":"m392188.iae4b38.jpg","isModern":false,"stereo":"parent","description":"Beersheba is highly significant in the patriarchal narratives.\nIt is the site where both Abraham and Isaac dug wells and made covenants with Abimelech, leading to the city's name meaning 'Well of the Oath' or 'Well of Seven' (Gen. 21:31; 26:33).\nAbraham planted a tamarisk tree here (Gen. 21:33), and Isaac built an altar (Gen. 26:25).\nJacob also offered sacrifices here before going down to Egypt (Gen. 46:1).","koreanDescription":"족장 시대에 중요한 의미를 지닌 장소입니다.\n아브라함과 이삭이 그랄 왕 아비멜렉과 우물을 두고 언약을 맺은 곳으로, '맹세의 우물' 또는 '일곱 우물'이라는 뜻이 생겼습니다(창 21:31; 26:33).\n아브라함이 에셀 나무를 심고(창 21:33), 이삭이 단을 쌓았으며(창 26:25), 야곱이 애굽으로 내려가기 전 하나님께 희생제물을 드린 곳입니다(창 46:1).","verses":["Gen.21.14","Gen.21.31","Gen.21.32","Gen.21.33","Gen.22.19","Gen.26.23","Gen.26.33","Gen.28.10","Gen.46.1","Gen.46.5"],"placeUrl":"/geo/ancient/a075d61/beersheba-2","identificationPaths":["/geo/modern/m392188","/geo/modern/m14a95e"],"types":["settlement"],"unknownPlacePossibility":null,"geojsonText":"{\"bbox\":[34.792886,31.23699,34.842236,31.247004],\"features\":[{\"geometry\":{\"coordinates\":[[[34.792939,31.237166],[34.793035,31.237017],[34.793064,31.237031],[34.79309,31.23699],[34.793272,31.237076],[34.793214,31.237166],[34.793202,31.237297],[34.793192,31.237339],[34.793162,31.237383],[34.793117,31.237415],[34.793044,31.237431],[34.792982,31.237422],[34.792923,31.237392],[34.792899,31.237364],[34.792886,31.237318],[34.792889,31.23727],[34.792899,31.237247],[34.792923,31.237224],[34.792965,31.237206],[34.793002,31.237196],[34.792939,31.237166]]],\"type\":\"Polygon\"},\"properties\":{\"id\":\"g75c7b7.geometry\",\"land_or_water\":\"water\"},\"type\":\"Feature\"},{\"geometry\":{\"coordinates\":[[[34.84152,31.246925],[34.841139,31.246329],[34.840833,31.245838],[34.84047,31.245802],[34.840055,31.245604],[34.839549,31.245395],[34.839614,31.24495],[34.839803,31.244305],[34.840436,31.244081],[34.841144,31.244192],[34.841494,31.244592],[34.841815,31.245666],[34.841993,31.246056],[34.842134,31.246461],[34.842236,31.246504],[34.842236,31.246628],[34.842236,31.247004],[34.84152,31.246925]]],\"type\":\"Polygon\"},\"properties\":{\"id\":\"gd9b586.geometry\",\"land_or_water\":\"land\"},\"type\":\"Feature\"},{\"geometry\":{\"coordinates\":[34.793078,31.237225],\"type\":\"Point\"},\"properties\":{\"id\":\"m14a95e.point\"},\"type\":\"Feature\"},{\"geometry\":{\"coordinates\":[34.840833,31.244722],\"type\":\"Point\"},\"properties\":{\"id\":\"m392188.point\"},\"type\":\"Feature\"}],\"metadata\":{\"geometry_credit\":\"Some data © OpenStreetMap contributors\",\"name\":\"Beersheba 2\"},\"type\":\"FeatureCollection\"}","anotherNames":null,"koreanName":"브엘세바 2","anotherKoreanNames":null},{"id":"a293fbf","name":"Beeshterah","imageTitle":"mdbdac8.satellite.jpg","isModern":false,"stereo":"parent","description":"A Levitical city in the territory of the half-tribe of Manasseh east of the Jordan River (Josh. 21:27).\nIt is often considered a variant spelling or contraction of 'Ashtaroth' or 'Beth-Ashtoreth' ('house of Astarte'), a major city in Bashan associated with the goddess Astarte.","koreanDescription":"요단 동편 므낫세 반 지파의 영토에 속한 레위 지파 성읍 중 하나입니다(수 21:27).\n이는 흔히 '아스다롯' 또는 '아스다롯의 집'('아스다롯 여신의 집')의 다른 표기나 약어인 것으로 여겨지며, 바산 지역의 주요 도시 중 하나였습니다.","verses":["Josh.21.27"],"placeUrl":"/geo/ancient/a293fbf/beeshterah","identificationPaths":["/geo/modern/mdbdac8"],"types":["settlement"],"unknownPlacePossibility":null,"geojsonText":"{\"bbox\":[36.013464,32.802814,36.018008,32.806141],\"features\":[{\"geometry\":{\"coordinates\":[[[36.016581,32.80326],[36.017118,32.803756],[36.017654,32.804216],[36.018008,32.804708],[36.017751,32.805361],[36.017568,32.805745],[36.017552,32.805939],[36.017032,32.806141],[36.016667,32.805934],[36.015895,32.805925],[36.01516,32.80579],[36.014409,32.80547],[36.014119,32.805303],[36.013631,32.804744],[36.013464,32.804599],[36.013507,32.803878],[36.013658,32.803549],[36.013872,32.803184],[36.01414,32.802922],[36.014704,32.802832],[36.015364,32.802814],[36.015975,32.80294],[36.016581,32.80326]]],\"type\":\"Polygon\"},\"properties\":{\"id\":\"geaea89.geometry\",\"land_or_water\":\"land\"},\"type\":\"Feature\"},{\"geometry\":{\"coordinates\":[36.015833,32.804167],\"type\":\"Point\"},\"properties\":{\"id\":\"mdbdac8.point\"},\"type\":\"Feature\"}],\"metadata\":{\"geometry_credit\":\"Some data © OpenStreetMap contributors\",\"name\":\"Beeshterah\"},\"type\":\"FeatureCollection\"}","anotherNames":null,"koreanName":"브에스드라","anotherKoreanNames":null},{"id":"ae83378","name":"Bene-berak","imageTitle":"me36d66.i77d9b2.jpg","isModern":false,"stereo":"parent","description":"A city in the territory allotted to the tribe of Dan (Josh. 19:45), located near Jaffa.\nIt was later subject to Ashkelon during the Assyrian period (701 B.C.E.).\nDuring the post-Second Temple period, it became a center of Jewish learning, particularly known for the school of Rabbi Akiva.","koreanDescription":"단 지파에게 할당된 영토에 속한 성읍 중 하나로, 욥바(현재의 야파) 근처에 위치했습니다(수 19:45).\n이후 아시리아 시대에는 아스글론의 지배를 받았으며, 제2성전 파괴 후에는 랍비 아키바의 학교가 있던 유대인 학문의 중심지였습니다.","verses":["Josh.19.45"],"placeUrl":"/geo/ancient/ae83378/bene-berak","identificationPaths":["/geo/modern/me36d66","/geo/modern/mcd7d18"],"types":["settlement"],"unknownPlacePossibility":null,"geojsonText":"{\"bbox\":[34.827669,32.036675,34.836944,32.099444],\"features\":[{\"geometry\":{\"coordinates\":[34.836944,32.099444],\"type\":\"Point\"},\"properties\":{\"id\":\"mcd7d18.point\"},\"type\":\"Feature\"},{\"geometry\":{\"coordinates\":[34.827669,32.036675],\"type\":\"Point\"},\"properties\":{\"id\":\"me36d66.point\"},\"type\":\"Feature\"}],\"metadata\":{\"name\":\"Bene-berak\"},\"type\":\"FeatureCollection\"}","anotherNames":null,"koreanName":"브네브락","anotherKoreanNames":null},{"id":"a0fe2be","name":"Bene-jaakan","imageTitle":"m4ee7bd.i2c623f.jpg","isModern":false,"stereo":"parent","description":"A camping station for the Israelites during their 40-year journey in the wilderness (Num. 33:31-32).\nIt is also known as 'Beeroth Bene-jaakan' (Deut. 10:6), meaning 'sons of Jaakan,' suggesting a tribal connection or an area named after the descendants of Jaakan, a Horite/Edomite clan.","koreanDescription":"이스라엘 백성이 40년 동안 광야를 방황하는 동안 멈추어 섰던 숙영지 중 하나입니다(민 33:31-32).\n'야아간의 아들들'이라는 뜻이며, '브에롯 브네야아간'(신 10:6)으로도 불립니다.\n이는 호리 족속/에돔 족속의 한 가문의 후손들의 이름을 딴 지역이나 우물과 관련된 장소였을 것으로 추정됩니다.","verses":["Num.33.31","Num.33.32"],"placeUrl":"/geo/ancient/a0fe2be/bene-jaakan","identificationPaths":["/geo/modern/m4ee7bd"],"types":["settlement"],"unknownPlacePossibility":null,"geojsonText":"{\"features\":[{\"geometry\":{\"coordinates\":[34.472522,30.791764],\"type\":\"Point\"},\"properties\":{\"id\":\"m4ee7bd.point\"},\"type\":\"Feature\"}],\"metadata\":{\"name\":\"Bene-jaakan\"},\"type\":\"FeatureCollection\"}","anotherNames":null,"koreanName":"브네야아간","anotherKoreanNames":null},{"id":"ae04aa8","name":"Benjamin Gate","imageTitle":"m66c5b8.i6449a7.jpg","isModern":false,"stereo":"parent","description":"One of the gates of Jerusalem, named after the Tribe of Benjamin, whose territory lay to the north of the city, in the direction this gate faced.\nIt was a significant point of entry and exit, where the prophet Jeremiah was arrested during the Babylonian siege (Jer. 37:13).\nIt also served as a place where the king sometimes held court (Jer. 38:7).","koreanDescription":"예루살렘 성문 중 하나로, 이스라엘의 베냐민 지파의 영토를 향하고 있었기 때문에 그 이름이 붙었습니다.\n예레미야 선지자가 바벨론 군대에 항복하려 한다는 오해를 받아 체포된 곳이며(렘 37:13), 왕이 때때로 재판을 하던 공적인 장소이기도 했습니다(렘 38:7).\n스가랴 선지서의 예언적 비전에서 예루살렘의 경계를 나타내는 기준점으로 언급됩니다(슥 14:10).","verses":["Jer.20.2","Jer.37.13","Jer.38.7","Zech.14.10"],"placeUrl":"/geo/ancient/ae04aa8/benjamin-gate","identificationPaths":["/geo/modern/m66c5b8"],"types":["gate"],"unknownPlacePossibility":null,"geojsonText":"{\"bbox\":[35.225701,31.772808,35.237558,31.783742],\"features\":[{\"geometry\":{\"coordinates\":[[[35.227657,31.776599],[35.227747,31.776508],[35.227659,31.776394],[35.227825,31.776289],[35.227753,31.775875],[35.227642,31.775883],[35.227618,31.775624],[35.227772,31.775611],[35.227848,31.775599],[35.227849,31.775535],[35.227847,31.775424],[35.227806,31.774544],[35.227729,31.774545],[35.22773,31.774387],[35.22779,31.774376],[35.227778,31.774048],[35.227782,31.773881],[35.227836,31.773872],[35.227858,31.773486],[35.227791,31.773485],[35.227794,31.77336],[35.227865,31.773336],[35.22787,31.773082],[35.227819,31.773084],[35.22782,31.772896],[35.228621,31.772903],[35.229503,31.772898],[35.229592,31.772872],[35.229638,31.772857],[35.229742,31.772823],[35.229792,31.772808],[35.230644,31.772943],[35.230646,31.772918],[35.230707,31.772927],[35.230773,31.772936],[35.230772,31.772966],[35.231011,31.773026],[35.231003,31.77306],[35.231499,31.773154],[35.231483,31.773234],[35.232293,31.773404],[35.23234,31.773362],[35.232427,31.773437],[35.23238,31.773479],[35.23242,31.773833],[35.232459,31.773913],[35.232517,31.773913],[35.232535,31.774013],[35.233242,31.774283],[35.233551,31.774736],[35.233704,31.774761],[35.233848,31.774781],[35.234179,31.774828],[35.235563,31.775017],[35.235767,31.775046],[35.23572,31.77531],[35.235672,31.775582],[35.235771,31.775594],[35.235759,31.775672],[35.235843,31.775681],[35.235812,31.775846],[35.23624,31.775911],[35.23653,31.775954],[35.237558,31.7761],[35.237298,31.778181],[35.237292,31.778227],[35.237209,31.778892],[35.237235,31.778894],[35.237218,31.779043],[35.237191,31.779041],[35.23719,31.779052],[35.237154,31.779343],[35.23714,31.779461],[35.237062,31.78007],[35.237088,31.780073],[35.237085,31.780094],[35.237056,31.780297],[35.237014,31.780728],[35.236999,31.780797],[35.236976,31.780907],[35.236961,31.780973],[35.236918,31.781381],[35.236999,31.781391],[35.236982,31.781533],[35.236931,31.781529],[35.236915,31.781703],[35.236964,31.781709],[35.236928,31.78197],[35.236965,31.78197],[35.236956,31.782097],[35.236927,31.782096],[35.236907,31.782264],[35.236953,31.782268],[35.236944,31.782362],[35.236895,31.782359],[35.236809,31.783188],[35.236712,31.783628],[35.236817,31.783648],[35.236792,31.783742],[35.236687,31.783722],[35.236691,31.783697],[35.236318,31.783629],[35.236306,31.783671],[35.236225,31.783657],[35.236227,31.78362],[35.235913,31.783553],[35.235908,31.783579],[35.235839,31.783565],[35.235848,31.78354],[35.235445,31.783448],[35.235443,31.783456],[35.235137,31.783383],[35.235125,31.78342],[35.235017,31.783394],[35.23503,31.783353],[35.234933,31.783327],[35.234972,31.783237],[35.234743,31.783195],[35.234724,31.783232],[35.234557,31.78319],[35.234552,31.783152],[35.233739,31.782979],[35.233725,31.783022],[35.233611,31.782996],[35.233626,31.782947],[35.233061,31.782816],[35.233045,31.782862],[35.232924,31.782847],[35.232926,31.782763],[35.232536,31.782697],[35.232511,31.782542],[35.232177,31.782489],[35.231864,31.782508],[35.231792,31.78258],[35.231637,31.782555],[35.231589,31.782585],[35.2313,31.782492],[35.231251,31.782425],[35.23105,31.78231],[35.231087,31.78227],[35.230952,31.782181],[35.230921,31.782215],[35.230846,31.782165],[35.23091,31.78209],[35.230745,31.781977],[35.230771,31.78194],[35.230558,31.781784],[35.230533,31.781808],[35.230496,31.781843],[35.230391,31.781763],[35.230432,31.781724],[35.230393,31.781695],[35.23035,31.781662],[35.230303,31.781627],[35.230276,31.781606],[35.230233,31.781647],[35.230134,31.781572],[35.230196,31.781513],[35.229897,31.781289],[35.229808,31.781363],[35.229702,31.78128],[35.229673,31.781302],[35.2295,31.781176],[35.229568,31.781111],[35.229465,31.781022],[35.229496,31.780984],[35.228562,31.780281],[35.228517,31.780306],[35.228397,31.780217],[35.228425,31.780181],[35.228198,31.77999],[35.228165,31.780013],[35.228074,31.779955],[35.228101,31.779928],[35.22775,31.779661],[35.227458,31.779963],[35.22688,31.779603],[35.226831,31.779646],[35.226419,31.779403],[35.226215,31.77931],[35.226086,31.779249],[35.226044,31.779314],[35.225883,31.779211],[35.226176,31.778899],[35.225701,31.778412],[35.22588,31.778287],[35.225868,31.77815],[35.225926,31.778132],[35.225926,31.778046],[35.227419,31.77679],[35.227578,31.776657],[35.227544,31.776628],[35.227503,31.776595],[35.227574,31.776528],[35.227657,31.776599]]],\"type\":\"Polygon\"},\"properties\":{\"id\":\"g1c795f.geometry\",\"land_or_water\":\"land\"},\"type\":\"Feature\"},{\"geometry\":{\"coordinates\":[[[35.227657,31.776599],[35.227747,31.776508],[35.227659,31.776394],[35.227825,31.776289],[35.227753,31.775875],[35.227642,31.775883],[35.227618,31.775624],[35.227848,31.775599],[35.227806,31.774544],[35.227729,31.774545],[35.227858,31.773486],[35.227791,31.773485],[35.227794,31.77336],[35.227865,31.773336],[35.22782,31.772896],[35.229503,31.772898],[35.229792,31.772808],[35.230773,31.772936],[35.231003,31.77306],[35.231499,31.773154],[35.231483,31.773234],[35.232293,31.773404],[35.23234,31.773362],[35.232427,31.773437],[35.23238,31.773479],[35.23242,31.773833],[35.232535,31.774013],[35.233242,31.774283],[35.233551,31.774736],[35.235767,31.775046],[35.235672,31.775582],[35.235843,31.775681],[35.235812,31.775846],[35.237558,31.7761],[35.236918,31.781381],[35.236999,31.781391],[35.236915,31.781703],[35.236964,31.781709],[35.236907,31.782264],[35.236953,31.782268],[35.236712,31.783628],[35.236817,31.783648],[35.236792,31.783742],[35.235017,31.783394],[35.234933,31.783327],[35.234972,31.783237],[35.234724,31.783232],[35.233739,31.782979],[35.233725,31.783022],[35.233611,31.782996],[35.233626,31.782947],[35.233061,31.782816],[35.232924,31.782847],[35.232926,31.782763],[35.232536,31.782697],[35.232511,31.782542],[35.232177,31.782489],[35.231589,31.782585],[35.2313,31.782492],[35.23105,31.78231],[35.231087,31.78227],[35.230846,31.782165],[35.23091,31.78209],[35.230745,31.781977],[35.230771,31.78194],[35.230558,31.781784],[35.230496,31.781843],[35.230276,31.781606],[35.230233,31.781647],[35.230134,31.781572],[35.230196,31.781513],[35.229897,31.781289],[35.229808,31.781363],[35.2295,31.781176],[35.229568,31.781111],[35.229465,31.781022],[35.229496,31.780984],[35.228562,31.780281],[35.228397,31.780217],[35.228425,31.780181],[35.22775,31.779661],[35.227458,31.779963],[35.22688,31.779603],[35.226831,31.779646],[35.226086,31.779249],[35.226044,31.779314],[35.225883,31.779211],[35.226176,31.778899],[35.225701,31.778412],[35.22588,31.778287],[35.225926,31.778046],[35.227578,31.776657],[35.227503,31.776595],[35.227574,31.776528],[35.227657,31.776599]]],\"type\":\"Polygon\"},\"properties\":{\"id\":\"g1c795f.simplified\",\"land_or_water\":\"land\"},\"type\":\"Feature\"},{\"geometry\":{\"coordinates\":[35.234167,31.776667],\"type\":\"Point\"},\"properties\":{\"id\":\"m66c5b8.point\"},\"type\":\"Feature\"}],\"metadata\":{\"geometry_credit\":\"Some data © OpenStreetMap contributors\",\"name\":\"Benjamin Gate\"},\"type\":\"FeatureCollection\"}","anotherNames":null,"koreanName":"베냐민 문","anotherKoreanNames":null},{"id":"a882ef5","name":"Beon","imageTitle":"mbc7ae2.satellite.jpg","isModern":false,"stereo":"parent","description":"A city located in the territory east of the Jordan River, which was requested by the tribes of Reuben and Gad for their inheritance due to its suitability for livestock (Num. 32:3).\nIt is generally considered to be an abbreviated or variant name for Baal-meon, which was a Moabitish city later fortified by the Reubenites.","koreanDescription":"요단 동편 지역에 위치한 성읍으로, 목축에 적합하여 르우벤 지파와 갓 지파가 자신들의 기업으로 삼고자 했던 땅에 속합니다(민 32:3).\n대부분의 학자들은 '바알-므온'의 축약형 또는 변형된 이름일 것으로 봅니다. 바알-므온은 원래 모압 성읍이었으나 후에 르우벤 자손에 의해 요새화되었습니다.","verses":["Num.32.3"],"placeUrl":"/geo/ancient/a882ef5/beon","identificationPaths":["/geo/modern/mbc7ae2"],"types":["settlement"],"unknownPlacePossibility":null,"geojsonText":"{\"features\":[{\"geometry\":{\"coordinates\":[35.735321,31.679501],\"type\":\"Point\"},\"properties\":{\"id\":\"mbc7ae2.point\"},\"type\":\"Feature\"}],\"metadata\":{\"name\":\"Beon\"},\"type\":\"FeatureCollection\"}","anotherNames":null,"koreanName":"브온","anotherKoreanNames":null},{"id":"m9398f2","name":"Ain Muweileh","isModern":true,"stereo":"child","description":"A spring located near Quseima, Egypt, in the central Sinai Peninsula. It is one of several important water sources in the region.\nSome scholars consider this area, including the nearby Kadesh-barnea (Qudeirat area), to be a possible location for the biblical Beer-lahai-roi due to its vital role as a water supply along ancient crossroads.","koreanDescription":"이집트 쿠세이마 근처의 중앙 시나이 반도에 위치한 샘입니다.\n이 지역은 고대 교차로를 따라 물 공급에 필수적이었으며, 일부 학자들은 이 근처 지역(쿠데이라트 지역의 가데스 바네아 포함)이 성경 속 브엘라해로이의 가능한 위치 중 하나일 수 있다고 추정합니다.","imageTitle":"m9398f2.satellite.jpg","types":["spring"],"geojsonText":"{\"bbox\":[34.33229,30.6866,34.33438,30.6884],\"features\":[{\"geometry\":{\"coordinates\":[34.333333,30.6875],\"type\":\"Point\"},\"properties\":{\"id\":\"m9398f2.point\",\"role\":\"point\"},\"type\":\"Feature\"},{\"geometry\":{\"coordinates\":[[[34.33333,30.6884],[34.33322,30.68839],[34.33312,30.68838],[34.33301,30.68836],[34.33291,30.68832],[34.33281,30.68828],[34.33272,30.68823],[34.33263,30.68817],[34.33256,30.6881],[34.33249,30.68803],[34.33243,30.68795],[34.33238,30.68787],[34.33234,30.68778],[34.33231,30.68769],[34.33229,30.68759],[34.33229,30.6875],[34.33229,30.68741],[34.33231,30.68731],[34.33234,30.68722],[34.33238,30.68713],[34.33243,30.68705],[34.33249,30.68697],[34.33256,30.6869],[34.33263,30.68683],[34.33272,30.68677],[34.33281,30.68672],[34.33291,30.68668],[34.33301,30.68664],[34.33312,30.68662],[34.33322,30.68661],[34.33333,30.6866],[34.33344,30.68661],[34.33355,30.68662],[34.33366,30.68664],[34.33376,30.68668],[34.33386,30.68672],[34.33395,30.68677],[34.33403,30.68683],[34.33411,30.6869],[34.33418,30.68697],[34.33424,30.68705],[34.33429,30.68713],[34.33433,30.68722],[34.33436,30.68731],[34.33437,30.68741],[34.33438,30.6875],[34.33437,30.68759],[34.33436,30.68769],[34.33433,30.68778],[34.33429,30.68787],[34.33424,30.68795],[34.33418,30.68803],[34.33411,30.6881],[34.33403,30.68817],[34.33395,30.68823],[34.33386,30.68828],[34.33376,30.68832],[34.33366,30.68836],[34.33355,30.68838],[34.33344,30.68839],[34.33333,30.6884]]],\"type\":\"Polygon\"},\"properties\":{\"id\":\"gf883e8.precision_radius\",\"land_or_water\":\"land\",\"role\":\"precision_radius\"},\"type\":\"Feature\"}],\"metadata\":{\"class\":\"natural\",\"land_or_water\":\"water\",\"name\":\"Ain Muweileh\",\"type\":\"spring\"},\"type\":\"FeatureCollection\"}","anotherNames":"Ain el Muweileh, Ain Muweilih, Muwaylih","koreanName":"아인 무와일레","anotherKoreanNames":"아인 엘 무와일레, 아인 무와일리, 무와일리"},{"id":"mea9d16","name":"Haluza","isModern":true,"stereo":"child","description":"An ancient Nabataean city, known as Elusa in the Byzantine period, located in the Negev desert of Israel.\nIt was a major station on the Incense Route from Petra to Gaza and is now a UNESCO World Heritage Site.\nIt is one of the suggested modern locations identified with the biblical site Beer-lahai-roi.","koreanDescription":"비잔틴 시대에는 엘루사(Elusa)로 알려졌던 고대 나바테아 도시로, 이스라엘 네게브 사막에 위치합니다.\n페트라에서 가자로 이어지는 향료 무역로의 주요 정류장 중 하나였으며, 현재 유네스코 세계유산으로 지정되어 있습니다.\n성경 속 브엘라해로이의 현대 비정지 중 하나로 제안됩니다.","imageTitle":"mea9d16.ibaffbc.jpg","types":["settlement"],"geojsonText":"{\"bbox\":[34.650665,31.093148,34.661566,31.100185],\"features\":[{\"geometry\":{\"coordinates\":[34.652,31.097],\"type\":\"Point\"},\"properties\":{\"id\":\"mea9d16.point\",\"role\":\"point\"},\"type\":\"Feature\"},{\"geometry\":{\"coordinates\":[[[34.653798,31.100185],[34.651738,31.099634],[34.650665,31.097962],[34.651931,31.096529],[34.654421,31.094342],[34.656073,31.093148],[34.661566,31.094195],[34.661308,31.094838],[34.659442,31.097043],[34.657897,31.098623],[34.653798,31.100185]]],\"type\":\"Polygon\"},\"properties\":{\"id\":\"gdddc8e.local\",\"land_or_water\":\"land\",\"role\":\"local\"},\"type\":\"Feature\"}],\"metadata\":{\"class\":\"human\",\"geometry_credit\":\"Some data © OpenStreetMap contributors\",\"land_or_water\":\"land\",\"name\":\"Haluza\",\"type\":\"settlement\"},\"type\":\"FeatureCollection\"}","anotherNames":"Al Khalasa","koreanName":"할루자","anotherKoreanNames":"알 칼라사"},{"id":"m58ed36","name":"Jebel Umm el Bared","isModern":true,"stereo":"child","description":"A mountain or elevated area. It is one of the modern locations suggested as a possible geographical marker for the biblical Beer-lahai-roi.","koreanDescription":"산 또는 고지대의 이름입니다. 성경 속 브엘라해로이의 지리적 위치를 추정하는 현대 지명 후보 중 하나입니다.","imageTitle":"m58ed36.satellite.jpg","types":["mountain"],"geojsonText":"{\"bbox\":[33.75614,30.02269,34.59013,30.74214],\"features\":[{\"geometry\":{\"coordinates\":[34.173133,30.382414],\"type\":\"Point\"},\"properties\":{\"id\":\"m58ed36.point\",\"role\":\"point\"},\"type\":\"Feature\"},{\"geometry\":{\"coordinates\":[[[34.17313,30.74214],[34.12938,30.74016],[34.08612,30.73425],[34.04382,30.72447],[34.00295,30.71093],[33.96397,30.69378],[33.9273,30.67321],[33.89334,30.64945],[33.86248,30.62275],[33.83505,30.59342],[33.81134,30.56178],[33.79162,30.52817],[33.7761,30.49298],[33.76494,30.45657],[33.75827,30.41936],[33.75614,30.38175],[33.75858,30.34416],[33.76556,30.30699],[33.777,30.27065],[33.79276,30.23555],[33.81267,30.20206],[33.83651,30.17054],[33.86401,30.14135],[33.89487,30.11479],[33.92876,30.09116],[33.9653,30.07072],[34.00409,30.05368],[34.04472,30.04023],[34.08674,30.03052],[34.1297,30.02465],[34.17313,30.02269],[34.21656,30.02465],[34.25952,30.03052],[34.30154,30.04023],[34.34217,30.05368],[34.38097,30.07072],[34.41751,30.09116],[34.4514,30.11479],[34.48226,30.14135],[34.50976,30.17054],[34.5336,30.20206],[34.55351,30.23555],[34.56927,30.27065],[34.5807,30.30699],[34.58768,30.34416],[34.59013,30.38175],[34.588,30.41936],[34.58133,30.45657],[34.57017,30.49298],[34.55465,30.52817],[34.53493,30.56178],[34.51122,30.59342],[34.48379,30.62275],[34.45292,30.64945],[34.41897,30.67321],[34.3823,30.69378],[34.34331,30.71093],[34.30245,30.72447],[34.26015,30.73425],[34.21688,30.74016],[34.17313,30.74214]]],\"type\":\"Polygon\"},\"properties\":{\"id\":\"g454b68.precision_radius\",\"land_or_water\":\"land\",\"role\":\"precision_radius\"},\"type\":\"Feature\"}],\"metadata\":{\"class\":\"natural\",\"land_or_water\":\"land\",\"name\":\"Jebel Umm el Bared\",\"type\":\"mountain\"},\"type\":\"FeatureCollection\"}","anotherNames":null,"koreanName":"제벨 움 엘 바레드","anotherKoreanNames":null},{"id":"m9ad5c9","name":"Wadi Umm Rajil","isModern":true,"stereo":"child","description":"A wadi (seasonal riverbed or valley) in the region, identified as a possible geographical feature near the biblical Beer-lahai-roi.","koreanDescription":"이 지역의 와디(건천 또는 계곡) 이름으로, 성경 속 브엘라해로이 근처의 지리적 특징 중 하나로 비정됩니다.","imageTitle":"m9ad5c9.satellite.jpg","types":["wadi"],"geojsonText":"{\"bbox\":[34.127577,30.738661,34.158807,30.76376],\"features\":[{\"geometry\":{\"coordinates\":[34.12978,30.76286],\"type\":\"Point\"},\"properties\":{\"id\":\"m9ad5c9.representative_point\",\"role\":\"representative_point\"},\"type\":\"Feature\"},{\"geometry\":{\"coordinates\":[[34.158807,30.738661],[34.158667,30.740155],[34.158474,30.741529],[34.157906,30.742359],[34.156629,30.743742],[34.154934,30.745051],[34.154054,30.745392],[34.15356,30.745872],[34.151801,30.746923],[34.150953,30.747458],[34.150535,30.747808],[34.150031,30.748601],[34.150041,30.750021],[34.149655,30.750528],[34.148346,30.751008],[34.145739,30.75133],[34.143207,30.753147],[34.142209,30.754723],[34.140439,30.756457],[34.139237,30.758135],[34.138132,30.758411],[34.137081,30.759711],[34.136502,30.759868],[34.135375,30.760486],[34.13413,30.760633],[34.132982,30.760329],[34.129013,30.761583],[34.127577,30.761891]],\"type\":\"LineString\"},\"properties\":{\"id\":\"ge14acc.precise\",\"land_or_water\":\"water\",\"role\":\"precise\"},\"type\":\"Feature\"},{\"geometry\":{\"coordinates\":[[[34.12978,30.76376],[34.12967,30.76375],[34.12956,30.76374],[34.12946,30.76372],[34.12935,30.76368],[34.12926,30.76364],[34.12916,30.76359],[34.12908,30.76353],[34.129,30.76346],[34.12893,30.76339],[34.12887,30.76331],[34.12882,30.76323],[34.12878,30.76314],[34.12876,30.76305],[34.12874,30.76295],[34.12873,30.76286],[34.12874,30.76277],[34.12876,30.76267],[34.12878,30.76258],[34.12882,30.76249],[34.12887,30.76241],[34.12893,30.76233],[34.129,30.76226],[34.12908,30.76219],[34.12916,30.76213],[34.12926,30.76208],[34.12935,30.76204],[34.12946,30.762],[34.12956,30.76198],[34.12967,30.76197],[34.12978,30.76196],[34.12989,30.76197],[34.13,30.76198],[34.1301,30.762],[34.13021,30.76204],[34.1303,30.76208],[34.1304,30.76213],[34.13048,30.76219],[34.13056,30.76226],[34.13063,30.76233],[34.13069,30.76241],[34.13074,30.76249],[34.13078,30.76258],[34.1308,30.76267],[34.13082,30.76277],[34.13083,30.76286],[34.13082,30.76295],[34.1308,30.76305],[34.13078,30.76314],[34.13074,30.76323],[34.13069,30.76331],[34.13063,30.76339],[34.13056,30.76346],[34.13048,30.76353],[34.1304,30.76359],[34.1303,30.76364],[34.13021,30.76368],[34.1301,30.76372],[34.13,30.76374],[34.12989,30.76375],[34.12978,30.76376]]],\"type\":\"Polygon\"},\"properties\":{\"id\":\"g095a6b.precision_radius\",\"land_or_water\":\"land\",\"role\":\"precision_radius\"},\"type\":\"Feature\"}],\"metadata\":{\"class\":\"natural\",\"geometry_credit\":\"Some data © OpenStreetMap contributors\",\"land_or_water\":\"water\",\"name\":\"Wadi Umm Rajil\",\"type\":\"wadi\"},\"type\":\"FeatureCollection\"}","anotherNames":null,"koreanName":"와디 움 라질","anotherKoreanNames":null},{"id":"m8d753d","name":"Khirbet el Burj","isModern":true,"stereo":"child","description":"An archaeological site, meaning 'Ruins of the Tower,' near Beit Iksa in the central West Bank.\nModern scholars often identify this site with the biblical city of Beeroth.","koreanDescription":"중앙 요르단강 서안 지구의 베이트 익사 근처에 있는 '탑의 폐허'라는 뜻의 고고학 유적지입니다.\n이곳은 현대 학자들에 의해 성경 속 브에롯의 가능한 위치 중 하나로 강력하게 비정됩니다.","imageTitle":"m8d753d.i869ba7.jpg","types":["settlement"],"geojsonText":"{\"bbox\":[35.18614,31.82293,35.18826,31.82473],\"features\":[{\"geometry\":{\"coordinates\":[35.1872,31.82383],\"type\":\"Point\"},\"properties\":{\"id\":\"m8d753d.point\",\"role\":\"point\"},\"type\":\"Feature\"},{\"geometry\":{\"coordinates\":[[[35.1872,31.82473],[35.18709,31.82472],[35.18698,31.82471],[35.18687,31.82469],[35.18677,31.82465],[35.18667,31.82461],[35.18658,31.82456],[35.18649,31.8245],[35.18641,31.82443],[35.18634,31.82436],[35.18628,31.82428],[35.18623,31.8242],[35.18619,31.82411],[35.18616,31.82402],[35.18615,31.82392],[35.18614,31.82383],[35.18615,31.82374],[35.18616,31.82364],[35.18619,31.82355],[35.18623,31.82346],[35.18628,31.82338],[35.18634,31.8233],[35.18641,31.82323],[35.18649,31.82316],[35.18658,31.8231],[35.18667,31.82305],[35.18677,31.82301],[35.18687,31.82297],[35.18698,31.82295],[35.18709,31.82294],[35.1872,31.82293],[35.18731,31.82294],[35.18742,31.82295],[35.18753,31.82297],[35.18763,31.82301],[35.18773,31.82305],[35.18782,31.8231],[35.18791,31.82316],[35.18799,31.82323],[35.18806,31.8233],[35.18812,31.82338],[35.18817,31.82346],[35.18821,31.82355],[35.18824,31.82364],[35.18825,31.82374],[35.18826,31.82383],[35.18825,31.82392],[35.18824,31.82402],[35.18821,31.82411],[35.18817,31.8242],[35.18812,31.82428],[35.18806,31.82436],[35.18799,31.82443],[35.18791,31.8245],[35.18782,31.82456],[35.18773,31.82461],[35.18763,31.82465],[35.18753,31.82469],[35.18742,31.82471],[35.18731,31.82472],[35.1872,31.82473]]],\"type\":\"Polygon\"},\"properties\":{\"id\":\"g89d6e5.precision_radius\",\"land_or_water\":\"land\",\"role\":\"precision_radius\"},\"type\":\"Feature\"}],\"metadata\":{\"class\":\"human\",\"land_or_water\":\"land\",\"name\":\"Khirbet el Burj\",\"type\":\"settlement\"},\"type\":\"FeatureCollection\"}","anotherNames":"Khirbet al Burg","koreanName":"키르벳 엘 부르즈","anotherKoreanNames":"키르벳 알 부르그"},{"id":"mebe332","name":"Al Bira","isModern":true,"stereo":"child","description":"A Palestinian city located 15 kilometers north of Jerusalem in the central West Bank, often transliterated as Al-Bireh or El-Bireh.\nHistorically a significant crossroad, it is one of the traditional and historical candidates for the biblical city of Beeroth.","koreanDescription":"예루살렘 북쪽 15km에 위치한 팔레스타인 도시입니다. 역사적으로 중요한 교차로였으며, 성경 속 브에롯의 전통적인 후보지 중 하나로 여겨져 왔습니다.","imageTitle":"mebe332.i912dd9.jpg","types":["settlement"],"geojsonText":"{\"bbox\":[35.21231,31.90289,35.21761,31.90739],\"features\":[{\"geometry\":{\"coordinates\":[35.214958,31.905142],\"type\":\"Point\"},\"properties\":{\"id\":\"mebe332.point\",\"role\":\"point\"},\"type\":\"Feature\"},{\"geometry\":{\"coordinates\":[[[35.21496,31.90739],[35.21468,31.90738],[35.21441,31.90734],[35.21414,31.90728],[35.21388,31.9072],[35.21363,31.90709],[35.2134,31.90696],[35.21319,31.90681],[35.21299,31.90665],[35.21282,31.90646],[35.21266,31.90627],[35.21254,31.90606],[35.21244,31.90584],[35.21237,31.90561],[35.21232,31.90538],[35.21231,31.90514],[35.21232,31.90491],[35.21237,31.90467],[35.21244,31.90445],[35.21254,31.90423],[35.21266,31.90402],[35.21282,31.90382],[35.21299,31.90364],[35.21319,31.90347],[35.2134,31.90332],[35.21363,31.90319],[35.21388,31.90309],[35.21414,31.903],[35.21441,31.90294],[35.21468,31.90291],[35.21496,31.90289],[35.21523,31.90291],[35.21551,31.90294],[35.21578,31.903],[35.21604,31.90309],[35.21628,31.90319],[35.21651,31.90332],[35.21673,31.90347],[35.21693,31.90364],[35.2171,31.90382],[35.21725,31.90402],[35.21738,31.90423],[35.21748,31.90445],[35.21755,31.90467],[35.21759,31.90491],[35.21761,31.90514],[35.21759,31.90538],[35.21755,31.90561],[35.21748,31.90584],[35.21738,31.90606],[35.21725,31.90627],[35.2171,31.90646],[35.21693,31.90665],[35.21673,31.90681],[35.21651,31.90696],[35.21628,31.90709],[35.21604,31.9072],[35.21578,31.90728],[35.21551,31.90734],[35.21523,31.90738],[35.21496,31.90739]]],\"type\":\"Polygon\"},\"properties\":{\"id\":\"g949049.precision_radius\",\"land_or_water\":\"land\",\"role\":\"precision_radius\"},\"type\":\"Feature\"}],\"metadata\":{\"class\":\"human\",\"land_or_water\":\"land\",\"name\":\"Al Bira\",\"type\":\"settlement\"},\"type\":\"FeatureCollection\"}","anotherNames":"Al Bireh, El Bireh","koreanName":"알 비라","anotherKoreanNames":"알 비레, 엘 비레"},{"id":"m17b4ff","name":"Nabi Samwil","isModern":true,"stereo":"child","description":"A prominent hill and village northwest of Jerusalem, traditionally associated with the tomb of the prophet Samuel.\nIt is another location considered by some scholars as a possible candidate for the biblical city of Beeroth.","koreanDescription":"예루살렘 북서쪽에 위치한 눈에 띄는 언덕과 마을로, 전통적으로 선지자 사무엘의 무덤과 관련이 있습니다.\n일부 학자들은 이곳을 성경 속 브에롯의 또 다른 후보지로 간주합니다.","imageTitle":"m17b4ff.i8581dc.jpg","types":["settlement"],"geojsonText":"{\"features\":[{\"geometry\":{\"coordinates\":[35.18015,31.832733],\"type\":\"Point\"},\"properties\":{\"id\":\"m17b4ff.point\",\"role\":\"point\"},\"type\":\"Feature\"}],\"metadata\":{\"class\":\"human\",\"land_or_water\":\"land\",\"name\":\"Nabi Samwil\",\"type\":\"settlement\"},\"type\":\"FeatureCollection\"}","anotherNames":"Nebi Samwil, Nebu Samwil","koreanName":"나비 사무엘","anotherKoreanNames":"네비 사무엘, 네부 사무엘"},{"id":"mbcd830","name":"Biddu","isModern":true,"stereo":"child","description":"A Palestinian village northwest of Jerusalem. It is mentioned in the Onomastikon of Eusebius as being near the biblical Beeroth, and some scholars consider it a candidate for the ancient city.","koreanDescription":"예루살렘 북서쪽에 위치한 팔레스타인 마을입니다. 유세비우스의 오노마스티콘(Onomastikon)에 성경 속 브에롯 근처에 있는 것으로 언급되며, 일부 학자들은 이곳을 고대 도시의 후보지로 고려합니다.","imageTitle":"mbcd830.i167063.jpg","types":["settlement"],"geojsonText":"{\"bbox\":[35.14567,31.83167,35.15097,31.83617],\"features\":[{\"geometry\":{\"coordinates\":[35.14832,31.83392],\"type\":\"Point\"},\"properties\":{\"id\":\"mbcd830.point\",\"role\":\"point\"},\"type\":\"Feature\"},{\"geometry\":{\"coordinates\":[[[35.14832,31.83617],[35.14804,31.83616],[35.14777,31.83612],[35.1475,31.83606],[35.14724,31.83597],[35.147,31.83587],[35.14676,31.83574],[35.14655,31.83559],[35.14635,31.83542],[35.14618,31.83524],[35.14603,31.83504],[35.1459,31.83483],[35.1458,31.83461],[35.14573,31.83439],[35.14569,31.83415],[35.14567,31.83392],[35.14569,31.83368],[35.14573,31.83345],[35.1458,31.83323],[35.1459,31.83301],[35.14603,31.8328],[35.14618,31.8326],[35.14635,31.83242],[35.14655,31.83225],[35.14676,31.8321],[35.147,31.83197],[35.14724,31.83187],[35.1475,31.83178],[35.14777,31.83172],[35.14804,31.83168],[35.14832,31.83167],[35.1486,31.83168],[35.14887,31.83172],[35.14914,31.83178],[35.1494,31.83187],[35.14964,31.83197],[35.14988,31.8321],[35.15009,31.83225],[35.15029,31.83242],[35.15046,31.8326],[35.15061,31.8328],[35.15074,31.83301],[35.15084,31.83323],[35.15091,31.83345],[35.15095,31.83368],[35.15097,31.83392],[35.15095,31.83415],[35.15091,31.83439],[35.15084,31.83461],[35.15074,31.83483],[35.15061,31.83504],[35.15046,31.83524],[35.15029,31.83542],[35.15009,31.83559],[35.14988,31.83574],[35.14964,31.83587],[35.1494,31.83597],[35.14914,31.83606],[35.14887,31.83612],[35.1486,31.83616],[35.14832,31.83617]]],\"type\":\"Polygon\"},\"properties\":{\"id\":\"g744962.precision_radius\",\"land_or_water\":\"land\",\"role\":\"precision_radius\"},\"type\":\"Feature\"}],\"metadata\":{\"class\":\"human\",\"land_or_water\":\"land\",\"name\":\"Biddu\",\"type\":\"settlement\"},\"type\":\"FeatureCollection\"}","anotherNames":null,"koreanName":"비두","anotherKoreanNames":null},{"id":"m857981","name":"Ras et Tahuneh","isModern":true,"stereo":"child","description":"A modern location mentioned as a less likely candidate for the biblical city of Beeroth.","koreanDescription":"성경 속 브에롯의 후보지 중 하나로 언급되는 현대 지명입니다. 다른 비정지들에 비해 가능성이 낮게 평가됩니다.","imageTitle":"m857981.satellite.jpg","types":["settlement"],"geojsonText":"{\"bbox\":[35.20905,31.90654,35.21435,31.91104],\"features\":[{\"geometry\":{\"coordinates\":[35.2117,31.90879],\"type\":\"Point\"},\"properties\":{\"id\":\"m857981.point\",\"role\":\"point\"},\"type\":\"Feature\"},{\"geometry\":{\"coordinates\":[[[35.2117,31.91104],[35.21142,31.91103],[35.21115,31.91099],[35.21088,31.91093],[35.21062,31.91084],[35.21038,31.91074],[35.21014,31.91061],[35.20993,31.91046],[35.20973,31.91029],[35.20956,31.91011],[35.20941,31.90991],[35.20928,31.9097],[35.20918,31.90948],[35.20911,31.90926],[35.20907,31.90902],[35.20905,31.90879],[35.20907,31.90855],[35.20911,31.90832],[35.20918,31.9081],[35.20928,31.90788],[35.20941,31.90767],[35.20956,31.90747],[35.20973,31.90729],[35.20993,31.90712],[35.21014,31.90697],[35.21038,31.90684],[35.21062,31.90674],[35.21088,31.90665],[35.21115,31.90659],[35.21142,31.90655],[35.2117,31.90654],[35.21198,31.90655],[35.21225,31.90659],[35.21252,31.90665],[35.21278,31.90674],[35.21302,31.90684],[35.21326,31.90697],[35.21347,31.90712],[35.21367,31.90729],[35.21384,31.90747],[35.21399,31.90767],[35.21412,31.90788],[35.21422,31.9081],[35.21429,31.90832],[35.21433,31.90855],[35.21435,31.90879],[35.21433,31.90902],[35.21429,31.90926],[35.21422,31.90948],[35.21412,31.9097],[35.21399,31.90991],[35.21384,31.91011],[35.21367,31.91029],[35.21347,31.91046],[35.21326,31.91061],[35.21302,31.91074],[35.21278,31.91084],[35.21252,31.91093],[35.21225,31.91099],[35.21198,31.91103],[35.2117,31.91104]]],\"type\":\"Polygon\"},\"properties\":{\"id\":\"g636b98.precision_radius\",\"land_or_water\":\"land\",\"role\":\"precision_radius\"},\"type\":\"Feature\"}],\"metadata\":{\"class\":\"human\",\"land_or_water\":\"land\",\"name\":\"Ras et Tahuneh\",\"type\":\"settlement\"},\"type\":\"FeatureCollection\"}","anotherNames":"Ras et Tahune","koreanName":"라스 엣 타후네","anotherKoreanNames":"라스 엣 타훈"},{"id":"mf55105","name":"El Jib","isModern":true,"stereo":"child","description":"A Palestinian village identified with the ancient Canaanite and Israelite city of Gibeon, located northwest of Jerusalem.\nIt is one of the modern locations sometimes considered as a possible identification for the biblical Beeroth, as Beeroth was part of the Hivite confederacy with Gibeon.","koreanDescription":"예루살렘 북서쪽에 위치한 팔레스타인 마을로, 고대 가나안/이스라엘 도시 기브온으로 확인됩니다.\n브에롯이 기브온과 함께 히위 족속 연합에 속했기 때문에, 성경 속 브에롯의 후보지 중 하나로 때때로 고려됩니다.","imageTitle":"mf55105.i7e2bb4.jpg","types":["settlement"],"geojsonText":"{\"bbox\":[35.1807,31.8452,35.186,31.8497],\"features\":[{\"geometry\":{\"coordinates\":[35.183351,31.847451],\"type\":\"Point\"},\"properties\":{\"id\":\"mf55105.point\",\"role\":\"point\"},\"type\":\"Feature\"},{\"geometry\":{\"coordinates\":[[[35.18335,31.8497],[35.18307,31.84969],[35.1828,31.84965],[35.18253,31.84959],[35.18227,31.8495],[35.18203,31.8494],[35.1818,31.84927],[35.18158,31.84912],[35.18138,31.84896],[35.18121,31.84877],[35.18106,31.84858],[35.18093,31.84837],[35.18083,31.84815],[35.18076,31.84792],[35.18072,31.84769],[35.1807,31.84745],[35.18072,31.84722],[35.18076,31.84698],[35.18083,31.84676],[35.18093,31.84654],[35.18106,31.84633],[35.18121,31.84613],[35.18138,31.84595],[35.18158,31.84578],[35.1818,31.84563],[35.18203,31.8455],[35.18227,31.8454],[35.18253,31.84531],[35.1828,31.84525],[35.18307,31.84522],[35.18335,31.8452],[35.18363,31.84522],[35.1839,31.84525],[35.18417,31.84531],[35.18443,31.8454],[35.18467,31.8455],[35.18491,31.84563],[35.18512,31.84578],[35.18532,31.84595],[35.18549,31.84613],[35.18564,31.84633],[35.18577,31.84654],[35.18587,31.84676],[35.18594,31.84698],[35.18598,31.84722],[35.186,31.84745],[35.18598,31.84769],[35.18594,31.84792],[35.18587,31.84815],[35.18577,31.84837],[35.18564,31.84858],[35.18549,31.84877],[35.18532,31.84896],[35.18512,31.84912],[35.18491,31.84927],[35.18467,31.8494],[35.18443,31.8495],[35.18417,31.84959],[35.1839,31.84965],[35.18363,31.84969],[35.18335,31.8497]]],\"type\":\"Polygon\"},\"properties\":{\"id\":\"gd2df1f.precision_radius\",\"land_or_water\":\"land\",\"role\":\"precision_radius\"},\"type\":\"Feature\"}],\"metadata\":{\"class\":\"human\",\"land_or_water\":\"land\",\"name\":\"El Jib\",\"type\":\"settlement\"},\"type\":\"FeatureCollection\"}","anotherNames":"Al Gib, Ej Jib","koreanName":"엘 집","anotherKoreanNames":"알 집, 에즈 집"},{"id":"m3b4f65","name":"Khirbet Raddana","isModern":true,"stereo":"child","description":"An archaeological site, an unwalled village from the Iron Age I 'Settlement' period (c. 1200-1000 BCE), located in the central hill country of Israel.\nIt is a site sometimes proposed as a possible location for the biblical Beeroth.","koreanDescription":"이스라엘 중앙 산지에 위치한 철기 시대 I기 '정착 시대'(기원전 1200-1000년경)의 성벽 없는 작은 마을 유적지입니다.\n성경 속 브에롯의 가능한 위치로 제안되는 곳 중 하나입니다.","imageTitle":"m3b4f65.satellite.jpg","types":["settlement"],"geojsonText":"{\"bbox\":[35.19935,31.90985,35.20465,31.91435],\"features\":[{\"geometry\":{\"coordinates\":[35.202,31.9121],\"type\":\"Point\"},\"properties\":{\"id\":\"m3b4f65.point\",\"role\":\"point\"},\"type\":\"Feature\"},{\"geometry\":{\"coordinates\":[[[35.202,31.91435],[35.20172,31.91434],[35.20145,31.9143],[35.20118,31.91424],[35.20092,31.91415],[35.20068,31.91405],[35.20044,31.91392],[35.20023,31.91377],[35.20003,31.9136],[35.19986,31.91342],[35.19971,31.91322],[35.19958,31.91301],[35.19948,31.91279],[35.19941,31.91257],[35.19937,31.91233],[35.19935,31.9121],[35.19937,31.91186],[35.19941,31.91163],[35.19948,31.91141],[35.19958,31.91119],[35.19971,31.91098],[35.19986,31.91078],[35.20003,31.9106],[35.20023,31.91043],[35.20044,31.91028],[35.20068,31.91015],[35.20092,31.91005],[35.20118,31.90996],[35.20145,31.9099],[35.20172,31.90986],[35.202,31.90985],[35.20228,31.90986],[35.20255,31.9099],[35.20282,31.90996],[35.20308,31.91005],[35.20332,31.91015],[35.20356,31.91028],[35.20377,31.91043],[35.20397,31.9106],[35.20414,31.91078],[35.20429,31.91098],[35.20442,31.91119],[35.20452,31.91141],[35.20459,31.91163],[35.20463,31.91186],[35.20465,31.9121],[35.20463,31.91233],[35.20459,31.91257],[35.20452,31.91279],[35.20442,31.91301],[35.20429,31.91322],[35.20414,31.91342],[35.20397,31.9136],[35.20377,31.91377],[35.20356,31.91392],[35.20332,31.91405],[35.20308,31.91415],[35.20282,31.91424],[35.20255,31.9143],[35.20228,31.91434],[35.202,31.91435]]],\"type\":\"Polygon\"},\"properties\":{\"id\":\"g001b85.precision_radius\",\"land_or_water\":\"land\",\"role\":\"precision_radius\"},\"type\":\"Feature\"}],\"metadata\":{\"class\":\"human\",\"land_or_water\":\"land\",\"name\":\"Khirbet Raddana\",\"type\":\"settlement\"},\"type\":\"FeatureCollection\"}","anotherNames":null,"koreanName":"키르벳 라다나","anotherKoreanNames":null},{"id":"mfe37a0","name":"Tell en Nasbeh","isModern":true,"stereo":"child","description":"An archaeological tel identified by some as the biblical Mizpah in Benjamin.\nIt is another suggested site that could possibly correspond to the biblical Beeroth.","koreanDescription":"일부 학자들에 의해 베냐민의 미스바로 확인되는 고고학적 텔입니다.\n성경 속 브에롯과 관련이 있을 수 있다고 제안되는 또 다른 유적지입니다.","imageTitle":"mfe37a0.ied1bd5.jpg","types":["settlement"],"geojsonText":"{\"bbox\":[35.21589,31.88469,35.21695,31.88559],\"features\":[{\"geometry\":{\"coordinates\":[35.216417,31.885136],\"type\":\"Point\"},\"properties\":{\"id\":\"mfe37a0.point\",\"role\":\"point\"},\"type\":\"Feature\"},{\"geometry\":{\"coordinates\":[[[35.21642,31.88559],[35.21636,31.88558],[35.21631,31.88558],[35.21625,31.88556],[35.2162,31.88555],[35.21615,31.88553],[35.21611,31.8855],[35.21606,31.88547],[35.21602,31.88544],[35.21599,31.8854],[35.21596,31.88536],[35.21593,31.88532],[35.21591,31.88527],[35.2159,31.88523],[35.21589,31.88518],[35.21589,31.88514],[35.21589,31.88509],[35.2159,31.88504],[35.21591,31.885],[35.21593,31.88495],[35.21596,31.88491],[35.21599,31.88487],[35.21602,31.88484],[35.21606,31.8848],[35.21611,31.88477],[35.21615,31.88475],[35.2162,31.88473],[35.21625,31.88471],[35.21631,31.8847],[35.21636,31.88469],[35.21642,31.88469],[35.21647,31.88469],[35.21653,31.8847],[35.21658,31.88471],[35.21663,31.88473],[35.21668,31.88475],[35.21673,31.88477],[35.21677,31.8848],[35.21681,31.88484],[35.21685,31.88487],[35.21688,31.88491],[35.2169,31.88495],[35.21692,31.885],[35.21693,31.88504],[35.21694,31.88509],[35.21695,31.88514],[35.21694,31.88518],[35.21693,31.88523],[35.21692,31.88527],[35.2169,31.88532],[35.21688,31.88536],[35.21685,31.8854],[35.21681,31.88544],[35.21677,31.88547],[35.21673,31.8855],[35.21668,31.88553],[35.21663,31.88555],[35.21658,31.88556],[35.21653,31.88558],[35.21647,31.88558],[35.21642,31.88559]]],\"type\":\"Polygon\"},\"properties\":{\"id\":\"g83b613.precision_radius\",\"land_or_water\":\"land\",\"role\":\"precision_radius\"},\"type\":\"Feature\"}],\"metadata\":{\"class\":\"human\",\"land_or_water\":\"land\",\"name\":\"Tell en Nasbeh\",\"type\":\"settlement\"},\"type\":\"FeatureCollection\"}","anotherNames":null,"koreanName":"텔 엔 나스베","anotherKoreanNames":null},{"id":"m4ee7bd","name":"Birein","isModern":true,"stereo":"child","description":"A modern settlement/location in the Negev desert of Israel, also known by the name Ezuz.\nIt is the primary candidate for the biblical sites of Beeroth Bene-jaakan and Bene-jaakan, as it features wells essential for survival in the arid region.","koreanDescription":"이스라엘 네게브 사막에 있는 현대 정착지/지역으로, 에주즈(Ezuz)라는 이름으로도 알려져 있습니다.\n이곳은 건조한 지역에서 생존에 필수적인 우물을 가지고 있어 성경 속 브에롯 브네야아간과 브네야아간의 주요 후보지로 간주됩니다.","imageTitle":"m4ee7bd.i2c623f.jpg","types":["settlement"],"geojsonText":"{\"bbox\":[34.4699,30.78952,34.47514,30.79401],\"features\":[{\"geometry\":{\"coordinates\":[34.472522,30.791764],\"type\":\"Point\"},\"properties\":{\"id\":\"m4ee7bd.point\",\"role\":\"point\"},\"type\":\"Feature\"},{\"geometry\":{\"coordinates\":[[[34.47252,30.79401],[34.47225,30.794],[34.47198,30.79396],[34.47171,30.7939],[34.47146,30.79382],[34.47121,30.79371],[34.47098,30.79358],[34.47077,30.79343],[34.47058,30.79327],[34.4704,30.79309],[34.47026,30.79289],[34.47013,30.79268],[34.47003,30.79246],[34.46996,30.79223],[34.46992,30.792],[34.4699,30.79176],[34.46992,30.79153],[34.46996,30.7913],[34.47003,30.79107],[34.47013,30.79085],[34.47026,30.79064],[34.4704,30.79044],[34.47058,30.79026],[34.47077,30.79009],[34.47098,30.78995],[34.47121,30.78982],[34.47146,30.78971],[34.47171,30.78963],[34.47198,30.78956],[34.47225,30.78953],[34.47252,30.78952],[34.4728,30.78953],[34.47307,30.78956],[34.47333,30.78963],[34.47359,30.78971],[34.47383,30.78982],[34.47406,30.78995],[34.47427,30.79009],[34.47447,30.79026],[34.47464,30.79044],[34.47479,30.79064],[34.47491,30.79085],[34.47501,30.79107],[34.47508,30.7913],[34.47512,30.79153],[34.47514,30.79176],[34.47512,30.792],[34.47508,30.79223],[34.47501,30.79246],[34.47491,30.79268],[34.47479,30.79289],[34.47464,30.79309],[34.47447,30.79327],[34.47427,30.79343],[34.47406,30.79358],[34.47383,30.79371],[34.47359,30.79382],[34.47333,30.7939],[34.47307,30.79396],[34.4728,30.794],[34.47252,30.79401]]],\"type\":\"Polygon\"},\"properties\":{\"id\":\"gff1d57.precision_radius\",\"land_or_water\":\"land\",\"role\":\"precision_radius\"},\"type\":\"Feature\"}],\"metadata\":{\"class\":\"human\",\"land_or_water\":\"land\",\"name\":\"Birein\",\"type\":\"settlement\"},\"type\":\"FeatureCollection\"}","anotherNames":"Biriin, Ezuz","koreanName":"비레이인","anotherKoreanNames":"비리인, 에주즈"},{"id":"m392188","name":"Tel Beer Sheva","isModern":true,"stereo":"child","description":"An archaeological tell located a few kilometers east of the modern city of Beer-Sheva.\nIt contains the ruins of an ancient town believed to be the biblical Beersheba (Beersheba 1 and 2).\nThis UNESCO World Heritage Site dates back to the early Israelite period (around the 10th century BCE) and is known for its complex water system and wells.","koreanDescription":"현대 브엘세바 시에서 동쪽으로 몇 킬로미터 떨어진 곳에 위치한 고고학적 텔(언덕)입니다.\n성경 속 브엘세바(브엘세바 1, 2)로 여겨지는 고대 도시의 유적을 포함하며, 복잡한 물 시스템과 우물로 유명합니다.\n유네스코 세계유산으로 지정된 이 유적지는 이스라엘 초기 시대(기원전 10세기경)로 거슬러 올라갑니다.","imageTitle":"m392188.iae4b38.jpg","types":["settlement"],"geojsonText":"{\"bbox\":[34.839549,31.244081,34.842236,31.247004],\"features\":[{\"geometry\":{\"coordinates\":[34.840833,31.244722],\"type\":\"Point\"},\"properties\":{\"id\":\"m392188.point\",\"role\":\"point\"},\"type\":\"Feature\"},{\"geometry\":{\"coordinates\":[[[34.84152,31.246925],[34.841139,31.246329],[34.840833,31.245838],[34.84047,31.245802],[34.840055,31.245604],[34.839549,31.245395],[34.839614,31.24495],[34.839803,31.244305],[34.840436,31.244081],[34.841144,31.244192],[34.841494,31.244592],[34.841815,31.245666],[34.841993,31.246056],[34.842134,31.246461],[34.842236,31.246504],[34.842236,31.246628],[34.842236,31.247004],[34.84152,31.246925]]],\"type\":\"Polygon\"},\"properties\":{\"id\":\"gd9b586.local\",\"land_or_water\":\"land\",\"role\":\"local\"},\"type\":\"Feature\"}],\"metadata\":{\"class\":\"human\",\"geometry_credit\":\"Some data © OpenStreetMap contributors\",\"land_or_water\":\"land\",\"name\":\"Tel Beer Sheva\",\"type\":\"settlement\"},\"type\":\"FeatureCollection\"}","anotherNames":"Tell el Imshash, Tell el Masah, Tell es Sab, Tell es Saba, Tell es Seba","koreanName":"텔 브엘 셰바","anotherKoreanNames":"텔 엘 임샤쉬, 텔 엘 마사, 텔 에스 삽, 텔 에스 사바, 텔 에스 세바"},{"id":"m14a95e","name":"Bir es Seba","isModern":true,"stereo":"child","description":"A well located near Tel Beer Sheva, often identified as the historical 'Abraham's well.'\nIt is considered one of the places of the biblical Beersheba due to its vital water supply in the desert region.","koreanDescription":"텔 브엘 셰바 근처에 위치한 우물로, 종종 역사적인 '아브라함의 우물'로 확인됩니다.\n이 사막 지역에서 생명줄과 같은 물 공급 역할을 했기에 성경 속 브엘세바의 장소 중 하나로 간주됩니다.","imageTitle":"m14a95e.i6d7747.jpg","types":["well"],"geojsonText":"{\"bbox\":[34.79045,31.23498,34.79571,31.23947],\"features\":[{\"geometry\":{\"coordinates\":[34.793078,31.237225],\"type\":\"Point\"},\"properties\":{\"id\":\"m14a95e.point\",\"role\":\"point\"},\"type\":\"Feature\"},{\"geometry\":{\"coordinates\":[[[34.792939,31.237166],[34.793035,31.237017],[34.793064,31.237031],[34.79309,31.23699],[34.793272,31.237076],[34.793214,31.237166],[34.793202,31.237297],[34.793192,31.237339],[34.793162,31.237383],[34.793117,31.237415],[34.793044,31.237431],[34.792982,31.237422],[34.792923,31.237392],[34.792899,31.237364],[34.792886,31.237318],[34.792889,31.23727],[34.792899,31.237247],[34.792923,31.237224],[34.792965,31.237206],[34.793002,31.237196],[34.792939,31.237166]]],\"type\":\"Polygon\"},\"properties\":{\"id\":\"g75c7b7.local\",\"land_or_water\":\"water\",\"role\":\"local\"},\"type\":\"Feature\"},{\"geometry\":{\"coordinates\":[[[34.79308,31.23947],[34.7928,31.23946],[34.79253,31.23942],[34.79227,31.23936],[34.79201,31.23928],[34.79176,31.23917],[34.79153,31.23904],[34.79132,31.2389],[34.79112,31.23873],[34.79095,31.23855],[34.7908,31.23835],[34.79068,31.23814],[34.79058,31.23792],[34.79051,31.23769],[34.79046,31.23746],[34.79045,31.23722],[34.79046,31.23699],[34.79051,31.23676],[34.79058,31.23653],[34.79068,31.23631],[34.7908,31.2361],[34.79095,31.2359],[34.79112,31.23572],[34.79132,31.23555],[34.79153,31.23541],[34.79176,31.23528],[34.79201,31.23517],[34.79227,31.23509],[34.79253,31.23503],[34.7928,31.23499],[34.79308,31.23498],[34.79335,31.23499],[34.79362,31.23503],[34.79389,31.23509],[34.79415,31.23517],[34.79439,31.23528],[34.79462,31.23541],[34.79484,31.23555],[34.79503,31.23572],[34.79521,31.2359],[34.79536,31.2361],[34.79548,31.23631],[34.79558,31.23653],[34.79565,31.23676],[34.79569,31.23699],[34.79571,31.23722],[34.79569,31.23746],[34.79565,31.23769],[34.79558,31.23792],[34.79548,31.23814],[34.79536,31.23835],[34.79521,31.23855],[34.79503,31.23873],[34.79484,31.2389],[34.79462,31.23904],[34.79439,31.23917],[34.79415,31.23928],[34.79389,31.23936],[34.79362,31.23942],[34.79335,31.23946],[34.79308,31.23947]]],\"type\":\"Polygon\"},\"properties\":{\"id\":\"gffa55d.precision_radius\",\"land_or_water\":\"land\",\"role\":\"precision_radius\"},\"type\":\"Feature\"}],\"metadata\":{\"class\":\"human\",\"geometry_credit\":\"Some data © OpenStreetMap contributors\",\"land_or_water\":\"water\",\"name\":\"Bir es Seba\",\"type\":\"well\"},\"type\":\"FeatureCollection\"}","anotherNames":"Abraham’s well","koreanName":"비르 에스 세바","anotherKoreanNames":"아브라함의 우물"},{"id":"mdbdac8","name":"Tell Ashtara","isModern":true,"stereo":"child","description":"An archaeological tell in Syria, known as a major city in the Bashan region.\nIt is widely identified with the biblical city of Ashtaroth and the Levitical city of Beeshterah.","koreanDescription":"시리아의 바산 지역에 있는 주요 도시로 알려진 고고학적 텔입니다.\n성경 속 도시 아스다롯과 레위 지파 성읍 브에스드라와 동일시되는 곳입니다.","imageTitle":"mdbdac8.satellite.jpg","types":["settlement"],"geojsonText":"{\"bbox\":[36.013464,32.802814,36.018008,32.806141],\"features\":[{\"geometry\":{\"coordinates\":[36.015833,32.804167],\"type\":\"Point\"},\"properties\":{\"id\":\"mdbdac8.point\",\"role\":\"point\"},\"type\":\"Feature\"},{\"geometry\":{\"coordinates\":[[[36.016581,32.80326],[36.017118,32.803756],[36.017654,32.804216],[36.018008,32.804708],[36.017751,32.805361],[36.017568,32.805745],[36.017552,32.805939],[36.017032,32.806141],[36.016667,32.805934],[36.015895,32.805925],[36.01516,32.80579],[36.014409,32.80547],[36.014119,32.805303],[36.013631,32.804744],[36.013464,32.804599],[36.013507,32.803878],[36.013658,32.803549],[36.013872,32.803184],[36.01414,32.802922],[36.014704,32.802832],[36.015364,32.802814],[36.015975,32.80294],[36.016581,32.80326]]],\"type\":\"Polygon\"},\"properties\":{\"id\":\"geaea89.local\",\"land_or_water\":\"land\",\"role\":\"local\"},\"type\":\"Feature\"},{\"geometry\":{\"coordinates\":[[[36.01583,32.80462],[36.01578,32.80461],[36.01572,32.80461],[36.01567,32.80459],[36.01562,32.80458],[36.01557,32.80456],[36.01552,32.80453],[36.01548,32.8045],[36.01544,32.80447],[36.0154,32.80443],[36.01537,32.80439],[36.01534,32.80435],[36.01532,32.80431],[36.01531,32.80426],[36.0153,32.80421],[36.0153,32.80417],[36.0153,32.80412],[36.01531,32.80407],[36.01532,32.80403],[36.01534,32.80398],[36.01537,32.80394],[36.0154,32.8039],[36.01544,32.80387],[36.01548,32.80383],[36.01552,32.8038],[36.01557,32.80378],[36.01562,32.80376],[36.01567,32.80374],[36.01572,32.80373],[36.01578,32.80372],[36.01583,32.80372],[36.01589,32.80372],[36.01594,32.80373],[36.016,32.80374],[36.01605,32.80376],[36.0161,32.80378],[36.01615,32.8038],[36.01619,32.80383],[36.01623,32.80387],[36.01627,32.8039],[36.0163,32.80394],[36.01632,32.80398],[36.01634,32.80403],[36.01636,32.80407],[36.01637,32.80412],[36.01637,32.80417],[36.01637,32.80421],[36.01636,32.80426],[36.01634,32.80431],[36.01632,32.80435],[36.0163,32.80439],[36.01627,32.80443],[36.01623,32.80447],[36.01619,32.8045],[36.01615,32.80453],[36.0161,32.80456],[36.01605,32.80458],[36.016,32.80459],[36.01594,32.80461],[36.01589,32.80461],[36.01583,32.80462]]],\"type\":\"Polygon\"},\"properties\":{\"id\":\"g1d7976.precision_radius\",\"land_or_water\":\"land\",\"role\":\"precision_radius\"},\"type\":\"Feature\"}],\"metadata\":{\"class\":\"human\",\"geometry_credit\":\"Some data © OpenStreetMap contributors\",\"land_or_water\":\"land\",\"name\":\"Tell Ashtara\",\"type\":\"settlement\"},\"type\":\"FeatureCollection\"}","anotherNames":"Tall ash Shatara, Tell Ashtarah","koreanName":"텔 아스타라","anotherKoreanNames":"탈 아쉬 샤타라, 텔 아스타라"},{"id":"me36d66","name":"Al Khayriyya","isModern":true,"stereo":"child","description":"A former Palestinian Arab village located east of Jaffa, historically known by the ancient name Ibn Ibraq.\nIt is the primary modern candidate for the biblical city of Bene-berak, with the name preserving the ancient toponym.","koreanDescription":"욥바(야파) 동쪽에 위치했던 팔레스타인 아랍 마을로, 역사적으로는 고대 지명 '이브라크의 아들들'이라는 의미의 이븐 이브라크로 알려졌습니다.\n고대 지명을 보존하고 있어 성경 속 브네브락의 주요 현대 후보지로 여겨집니다.","imageTitle":"me36d66.i77d9b2.jpg","types":["settlement"],"geojsonText":"{\"bbox\":[34.82502,32.03443,34.83032,32.03892],\"features\":[{\"geometry\":{\"coordinates\":[34.827669,32.036675],\"type\":\"Point\"},\"properties\":{\"id\":\"me36d66.point\",\"role\":\"point\"},\"type\":\"Feature\"},{\"geometry\":{\"coordinates\":[[[34.82767,32.03892],[34.82739,32.03891],[34.82712,32.03887],[34.82685,32.03881],[34.82659,32.03873],[34.82634,32.03862],[34.82611,32.03849],[34.82589,32.03835],[34.8257,32.03818],[34.82552,32.038],[34.82537,32.0378],[34.82525,32.03759],[34.82515,32.03737],[34.82507,32.03714],[34.82503,32.03691],[34.82502,32.03667],[34.82503,32.03644],[34.82507,32.03621],[34.82515,32.03598],[34.82525,32.03576],[34.82537,32.03555],[34.82552,32.03535],[34.8257,32.03517],[34.82589,32.035],[34.82611,32.03486],[34.82634,32.03473],[34.82659,32.03462],[34.82685,32.03454],[34.82712,32.03448],[34.82739,32.03444],[34.82767,32.03443],[34.82795,32.03444],[34.82822,32.03448],[34.82849,32.03454],[34.82875,32.03462],[34.829,32.03473],[34.82923,32.03486],[34.82944,32.035],[34.82964,32.03517],[34.82981,32.03535],[34.82997,32.03555],[34.83009,32.03576],[34.83019,32.03598],[34.83026,32.03621],[34.83031,32.03644],[34.83032,32.03667],[34.83031,32.03691],[34.83026,32.03714],[34.83019,32.03737],[34.83009,32.03759],[34.82997,32.0378],[34.82981,32.038],[34.82964,32.03818],[34.82944,32.03835],[34.82923,32.03849],[34.829,32.03862],[34.82875,32.03873],[34.82849,32.03881],[34.82822,32.03887],[34.82795,32.03891],[34.82767,32.03892]]],\"type\":\"Polygon\"},\"properties\":{\"id\":\"g15a023.precision_radius\",\"land_or_water\":\"land\",\"role\":\"precision_radius\"},\"type\":\"Feature\"}],\"metadata\":{\"class\":\"human\",\"land_or_water\":\"land\",\"name\":\"Al Khayriyya\",\"type\":\"settlement\"},\"type\":\"FeatureCollection\"}","anotherNames":"El Kheiriyeh, Horbat Bene Baraq, Ibn Ibrak, Ibn Ibraq","koreanName":"알 카이리야","anotherKoreanNames":"엘 케이리예, 호르밧 브네 바라크, 이븐 이브라크"},{"id":"mcd7d18","name":"Tel Zeton","isModern":true,"stereo":"child","description":"An archaeological tell, also known as Tell Abu Zeitun, located near the modern city of Bnei Brak.\nIt is another, less certain, candidate for the biblical site of Bene-berak.","koreanDescription":"현대 도시 브네 브락 근처에 위치한 고고학적 텔로, 텔 아부 제이툰(Tell Abu Zeitun)이라고도 불립니다.\n성경 속 브네브락의 또 다른(덜 확실한) 후보지로 제시됩니다.","imageTitle":"mcd7d18.i9f7bf5.jpg","types":["settlement"],"geojsonText":"{\"bbox\":[34.83641,32.09899,34.83747,32.09989],\"features\":[{\"geometry\":{\"coordinates\":[34.836944,32.099444],\"type\":\"Point\"},\"properties\":{\"id\":\"mcd7d18.point\",\"role\":\"point\"},\"type\":\"Feature\"},{\"geometry\":{\"coordinates\":[[[34.83694,32.09989],[34.83689,32.09989],[34.83683,32.09988],[34.83678,32.09987],[34.83673,32.09985],[34.83668,32.09983],[34.83663,32.09981],[34.83659,32.09978],[34.83655,32.09974],[34.83651,32.09971],[34.83648,32.09967],[34.83646,32.09963],[34.83644,32.09958],[34.83642,32.09954],[34.83642,32.09949],[34.83641,32.09944],[34.83642,32.0994],[34.83642,32.09935],[34.83644,32.09931],[34.83646,32.09926],[34.83648,32.09922],[34.83651,32.09918],[34.83655,32.09914],[34.83659,32.09911],[34.83663,32.09908],[34.83668,32.09905],[34.83673,32.09903],[34.83678,32.09902],[34.83683,32.099],[34.83689,32.099],[34.83694,32.09899],[34.837,32.099],[34.83705,32.099],[34.83711,32.09902],[34.83716,32.09903],[34.83721,32.09905],[34.83726,32.09908],[34.8373,32.09911],[34.83734,32.09914],[34.83737,32.09918],[34.8374,32.09922],[34.83743,32.09926],[34.83745,32.09931],[34.83746,32.09935],[34.83747,32.0994],[34.83747,32.09944],[34.83747,32.09949],[34.83746,32.09954],[34.83745,32.09958],[34.83743,32.09963],[34.8374,32.09967],[34.83737,32.09971],[34.83734,32.09974],[34.8373,32.09978],[34.83726,32.09981],[34.83721,32.09983],[34.83716,32.09985],[34.83711,32.09987],[34.83705,32.09988],[34.837,32.09989],[34.83694,32.09989]]],\"type\":\"Polygon\"},\"properties\":{\"id\":\"ga10d36.precision_radius\",\"land_or_water\":\"land\",\"role\":\"precision_radius\"},\"type\":\"Feature\"}],\"metadata\":{\"class\":\"human\",\"land_or_water\":\"land\",\"name\":\"Tel Zeton\",\"type\":\"settlement\"},\"type\":\"FeatureCollection\"}","anotherNames":"Tell Abu Zeitun","koreanName":"텔 제톤","anotherKoreanNames":"텔 아부 제이툰"},{"id":"m66c5b8","name":"Jerusalem","isModern":true,"stereo":"child","description":"One of the oldest cities in the world, holy to Judaism, Christianity, and Islam, located on a plateau in the Judaean Mountains.\nIt is the location of the Benjamin Gate, which was part of the city's ancient fortifications.","koreanDescription":"유대교, 기독교, 이슬람교의 성지로 여겨지는 세계에서 가장 오래된 도시 중 하나로, 유대 산맥 고원에 위치합니다.\n성경 속 베냐민 문이 위치했던 고대 도시의 핵심 지역입니다.","imageTitle":"m66c5b8.i6449a7.jpg","types":["settlement"],"geojsonText":"{\"bbox\":[35.225701,31.772808,35.237558,31.783742],\"features\":[{\"geometry\":{\"coordinates\":[35.234167,31.776667],\"type\":\"Point\"},\"properties\":{\"id\":\"m66c5b8.point\",\"role\":\"point\"},\"type\":\"Feature\"},{\"geometry\":{\"coordinates\":[[[35.227657,31.776599],[35.227747,31.776508],[35.227659,31.776394],[35.227825,31.776289],[35.227753,31.775875],[35.227642,31.775883],[35.227618,31.775624],[35.227772,31.775611],[35.227848,31.775599],[35.227849,31.775535],[35.227847,31.775424],[35.227806,31.774544],[35.227729,31.774545],[35.22773,31.774387],[35.22779,31.774376],[35.227778,31.774048],[35.227782,31.773881],[35.227836,31.773872],[35.227858,31.773486],[35.227791,31.773485],[35.227794,31.77336],[35.227865,31.773336],[35.22787,31.773082],[35.227819,31.773084],[35.22782,31.772896],[35.228621,31.772903],[35.229503,31.772898],[35.229592,31.772872],[35.229638,31.772857],[35.229742,31.772823],[35.229792,31.772808],[35.230644,31.772943],[35.230646,31.772918],[35.230707,31.772927],[35.230773,31.772936],[35.230772,31.772966],[35.231011,31.773026],[35.231003,31.77306],[35.231499,31.773154],[35.231483,31.773234],[35.232293,31.773404],[35.23234,31.773362],[35.232427,31.773437],[35.23238,31.773479],[35.23242,31.773833],[35.232459,31.773913],[35.232517,31.773913],[35.232535,31.774013],[35.233242,31.774283],[35.233551,31.774736],[35.233704,31.774761],[35.233848,31.774781],[35.234179,31.774828],[35.235563,31.775017],[35.235767,31.775046],[35.23572,31.77531],[35.235672,31.775582],[35.235771,31.775594],[35.235759,31.775672],[35.235843,31.775681],[35.235812,31.775846],[35.23624,31.775911],[35.23653,31.775954],[35.237558,31.7761],[35.237298,31.778181],[35.237292,31.778227],[35.237209,31.778892],[35.237235,31.778894],[35.237218,31.779043],[35.237191,31.779041],[35.23719,31.779052],[35.237154,31.779343],[35.23714,31.779461],[35.237062,31.78007],[35.237088,31.780073],[35.237085,31.780094],[35.237056,31.780297],[35.237014,31.780728],[35.236999,31.780797],[35.236976,31.780907],[35.236961,31.780973],[35.236918,31.781381],[35.236999,31.781391],[35.236982,31.781533],[35.236931,31.781529],[35.236915,31.781703],[35.236964,31.781709],[35.236928,31.78197],[35.236965,31.78197],[35.236956,31.782097],[35.236927,31.782096],[35.236907,31.782264],[35.236953,31.782268],[35.236944,31.782362],[35.236895,31.782359],[35.236809,31.783188],[35.236712,31.783628],[35.236817,31.783648],[35.236792,31.783742],[35.236687,31.783722],[35.236691,31.783697],[35.236318,31.783629],[35.236306,31.783671],[35.236225,31.783657],[35.236227,31.78362],[35.235913,31.783553],[35.235908,31.783579],[35.235839,31.783565],[35.235848,31.78354],[35.235445,31.783448],[35.235443,31.783456],[35.235137,31.783383],[35.235125,31.78342],[35.235017,31.783394],[35.23503,31.783353],[35.234933,31.783327],[35.234972,31.783237],[35.234743,31.783195],[35.234724,31.783232],[35.234557,31.78319],[35.234552,31.783152],[35.233739,31.782979],[35.233725,31.783022],[35.233611,31.782996],[35.233626,31.782947],[35.233061,31.782816],[35.233045,31.782862],[35.232924,31.782847],[35.232926,31.782763],[35.232536,31.782697],[35.232511,31.782542],[35.232177,31.782489],[35.231864,31.782508],[35.231792,31.78258],[35.231637,31.782555],[35.231589,31.782585],[35.2313,31.782492],[35.231251,31.782425],[35.23105,31.78231],[35.231087,31.78227],[35.230952,31.782181],[35.230921,31.782215],[35.230846,31.782165],[35.23091,31.78209],[35.230745,31.781977],[35.230771,31.78194],[35.230558,31.781784],[35.230533,31.781808],[35.230496,31.781843],[35.230391,31.781763],[35.230432,31.781724],[35.230393,31.781695],[35.23035,31.781662],[35.230303,31.781627],[35.230276,31.781606],[35.230233,31.781647],[35.230134,31.781572],[35.230196,31.781513],[35.229897,31.781289],[35.229808,31.781363],[35.229702,31.78128],[35.229673,31.781302],[35.2295,31.781176],[35.229568,31.781111],[35.229465,31.781022],[35.229496,31.780984],[35.228562,31.780281],[35.228517,31.780306],[35.228397,31.780217],[35.228425,31.780181],[35.228198,31.77999],[35.228165,31.780013],[35.228074,31.779955],[35.228101,31.779928],[35.22775,31.779661],[35.227458,31.779963],[35.22688,31.779603],[35.226831,31.779646],[35.226419,31.779403],[35.226215,31.77931],[35.226086,31.779249],[35.226044,31.779314],[35.225883,31.779211],[35.226176,31.778899],[35.225701,31.778412],[35.22588,31.778287],[35.225868,31.77815],[35.225926,31.778132],[35.225926,31.778046],[35.227419,31.77679],[35.227578,31.776657],[35.227544,31.776628],[35.227503,31.776595],[35.227574,31.776528],[35.227657,31.776599]]],\"type\":\"Polygon\"},\"properties\":{\"id\":\"g1c795f.local\",\"land_or_water\":\"land\",\"role\":\"local\"},\"type\":\"Feature\"},{\"geometry\":{\"coordinates\":[[[35.227657,31.776599],[35.227747,31.776508],[35.227659,31.776394],[35.227825,31.776289],[35.227753,31.775875],[35.227642,31.775883],[35.227618,31.775624],[35.227848,31.775599],[35.227806,31.774544],[35.227729,31.774545],[35.227858,31.773486],[35.227791,31.773485],[35.227794,31.77336],[35.227865,31.773336],[35.22782,31.772896],[35.229503,31.772898],[35.229792,31.772808],[35.230773,31.772936],[35.231003,31.77306],[35.231499,31.773154],[35.231483,31.773234],[35.232293,31.773404],[35.23234,31.773362],[35.232427,31.773437],[35.23238,31.773479],[35.23242,31.773833],[35.232535,31.774013],[35.233242,31.774283],[35.233551,31.774736],[35.235767,31.775046],[35.235672,31.775582],[35.235843,31.775681],[35.235812,31.775846],[35.237558,31.7761],[35.236918,31.781381],[35.236999,31.781391],[35.236915,31.781703],[35.236964,31.781709],[35.236907,31.782264],[35.236953,31.782268],[35.236712,31.783628],[35.236817,31.783648],[35.236792,31.783742],[35.235017,31.783394],[35.234933,31.783327],[35.234972,31.783237],[35.234724,31.783232],[35.233739,31.782979],[35.233725,31.783022],[35.233611,31.782996],[35.233626,31.782947],[35.233061,31.782816],[35.232924,31.782847],[35.232926,31.782763],[35.232536,31.782697],[35.232511,31.782542],[35.232177,31.782489],[35.231589,31.782585],[35.2313,31.782492],[35.23105,31.78231],[35.231087,31.78227],[35.230846,31.782165],[35.23091,31.78209],[35.230745,31.781977],[35.230771,31.78194],[35.230558,31.781784],[35.230496,31.781843],[35.230276,31.781606],[35.230233,31.781647],[35.230134,31.781572],[35.230196,31.781513],[35.229897,31.781289],[35.229808,31.781363],[35.2295,31.781176],[35.229568,31.781111],[35.229465,31.781022],[35.229496,31.780984],[35.228562,31.780281],[35.228397,31.780217],[35.228425,31.780181],[35.22775,31.779661],[35.227458,31.779963],[35.22688,31.779603],[35.226831,31.779646],[35.226086,31.779249],[35.226044,31.779314],[35.225883,31.779211],[35.226176,31.778899],[35.225701,31.778412],[35.22588,31.778287],[35.225926,31.778046],[35.227578,31.776657],[35.227503,31.776595],[35.227574,31.776528],[35.227657,31.776599]]],\"type\":\"Polygon\"},\"properties\":{\"id\":\"g1c795f.simplified_local\",\"land_or_water\":\"land\",\"role\":\"simplified_local\"},\"type\":\"Feature\"},{\"geometry\":{\"coordinates\":[[[35.23417,31.77892],[35.23389,31.7789],[35.23362,31.77887],[35.23335,31.77881],[35.23309,31.77872],[35.23284,31.77861],[35.23261,31.77849],[35.2324,31.77834],[35.2322,31.77817],[35.23203,31.77799],[35.23188,31.77779],[35.23175,31.77758],[35.23165,31.77736],[35.23158,31.77713],[35.23154,31.7769],[35.23152,31.77667],[35.23154,31.77643],[35.23158,31.7762],[35.23165,31.77597],[35.23175,31.77575],[35.23188,31.77554],[35.23203,31.77535],[35.2322,31.77516],[35.2324,31.775],[35.23261,31.77485],[35.23284,31.77472],[35.23309,31.77461],[35.23335,31.77453],[35.23362,31.77447],[35.23389,31.77443],[35.23417,31.77442],[35.23444,31.77443],[35.23472,31.77447],[35.23498,31.77453],[35.23524,31.77461],[35.23549,31.77472],[35.23572,31.77485],[35.23594,31.775],[35.23613,31.77516],[35.23631,31.77535],[35.23646,31.77554],[35.23658,31.77575],[35.23668,31.77597],[35.23675,31.7762],[35.2368,31.77643],[35.23681,31.77667],[35.2368,31.7769],[35.23675,31.77713],[35.23668,31.77736],[35.23658,31.77758],[35.23646,31.77779],[35.23631,31.77799],[35.23613,31.77817],[35.23594,31.77834],[35.23572,31.77849],[35.23549,31.77861],[35.23524,31.77872],[35.23498,31.77881],[35.23472,31.77887],[35.23444,31.7789],[35.23417,31.77892]]],\"type\":\"Polygon\"},\"properties\":{\"id\":\"gd974ad.precision_radius\",\"land_or_water\":\"land\",\"role\":\"precision_radius\"},\"type\":\"Feature\"}],\"metadata\":{\"class\":\"human\",\"geometry_credit\":\"Some data © OpenStreetMap contributors\",\"land_or_water\":\"land\",\"name\":\"Jerusalem\",\"type\":\"settlement\"},\"type\":\"FeatureCollection\"}","anotherNames":null,"koreanName":"예루살렘","anotherKoreanNames":null},{"id":"mbc7ae2","name":"Ma‘in","isModern":true,"stereo":"child","description":"A modern settlement in Jordan, also known as Khirbet Ma’in.\nIt is identified by some as the biblical city of Baal-meon, which in turn is considered the longer form of the biblical city of Beon.","koreanDescription":"요르단에 위치한 현대 정착지로, 키르벳 마인(Khirbet Ma’in)이라고도 알려져 있습니다.\n일부 학자들은 이곳을 성경 속 바알-므온과 동일시하며, 바알-므온은 성경 속 브온의 확장된 이름으로 간주됩니다.","imageTitle":"mbc7ae2.satellite.jpg","types":["settlement"],"geojsonText":"{\"features\":[{\"geometry\":{\"coordinates\":[35.735321,31.679501],\"type\":\"Point\"},\"properties\":{\"id\":\"mbc7ae2.point\",\"role\":\"point\"},\"type\":\"Feature\"}],\"metadata\":{\"class\":\"human\",\"land_or_water\":\"land\",\"name\":\"Ma‘in\",\"type\":\"settlement\"},\"type\":\"FeatureCollection\"}","anotherNames":"Khirbet Ma’in, Maien","koreanName":"마인","anotherKoreanNames":"키르벳 마인, 마이엔"}],"relations":[{"parentId":"a075d61","childId":"m392188","possibility":45},{"parentId":"a075d61","childId":"m14a95e","possibility":45},{"parentId":"a70e842","childId":"m9398f2","possibility":30},{"parentId":"a70e842","childId":"mea9d16","possibility":10},{"parentId":"a70e842","childId":"m58ed36","possibility":10},{"parentId":"a70e842","childId":"m9ad5c9","possibility":10},{"parentId":"a046454","childId":"m8d753d","possibility":25},{"parentId":"a046454","childId":"mebe332","possibility":25},{"parentId":"a046454","childId":"m17b4ff","possibility":10},{"parentId":"a046454","childId":"mbcd830","possibility":10},{"parentId":"a046454","childId":"m857981","possibility":10},{"parentId":"a046454","childId":"mf55105","possibility":10},{"parentId":"a046454","childId":"m3b4f65","possibility":10},{"parentId":"a046454","childId":"mfe37a0","possibility":10},{"parentId":"ad2f6c2","childId":"m392188","possibility":85},{"parentId":"ad2f6c2","childId":"m14a95e","possibility":10},{"parentId":"a280f83","childId":"m4ee7bd","possibility":95},{"parentId":"a882ef5","childId":"mbc7ae2","possibility":100},{"parentId":"ae04aa8","childId":"m66c5b8","possibility":100},{"parentId":"ae83378","childId":"me36d66","possibility":85},{"parentId":"ae83378","childId":"mcd7d18","possibility":10},{"parentId":"a293fbf","childId":"mdbdac8","possibility":80},{"parentId":"a0fe2be","childId":"m4ee7bd","possibility":40}],"total":30}