{"data":[{"id":"ae28fc7","name":"Dinhabah","imageTitle":"mcf60ee.satellite.jpg","isModern":false,"stereo":"parent","description":"An ancient Edomite city mentioned in Genesis 36:32 as the capital of King Bela ben Beor.\nIts Hebrew name may suggest 'robbers' den.'\nIts exact location is debated, but is often tentatively placed northeast of Petra in the region of Edom.","koreanDescription":"창세기 36장 32절에서 에돔의 왕 벨라의 수도로 언급된 고대 에돔 성읍입니다.\n히브리어 이름은 ‘강도의 소굴’을 의미할 수 있습니다.\n정확한 위치는 논쟁 중이나, 에돔 지역의 페트라 북동쪽에 잠정적으로 위치하는 것으로 여겨집니다.","verses":["Gen.36.32","1Chr.1.43"],"placeUrl":"/geo/ancient/ae28fc7/dinhabah","identificationPaths":["/geo/modern/mcf60ee","/geo/modern/m328bf2"],"types":["settlement"],"unknownPlacePossibility":null,"geojsonText":"{\"bbox\":[35.722377,31.356569,35.75034,31.798459],\"features\":[{\"geometry\":{\"coordinates\":[35.75034,31.356569],\"type\":\"Point\"},\"properties\":{\"id\":\"m328bf2.point\"},\"type\":\"Feature\"},{\"geometry\":{\"coordinates\":[35.722377,31.798459],\"type\":\"Point\"},\"properties\":{\"id\":\"mcf60ee.point\"},\"type\":\"Feature\"}],\"metadata\":{\"name\":\"Dinhabah\"},\"type\":\"FeatureCollection\"}","anotherNames":null,"koreanName":"딘하바","anotherKoreanNames":null},{"id":"a0dc90b","name":"Diviners’ Oak","imageTitle":"m657590.ia4a34f.jpg","isModern":false,"stereo":"parent","description":"Also known as the 'Oak of Moreh' or 'Oak of the Pillar' near Shechem. It is a significant site in biblical history.\nIt is mentioned in Judges 9:37 in connection with Abimelech's campaign against Shechem.\nIt is likely the same site where Jacob buried the foreign gods of his household (Genesis 35:4) and where Joshua set up the stone of witness (Joshua 24:26).","koreanDescription":"세겜 근처에 있던 상수리나무로, 성경 이야기에서 중요한 장소입니다.\n사사기 9장 37절에서 아비멜렉이 세겜을 공격할 때 언급됩니다.\n야곱이 이방 신상들을 묻고(창세기 35:4), 여호수아가 증인의 돌을 세운(여호수아 24:26) 장소와 동일한 곳일 가능성이 높습니다.","verses":["Judg.9.37"],"placeUrl":"/geo/ancient/a0dc90b/diviners-oak","identificationPaths":["/geo/modern/m657590"],"types":["tree"],"unknownPlacePossibility":null,"geojsonText":"{\"bbox\":[35.27982,32.21181,35.28407,32.21541],\"features\":[{\"geometry\":{\"coordinates\":[[[35.28194,32.21541],[35.28172,32.2154],[35.2815,32.21537],[35.28129,32.21532],[35.28108,32.21525],[35.28088,32.21517],[35.28069,32.21507],[35.28052,32.21495],[35.28036,32.21481],[35.28022,32.21467],[35.2801,32.21451],[35.28,32.21434],[35.27992,32.21417],[35.27986,32.21398],[35.27983,32.2138],[35.27982,32.21361],[35.27983,32.21342],[35.27986,32.21324],[35.27992,32.21306],[35.28,32.21288],[35.2801,32.21271],[35.28022,32.21255],[35.28036,32.21241],[35.28052,32.21227],[35.28069,32.21216],[35.28088,32.21205],[35.28108,32.21197],[35.28129,32.2119],[35.2815,32.21185],[35.28172,32.21182],[35.28194,32.21181],[35.28217,32.21182],[35.28239,32.21185],[35.2826,32.2119],[35.28281,32.21197],[35.28301,32.21205],[35.28319,32.21216],[35.28337,32.21227],[35.28352,32.21241],[35.28366,32.21255],[35.28379,32.21271],[35.28389,32.21288],[35.28397,32.21306],[35.28402,32.21324],[35.28406,32.21342],[35.28407,32.21361],[35.28406,32.2138],[35.28402,32.21398],[35.28397,32.21417],[35.28389,32.21434],[35.28379,32.21451],[35.28366,32.21467],[35.28352,32.21481],[35.28337,32.21495],[35.28319,32.21507],[35.28301,32.21517],[35.28281,32.21525],[35.2826,32.21532],[35.28239,32.21537],[35.28217,32.2154],[35.28194,32.21541]]],\"type\":\"Polygon\"},\"properties\":{\"id\":\"ga301a5.geometry\",\"land_or_water\":\"land\"},\"type\":\"Feature\"},{\"geometry\":{\"coordinates\":[35.281944,32.213611],\"type\":\"Point\"},\"properties\":{\"id\":\"m657590.200m\"},\"type\":\"Feature\"}],\"metadata\":{\"name\":\"Diviners’ Oak\"},\"type\":\"FeatureCollection\"}","anotherNames":null,"koreanName":"점치는 자들의 상수리나무","anotherKoreanNames":null},{"id":"afcb77d","name":"Dizahab","imageTitle":"m17c007.satellite.jpg","isModern":false,"stereo":"parent","description":"A location mentioned in Deuteronomy 1:1 as one of the places in the Arabah where Moses spoke to all Israel.\nThe name means 'region of gold' or 'abundant in gold.'\nIts precise location is unknown, but it is generally thought to be in the desert area east of the Arabah, possibly near the head of the Gulf of Aqaba.","koreanDescription":"신명기 1장 1절에서 모세가 이스라엘 백성에게 연설한 아라바 광야의 경계 지역 중 하나입니다.\n이름은 ‘금의 지역’ 또는 ‘금이 풍부한 곳’을 의미합니다.\n정확한 위치는 불분명하나, 아카바만(紅海)의 북쪽 끝 근처 아라바 동쪽 사막 지대로 추정됩니다.","verses":["Deut.1.1"],"placeUrl":"/geo/ancient/afcb77d/dizahab","identificationPaths":["/geo/modern/m17c007","/geo/modern/mc070bb"],"types":["settlement"],"unknownPlacePossibility":null,"geojsonText":"{\"bbox\":[34.504722,28.493056,36.050752,31.806601],\"features\":[{\"geometry\":{\"coordinates\":[36.050752,31.806601],\"type\":\"Point\"},\"properties\":{\"id\":\"m17c007.point\"},\"type\":\"Feature\"},{\"geometry\":{\"coordinates\":[34.504722,28.493056],\"type\":\"Point\"},\"properties\":{\"id\":\"mc070bb.point\"},\"type\":\"Feature\"}],\"metadata\":{\"name\":\"Dizahab\"},\"type\":\"FeatureCollection\"}","anotherNames":null,"koreanName":"디사합","anotherKoreanNames":null},{"id":"a070c7b","name":"Dophkah","imageTitle":"m14916e.i73fa32.jpg","isModern":false,"stereo":"parent","description":"The eighth stopping place of the Israelites during the Exodus from Egypt, located after the Desert of Sin and before Alush (Numbers 33:12-13).\nThe name's meaning is debated, possibly 'a knocking' or 'cattle-driving.'\nIt is likely situated in the Sinai Peninsula, possibly near the Wadi Feiran or Serabit el Khadim.","koreanDescription":"출애굽기 중 이스라엘 백성의 여덟 번째 진영지로, 신 광야 다음 알루스 이전에 위치했습니다(민수기 33:12-13).\n이름의 의미는 논쟁 중이며, ‘두드림’ 또는 ‘가축 몰이’를 뜻할 수 있습니다.\n시나이 반도, 아마도 와디 페이란(Wadi Feiran) 또는 세라비트 엘 카딤(Serabit el Khadim) 근처에 위치했을 것으로 추정됩니다.","verses":["Num.33.12","Num.33.13"],"placeUrl":"/geo/ancient/a070c7b/dophkah","identificationPaths":["/geo/modern/m14916e"],"types":["settlement"],"unknownPlacePossibility":null,"geojsonText":"{\"bbox\":[33.459008,29.036479,33.459875,29.036879],\"features\":[{\"geometry\":{\"coordinates\":[[[33.459388,29.036879],[33.459274,29.036844],[33.459257,29.036858],[33.459124,29.036802],[33.459117,29.036813],[33.459049,29.03678],[33.459069,29.03675],[33.459008,29.03672],[33.459037,29.036675],[33.459048,29.03668],[33.459074,29.036639],[33.45906,29.036632],[33.459095,29.036577],[33.459156,29.036607],[33.45927,29.036479],[33.459871,29.036734],[33.459875,29.036763],[33.459816,29.036813],[33.459702,29.036819],[33.459388,29.036879]]],\"type\":\"Polygon\"},\"properties\":{\"id\":\"g851bc5.geometry\",\"land_or_water\":\"land\"},\"type\":\"Feature\"},{\"geometry\":{\"coordinates\":[33.459407,29.036733],\"type\":\"Point\"},\"properties\":{\"id\":\"m14916e.point\"},\"type\":\"Feature\"}],\"metadata\":{\"geometry_credit\":\"Some data © OpenStreetMap contributors\",\"name\":\"Dophkah\"},\"type\":\"FeatureCollection\"}","anotherNames":null,"koreanName":"돕가","anotherKoreanNames":null},{"id":"a70c56b","name":"Dor","imageTitle":"m13789b.i559a86.jpg","isModern":false,"stereo":"parent","description":"An important ancient Canaanite and later Phoenician city located on the Mediterranean coast of the Sharon Plain.\nIt was a royal city captured by Joshua (Joshua 12:23), but the Israelites failed to drive out its inhabitants (Judges 1:27).\nDue to its strategic location and natural harbor, it was a major port city until the founding of Caesarea in the Roman period.","koreanDescription":"샤론 평야의 지중해 연안에 위치한 고대 가나안, 그리고 이후 페니키아의 중요 도시였습니다.\n여호수아가 정복한 왕도였으나(여호수아 12:23), 이스라엘 자손이 주민들을 완전히 쫓아내지 못했습니다(사사기 1:27).\n전략적 위치와 천연 항구 덕분에 로마 시대 가이사랴가 세워지기 전까지 주요 항구 도시였습니다.","verses":["Josh.12.23","Josh.17.11","Judg.1.27","1Chr.7.29"],"placeUrl":"/geo/ancient/a70c56b/dor","identificationPaths":["/geo/modern/m13789b"],"types":["settlement"],"unknownPlacePossibility":null,"geojsonText":"{\"bbox\":[34.915063,32.6156,34.919629,32.621138],\"features\":[{\"geometry\":{\"coordinates\":[[[34.918464,32.615837],[34.918859,32.616215],[34.919008,32.61662],[34.919181,32.617759],[34.919489,32.619944],[34.919629,32.620304],[34.918958,32.620642],[34.917307,32.621112],[34.916734,32.621138],[34.915603,32.618659],[34.915555,32.617623],[34.915277,32.617117],[34.915175,32.616804],[34.915144,32.616668],[34.915063,32.616537],[34.915063,32.61641],[34.915256,32.616275],[34.915428,32.616261],[34.915572,32.616062],[34.915678,32.6156],[34.916351,32.61599],[34.916657,32.616062],[34.916919,32.616062],[34.918464,32.615837]]],\"type\":\"Polygon\"},\"properties\":{\"id\":\"g82ca17.geometry\",\"land_or_water\":\"land\"},\"type\":\"Feature\"},{\"geometry\":{\"coordinates\":[34.916364,32.617428],\"type\":\"Point\"},\"properties\":{\"id\":\"m13789b.point\"},\"type\":\"Feature\"}],\"metadata\":{\"geometry_credit\":\"Some data © OpenStreetMap contributors\",\"name\":\"Dor\"},\"type\":\"FeatureCollection\"}","anotherNames":null,"koreanName":"돌","anotherKoreanNames":null},{"id":"ab635e4","name":"Dothan","imageTitle":"m8774a2.i13352a.jpg","isModern":false,"stereo":"parent","description":"An ancient city located north of Samaria, strategically positioned on a major trade route between Gilead and Egypt.\nDothan is famously known as the place where Joseph's brothers sold him into slavery to Ishmaelite traders (Genesis 37:17).\nCenturies later, it was also the location where the prophet Elisha was surrounded by the Aramean army, only to be protected by God's unseen heavenly hosts (2 Kings 6:13).","koreanDescription":"사마리아 북쪽에 위치한 고대 도시로, 길르앗과 이집트를 잇는 주요 무역로 상의 전략적 요충지였습니다.\n도단은 요셉의 형들이 그를 이스마엘 상인들에게 노예로 팔아넘긴 장소로 가장 유명합니다(창세기 37:17).\n수 세기 후, 선지자 엘리사가 아람 군대에게 포위되었으나 하나님의 보이지 않는 군대에 의해 보호받은 기적의 장소이기도 합니다(열왕기하 6:13).","verses":["Gen.37.17","2Kgs.6.13"],"placeUrl":"/geo/ancient/ab635e4/dothan","identificationPaths":["/geo/modern/m8774a2"],"types":["settlement"],"unknownPlacePossibility":null,"geojsonText":"{\"bbox\":[35.235994,32.411065,35.24065,32.414325],\"features\":[{\"geometry\":{\"coordinates\":[[[35.235994,32.413112],[35.236401,32.411463],[35.237131,32.411065],[35.238011,32.411101],[35.239062,32.411463],[35.240113,32.411934],[35.240457,32.412749],[35.240521,32.413383],[35.24065,32.413963],[35.239963,32.414235],[35.239083,32.414307],[35.237968,32.414325],[35.236637,32.413909],[35.235994,32.413112]]],\"type\":\"Polygon\"},\"properties\":{\"id\":\"ge91fc2.geometry\",\"land_or_water\":\"land\"},\"type\":\"Feature\"},{\"geometry\":{\"coordinates\":[35.239861,32.413528],\"type\":\"Point\"},\"properties\":{\"id\":\"m8774a2.point\"},\"type\":\"Feature\"}],\"metadata\":{\"geometry_credit\":\"Some data © OpenStreetMap contributors\",\"name\":\"Dothan\"},\"type\":\"FeatureCollection\"}","anotherNames":null,"koreanName":"도단","anotherKoreanNames":null},{"id":"ab9580e","name":"Dragon Spring","imageTitle":"m628173.i8e0e20.jpg","isModern":false,"stereo":"parent","description":"A spring or well located outside Jerusalem, mentioned by Nehemiah during his secret nighttime survey of the city walls (Nehemiah 2:13).\nIt is also often identified with En-Rogel, which was an important boundary marker between the tribes of Judah and Benjamin (Joshua 15:7, 18:16).\nIts name, possibly related to a carved serpent figure or simply an intimidating geological feature, highlights its ancient, pre-Israelite significance.","koreanDescription":"예루살렘 성벽 밖에 있던 샘 또는 우물로, 느헤미야가 밤에 성벽을 비밀리에 살펴볼 때 언급되었습니다(느헤미야 2:13).\n이는 유다와 베냐민 지파의 중요한 경계표였던 엔로겔(En-Rogel)과 동일시되기도 합니다(여호수아 15:7, 18:16).\n이름은 뱀 조각상이나 지형과 관련이 있었을 수 있으며, 고대 이스라엘 이전의 중요성을 보여줍니다.","verses":["Neh.2.13"],"placeUrl":"/geo/ancient/ab9580e/dragon-spring","identificationPaths":["/geo/modern/m628173","/geo/modern/mccae46","/geo/modern/m92dbfa","/geo/modern/m66c5b8","/geo/modern/m068207"],"types":["spring"],"unknownPlacePossibility":null,"geojsonText":"{\"bbox\":[35.225701,31.767198,35.248031,31.798128],\"features\":[{\"geometry\":{\"coordinates\":[[[35.227657,31.776599],[35.227747,31.776508],[35.227659,31.776394],[35.227825,31.776289],[35.227753,31.775875],[35.227642,31.775883],[35.227618,31.775624],[35.227772,31.775611],[35.227848,31.775599],[35.227849,31.775535],[35.227847,31.775424],[35.227806,31.774544],[35.227729,31.774545],[35.22773,31.774387],[35.22779,31.774376],[35.227778,31.774048],[35.227782,31.773881],[35.227836,31.773872],[35.227858,31.773486],[35.227791,31.773485],[35.227794,31.77336],[35.227865,31.773336],[35.22787,31.773082],[35.227819,31.773084],[35.22782,31.772896],[35.228621,31.772903],[35.229503,31.772898],[35.229592,31.772872],[35.229638,31.772857],[35.229742,31.772823],[35.229792,31.772808],[35.230644,31.772943],[35.230646,31.772918],[35.230707,31.772927],[35.230773,31.772936],[35.230772,31.772966],[35.231011,31.773026],[35.231003,31.77306],[35.231499,31.773154],[35.231483,31.773234],[35.232293,31.773404],[35.23234,31.773362],[35.232427,31.773437],[35.23238,31.773479],[35.23242,31.773833],[35.232459,31.773913],[35.232517,31.773913],[35.232535,31.774013],[35.233242,31.774283],[35.233551,31.774736],[35.233704,31.774761],[35.233848,31.774781],[35.234179,31.774828],[35.235563,31.775017],[35.235767,31.775046],[35.23572,31.77531],[35.235672,31.775582],[35.235771,31.775594],[35.235759,31.775672],[35.235843,31.775681],[35.235812,31.775846],[35.23624,31.775911],[35.23653,31.775954],[35.237558,31.7761],[35.237298,31.778181],[35.237292,31.778227],[35.237209,31.778892],[35.237235,31.778894],[35.237218,31.779043],[35.237191,31.779041],[35.23719,31.779052],[35.237154,31.779343],[35.23714,31.779461],[35.237062,31.78007],[35.237088,31.780073],[35.237085,31.780094],[35.237056,31.780297],[35.237014,31.780728],[35.236999,31.780797],[35.236976,31.780907],[35.236961,31.780973],[35.236918,31.781381],[35.236999,31.781391],[35.236982,31.781533],[35.236931,31.781529],[35.236915,31.781703],[35.236964,31.781709],[35.236928,31.78197],[35.236965,31.78197],[35.236956,31.782097],[35.236927,31.782096],[35.236907,31.782264],[35.236953,31.782268],[35.236944,31.782362],[35.236895,31.782359],[35.236809,31.783188],[35.236712,31.783628],[35.236817,31.783648],[35.236792,31.783742],[35.236687,31.783722],[35.236691,31.783697],[35.236318,31.783629],[35.236306,31.783671],[35.236225,31.783657],[35.236227,31.78362],[35.235913,31.783553],[35.235908,31.783579],[35.235839,31.783565],[35.235848,31.78354],[35.235445,31.783448],[35.235443,31.783456],[35.235137,31.783383],[35.235125,31.78342],[35.235017,31.783394],[35.23503,31.783353],[35.234933,31.783327],[35.234972,31.783237],[35.234743,31.783195],[35.234724,31.783232],[35.234557,31.78319],[35.234552,31.783152],[35.233739,31.782979],[35.233725,31.783022],[35.233611,31.782996],[35.233626,31.782947],[35.233061,31.782816],[35.233045,31.782862],[35.232924,31.782847],[35.232926,31.782763],[35.232536,31.782697],[35.232511,31.782542],[35.232177,31.782489],[35.231864,31.782508],[35.231792,31.78258],[35.231637,31.782555],[35.231589,31.782585],[35.2313,31.782492],[35.231251,31.782425],[35.23105,31.78231],[35.231087,31.78227],[35.230952,31.782181],[35.230921,31.782215],[35.230846,31.782165],[35.23091,31.78209],[35.230745,31.781977],[35.230771,31.78194],[35.230558,31.781784],[35.230533,31.781808],[35.230496,31.781843],[35.230391,31.781763],[35.230432,31.781724],[35.230393,31.781695],[35.23035,31.781662],[35.230303,31.781627],[35.230276,31.781606],[35.230233,31.781647],[35.230134,31.781572],[35.230196,31.781513],[35.229897,31.781289],[35.229808,31.781363],[35.229702,31.78128],[35.229673,31.781302],[35.2295,31.781176],[35.229568,31.781111],[35.229465,31.781022],[35.229496,31.780984],[35.228562,31.780281],[35.228517,31.780306],[35.228397,31.780217],[35.228425,31.780181],[35.228198,31.77999],[35.228165,31.780013],[35.228074,31.779955],[35.228101,31.779928],[35.22775,31.779661],[35.227458,31.779963],[35.22688,31.779603],[35.226831,31.779646],[35.226419,31.779403],[35.226215,31.77931],[35.226086,31.779249],[35.226044,31.779314],[35.225883,31.779211],[35.226176,31.778899],[35.225701,31.778412],[35.22588,31.778287],[35.225868,31.77815],[35.225926,31.778132],[35.225926,31.778046],[35.227419,31.77679],[35.227578,31.776657],[35.227544,31.776628],[35.227503,31.776595],[35.227574,31.776528],[35.227657,31.776599]]],\"type\":\"Polygon\"},\"properties\":{\"id\":\"g1c795f.geometry\",\"land_or_water\":\"land\"},\"type\":\"Feature\"},{\"geometry\":{\"coordinates\":[[[35.227657,31.776599],[35.227747,31.776508],[35.227659,31.776394],[35.227825,31.776289],[35.227753,31.775875],[35.227642,31.775883],[35.227618,31.775624],[35.227848,31.775599],[35.227806,31.774544],[35.227729,31.774545],[35.227858,31.773486],[35.227791,31.773485],[35.227794,31.77336],[35.227865,31.773336],[35.22782,31.772896],[35.229503,31.772898],[35.229792,31.772808],[35.230773,31.772936],[35.231003,31.77306],[35.231499,31.773154],[35.231483,31.773234],[35.232293,31.773404],[35.23234,31.773362],[35.232427,31.773437],[35.23238,31.773479],[35.23242,31.773833],[35.232535,31.774013],[35.233242,31.774283],[35.233551,31.774736],[35.235767,31.775046],[35.235672,31.775582],[35.235843,31.775681],[35.235812,31.775846],[35.237558,31.7761],[35.236918,31.781381],[35.236999,31.781391],[35.236915,31.781703],[35.236964,31.781709],[35.236907,31.782264],[35.236953,31.782268],[35.236712,31.783628],[35.236817,31.783648],[35.236792,31.783742],[35.235017,31.783394],[35.234933,31.783327],[35.234972,31.783237],[35.234724,31.783232],[35.233739,31.782979],[35.233725,31.783022],[35.233611,31.782996],[35.233626,31.782947],[35.233061,31.782816],[35.232924,31.782847],[35.232926,31.782763],[35.232536,31.782697],[35.232511,31.782542],[35.232177,31.782489],[35.231589,31.782585],[35.2313,31.782492],[35.23105,31.78231],[35.231087,31.78227],[35.230846,31.782165],[35.23091,31.78209],[35.230745,31.781977],[35.230771,31.78194],[35.230558,31.781784],[35.230496,31.781843],[35.230276,31.781606],[35.230233,31.781647],[35.230134,31.781572],[35.230196,31.781513],[35.229897,31.781289],[35.229808,31.781363],[35.2295,31.781176],[35.229568,31.781111],[35.229465,31.781022],[35.229496,31.780984],[35.228562,31.780281],[35.228397,31.780217],[35.228425,31.780181],[35.22775,31.779661],[35.227458,31.779963],[35.22688,31.779603],[35.226831,31.779646],[35.226086,31.779249],[35.226044,31.779314],[35.225883,31.779211],[35.226176,31.778899],[35.225701,31.778412],[35.22588,31.778287],[35.225926,31.778046],[35.227578,31.776657],[35.227503,31.776595],[35.227574,31.776528],[35.227657,31.776599]]],\"type\":\"Polygon\"},\"properties\":{\"id\":\"g1c795f.simplified\",\"land_or_water\":\"land\"},\"type\":\"Feature\"},{\"geometry\":{\"coordinates\":[35.235,31.770556],\"type\":\"Point\"},\"properties\":{\"id\":\"m068207.point\"},\"type\":\"Feature\"},{\"geometry\":{\"coordinates\":[35.235985,31.767198],\"type\":\"Point\"},\"properties\":{\"id\":\"m628173.point\"},\"type\":\"Feature\"},{\"geometry\":{\"coordinates\":[35.234167,31.776667],\"type\":\"Point\"},\"properties\":{\"id\":\"m66c5b8.point\"},\"type\":\"Feature\"},{\"geometry\":{\"coordinates\":[35.236383,31.772919],\"type\":\"Point\"},\"properties\":{\"id\":\"m92dbfa.point\"},\"type\":\"Feature\"},{\"geometry\":{\"coordinates\":[35.248031,31.798128],\"type\":\"Point\"},\"properties\":{\"id\":\"mccae46.point\"},\"type\":\"Feature\"}],\"metadata\":{\"geometry_credit\":\"Some data © OpenStreetMap contributors\",\"name\":\"Dragon Spring\"},\"type\":\"FeatureCollection\"}","anotherNames":null,"koreanName":"용정","anotherKoreanNames":null},{"id":"a75d2ab","name":"Dumah 1","imageTitle":"mf937bb.satellite.jpg","isModern":false,"stereo":"parent","description":"A city in the hill country of Judah, listed among the towns allotted to the tribe of Judah (Joshua 15:52).\nIts name means 'silence' or 'stillness.'\nIt is distinct from the Arabian location 'Dumah 2' and is often identified with modern Khirbet ed-Domeh (Deir ed Domeh) or the city of Dura, both near Hebron.","koreanDescription":"유다 지파에게 분배된 성읍들 중 하나로, 유다 산지에 위치한 성읍입니다(여호수아 15:52).\n이름은 ‘침묵’ 또는 ‘고요함’을 의미합니다.\n아라비아의 ‘두마 2’와는 다른 곳이며, 헤브론 근처의 현대 지명인 키르벳 엣 돔(Deir ed Domeh) 또는 두라(Dura)와 동일시되기도 합니다.","verses":["Josh.15.52"],"placeUrl":"/geo/ancient/a75d2ab/dumah-1","identificationPaths":["/geo/modern/mf937bb","/geo/modern/m6b0e6d"],"types":["settlement"],"unknownPlacePossibility":null,"geojsonText":"{\"bbox\":[34.9861,31.4306,35.0275,31.50506],\"features\":[{\"geometry\":{\"coordinates\":[35.0275,31.50506],\"type\":\"Point\"},\"properties\":{\"id\":\"m6b0e6d.point\"},\"type\":\"Feature\"},{\"geometry\":{\"coordinates\":[34.9861,31.4306],\"type\":\"Point\"},\"properties\":{\"id\":\"mf937bb.point\"},\"type\":\"Feature\"}],\"metadata\":{\"name\":\"Dumah 1\"},\"type\":\"FeatureCollection\"}","anotherNames":null,"koreanName":"두마 1","anotherKoreanNames":null},{"id":"a0a6365","name":"Dumah 2","imageTitle":"m6b0cf5.i472815.jpg","isModern":false,"stereo":"parent","description":"A region or settlement in Arabia that is the subject of an oracle in the Book of Isaiah (Isaiah 21:11), addressed to the 'watchman of Seir.'\nIt is commonly identified with the ancient oasis and settlement of Adummatu, now Dumat al Jandal, in modern Saudi Arabia.\nThis location also shares its name with Dumah, one of the twelve sons of Ishmael, representing the tribe descended from him (Genesis 25:14).","koreanDescription":"이사야서에서 '세일의 파수꾼'에게 주어진 신탁의 대상이 된 아라비아의 한 지역 또는 성읍입니다(이사야 21:11).\n일반적으로 현대 사우디아라비아의 두마트 알 잔달(Dumat al Jandal)에 해당하는 고대 오아시스 정착지 아둠마투(Adummatu)와 동일시됩니다.\n이곳은 또한 이스마엘의 열두 아들 중 한 명인 두마의 이름과도 같으며, 그에게서 비롯된 지파를 나타냅니다(창세기 25:14).","verses":["Isa.21.11"],"placeUrl":"/geo/ancient/a0a6365/dumah-2","identificationPaths":["/geo/modern/m6b0cf5","/geo/modern/ma4d11e","/geo/modern/mf937bb","/geo/modern/m6b0e6d"],"types":["region","settlement"],"unknownPlacePossibility":null,"geojsonText":"{\"bbox\":[34.3355,29.41629,39.868306,31.50506],\"features\":[{\"geometry\":{\"coordinates\":[[[[34.3355,30.47512],[34.3355,30.41629],[34.47046,30.12217],[34.74039,29.59276],[34.80787,29.53393],[34.87535,29.47511],[35.01032,29.41629],[35.0778,29.41629],[35.41521,29.59276],[36.22499,30.23982],[36.29247,30.59276],[36.35995,31.00453],[36.29247,31.06336],[35.88758,31.12218],[35.8201,31.12218],[35.34773,31.06336],[34.60543,30.82806],[34.53794,30.76924],[34.47046,30.71041],[34.3355,30.53394],[34.3355,30.47512]]],[[[34.47046,30.53394],[34.40298,30.47512],[34.87535,29.53393],[34.94283,29.47511],[35.01032,29.47511],[35.0778,29.47511],[35.41521,29.65158],[36.15751,30.41629],[36.29247,30.76924],[36.29247,30.82806],[36.22499,31.00453],[35.75262,31.06336],[35.68513,31.06336],[35.61765,31.06336],[35.55017,31.06336],[35.48269,31.06336],[35.41521,31.06336],[35.28024,31.00453],[35.14528,30.94571],[34.87535,30.82806],[34.47046,30.53394]]],[[[34.53794,30.47512],[34.53794,30.41629],[34.94283,29.53393],[35.01032,29.53393],[35.0778,29.53393],[35.34773,29.65158],[35.41521,29.71041],[35.48269,29.76923],[35.95506,30.23982],[36.09003,30.41629],[36.15751,30.59276],[36.22499,30.76924],[36.22499,30.82806],[36.15751,30.88688],[35.95506,30.94571],[35.75262,31.00453],[35.68513,31.00453],[35.61765,31.00453],[35.55017,31.00453],[35.48269,31.00453],[35.41521,31.00453],[35.34773,31.00453],[34.87535,30.76924],[34.60543,30.53394],[34.53794,30.47512]]],[[[35.0778,29.82805],[35.14528,29.82805],[35.55017,29.9457],[35.61765,30.00453],[35.68513,30.06335],[36.02254,30.41629],[36.15751,30.76924],[36.15751,30.82806],[36.15751,30.88688],[35.95506,30.94571],[35.68513,31.00453],[35.61765,31.00453],[35.55017,31.00453],[35.48269,31.00453],[35.41521,31.00453],[35.28024,30.94571],[34.94283,30.76924],[34.87535,30.41629],[35.0778,29.82805]]],[[[34.94283,30.76924],[34.94283,30.71041],[34.94283,30.65159],[34.94283,30.53394],[34.94283,30.47512],[34.94283,30.41629],[35.14528,29.9457],[35.61765,30.00453],[36.02254,30.47512],[36.09003,30.88688],[35.95506,30.94571],[35.68513,31.00453],[35.61765,31.00453],[35.55017,31.00453],[35.48269,31.00453],[35.41521,31.00453],[34.94283,30.76924]]],[[[35.01032,30.76924],[35.01032,30.71041],[35.01032,30.65159],[35.01032,30.53394],[35.01032,30.47512],[35.34773,30.06335],[35.41521,30.06335],[35.48269,30.06335],[35.55017,30.06335],[35.61765,30.06335],[36.02254,30.47512],[36.02254,30.53394],[36.02254,30.59276],[36.02254,30.71041],[36.02254,30.76924],[36.02254,30.82806],[35.95506,30.88688],[35.68513,31.00453],[35.61765,31.00453],[35.55017,31.00453],[35.48269,31.00453],[35.41521,31.00453],[35.01032,30.76924]]],[[[35.0778,30.76924],[35.0778,30.71041],[35.14528,30.41629],[35.28024,30.181],[35.34773,30.12217],[35.48269,30.06335],[35.55017,30.06335],[35.61765,30.06335],[35.95506,30.59276],[36.02254,30.71041],[36.02254,30.76924],[36.02254,30.82806],[35.61765,31.00453],[35.55017,31.00453],[35.48269,31.00453],[35.41521,31.00453],[35.14528,30.82806],[35.0778,30.76924]]],[[[35.14528,30.47512],[35.28024,30.181],[35.34773,30.12217],[35.55017,30.06335],[35.61765,30.12217],[35.68513,30.181],[36.02254,30.71041],[36.02254,30.76924],[36.02254,30.82806],[35.61765,31.00453],[35.48269,31.00453],[35.0778,30.71041],[35.14528,30.47512]]],[[[35.41521,30.181],[35.48269,30.181],[35.55017,30.181],[35.61765,30.181],[35.68513,30.23982],[35.75262,30.29864],[35.8201,30.41629],[35.88758,30.53394],[35.95506,30.65159],[36.02254,30.76924],[35.88758,30.82806],[35.75262,30.88688],[35.61765,30.94571],[35.55017,30.94571],[35.48269,30.94571],[35.28024,30.82806],[35.21276,30.71041],[35.21276,30.65159],[35.21276,30.59276],[35.21276,30.53394],[35.21276,30.47512],[35.34773,30.181],[35.41521,30.181]]]],\"type\":\"MultiPolygon\"},\"properties\":{\"format\":\"isobands\",\"id\":\"g7ad983.isobands\",\"land_or_water\":\"land\",\"max_confidence\":90,\"min_confidence\":10,\"role\":\"isobands\"},\"type\":\"Feature\"},{\"geometry\":{\"coordinates\":[35.603919,30.745843],\"type\":\"Point\"},\"properties\":{\"id\":\"m6b0cf5.point\"},\"type\":\"Feature\"},{\"geometry\":{\"coordinates\":[35.0275,31.50506],\"type\":\"Point\"},\"properties\":{\"id\":\"m6b0e6d.point\"},\"type\":\"Feature\"},{\"geometry\":{\"coordinates\":[39.868306,29.811417],\"type\":\"Point\"},\"properties\":{\"id\":\"ma4d11e.point\"},\"type\":\"Feature\"},{\"geometry\":{\"coordinates\":[34.9861,31.4306],\"type\":\"Point\"},\"properties\":{\"id\":\"mf937bb.point\"},\"type\":\"Feature\"}],\"metadata\":{\"name\":\"Dumah 2\"},\"type\":\"FeatureCollection\"}","anotherNames":null,"koreanName":"두마 2","anotherKoreanNames":null},{"id":"a1611b6","name":"Dung Gate","imageTitle":"m66c5b8.i6449a7.jpg","isModern":false,"stereo":"parent","description":"One of the gates of Jerusalem, mentioned during Nehemiah's rebuilding of the city walls (Nehemiah 2:13, 3:14).\nIts name, 'Sha'ar Ha'Ashpot' in Hebrew (Gate of the Ashes/Garbage), suggests it was the exit point for the city's refuse, which was dumped into the adjacent Hinnom Valley (Gehenna).\nIts location was on the south side of the city. The modern Dung Gate in the Old City walls is a later, Ottoman-era structure.","koreanDescription":"느헤미야 시대에 예루살렘 성벽을 재건할 때 언급된 성문 중 하나입니다(느헤미야 2:13, 3:14).\n히브리어 이름은 ‘재/쓰레기의 문’을 뜻하며, 성의 쓰레기가 인접한 힌놈의 골짜기(게헨나)로 버려지던 출구였음을 시사합니다.\n고대에는 성 남쪽에 위치했습니다. 현재 예루살렘 구시가지의 분문은 오스만 제국 시대에 재건된 것입니다.","verses":["Neh.2.13","Neh.3.13","Neh.3.14","Neh.12.31"],"placeUrl":"/geo/ancient/a1611b6/dung-gate","identificationPaths":["/geo/modern/m66c5b8"],"types":["gate"],"unknownPlacePossibility":null,"geojsonText":"{\"bbox\":[35.225701,31.772808,35.237558,31.783742],\"features\":[{\"geometry\":{\"coordinates\":[[[35.227657,31.776599],[35.227747,31.776508],[35.227659,31.776394],[35.227825,31.776289],[35.227753,31.775875],[35.227642,31.775883],[35.227618,31.775624],[35.227772,31.775611],[35.227848,31.775599],[35.227849,31.775535],[35.227847,31.775424],[35.227806,31.774544],[35.227729,31.774545],[35.22773,31.774387],[35.22779,31.774376],[35.227778,31.774048],[35.227782,31.773881],[35.227836,31.773872],[35.227858,31.773486],[35.227791,31.773485],[35.227794,31.77336],[35.227865,31.773336],[35.22787,31.773082],[35.227819,31.773084],[35.22782,31.772896],[35.228621,31.772903],[35.229503,31.772898],[35.229592,31.772872],[35.229638,31.772857],[35.229742,31.772823],[35.229792,31.772808],[35.230644,31.772943],[35.230646,31.772918],[35.230707,31.772927],[35.230773,31.772936],[35.230772,31.772966],[35.231011,31.773026],[35.231003,31.77306],[35.231499,31.773154],[35.231483,31.773234],[35.232293,31.773404],[35.23234,31.773362],[35.232427,31.773437],[35.23238,31.773479],[35.23242,31.773833],[35.232459,31.773913],[35.232517,31.773913],[35.232535,31.774013],[35.233242,31.774283],[35.233551,31.774736],[35.233704,31.774761],[35.233848,31.774781],[35.234179,31.774828],[35.235563,31.775017],[35.235767,31.775046],[35.23572,31.77531],[35.235672,31.775582],[35.235771,31.775594],[35.235759,31.775672],[35.235843,31.775681],[35.235812,31.775846],[35.23624,31.775911],[35.23653,31.775954],[35.237558,31.7761],[35.237298,31.778181],[35.237292,31.778227],[35.237209,31.778892],[35.237235,31.778894],[35.237218,31.779043],[35.237191,31.779041],[35.23719,31.779052],[35.237154,31.779343],[35.23714,31.779461],[35.237062,31.78007],[35.237088,31.780073],[35.237085,31.780094],[35.237056,31.780297],[35.237014,31.780728],[35.236999,31.780797],[35.236976,31.780907],[35.236961,31.780973],[35.236918,31.781381],[35.236999,31.781391],[35.236982,31.781533],[35.236931,31.781529],[35.236915,31.781703],[35.236964,31.781709],[35.236928,31.78197],[35.236965,31.78197],[35.236956,31.782097],[35.236927,31.782096],[35.236907,31.782264],[35.236953,31.782268],[35.236944,31.782362],[35.236895,31.782359],[35.236809,31.783188],[35.236712,31.783628],[35.236817,31.783648],[35.236792,31.783742],[35.236687,31.783722],[35.236691,31.783697],[35.236318,31.783629],[35.236306,31.783671],[35.236225,31.783657],[35.236227,31.78362],[35.235913,31.783553],[35.235908,31.783579],[35.235839,31.783565],[35.235848,31.78354],[35.235445,31.783448],[35.235443,31.783456],[35.235137,31.783383],[35.235125,31.78342],[35.235017,31.783394],[35.23503,31.783353],[35.234933,31.783327],[35.234972,31.783237],[35.234743,31.783195],[35.234724,31.783232],[35.234557,31.78319],[35.234552,31.783152],[35.233739,31.782979],[35.233725,31.783022],[35.233611,31.782996],[35.233626,31.782947],[35.233061,31.782816],[35.233045,31.782862],[35.232924,31.782847],[35.232926,31.782763],[35.232536,31.782697],[35.232511,31.782542],[35.232177,31.782489],[35.231864,31.782508],[35.231792,31.78258],[35.231637,31.782555],[35.231589,31.782585],[35.2313,31.782492],[35.231251,31.782425],[35.23105,31.78231],[35.231087,31.78227],[35.230952,31.782181],[35.230921,31.782215],[35.230846,31.782165],[35.23091,31.78209],[35.230745,31.781977],[35.230771,31.78194],[35.230558,31.781784],[35.230533,31.781808],[35.230496,31.781843],[35.230391,31.781763],[35.230432,31.781724],[35.230393,31.781695],[35.23035,31.781662],[35.230303,31.781627],[35.230276,31.781606],[35.230233,31.781647],[35.230134,31.781572],[35.230196,31.781513],[35.229897,31.781289],[35.229808,31.781363],[35.229702,31.78128],[35.229673,31.781302],[35.2295,31.781176],[35.229568,31.781111],[35.229465,31.781022],[35.229496,31.780984],[35.228562,31.780281],[35.228517,31.780306],[35.228397,31.780217],[35.228425,31.780181],[35.228198,31.77999],[35.228165,31.780013],[35.228074,31.779955],[35.228101,31.779928],[35.22775,31.779661],[35.227458,31.779963],[35.22688,31.779603],[35.226831,31.779646],[35.226419,31.779403],[35.226215,31.77931],[35.226086,31.779249],[35.226044,31.779314],[35.225883,31.779211],[35.226176,31.778899],[35.225701,31.778412],[35.22588,31.778287],[35.225868,31.77815],[35.225926,31.778132],[35.225926,31.778046],[35.227419,31.77679],[35.227578,31.776657],[35.227544,31.776628],[35.227503,31.776595],[35.227574,31.776528],[35.227657,31.776599]]],\"type\":\"Polygon\"},\"properties\":{\"id\":\"g1c795f.geometry\",\"land_or_water\":\"land\"},\"type\":\"Feature\"},{\"geometry\":{\"coordinates\":[[[35.227657,31.776599],[35.227747,31.776508],[35.227659,31.776394],[35.227825,31.776289],[35.227753,31.775875],[35.227642,31.775883],[35.227618,31.775624],[35.227848,31.775599],[35.227806,31.774544],[35.227729,31.774545],[35.227858,31.773486],[35.227791,31.773485],[35.227794,31.77336],[35.227865,31.773336],[35.22782,31.772896],[35.229503,31.772898],[35.229792,31.772808],[35.230773,31.772936],[35.231003,31.77306],[35.231499,31.773154],[35.231483,31.773234],[35.232293,31.773404],[35.23234,31.773362],[35.232427,31.773437],[35.23238,31.773479],[35.23242,31.773833],[35.232535,31.774013],[35.233242,31.774283],[35.233551,31.774736],[35.235767,31.775046],[35.235672,31.775582],[35.235843,31.775681],[35.235812,31.775846],[35.237558,31.7761],[35.236918,31.781381],[35.236999,31.781391],[35.236915,31.781703],[35.236964,31.781709],[35.236907,31.782264],[35.236953,31.782268],[35.236712,31.783628],[35.236817,31.783648],[35.236792,31.783742],[35.235017,31.783394],[35.234933,31.783327],[35.234972,31.783237],[35.234724,31.783232],[35.233739,31.782979],[35.233725,31.783022],[35.233611,31.782996],[35.233626,31.782947],[35.233061,31.782816],[35.232924,31.782847],[35.232926,31.782763],[35.232536,31.782697],[35.232511,31.782542],[35.232177,31.782489],[35.231589,31.782585],[35.2313,31.782492],[35.23105,31.78231],[35.231087,31.78227],[35.230846,31.782165],[35.23091,31.78209],[35.230745,31.781977],[35.230771,31.78194],[35.230558,31.781784],[35.230496,31.781843],[35.230276,31.781606],[35.230233,31.781647],[35.230134,31.781572],[35.230196,31.781513],[35.229897,31.781289],[35.229808,31.781363],[35.2295,31.781176],[35.229568,31.781111],[35.229465,31.781022],[35.229496,31.780984],[35.228562,31.780281],[35.228397,31.780217],[35.228425,31.780181],[35.22775,31.779661],[35.227458,31.779963],[35.22688,31.779603],[35.226831,31.779646],[35.226086,31.779249],[35.226044,31.779314],[35.225883,31.779211],[35.226176,31.778899],[35.225701,31.778412],[35.22588,31.778287],[35.225926,31.778046],[35.227578,31.776657],[35.227503,31.776595],[35.227574,31.776528],[35.227657,31.776599]]],\"type\":\"Polygon\"},\"properties\":{\"id\":\"g1c795f.simplified\",\"land_or_water\":\"land\"},\"type\":\"Feature\"},{\"geometry\":{\"coordinates\":[35.234167,31.776667],\"type\":\"Point\"},\"properties\":{\"id\":\"m66c5b8.point\"},\"type\":\"Feature\"}],\"metadata\":{\"geometry_credit\":\"Some data © OpenStreetMap contributors\",\"name\":\"Dung Gate\"},\"type\":\"FeatureCollection\"}","anotherNames":null,"koreanName":"분문","anotherKoreanNames":null},{"id":"mcf60ee","name":"Khirbet el Muhatta","isModern":"modern","stereo":"child","description":"A modern settlement site in Jordan, identified as a possible location for the ancient Edomite capital Dinhabah (ae28fc7).\nThe site, whose name may mean 'ruins of the station' or 'ruins of the encampment,' is situated in the Edomite region, aligning with the biblical context of Dinhabah.","koreanDescription":"요르단의 현대 정착지 유적지로, 고대 에돔의 수도 딘하바(Dinhabah, ae28fc7)의 후보지 중 하나입니다.\n이 유적지의 이름은 '주둔지 폐허'를 의미할 수 있으며, 딘하바의 성경적 배경인 에돔 지역에 위치합니다.","imageTitle":"mcf60ee.satellite.jpg","types":["settlement"],"geojsonText":"{\"bbox\":[35.72132,31.79756,35.72344,31.79936],\"features\":[{\"geometry\":{\"coordinates\":[35.722377,31.798459],\"type\":\"Point\"},\"properties\":{\"id\":\"mcf60ee.point\",\"role\":\"point\"},\"type\":\"Feature\"},{\"geometry\":{\"coordinates\":[[[35.72238,31.79936],[35.72227,31.79935],[35.72216,31.79934],[35.72205,31.79931],[35.72195,31.79928],[35.72185,31.79924],[35.72176,31.79919],[35.72167,31.79913],[35.72159,31.79906],[35.72152,31.79899],[35.72146,31.79891],[35.72141,31.79882],[35.72137,31.79874],[35.72134,31.79865],[35.72132,31.79855],[35.72132,31.79846],[35.72132,31.79836],[35.72134,31.79827],[35.72137,31.79818],[35.72141,31.79809],[35.72146,31.79801],[35.72152,31.79793],[35.72159,31.79786],[35.72167,31.79779],[35.72176,31.79773],[35.72185,31.79768],[35.72195,31.79764],[35.72205,31.7976],[35.72216,31.79758],[35.72227,31.79756],[35.72238,31.79756],[35.72249,31.79756],[35.7226,31.79758],[35.7227,31.7976],[35.72281,31.79764],[35.72291,31.79768],[35.723,31.79773],[35.72309,31.79779],[35.72316,31.79786],[35.72323,31.79793],[35.72329,31.79801],[35.72334,31.79809],[35.72338,31.79818],[35.72341,31.79827],[35.72343,31.79836],[35.72344,31.79846],[35.72343,31.79855],[35.72341,31.79865],[35.72338,31.79874],[35.72334,31.79882],[35.72329,31.79891],[35.72323,31.79899],[35.72316,31.79906],[35.72309,31.79913],[35.723,31.79919],[35.72291,31.79924],[35.72281,31.79928],[35.7227,31.79931],[35.7226,31.79934],[35.72249,31.79935],[35.72238,31.79936]]],\"type\":\"Polygon\"},\"properties\":{\"id\":\"gc6e457.precision_radius\",\"land_or_water\":\"land\",\"role\":\"precision_radius\"},\"type\":\"Feature\"}],\"metadata\":{\"class\":\"human\",\"land_or_water\":\"land\",\"name\":\"Khirbet el Muhatta\",\"type\":\"settlement\"},\"type\":\"FeatureCollection\"}","anotherNames":"Danaba, Khirbet el Mhatta, Khirbet esh Shaikh Jayil, Khirbet esh Sheikh Jayil, Khirbet Sheikh Jayil, Mahatta","anotherKoreanNames":"다나바, 키르벳 엘 마타, 키르벳 엣 샤이크 자일, 마하타"},{"id":"m328bf2","name":"Dannea","isModern":"modern","stereo":"child","description":"A modern settlement site in Jordan, also considered a possible, though less certain, identification for the ancient Dinhabah (ae28fc7).\nThe association with Dinhabah is based on phonetic similarities and geographical plausibility within the Edom region.","koreanDescription":"요르단의 현대 정착지 유적지로, 고대 딘하바(Dinhabah, ae28fc7)의 또 다른 후보지로 간주되지만 확실성은 낮습니다.\n딘하바와의 연관성은 에돔 지역 내에서 발음 유사성과 지리적 개연성에 기반합니다.","imageTitle":"m328bf2.satellite.jpg","types":["settlement"],"geojsonText":"{\"features\":[{\"geometry\":{\"coordinates\":[35.75034,31.356569],\"type\":\"Point\"},\"properties\":{\"id\":\"m328bf2.point\",\"role\":\"point\"},\"type\":\"Feature\"}],\"metadata\":{\"class\":\"human\",\"land_or_water\":\"land\",\"name\":\"Dannea\",\"type\":\"settlement\"},\"type\":\"FeatureCollection\"}","anotherNames":"Denneh, Khirbet ed Denn","anotherKoreanNames":"덴네, 키르벳 엣 덴"},{"id":"m657590","name":"Tell Balatah","isModern":"modern","stereo":"child","description":"The site of the ancient city of Shechem, located in the West Bank near modern Nablus.\nTell Balatah is the widely accepted location for the 'Diviners’ Oak' (a0dc90b) and the significant events associated with it, including Jacob's and Joshua's actions.","koreanDescription":"고대 도시 세겜의 유적지로, 현대 나블루스 근처 서안 지구에 위치합니다.\n텔 발라타는 ‘점치는 자들의 상수리나무’(Diviners’ Oak, a0dc90b) 및 야곱과 여호수아의 행동과 관련된 중요한 사건들이 일어난 장소로 널리 받아들여지고 있습니다.","imageTitle":"m657590.ia4a34f.jpg","types":["settlement"],"geojsonText":"{\"bbox\":[35.27929,32.21136,35.2846,32.21586],\"features\":[{\"geometry\":{\"coordinates\":[35.281944,32.213611],\"type\":\"Point\"},\"properties\":{\"id\":\"m657590.point\",\"role\":\"point\"},\"type\":\"Feature\"},{\"geometry\":{\"coordinates\":[[[35.28194,32.21586],[35.28167,32.21585],[35.28139,32.21581],[35.28112,32.21575],[35.28086,32.21566],[35.28062,32.21556],[35.28038,32.21543],[35.28017,32.21528],[35.27997,32.21512],[35.27979,32.21493],[35.27964,32.21474],[35.27952,32.21453],[35.27942,32.21431],[35.27934,32.21408],[35.2793,32.21385],[35.27929,32.21361],[35.2793,32.21338],[35.27934,32.21314],[35.27942,32.21292],[35.27952,32.2127],[35.27964,32.21249],[35.27979,32.21229],[35.27997,32.21211],[35.28017,32.21194],[35.28038,32.21179],[35.28062,32.21166],[35.28086,32.21156],[35.28112,32.21147],[35.28139,32.21141],[35.28167,32.21138],[35.28194,32.21136],[35.28222,32.21138],[35.2825,32.21141],[35.28277,32.21147],[35.28302,32.21156],[35.28327,32.21166],[35.28351,32.21179],[35.28372,32.21194],[35.28392,32.21211],[35.28409,32.21229],[35.28425,32.21249],[35.28437,32.2127],[35.28447,32.21292],[35.28454,32.21314],[35.28459,32.21338],[35.2846,32.21361],[35.28459,32.21385],[35.28454,32.21408],[35.28447,32.21431],[35.28437,32.21453],[35.28425,32.21474],[35.28409,32.21493],[35.28392,32.21512],[35.28372,32.21528],[35.28351,32.21543],[35.28327,32.21556],[35.28302,32.21566],[35.28277,32.21575],[35.2825,32.21581],[35.28222,32.21585],[35.28194,32.21586]]],\"type\":\"Polygon\"},\"properties\":{\"id\":\"gd4d2da.precision_radius\",\"land_or_water\":\"land\",\"role\":\"precision_radius\"},\"type\":\"Feature\"}],\"metadata\":{\"class\":\"human\",\"land_or_water\":\"land\",\"name\":\"Tell Balatah\",\"type\":\"settlement\"},\"type\":\"FeatureCollection\"}","anotherNames":"Tell Balata","anotherKoreanNames":"텔 발라타"},{"id":"m17c007","name":"Ad Duhaybah","isModern":"modern","stereo":"child","description":"A modern settlement in Jordan, considered a possible, albeit low-confidence, modern identification for the biblical Dizahab (afcb77d).\nIts location east of the Dead Sea aligns with the general biblical description of Dizahab as being in the Arabah.","koreanDescription":"요르단의 현대 정착지로, 성경 속 디사합(Dizahab, afcb77d)의 가능한 현대 지명 중 하나로 간주되지만, 확실성은 낮습니다.\n사해 동쪽에 위치하며, 아라바 광야에 있다는 디사합의 성경적 설명과 대체로 일치합니다.","imageTitle":"m17c007.satellite.jpg","types":["settlement"],"geojsonText":"{\"features\":[{\"geometry\":{\"coordinates\":[36.050752,31.806601],\"type\":\"Point\"},\"properties\":{\"id\":\"m17c007.point\",\"role\":\"point\"},\"type\":\"Feature\"}],\"metadata\":{\"class\":\"human\",\"land_or_water\":\"land\",\"name\":\"Ad Duhaybah\",\"type\":\"settlement\"},\"type\":\"FeatureCollection\"}","anotherNames":"Edh Dhueheiba","anotherKoreanNames":"에드 두에히바"},{"id":"mc070bb","name":"Dahab","isModern":"modern","stereo":"child","description":"A resort town on the southeast coast of the Sinai Peninsula in Egypt, whose name means 'gold' in Arabic.\nIt is another possible identification for the biblical Dizahab (afcb77d), which was a stopping point during the Exodus. The modern town's name in Hebrew during the Israeli occupation was Di-Zahav.","koreanDescription":"이집트 시나이 반도 남동부 해안의 휴양 도시로, 아랍어로 ‘금’을 의미합니다.\n출애굽 중 이스라엘 백성의 정착지였던 성경 속 디사합(Dizahab, afcb77d)의 또 다른 후보지입니다. 이스라엘 점령기에는 이 도시의 히브리어 이름이 디-자하브(Di-Zahav)였습니다.","imageTitle":"mc070bb.i90e1ee.jpg","types":["settlement"],"geojsonText":"{\"bbox\":[34.50216,28.49081,34.50728,28.4953],\"features\":[{\"geometry\":{\"coordinates\":[34.504722,28.493056],\"type\":\"Point\"},\"properties\":{\"id\":\"mc070bb.point\",\"role\":\"point\"},\"type\":\"Feature\"},{\"geometry\":{\"coordinates\":[[[34.50472,28.4953],[34.50445,28.49529],[34.50419,28.49526],[34.50393,28.49519],[34.50368,28.49511],[34.50344,28.495],[34.50322,28.49487],[34.50301,28.49473],[34.50282,28.49456],[34.50265,28.49438],[34.50251,28.49418],[34.50238,28.49397],[34.50229,28.49375],[34.50222,28.49352],[34.50218,28.49329],[34.50216,28.49306],[34.50218,28.49282],[34.50222,28.49259],[34.50229,28.49236],[34.50239,28.49214],[34.50251,28.49193],[34.50265,28.49173],[34.50282,28.49155],[34.50301,28.49139],[34.50322,28.49124],[34.50344,28.49111],[34.50368,28.491],[34.50393,28.49092],[34.50419,28.49086],[34.50445,28.49082],[34.50472,28.49081],[34.50499,28.49082],[34.50525,28.49086],[34.50551,28.49092],[34.50576,28.491],[34.506,28.49111],[34.50623,28.49124],[34.50643,28.49139],[34.50662,28.49155],[34.50679,28.49173],[34.50694,28.49193],[34.50706,28.49214],[34.50715,28.49236],[34.50722,28.49259],[34.50727,28.49282],[34.50728,28.49306],[34.50727,28.49329],[34.50722,28.49352],[34.50715,28.49375],[34.50706,28.49397],[34.50694,28.49418],[34.50679,28.49438],[34.50662,28.49456],[34.50643,28.49473],[34.50623,28.49487],[34.506,28.495],[34.50576,28.49511],[34.50551,28.49519],[34.50525,28.49526],[34.50499,28.49529],[34.50472,28.4953]]],\"type\":\"Polygon\"},\"properties\":{\"id\":\"gb5d3ca.precision_radius\",\"land_or_water\":\"land\",\"role\":\"precision_radius\"},\"type\":\"Feature\"}],\"metadata\":{\"class\":\"human\",\"land_or_water\":\"land\",\"name\":\"Dahab\",\"type\":\"settlement\"},\"type\":\"FeatureCollection\"}","anotherNames":"Mina ed Dahab, Minet edh Dhahab","anotherKoreanNames":"미나 엣 다합, 미네 엣 다합"},{"id":"m14916e","name":"Serabit el Khadim","isModern":"modern","stereo":"child","description":"An ancient Egyptian turquoise mining area and temple complex in the Sinai Peninsula.\nIt is one of the hypothesized locations for the biblical Dophkah (a070c7b), based on its location in the traditional route of the Exodus.","koreanDescription":"시나이 반도에 있는 고대 이집트의 터키석 채굴지와 신전 단지입니다.\n전통적인 출애굽 경로상의 위치를 기반으로 성경 속 돕가(Dophkah, a070c7b)의 가설적인 위치 중 하나로 여겨집니다.","imageTitle":"m14916e.i73fa32.jpg","types":["settlement"],"geojsonText":"{\"bbox\":[33.459008,29.036479,33.459875,29.036879],\"features\":[{\"geometry\":{\"coordinates\":[33.459407,29.036733],\"type\":\"Point\"},\"properties\":{\"id\":\"m14916e.point\",\"role\":\"point\"},\"type\":\"Feature\"},{\"geometry\":{\"coordinates\":[[[33.459388,29.036879],[33.459274,29.036844],[33.459257,29.036858],[33.459124,29.036802],[33.459117,29.036813],[33.459049,29.03678],[33.459069,29.03675],[33.459008,29.03672],[33.459037,29.036675],[33.459048,29.03668],[33.459074,29.036639],[33.45906,29.036632],[33.459095,29.036577],[33.459156,29.036607],[33.45927,29.036479],[33.459871,29.036734],[33.459875,29.036763],[33.459816,29.036813],[33.459702,29.036819],[33.459388,29.036879]]],\"type\":\"Polygon\"},\"properties\":{\"id\":\"g851bc5.local\",\"land_or_water\":\"land\",\"role\":\"local\"},\"type\":\"Feature\"}],\"metadata\":{\"class\":\"human\",\"geometry_credit\":\"Some data © OpenStreetMap contributors\",\"land_or_water\":\"land\",\"name\":\"Serabit el Khadim\",\"type\":\"settlement\"},\"type\":\"FeatureCollection\"}","anotherNames":null,"anotherKoreanNames":null},{"id":"m13789b","name":"Tel Dor","isModern":"modern","stereo":"child","description":"An archaeological mound (Tel) on the coast of Israel, where the ancient city of Dor (a70c56b) was located.\nExtensive excavations have confirmed its role as a major port and administrative center during the biblical periods, supporting its identification as the biblical Dor.","koreanDescription":"이스라엘 해안에 위치한 고고학적 텔(Tel)로, 고대 도시 돌(Dor, a70c56b)이 있던 곳입니다.\n대규모 발굴을 통해 성경 시대 동안 주요 항구 및 행정 중심지로서의 역할이 확인되었으며, 성경 속 돌과의 동일성을 뒷받침합니다.","imageTitle":"m13789b.i559a86.jpg","types":["settlement"],"geojsonText":"{\"bbox\":[34.915063,32.6156,34.919629,32.621138],\"features\":[{\"geometry\":{\"coordinates\":[34.916364,32.617428],\"type\":\"Point\"},\"properties\":{\"id\":\"m13789b.point\",\"role\":\"point\"},\"type\":\"Feature\"},{\"geometry\":{\"coordinates\":[[[34.918464,32.615837],[34.918859,32.616215],[34.919008,32.61662],[34.919181,32.617759],[34.919489,32.619944],[34.919629,32.620304],[34.918958,32.620642],[34.917307,32.621112],[34.916734,32.621138],[34.915603,32.618659],[34.915555,32.617623],[34.915277,32.617117],[34.915175,32.616804],[34.915144,32.616668],[34.915063,32.616537],[34.915063,32.61641],[34.915256,32.616275],[34.915428,32.616261],[34.915572,32.616062],[34.915678,32.6156],[34.916351,32.61599],[34.916657,32.616062],[34.916919,32.616062],[34.918464,32.615837]]],\"type\":\"Polygon\"},\"properties\":{\"id\":\"g82ca17.local\",\"land_or_water\":\"land\",\"role\":\"local\"},\"type\":\"Feature\"}],\"metadata\":{\"class\":\"human\",\"geometry_credit\":\"Some data © OpenStreetMap contributors\",\"land_or_water\":\"land\",\"name\":\"Tel Dor\",\"type\":\"settlement\"},\"type\":\"FeatureCollection\"}","anotherNames":"Et Tantura, Khirbet el Burj, Tantura","anotherKoreanNames":"엣 탄투라, 키르벳 엘 부르즈, 탄투라"},{"id":"m8774a2","name":"Tel Dotan","isModern":"modern","stereo":"child","description":"An archaeological mound (Tel) located north of Jenin in the West Bank, widely identified as the site of the biblical Dothan (ab635e4).\nExcavations have revealed continuous occupation from the Early Bronze Age, supporting its historical significance as a strategic crossroads and the setting for the stories of Joseph and Elisha.","koreanDescription":"서안 지구 제닌 북쪽에 위치한 고고학적 텔(Tel)로, 성경 속 도단(Dothan, ab635e4)의 유력한 장소로 널리 알려져 있습니다.\n발굴 결과는 초기 청동기 시대부터 지속적인 거주를 보여주며, 요셉과 엘리사의 이야기의 배경이 된 전략적 교차로로서의 역사적 중요성을 뒷받침합니다.","imageTitle":"m8774a2.i13352a.jpg","types":["settlement"],"geojsonText":"{\"bbox\":[35.235994,32.411065,35.24065,32.414325],\"features\":[{\"geometry\":{\"coordinates\":[35.239861,32.413528],\"type\":\"Point\"},\"properties\":{\"id\":\"m8774a2.point\",\"role\":\"point\"},\"type\":\"Feature\"},{\"geometry\":{\"coordinates\":[[[35.235994,32.413112],[35.236401,32.411463],[35.237131,32.411065],[35.238011,32.411101],[35.239062,32.411463],[35.240113,32.411934],[35.240457,32.412749],[35.240521,32.413383],[35.24065,32.413963],[35.239963,32.414235],[35.239083,32.414307],[35.237968,32.414325],[35.236637,32.413909],[35.235994,32.413112]]],\"type\":\"Polygon\"},\"properties\":{\"id\":\"ge91fc2.local\",\"land_or_water\":\"land\",\"role\":\"local\"},\"type\":\"Feature\"},{\"geometry\":{\"coordinates\":[[[35.23986,32.41398],[35.23981,32.41398],[35.23975,32.41397],[35.2397,32.41396],[35.23964,32.41394],[35.23959,32.41392],[35.23955,32.41389],[35.2395,32.41386],[35.23947,32.41383],[35.23943,32.41379],[35.2394,32.41375],[35.23937,32.41371],[35.23935,32.41367],[35.23934,32.41362],[35.23933,32.41358],[35.23933,32.41353],[35.23933,32.41348],[35.23934,32.41343],[35.23935,32.41339],[35.23937,32.41335],[35.2394,32.4133],[35.23943,32.41326],[35.23947,32.41323],[35.2395,32.41319],[35.23955,32.41316],[35.23959,32.41314],[35.23964,32.41312],[35.2397,32.4131],[35.23975,32.41309],[35.23981,32.41308],[35.23986,32.41308],[35.23992,32.41308],[35.23997,32.41309],[35.24003,32.4131],[35.24008,32.41312],[35.24013,32.41314],[35.24017,32.41316],[35.24022,32.41319],[35.24026,32.41323],[35.24029,32.41326],[35.24032,32.4133],[35.24035,32.41335],[35.24037,32.41339],[35.24038,32.41343],[35.24039,32.41348],[35.24039,32.41353],[35.24039,32.41358],[35.24038,32.41362],[35.24037,32.41367],[35.24035,32.41371],[35.24032,32.41375],[35.24029,32.41379],[35.24026,32.41383],[35.24022,32.41386],[35.24017,32.41389],[35.24013,32.41392],[35.24008,32.41394],[35.24003,32.41396],[35.23997,32.41397],[35.23992,32.41398],[35.23986,32.41398]]],\"type\":\"Polygon\"},\"properties\":{\"id\":\"gf92e89.precision_radius\",\"land_or_water\":\"land\",\"role\":\"precision_radius\"},\"type\":\"Feature\"}],\"metadata\":{\"class\":\"human\",\"geometry_credit\":\"Some data © OpenStreetMap contributors\",\"land_or_water\":\"land\",\"name\":\"Tel Dotan\",\"type\":\"settlement\"},\"type\":\"FeatureCollection\"}","anotherNames":"Khirbet Hafira, Khirbet Hafireh, Tell Dotha, Tell Dothan, Tell Duthan","anotherKoreanNames":"키르벳 하피라, 텔 도타, 텔 도탄, 텔 두탄"},{"id":"m628173","name":"Bir Ayub","isModern":"modern","stereo":"child","description":"Also known as Job's Well or Nehemiah's Well, it is a deep well located in the Kidron Valley in Jerusalem, near the village of Silwan.\nIt is a leading candidate for the biblical Dragon Spring (ab9580e) and En-Rogel, a spring where David's spies hid (2 Samuel 17:17) and where Adonijah held his attempted coronation feast (1 Kings 1:9).","koreanDescription":"욥의 우물 또는 느헤미야의 우물로도 알려져 있으며, 예루살렘의 실완 마을 근처 기드론 골짜기에 위치한 깊은 우물입니다.\n성경 속 용정(Dragon Spring, ab9580e) 및 다윗의 첩자들이 숨었던 엔로겔(En-Rogel)의 주요 후보지 중 하나입니다.","imageTitle":"m628173.i8e0e20.jpg","types":["well"],"geojsonText":"{\"bbox\":[35.23334,31.76495,35.23863,31.76945],\"features\":[{\"geometry\":{\"coordinates\":[35.235985,31.767198],\"type\":\"Point\"},\"properties\":{\"id\":\"m628173.point\",\"role\":\"point\"},\"type\":\"Feature\"},{\"geometry\":{\"coordinates\":[[[35.23599,31.76945],[35.23571,31.76943],[35.23544,31.7694],[35.23517,31.76934],[35.23491,31.76925],[35.23466,31.76915],[35.23443,31.76902],[35.23422,31.76887],[35.23402,31.7687],[35.23385,31.76852],[35.23369,31.76832],[35.23357,31.76811],[35.23347,31.76789],[35.2334,31.76767],[35.23336,31.76743],[35.23334,31.7672],[35.23336,31.76696],[35.2334,31.76673],[35.23347,31.7665],[35.23357,31.76628],[35.23369,31.76607],[35.23385,31.76588],[35.23402,31.76569],[35.23422,31.76553],[35.23443,31.76538],[35.23466,31.76525],[35.23491,31.76514],[35.23517,31.76506],[35.23544,31.765],[35.23571,31.76496],[35.23599,31.76495],[35.23626,31.76496],[35.23653,31.765],[35.2368,31.76506],[35.23706,31.76514],[35.23731,31.76525],[35.23754,31.76538],[35.23775,31.76553],[35.23795,31.76569],[35.23812,31.76588],[35.23828,31.76607],[35.2384,31.76628],[35.2385,31.7665],[35.23857,31.76673],[35.23861,31.76696],[35.23863,31.7672],[35.23861,31.76743],[35.23857,31.76767],[35.2385,31.76789],[35.2384,31.76811],[35.23828,31.76832],[35.23812,31.76852],[35.23795,31.7687],[35.23775,31.76887],[35.23754,31.76902],[35.23731,31.76915],[35.23706,31.76925],[35.2368,31.76934],[35.23653,31.7694],[35.23626,31.76943],[35.23599,31.76945]]],\"type\":\"Polygon\"},\"properties\":{\"id\":\"g76987d.precision_radius\",\"land_or_water\":\"land\",\"role\":\"precision_radius\"},\"type\":\"Feature\"}],\"metadata\":{\"class\":\"human\",\"land_or_water\":\"water\",\"name\":\"Bir Ayub\",\"type\":\"well\"},\"type\":\"FeatureCollection\"}","anotherNames":"Bir Ayyub, Job’s Well, Nehemiah’s Well","anotherKoreanNames":"비르 아윱, 욥의 우물, 느헤미야의 우물"},{"id":"mccae46","name":"Ain el Madauwerah","isModern":"modern","stereo":"child","description":"A spring whose name means 'Round Spring,' located near Jerusalem.\nIt is one of the less favored, though still suggested, modern identifications for the biblical Dragon Spring (ab9580e) / En-Rogel.","koreanDescription":"'둥근 샘'을 의미하는 샘으로, 예루살렘 근처에 위치합니다.\n성경 속 용정(Dragon Spring, ab9580e) / 엔로겔의 현대 지명으로 제안되는 후보 중 하나이나, 다른 후보들에 비해 지지도가 낮습니다.","imageTitle":"mccae46.ib22d46.jpg","types":["spring"],"geojsonText":"{\"bbox\":[35.24697,31.79723,35.24909,31.79903],\"features\":[{\"geometry\":{\"coordinates\":[35.248031,31.798128],\"type\":\"Point\"},\"properties\":{\"id\":\"mccae46.point\",\"role\":\"point\"},\"type\":\"Feature\"},{\"geometry\":{\"coordinates\":[[[35.24803,31.79903],[35.24792,31.79902],[35.24781,31.79901],[35.2477,31.79898],[35.2476,31.79895],[35.2475,31.79891],[35.24741,31.79886],[35.24732,31.7988],[35.24724,31.79873],[35.24717,31.79866],[35.24711,31.79858],[35.24706,31.79849],[35.24702,31.79841],[35.247,31.79831],[35.24698,31.79822],[35.24697,31.79813],[35.24698,31.79803],[35.247,31.79794],[35.24702,31.79785],[35.24706,31.79776],[35.24711,31.79768],[35.24717,31.7976],[35.24724,31.79753],[35.24732,31.79746],[35.24741,31.7974],[35.2475,31.79735],[35.2476,31.79731],[35.2477,31.79727],[35.24781,31.79725],[35.24792,31.79723],[35.24803,31.79723],[35.24814,31.79723],[35.24825,31.79725],[35.24836,31.79727],[35.24846,31.79731],[35.24856,31.79735],[35.24865,31.7974],[35.24874,31.79746],[35.24882,31.79753],[35.24889,31.7976],[35.24895,31.79768],[35.249,31.79776],[35.24904,31.79785],[35.24907,31.79794],[35.24908,31.79803],[35.24909,31.79813],[35.24908,31.79822],[35.24907,31.79831],[35.24904,31.79841],[35.249,31.79849],[35.24895,31.79858],[35.24889,31.79866],[35.24882,31.79873],[35.24874,31.7988],[35.24865,31.79886],[35.24856,31.79891],[35.24846,31.79895],[35.24836,31.79898],[35.24825,31.79901],[35.24814,31.79902],[35.24803,31.79903]]],\"type\":\"Polygon\"},\"properties\":{\"id\":\"g85511e.precision_radius\",\"land_or_water\":\"land\",\"role\":\"precision_radius\"},\"type\":\"Feature\"}],\"metadata\":{\"class\":\"natural\",\"land_or_water\":\"water\",\"name\":\"Ain el Madauwerah\",\"type\":\"spring\"},\"type\":\"FeatureCollection\"}","anotherNames":null,"anotherKoreanNames":null},{"id":"m92dbfa","name":"Gihon Spring","isModern":"modern","stereo":"child","description":"The primary and most vital water source for ancient Jerusalem, located on the eastern slope of the City of David.\nIt is famous for the sophisticated water systems developed to protect it, including Warren's Shaft and Hezekiah's Tunnel, and is the place where Solomon was anointed king (1 Kings 1:33-39).\nIt is occasionally suggested as an identification for the Dragon Spring (ab9580e), though the name 'Dragon Spring' fits better with En-Rogel (Bir Ayub).","koreanDescription":"고대 예루살렘의 주요하고 가장 중요한 수원으로, 다윗 성 동쪽 경사면에 위치합니다.\n워렌의 수직갱도와 히스기야 터널을 포함한 정교한 수로 시설로 유명하며, 솔로몬이 왕으로 기름 부음을 받은 장소입니다(열왕기상 1:33-39).\n용정(Dragon Spring, ab9580e)과 동일시되기도 하지만, '용정'이라는 이름은 엔로겔(비르 아윱)에 더 잘 부합한다는 의견이 있습니다.","imageTitle":"m92dbfa.i372d0d.jpg","types":["spring"],"geojsonText":"{\"features\":[{\"geometry\":{\"coordinates\":[35.236383,31.772919],\"type\":\"Point\"},\"properties\":{\"id\":\"m92dbfa.point\",\"role\":\"point\"},\"type\":\"Feature\"}],\"metadata\":{\"class\":\"natural\",\"land_or_water\":\"water\",\"name\":\"Gihon Spring\",\"type\":\"spring\"},\"type\":\"FeatureCollection\"}","anotherNames":"Ain Sitti Miriam, Ein Umm ed Deraj, Fountain of the Virgin","anotherKoreanNames":"아인 시티 미리암, 아인 움 엣 데라즈, 동정녀의 샘"},{"id":"m66c5b8","name":"Jerusalem","isModern":"modern","stereo":"child","description":"The ancient and modern capital city, significant to Judaism, Christianity, and Islam.\nIt is the location of the biblical Dung Gate (a1611b6) and is generally connected with the Dragon Spring (ab9580e) due to the latter being located just outside its ancient walls.","koreanDescription":"유대교, 기독교, 이슬람교 모두에게 중요한 고대 및 현대의 수도입니다.\n성경 속 분문(Dung Gate, a1611b6)이 위치했던 곳이며, 용정(Dragon Spring, ab9580e)이 고대 성벽 바로 외부에 있었기 때문에 용정과도 연관되어 있습니다.","imageTitle":"m66c5b8.i6449a7.jpg","types":["settlement"],"geojsonText":"{\"bbox\":[35.225701,31.772808,35.237558,31.783742],\"features\":[{\"geometry\":{\"coordinates\":[35.234167,31.776667],\"type\":\"Point\"},\"properties\":{\"id\":\"m66c5b8.point\",\"role\":\"point\"},\"type\":\"Feature\"},{\"geometry\":{\"coordinates\":[[[35.227657,31.776599],[35.227747,31.776508],[35.227659,31.776394],[35.227825,31.776289],[35.227753,31.775875],[35.227642,31.775883],[35.227618,31.775624],[35.227772,31.775611],[35.227848,31.775599],[35.227849,31.775535],[35.227847,31.775424],[35.227806,31.774544],[35.227729,31.774545],[35.22773,31.774387],[35.22779,31.774376],[35.227778,31.774048],[35.227782,31.773881],[35.227836,31.773872],[35.227858,31.773486],[35.227791,31.773485],[35.227794,31.77336],[35.227865,31.773336],[35.22787,31.773082],[35.227819,31.773084],[35.22782,31.772896],[35.228621,31.772903],[35.229503,31.772898],[35.229592,31.772872],[35.229638,31.772857],[35.229742,31.772823],[35.229792,31.772808],[35.230644,31.772943],[35.230646,31.772918],[35.230707,31.772927],[35.230773,31.772936],[35.230772,31.772966],[35.231011,31.773026],[35.231003,31.77306],[35.231499,31.773154],[35.231483,31.773234],[35.232293,31.773404],[35.23234,31.773362],[35.232427,31.773437],[35.23238,31.773479],[35.23242,31.773833],[35.232459,31.773913],[35.232517,31.773913],[35.232535,31.774013],[35.233242,31.774283],[35.233551,31.774736],[35.233704,31.774761],[35.233848,31.774781],[35.234179,31.774828],[35.235563,31.775017],[35.235767,31.775046],[35.23572,31.77531],[35.235672,31.775582],[35.235771,31.775594],[35.235759,31.775672],[35.235843,31.775681],[35.235812,31.775846],[35.23624,31.775911],[35.23653,31.775954],[35.237558,31.7761],[35.237298,31.778181],[35.237292,31.778227],[35.237209,31.778892],[35.237235,31.778894],[35.237218,31.779043],[35.237191,31.779041],[35.23719,31.779052],[35.237154,31.779343],[35.23714,31.779461],[35.237062,31.78007],[35.237088,31.780073],[35.237085,31.780094],[35.237056,31.780297],[35.237014,31.780728],[35.236999,31.780797],[35.236976,31.780907],[35.236961,31.780973],[35.236918,31.781381],[35.236999,31.781391],[35.236982,31.781533],[35.236931,31.781529],[35.236915,31.781703],[35.236964,31.781709],[35.236928,31.78197],[35.236965,31.78197],[35.236956,31.782097],[35.236927,31.782096],[35.236907,31.782264],[35.236953,31.782268],[35.236944,31.782362],[35.236895,31.782359],[35.236809,31.783188],[35.236712,31.783628],[35.236817,31.783648],[35.236792,31.783742],[35.236687,31.783722],[35.236691,31.783697],[35.236318,31.783629],[35.236306,31.783671],[35.236225,31.783657],[35.236227,31.78362],[35.235913,31.783553],[35.235908,31.783579],[35.235839,31.783565],[35.235848,31.78354],[35.235445,31.783448],[35.235443,31.783456],[35.235137,31.783383],[35.235125,31.78342],[35.235017,31.783394],[35.23503,31.783353],[35.234933,31.783327],[35.234972,31.783237],[35.234743,31.783195],[35.234724,31.783232],[35.234557,31.78319],[35.234552,31.783152],[35.233739,31.782979],[35.233725,31.783022],[35.233611,31.782996],[35.233626,31.782947],[35.233061,31.782816],[35.233045,31.782862],[35.232924,31.782847],[35.232926,31.782763],[35.232536,31.782697],[35.232511,31.782542],[35.232177,31.782489],[35.231864,31.782508],[35.231792,31.78258],[35.231637,31.782555],[35.231589,31.782585],[35.2313,31.782492],[35.231251,31.782425],[35.23105,31.78231],[35.231087,31.78227],[35.230952,31.782181],[35.230921,31.782215],[35.230846,31.782165],[35.23091,31.78209],[35.230745,31.781977],[35.230771,31.78194],[35.230558,31.781784],[35.230533,31.781808],[35.230496,31.781843],[35.230391,31.781763],[35.230432,31.781724],[35.230393,31.781695],[35.23035,31.781662],[35.230303,31.781627],[35.230276,31.781606],[35.230233,31.781647],[35.230134,31.781572],[35.230196,31.781513],[35.229897,31.781289],[35.229808,31.781363],[35.229702,31.78128],[35.229673,31.781302],[35.2295,31.781176],[35.229568,31.781111],[35.229465,31.781022],[35.229496,31.780984],[35.228562,31.780281],[35.228517,31.780306],[35.228397,31.780217],[35.228425,31.780181],[35.228198,31.77999],[35.228165,31.780013],[35.228074,31.779955],[35.228101,31.779928],[35.22775,31.779661],[35.227458,31.779963],[35.22688,31.779603],[35.226831,31.779646],[35.226419,31.779403],[35.226215,31.77931],[35.226086,31.779249],[35.226044,31.779314],[35.225883,31.779211],[35.226176,31.778899],[35.225701,31.778412],[35.22588,31.778287],[35.225868,31.77815],[35.225926,31.778132],[35.225926,31.778046],[35.227419,31.77679],[35.227578,31.776657],[35.227544,31.776628],[35.227503,31.776595],[35.227574,31.776528],[35.227657,31.776599]]],\"type\":\"Polygon\"},\"properties\":{\"id\":\"g1c795f.local\",\"land_or_water\":\"land\",\"role\":\"local\"},\"type\":\"Feature\"},{\"geometry\":{\"coordinates\":[[[35.227657,31.776599],[35.227747,31.776508],[35.227659,31.776394],[35.227825,31.776289],[35.227753,31.775875],[35.227642,31.775883],[35.227618,31.775624],[35.227848,31.775599],[35.227806,31.774544],[35.227729,31.774545],[35.227858,31.773486],[35.227791,31.773485],[35.227794,31.77336],[35.227865,31.773336],[35.22782,31.772896],[35.229503,31.772898],[35.229792,31.772808],[35.230773,31.772936],[35.231003,31.77306],[35.231499,31.773154],[35.231483,31.773234],[35.232293,31.773404],[35.23234,31.773362],[35.232427,31.773437],[35.23238,31.773479],[35.23242,31.773833],[35.232535,31.774013],[35.233242,31.774283],[35.233551,31.774736],[35.235767,31.775046],[35.235672,31.775582],[35.235843,31.775681],[35.235812,31.775846],[35.237558,31.7761],[35.236918,31.781381],[35.236999,31.781391],[35.236915,31.781703],[35.236964,31.781709],[35.236907,31.782264],[35.236953,31.782268],[35.236712,31.783628],[35.236817,31.783648],[35.236792,31.783742],[35.235017,31.783394],[35.234933,31.783327],[35.234972,31.783237],[35.234724,31.783232],[35.233739,31.782979],[35.233725,31.783022],[35.233611,31.782996],[35.233626,31.782947],[35.233061,31.782816],[35.232924,31.782847],[35.232926,31.782763],[35.232536,31.782697],[35.232511,31.782542],[35.232177,31.782489],[35.231589,31.782585],[35.2313,31.782492],[35.23105,31.78231],[35.231087,31.78227],[35.230846,31.782165],[35.23091,31.78209],[35.230745,31.781977],[35.230771,31.78194],[35.230558,31.781784],[35.230496,31.781843],[35.230276,31.781606],[35.230233,31.781647],[35.230134,31.781572],[35.230196,31.781513],[35.229897,31.781289],[35.229808,31.781363],[35.2295,31.781176],[35.229568,31.781111],[35.229465,31.781022],[35.229496,31.780984],[35.228562,31.780281],[35.228397,31.780217],[35.228425,31.780181],[35.22775,31.779661],[35.227458,31.779963],[35.22688,31.779603],[35.226831,31.779646],[35.226086,31.779249],[35.226044,31.779314],[35.225883,31.779211],[35.226176,31.778899],[35.225701,31.778412],[35.22588,31.778287],[35.225926,31.778046],[35.227578,31.776657],[35.227503,31.776595],[35.227574,31.776528],[35.227657,31.776599]]],\"type\":\"Polygon\"},\"properties\":{\"id\":\"g1c795f.simplified_local\",\"land_or_water\":\"land\",\"role\":\"simplified_local\"},\"type\":\"Feature\"},{\"geometry\":{\"coordinates\":[[[35.23417,31.77892],[35.23389,31.7789],[35.23362,31.77887],[35.23335,31.77881],[35.23309,31.77872],[35.23284,31.77861],[35.23261,31.77849],[35.2324,31.77834],[35.2322,31.77817],[35.23203,31.77799],[35.23188,31.77779],[35.23175,31.77758],[35.23165,31.77736],[35.23158,31.77713],[35.23154,31.7769],[35.23152,31.77667],[35.23154,31.77643],[35.23158,31.7762],[35.23165,31.77597],[35.23175,31.77575],[35.23188,31.77554],[35.23203,31.77535],[35.2322,31.77516],[35.2324,31.775],[35.23261,31.77485],[35.23284,31.77472],[35.23309,31.77461],[35.23335,31.77453],[35.23362,31.77447],[35.23389,31.77443],[35.23417,31.77442],[35.23444,31.77443],[35.23472,31.77447],[35.23498,31.77453],[35.23524,31.77461],[35.23549,31.77472],[35.23572,31.77485],[35.23594,31.775],[35.23613,31.77516],[35.23631,31.77535],[35.23646,31.77554],[35.23658,31.77575],[35.23668,31.77597],[35.23675,31.7762],[35.2368,31.77643],[35.23681,31.77667],[35.2368,31.7769],[35.23675,31.77713],[35.23668,31.77736],[35.23658,31.77758],[35.23646,31.77779],[35.23631,31.77799],[35.23613,31.77817],[35.23594,31.77834],[35.23572,31.77849],[35.23549,31.77861],[35.23524,31.77872],[35.23498,31.77881],[35.23472,31.77887],[35.23444,31.7789],[35.23417,31.77892]]],\"type\":\"Polygon\"},\"properties\":{\"id\":\"gd974ad.precision_radius\",\"land_or_water\":\"land\",\"role\":\"precision_radius\"},\"type\":\"Feature\"}],\"metadata\":{\"class\":\"human\",\"geometry_credit\":\"Some data © OpenStreetMap contributors\",\"land_or_water\":\"land\",\"name\":\"Jerusalem\",\"type\":\"settlement\"},\"type\":\"FeatureCollection\"}","anotherNames":null,"anotherKoreanNames":null},{"id":"m068207","name":"Pool of Siloam","isModern":"modern","stereo":"child","description":"An ancient rock-cut pool on the southern slope of the City of David in Jerusalem, fed by water from the Gihon Spring via Hezekiah's Tunnel.\nIt is known as the location where Jesus healed a man blind from birth (John 9:1-7).\nIts location makes it another, less likely, candidate for the Dragon Spring (ab9580e) or En-Rogel.","koreanDescription":"예루살렘 다윗 성 남쪽 경사면에 있는 고대 암벽 수조로, 히스기야 터널을 통해 기혼 샘의 물이 공급되었습니다.\n예수님께서 날 때부터 맹인 된 사람을 고치신 장소로 유명합니다(요한복음 9:1-7).\n그 위치상 용정(Dragon Spring, ab9580e) 또는 엔로겔의 후보지로도 제기되나, 가능성은 낮습니다.","imageTitle":"m068207.iaef9c2.jpg","types":["pool"],"geojsonText":"{\"bbox\":[35.23236,31.76831,35.23764,31.7728],\"features\":[{\"geometry\":{\"coordinates\":[35.235,31.770556],\"type\":\"Point\"},\"properties\":{\"id\":\"m068207.point\",\"role\":\"point\"},\"type\":\"Feature\"},{\"geometry\":{\"coordinates\":[[[35.235,31.7728],[35.23472,31.77279],[35.23445,31.77276],[35.23418,31.77269],[35.23392,31.77261],[35.23368,31.7725],[35.23345,31.77237],[35.23323,31.77223],[35.23303,31.77206],[35.23286,31.77188],[35.23271,31.77168],[35.23258,31.77147],[35.23248,31.77125],[35.23241,31.77102],[35.23237,31.77079],[35.23236,31.77056],[35.23237,31.77032],[35.23241,31.77009],[35.23248,31.76986],[35.23258,31.76964],[35.23271,31.76943],[35.23286,31.76923],[35.23303,31.76905],[35.23323,31.76889],[35.23345,31.76874],[35.23368,31.76861],[35.23392,31.7685],[35.23418,31.76842],[35.23445,31.76836],[35.23472,31.76832],[35.235,31.76831],[35.23528,31.76832],[35.23555,31.76836],[35.23582,31.76842],[35.23608,31.7685],[35.23632,31.76861],[35.23655,31.76874],[35.23677,31.76889],[35.23697,31.76905],[35.23714,31.76923],[35.23729,31.76943],[35.23742,31.76964],[35.23752,31.76986],[35.23759,31.77009],[35.23763,31.77032],[35.23764,31.77056],[35.23763,31.77079],[35.23759,31.77102],[35.23752,31.77125],[35.23742,31.77147],[35.23729,31.77168],[35.23714,31.77188],[35.23697,31.77206],[35.23677,31.77223],[35.23655,31.77237],[35.23632,31.7725],[35.23608,31.77261],[35.23582,31.77269],[35.23555,31.77276],[35.23528,31.77279],[35.235,31.7728]]],\"type\":\"Polygon\"},\"properties\":{\"id\":\"ge060c6.precision_radius\",\"land_or_water\":\"land\",\"role\":\"precision_radius\"},\"type\":\"Feature\"}],\"metadata\":{\"class\":\"human\",\"land_or_water\":\"water\",\"name\":\"Pool of Siloam\",\"type\":\"pool\"},\"type\":\"FeatureCollection\"}","anotherNames":null,"anotherKoreanNames":null},{"id":"mf937bb","name":"Deir ed Domeh","isModern":"modern","stereo":"child","description":"A modern site near Hebron in the West Bank, widely identified as the most probable location for the biblical Dumah 1 (a75d2ab), a town in the hill country of Judah.\nIts name in Arabic means 'Monastery of the Dome,' likely referring to a historical structure at the site.","koreanDescription":"서안 지구 헤브론 근처의 현대 유적지로, 유다 산지의 성읍인 성경 속 두마 1(Dumah 1, a75d2ab)의 가장 유력한 위치로 널리 인정받고 있습니다.\n아랍어 이름은 ‘돔의 수도원’을 의미하며, 이곳의 역사적 건축물을 나타내는 것으로 보입니다.","imageTitle":"mf937bb.satellite.jpg","types":["settlement"],"geojsonText":"{\"bbox\":[34.98083,31.4261,34.99137,31.4351],\"features\":[{\"geometry\":{\"coordinates\":[34.9861,31.4306],\"type\":\"Point\"},\"properties\":{\"id\":\"mf937bb.point\",\"role\":\"point\"},\"type\":\"Feature\"},{\"geometry\":{\"coordinates\":[[[34.9861,31.4351],[34.98555,31.43507],[34.985,31.435],[34.98447,31.43488],[34.98396,31.43471],[34.98346,31.43449],[34.983,31.43424],[34.98257,31.43394],[34.98218,31.43361],[34.98184,31.43324],[34.98154,31.43285],[34.98129,31.43243],[34.98109,31.43199],[34.98095,31.43153],[34.98086,31.43107],[34.98083,31.4306],[34.98086,31.43013],[34.98095,31.42967],[34.98109,31.42921],[34.98129,31.42877],[34.98154,31.42835],[34.98184,31.42796],[34.98218,31.42759],[34.98257,31.42726],[34.983,31.42696],[34.98347,31.42671],[34.98396,31.42649],[34.98447,31.42632],[34.985,31.4262],[34.98555,31.42613],[34.9861,31.4261],[34.98665,31.42613],[34.9872,31.4262],[34.98773,31.42632],[34.98824,31.42649],[34.98873,31.42671],[34.9892,31.42696],[34.98963,31.42726],[34.99002,31.42759],[34.99036,31.42796],[34.99066,31.42835],[34.99091,31.42877],[34.99111,31.42921],[34.99125,31.42967],[34.99134,31.43013],[34.99137,31.4306],[34.99134,31.43107],[34.99125,31.43153],[34.99111,31.43199],[34.99091,31.43243],[34.99066,31.43285],[34.99036,31.43324],[34.99002,31.43361],[34.98963,31.43394],[34.9892,31.43424],[34.98874,31.43449],[34.98824,31.43471],[34.98773,31.43488],[34.9872,31.435],[34.98665,31.43507],[34.9861,31.4351]]],\"type\":\"Polygon\"},\"properties\":{\"id\":\"g16cf55.precision_radius\",\"land_or_water\":\"land\",\"role\":\"precision_radius\"},\"type\":\"Feature\"}],\"metadata\":{\"class\":\"human\",\"land_or_water\":\"land\",\"name\":\"Deir ed Domeh\",\"type\":\"settlement\"},\"type\":\"FeatureCollection\"}","anotherNames":"Ed Dumah, Ed Dumeh, Imreish, Khirbet Duma ad Deir, Khirbet ed Deir Domeh, Khirbet ed Dome","anotherKoreanNames":"에드 두마, 에드 두메, 임레이시, 키르벳 두마 아드 데이르"},{"id":"m6b0e6d","name":"Dura","isModern":"modern","stereo":"child","description":"A large Palestinian town near Hebron in the West Bank.\nIt is an alternative, less certain identification for the biblical Dumah 1 (a75d2ab) due to name similarity and geographical proximity.","koreanDescription":"서안 지구 헤브론 근처에 위치한 팔레스타인의 큰 마을입니다.\n이름의 유사성과 지리적 근접성 때문에 성경 속 두마 1(Dumah 1, a75d2ab)의 또 다른, 덜 확실한 후보지로 제안됩니다.","imageTitle":"m6b0e6d.i2d5b73.jpg","types":["settlement"],"geojsonText":"{\"bbox\":[35.02486,31.50281,35.03014,31.50731],\"features\":[{\"geometry\":{\"coordinates\":[35.0275,31.50506],\"type\":\"Point\"},\"properties\":{\"id\":\"m6b0e6d.point\",\"role\":\"point\"},\"type\":\"Feature\"},{\"geometry\":{\"coordinates\":[[[35.0275,31.50731],[35.02722,31.5073],[35.02695,31.50726],[35.02669,31.5072],[35.02643,31.50711],[35.02618,31.50701],[35.02595,31.50688],[35.02574,31.50673],[35.02554,31.50656],[35.02537,31.50638],[35.02522,31.50618],[35.02509,31.50597],[35.02499,31.50575],[35.02492,31.50553],[35.02488,31.50529],[35.02486,31.50506],[35.02488,31.50482],[35.02492,31.50459],[35.02499,31.50437],[35.02509,31.50415],[35.02522,31.50394],[35.02537,31.50374],[35.02554,31.50356],[35.02574,31.50339],[35.02595,31.50324],[35.02618,31.50311],[35.02643,31.50301],[35.02669,31.50292],[35.02695,31.50286],[35.02722,31.50282],[35.0275,31.50281],[35.02778,31.50282],[35.02805,31.50286],[35.02831,31.50292],[35.02857,31.50301],[35.02882,31.50311],[35.02905,31.50324],[35.02926,31.50339],[35.02946,31.50356],[35.02963,31.50374],[35.02978,31.50394],[35.02991,31.50415],[35.03001,31.50437],[35.03008,31.50459],[35.03012,31.50482],[35.03014,31.50506],[35.03012,31.50529],[35.03008,31.50553],[35.03001,31.50575],[35.02991,31.50597],[35.02978,31.50618],[35.02963,31.50638],[35.02946,31.50656],[35.02926,31.50673],[35.02905,31.50688],[35.02882,31.50701],[35.02857,31.50711],[35.02831,31.5072],[35.02805,31.50726],[35.02778,31.5073],[35.0275,31.50731]]],\"type\":\"Polygon\"},\"properties\":{\"id\":\"g4d3523.precision_radius\",\"land_or_water\":\"land\",\"role\":\"precision_radius\"},\"type\":\"Feature\"}],\"metadata\":{\"class\":\"human\",\"land_or_water\":\"land\",\"name\":\"Dura\",\"type\":\"settlement\"},\"type\":\"FeatureCollection\"}","anotherNames":null,"anotherKoreanNames":null},{"id":"m6b0cf5","name":"Buseira","isModern":"modern","stereo":"child","description":"A modern village and archaeological site in southern Jordan, widely identified as the biblical Bozrah, the capital of Edom.\nIt is suggested as an identification for the prophetic oracle against Dumah 2 (a0a6365) in Isaiah 21:11, as the oracle mentions Seir, which is associated with Edom.","koreanDescription":"요르단 남부에 위치한 현대 마을이자 고고학 유적지로, 에돔의 수도인 성경 속 보스라(Bozrah)와 동일시됩니다.\n이사야 21장 11절의 두마 2(Dumah 2, a0a6365)에 대한 예언과 관련하여 제안되는데, 예언이 에돔과 연관된 세일(Seir)을 언급하기 때문입니다.","imageTitle":"m6b0cf5.i472815.jpg","types":["settlement"],"geojsonText":"{\"bbox\":[35.601929,30.745383,35.605098,30.748428],\"features\":[{\"geometry\":{\"coordinates\":[35.603919,30.745843],\"type\":\"Point\"},\"properties\":{\"id\":\"m6b0cf5.point\",\"role\":\"point\"},\"type\":\"Feature\"},{\"geometry\":{\"coordinates\":[[[35.601929,30.747643],[35.603216,30.745383],[35.604019,30.745526],[35.604676,30.745841],[35.605098,30.745931],[35.60442,30.746757],[35.60397,30.74728],[35.603368,30.74794],[35.602877,30.748428],[35.601929,30.747643]]],\"type\":\"Polygon\"},\"properties\":{\"id\":\"ga2fa98.local\",\"land_or_water\":\"land\",\"role\":\"local\"},\"type\":\"Feature\"}],\"metadata\":{\"class\":\"human\",\"geometry_credit\":\"Some data © OpenStreetMap contributors\",\"land_or_water\":\"land\",\"name\":\"Buseira\",\"type\":\"settlement\"},\"type\":\"FeatureCollection\"}","anotherNames":null,"anotherKoreanNames":null},{"id":"ma4d11e","name":"Dumat al Jandal","isModern":"modern","stereo":"child","description":"A large ancient oasis and town in the Al-Jawf region of modern Saudi Arabia, corresponding to the ancient Adummatu.\nIt is the most likely location for the Arabian Dumah 2 (a0a6365), the subject of the oracle in Isaiah, and is associated with Dumah, son of Ishmael.","koreanDescription":"현대 사우디아라비아 알-자우프 지역에 있는 대규모 고대 오아시스이자 도시로, 고대 아둠마투(Adummatu)에 해당합니다.\n이사야의 신탁 대상인 아라비아의 두마 2(Dumah 2, a0a6365)의 가장 유력한 장소이며, 이스마엘의 아들 두마와 관련이 있습니다.","imageTitle":"ma4d11e.icb5df2.jpg","types":["settlement"],"geojsonText":"{\"features\":[{\"geometry\":{\"coordinates\":[39.868306,29.811417],\"type\":\"Point\"},\"properties\":{\"id\":\"ma4d11e.point\",\"role\":\"point\"},\"type\":\"Feature\"}],\"metadata\":{\"class\":\"human\",\"land_or_water\":\"land\",\"name\":\"Dumat al Jandal\",\"type\":\"settlement\"},\"type\":\"FeatureCollection\"}","anotherNames":"Al Jawf, Al Jouf, Dumat ej Jendel","anotherKoreanNames":"알 자우프, 두마트 엣 젠델"}],"relations":[{"parentId":"ae28fc7","childId":"mcf60ee","possibility":10},{"parentId":"ae28fc7","childId":"m328bf2","possibility":10},{"parentId":"afcb77d","childId":"m17c007","possibility":35},{"parentId":"afcb77d","childId":"mc070bb","possibility":10},{"parentId":"a0dc90b","childId":"m657590","possibility":100},{"parentId":"a70c56b","childId":"m13789b","possibility":90},{"parentId":"a070c7b","childId":"m14916e","possibility":45},{"parentId":"a75d2ab","childId":"mf937bb","possibility":70},{"parentId":"a75d2ab","childId":"m6b0e6d","possibility":10},{"parentId":"ab635e4","childId":"m8774a2","possibility":90},{"parentId":"a1611b6","childId":"m66c5b8","possibility":100},{"parentId":"a0a6365","childId":"m6b0cf5","possibility":55},{"parentId":"a0a6365","childId":"ma4d11e","possibility":10},{"parentId":"a0a6365","childId":"mf937bb","possibility":10},{"parentId":"a0a6365","childId":"m6b0e6d","possibility":10},{"parentId":"ab9580e","childId":"m628173","possibility":45},{"parentId":"ab9580e","childId":"mccae46","possibility":45},{"parentId":"ab9580e","childId":"m92dbfa","possibility":45},{"parentId":"ab9580e","childId":"m66c5b8","possibility":15},{"parentId":"ab9580e","childId":"m068207","possibility":10}],"total":27}