{
  "data": [
    {
      "id": "ac31fee",
      "name": "Zoan",
      "imageTitle": "mc013b6.if2362d.jpg",
      "isModern": false,
      "stereo": "parent",
      "description": "An important city in the eastern Nile Delta of Egypt, also known by the Greek name Tanis. It was one of the oldest cities in Egypt, built seven years after Hebron (Numbers 13:22). The 'field of Zoan' is famously identified as the place where Moses performed many of the great wonders and plagues before Pharaoh to secure the release of the Israelites from bondage (Psalm 78:12, 43). It served as the capital for the Hyksos and later for the 21st and 22nd dynasties of Egypt, symbolizing the might and pride of Egypt which God judged (Isaiah 19:11, 13; Ezekiel 30:14).",
      "koreanDescription": "이집트 나일강 삼각주 동부에 위치한 중요한 고대 도시로, 그리스 이름인 타니스(Tanis)로도 알려져 있습니다. 헤브론이 세워진 지 7년 후에 건축된(민수기 13:22) 고대 도시 중 하나입니다. '소안 들판'은 모세가 이스라엘 백성의 해방을 위해 바로 앞에서 수많은 이적과 재앙을 행했던 장소로 유명하게 언급됩니다(시편 78:12, 43). 힉소스 왕조와 이후 21, 22왕조의 수도였으며, 하나님께서 심판하신 이집트의 강력함과 오만을 상징합니다(이사야 19:11, 13; 에스겔 30:14).",
      "verses": [
        "Num.13.22",
        "Ps.78.12",
        "Ps.78.43",
        "Isa.19.11",
        "Isa.19.13",
        "Isa.30.4",
        "Ezek.30.14"
      ],
      "placeUrl": "/geo/ancient/ac31fee/zoan",
      "identificationPaths": [
        "/geo/modern/mc013b6/tanis"
      ],
      "types": [
        "settlement"
      ],
      "unknownPlacePossibility": null,
      "geojsonText": "{\"bbox\":[31.875361,30.960924,31.891574,30.98408],\"features\":[{\"geometry\":{\"coordinates\":[[[31.890838,30.971776],[31.891187,30.972366],[31.891259,30.972879],[31.891223,30.973555],[31.891141,30.973757],[31.891205,30.975054],[31.891486,30.977404],[31.891326,30.977893],[31.891045,30.978475],[31.890446,30.979819],[31.890283,30.980146],[31.890108,30.980462],[31.889583,30.981299],[31.889094,30.982072],[31.889066,30.982179],[31.889069,30.982389],[31.8891,30.982809],[31.889248,30.983173],[31.888567,30.983439],[31.888018,30.983481],[31.887993,30.98342],[31.887882,30.983417],[31.88779,30.983226],[31.887754,30.983137],[31.887221,30.983151],[31.887131,30.983092],[31.886929,30.983062],[31.886431,30.982998],[31.886366,30.982949],[31.886135,30.983055],[31.886023,30.982778],[31.885647,30.982771],[31.885967,30.983667],[31.882405,30.983645],[31.880859,30.98408],[31.880282,30.983241],[31.878826,30.981038],[31.878522,30.980756],[31.877523,30.980177],[31.876389,30.979224],[31.876006,30.978803],[31.876416,30.978341],[31.876402,30.977754],[31.876416,30.97704],[31.875698,30.975294],[31.875429,30.974991],[31.875361,30.974678],[31.875376,30.974552],[31.875587,30.974069],[31.876244,30.973756],[31.876291,30.973786],[31.876441,30.973674],[31.876398,30.973632],[31.877114,30.973028],[31.877374,30.972843],[31.8786,30.972366],[31.879592,30.972043],[31.879832,30.971904],[31.880251,30.971558],[31.880731,30.97102],[31.881161,30.970253],[31.882065,30.968859],[31.882601,30.968045],[31.882989,30.967435],[31.883987,30.965666],[31.884196,30.965334],[31.884372,30.965111],[31.884529,30.964938],[31.884776,30.964728],[31.885133,30.964439],[31.886526,30.963396],[31.889642,30.960924],[31.890517,30.9616],[31.891001,30.962089],[31.891574,30.962649],[31.890983,30.963115],[31.889727,30.964439],[31.888049,30.965463],[31.887714,30.96728],[31.887747,30.96732],[31.889003,30.968064],[31.889169,30.968206],[31.889243,30.968331],[31.889374,30.970125],[31.890838,30.971776]]],\"type\":\"Polygon\"},\"properties\":{\"id\":\"g16fceb.geometry\",\"land_or_water\":\"land\"},\"type\":\"Feature\"},{\"geometry\":{\"coordinates\":[31.88,30.976944],\"type\":\"Point\"},\"properties\":{\"id\":\"mc013b6.point\"},\"type\":\"Feature\"}],\"metadata\":{\"geometry_credit\":\"Some data © OpenStreetMap contributors\",\"name\":\"Zoan\"},\"type\":\"FeatureCollection\"}",
      "koreanName": "소안"
    },
    {
      "id": "aacfcda",
      "name": "Zoar",
      "imageTitle": "m28cd4b.i7f6d6c.jpg",
      "isModern": false,
      "stereo": "parent",
      "description": "A small town, originally called Bela, located near the southern end of the Dead Sea. Zoar gained biblical significance as the one city of the 'Cities of the Plain' (Sodom, Gomorrah, Admah, Zeboim, and Zoar) that was spared from God's fiery judgment. Lot fled here with his two daughters at his request, as he considered it a 'little one' and feared he couldn't reach the mountains in time (Genesis 19:20-23). The name Zoar itself means 'small' or 'insignificant.' After a brief stay, Lot and his daughters moved to a cave outside the city, where the tragic event of their incestuous relationships took place, leading to the birth of Moab and Ammon (Genesis 19:30-38). Later, it is mentioned as a city belonging to Moab (Isaiah 15:5; Jeremiah 48:34).",
      "koreanDescription": "원래 벨라라고 불렸던 작은 마을로, 사해 남쪽 끝 부근에 위치해 있었습니다. 소돔과 고모라를 포함한 '평지 도시들' 중에서 유일하게 하나님의 불 심판을 면한 도시로 성경에서 중요하게 다뤄집니다. 롯이 산으로 도망치기에는 시간이 부족하다고 두려워하여 '작은 성읍'인 이곳으로 피하게 해달라고 간청하여 구원을 받았습니다(창세기 19:20-23). 소알이라는 이름 자체가 '작은 것' 또는 '하찮은 것'을 의미합니다. 잠시 머문 후 롯과 그의 두 딸은 소알 밖의 동굴로 옮겨갔으며, 그곳에서 근친상간을 통해 모압과 암몬 족속의 조상이 태어나는 비극적인 사건이 발생했습니다(창세기 19:30-38). 후에는 모압에 속한 성읍으로 언급됩니다(이사야 15:5; 예레미야 48:34).",
      "verses": [
        "Gen.13.10",
        "Gen.14.2",
        "Gen.14.8",
        "Gen.19.22",
        "Gen.19.23",
        "Gen.19.30",
        "Deut.34.3",
        "Isa.15.5",
        "Jer.48.34"
      ],
      "placeUrl": "/geo/ancient/aacfcda/zoar",
      "identificationPaths": [
        "/geo/modern/m28cd4b/al-safi",
        "/geo/ancient/a4a5cce/valley-of-siddim",
        "/geo/modern/m56a09d/north-of-the-dead-sea",
        "/geo/modern/mb397de/tell-al-sheikh-isa",
        "/geo/modern/m63b310/mouth-of-wadi-mujib",
        "/geo/modern/mb58c5d/tawahin-el-sukkar",
        "/geo/modern/ma45395/esh-shaghur",
        "/geo/modern/m56a432/tall-iktanu",
        "/geo/modern/m713b74/bab-edh-dhra"
      ],
      "types": [
        "settlement"
      ],
      "unknownPlacePossibility": null,
      "geojsonText": "{\"bbox\":[35.305248,30.90329,35.701387,32.0442],\"features\":[{\"geometry\":{\"coordinates\":[[[35.408824,31.314783],[35.305248,30.924507],[35.479241,30.90329],[35.546828,31.303317],[35.408824,31.314783]]],\"type\":\"Polygon\"},\"properties\":{\"id\":\"g9db00b.geometry\",\"land_or_water\":\"land\"},\"type\":\"Feature\"},{\"geometry\":{\"coordinates\":[[[35.641497,31.738839],[35.701387,31.844513],[35.595213,31.965858],[35.605654,32.028979],[35.473661,32.0442],[35.447941,31.960009],[35.398864,31.951947],[35.377756,31.918242],[35.421166,31.893264],[35.430094,31.847714],[35.454051,31.779867],[35.494221,31.751456],[35.641497,31.738839]]],\"type\":\"Polygon\"},\"properties\":{\"id\":\"gfca720.geometry\",\"land_or_water\":\"land\"},\"type\":\"Feature\"},{\"geometry\":{\"coordinates\":[35.487657,31.036904],\"type\":\"Point\"},\"properties\":{\"id\":\"m28cd4b.point\"},\"type\":\"Feature\"},{\"geometry\":{\"coordinates\":[35.449223,31.20849],\"type\":\"Point\"},\"properties\":{\"id\":\"m3edbe2.point\"},\"type\":\"Feature\"},{\"geometry\":{\"coordinates\":[35.595278,31.795],\"type\":\"Point\"},\"properties\":{\"id\":\"m56a09d.point\"},\"type\":\"Feature\"},{\"geometry\":{\"coordinates\":[35.671878,31.819256],\"type\":\"Point\"},\"properties\":{\"id\":\"m56a432.point\"},\"type\":\"Feature\"},{\"geometry\":{\"coordinates\":[35.573333,31.465833],\"type\":\"Point\"},\"properties\":{\"id\":\"m63b310.point\"},\"type\":\"Feature\"},{\"geometry\":{\"coordinates\":[35.523005,31.248729],\"type\":\"Point\"},\"properties\":{\"id\":\"m713b74.point\"},\"type\":\"Feature\"},{\"geometry\":{\"coordinates\":[35.649971,31.829531],\"type\":\"Point\"},\"properties\":{\"id\":\"ma45395.point\"},\"type\":\"Feature\"},{\"geometry\":{\"coordinates\":[35.47216,31.022968],\"type\":\"Point\"},\"properties\":{\"id\":\"mb397de.point\"},\"type\":\"Feature\"},{\"geometry\":{\"coordinates\":[35.475163,31.021611],\"type\":\"Point\"},\"properties\":{\"id\":\"mb58c5d.point\"},\"type\":\"Feature\"}],\"metadata\":{\"name\":\"Zoar\"},\"type\":\"FeatureCollection\"}",
      "koreanName": "소알"
    },
    {
      "id": "a4aa78a",
      "name": "Zobah",
      "imageTitle": "a4aa78a.i97e242.jpg",
      "isModern": false,
      "stereo": "parent",
      "description": "An ancient Aramean kingdom in Syria, often referred to as Aram-Zobah. It was a powerful state located to the northeast of David's kingdom, extending towards the Euphrates River. Zobah was a major adversary of Israel during the early monarchy. King Saul fought against the kings of Zobah (1 Samuel 14:47), but it is most famous for its conflicts with King David. David defeated Hadadezer, the king of Zobah, in a major battle, seizing many chariots, horses, and soldiers (2 Samuel 8:3-8), thereby significantly expanding Israel's influence and securing its northern border.",
      "koreanDescription": "시리아 지역의 고대 아람 왕국으로, 종종 아람-소바(Aram-Zobah)라고 불립니다. 다윗 왕국 북동쪽에 위치했으며 유프라테스강 쪽으로 뻗어 나가는 강력한 국가였습니다. 초기 이스라엘 왕정 시대의 주요 적대국이었습니다. 사울 왕이 소바 왕들과 싸웠으며(사무엘상 14:47), 다윗 왕과의 갈등으로 가장 유명합니다. 다윗은 소바의 왕 하닷에셀을 대파하고 많은 병거와 군사를 노획했으며(사무엘하 8:3-8), 이로 인해 이스라엘의 영향력을 크게 확장하고 북쪽 국경을 확보했습니다.",
      "verses": [
        "1Sam.14.47",
        "2Sam.8.3",
        "2Sam.8.5",
        "2Sam.8.12",
        "2Sam.10.6",
        "2Sam.10.8",
        "2Sam.23.36",
        "1Kgs.11.23",
        "1Kgs.11.24",
        "1Chr.11.47",
        "1Chr.18.5",
        "1Chr.18.9",
        "1Chr.19.6",
        "Ps.60.1"
      ],
      "placeUrl": "/geo/ancient/a4aa78a/zobah",
      "identificationPaths": [],
      "types": [
        "region"
      ],
      "unknownPlacePossibility": null,
      "geojsonText": "{\"bbox\":[35.80209,33.54675,36.73383,34.57991],\"features\":[{\"geometry\":{\"coordinates\":[[[[36.64066,34.57991],[36.61737,34.57991],[36.52419,34.54092],[36.26796,34.40447],[36.05832,34.13156],[35.82538,33.78068],[35.80209,33.74169],[35.80209,33.66371],[35.82538,33.58574],[35.91855,33.54675],[35.94185,33.54675],[35.96514,33.54675],[35.98844,33.54675],[36.01173,33.54675],[36.03502,33.54675],[36.15149,33.68321],[36.66395,34.32649],[36.73383,34.52143],[36.64066,34.57991]]],[[[35.84867,33.72219],[35.87197,33.7027],[36.1049,33.68321],[36.1282,33.7027],[36.29125,33.93662],[36.66395,34.44345],[36.68725,34.54092],[36.66395,34.56042],[36.64066,34.56042],[36.54748,34.54092],[36.4776,34.50194],[36.38443,34.40447],[36.08161,34.09257],[35.91855,33.91713],[35.84867,33.80017],[35.82538,33.76118],[35.84867,33.72219]]],[[[36.64066,34.54092],[36.61737,34.54092],[36.59407,34.54092],[36.52419,34.52143],[36.5009,34.50194],[36.4776,34.48244],[36.45431,34.46295],[36.31455,34.32649],[36.1049,34.11206],[35.96514,33.95612],[35.91855,33.89764],[35.87197,33.81966],[35.84867,33.74169],[35.87197,33.72219],[35.89526,33.72219],[35.94185,33.76118],[35.96514,33.78068],[35.98844,33.80017],[36.01173,33.81966],[36.03502,33.83916],[36.05832,33.85865],[36.1049,33.89764],[36.1282,33.91713],[36.15149,33.93662],[36.17478,33.95612],[36.33784,34.13156],[36.40772,34.20953],[36.66395,34.50194],[36.66395,34.52143],[36.66395,34.54092],[36.64066,34.54092]]],[[[35.89526,33.80017],[35.91855,33.78068],[35.94185,33.78068],[36.03502,33.83916],[36.05832,33.85865],[36.1282,33.91713],[36.15149,33.93662],[36.17478,33.95612],[36.31455,34.11206],[36.43102,34.24852],[36.54748,34.38497],[36.57078,34.42396],[36.57078,34.44345],[36.5009,34.48244],[36.4776,34.46295],[36.45431,34.44345],[36.43102,34.42396],[36.40772,34.40447],[36.31455,34.307],[36.08161,34.07308],[35.98844,33.97561],[35.91855,33.89764],[35.87197,33.81966],[35.89526,33.80017]]],[[[35.91855,33.87814],[35.89526,33.80017],[35.91855,33.78068],[35.94185,33.78068],[36.15149,33.93662],[36.17478,33.95612],[36.29125,34.09257],[36.40772,34.22903],[36.52419,34.36548],[36.52419,34.38497],[36.52419,34.40447],[36.5009,34.42396],[36.4776,34.44345],[36.45431,34.44345],[36.43102,34.42396],[36.40772,34.40447],[36.31455,34.307],[36.22137,34.20953],[36.1282,34.11206],[35.98844,33.95612],[35.91855,33.87814]]],[[[35.94185,33.89764],[35.94185,33.87814],[35.96514,33.85865],[36.01173,33.83916],[36.03502,33.85865],[36.05832,33.87814],[36.08161,33.89764],[36.1049,33.91713],[36.1282,33.93662],[36.15149,33.95612],[36.31455,34.13156],[36.40772,34.24852],[36.40772,34.26801],[36.24467,34.22903],[36.1282,34.11206],[35.98844,33.95612],[35.94185,33.89764]]],[[[35.94185,33.89764],[35.94185,33.87814],[35.96514,33.85865],[36.01173,33.83916],[36.05832,33.87814],[36.08161,33.89764],[36.1282,33.93662],[36.15149,33.95612],[36.31455,34.13156],[36.33784,34.17055],[36.31455,34.19004],[36.29125,34.19004],[36.26796,34.19004],[36.24467,34.19004],[36.17478,34.13156],[36.15149,34.11206],[36.1282,34.09257],[36.1049,34.07308],[36.08161,34.05358],[36.01173,33.97561],[35.94185,33.89764]]],[[[36.01173,33.97561],[35.96514,33.91713],[35.96514,33.87814],[35.98844,33.85865],[36.01173,33.85865],[36.03502,33.87814],[36.05832,33.89764],[36.08161,33.91713],[36.1049,33.93662],[36.1282,33.95612],[36.15149,33.97561],[36.29125,34.13156],[36.26796,34.13156],[36.24467,34.13156],[36.1282,34.09257],[36.1049,34.07308],[36.01173,33.97561]]],[[[35.98844,33.89764],[35.98844,33.87814],[36.01173,33.87814],[36.03502,33.87814],[36.05832,33.89764],[36.08161,33.91713],[36.1049,33.93662],[36.1282,33.95612],[36.1049,33.95612],[36.08161,33.95612],[36.05832,33.95612],[36.03502,33.93662],[36.01173,33.91713],[35.98844,33.89764]]]],\"type\":\"MultiPolygon\"},\"properties\":{\"format\":\"isobands\",\"id\":\"gffb7d8.isobands\",\"land_or_water\":\"land\",\"max_confidence\":90,\"min_confidence\":10,\"role\":\"isobands\"},\"type\":\"Feature\"},{\"geometry\":{\"coordinates\":[36.150833,33.935278],\"type\":\"Point\"},\"properties\":{\"id\":\"md56681.point\"},\"type\":\"Feature\"}],\"metadata\":{\"name\":\"Zobah\"},\"type\":\"FeatureCollection\"}",
      "koreanName": "소바"
    },
    {
      "id": "ae7f7b5",
      "name": "Zophim",
      "imageTitle": "m6924bf.satellite.jpg",
      "isModern": false,
      "stereo": "parent",
      "description": "The 'Field of Zophim' is a specific location mentioned in the Book of Numbers. It was a high vantage point, on the top of Mount Pisgah (likely near Mount Nebo, where Moses viewed the Promised Land), to which Balak, the king of Moab, took the prophet Balaam. From this place, Balak hoped Balaam would be able to see and curse the whole Israelite encampment. However, God intervened, and Balaam could only pronounce blessings upon Israel instead of the intended curse (Numbers 23:13-26). The name Zophim itself means 'watchers' or 'lookouts,' indicating its elevated position as a lookout place.",
      "koreanDescription": "민수기에 나오는 특정 장소인 '소빔 들판'입니다. 모압 왕 발락이 예언자 발람을 데리고 간 비스가 산꼭대기(모세가 약속의 땅을 바라본 느보 산 근처로 추정)에 있는 높은 전망대였습니다. 발락은 이곳에서 발람이 이스라엘 진영 전체를 내려다보고 저주하기를 바랐습니다. 그러나 하나님께서 개입하셔서, 발람은 의도했던 저주 대신 이스라엘에게 축복을 선언할 수밖에 없었습니다(민수기 23:13-26). 소빔이라는 이름 자체는 '파수꾼' 또는 '관찰자들'을 의미하며, 이곳이 전망대 역할을 하는 높은 위치였음을 나타냅니다.",
      "verses": [
        "Num.23.14"
      ],
      "placeUrl": "/geo/ancient/ae7f7b5/zophim",
      "identificationPaths": [
        "/geo/modern/m6924bf/tila-as-safa",
        "/geo/ancient/afd9259/pisgah"
      ],
      "types": [
        "natural area"
      ],
      "unknownPlacePossibility": null,
      "geojsonText": "{\"bbox\":[35.56354,31.42373,35.86982,32.071536],\"features\":[{\"geometry\":{\"coordinates\":[[[[35.56354,31.56646],[35.56354,31.55548],[35.56354,31.5445],[35.5763,31.48961],[35.58906,31.47863],[35.60182,31.46765],[35.61458,31.45667],[35.67839,31.42373],[35.69115,31.42373],[35.85706,31.74211],[35.86982,31.77505],[35.86982,31.78603],[35.86982,31.79701],[35.85706,31.80798],[35.75496,31.81896],[35.7422,31.81896],[35.72944,31.81896],[35.71668,31.81896],[35.70392,31.81896],[35.69115,31.81896],[35.67839,31.81896],[35.61458,31.77505],[35.60182,31.76407],[35.58906,31.72016],[35.5763,31.65428],[35.56354,31.57743],[35.56354,31.56646]]],[[[35.65287,31.79701],[35.64011,31.78603],[35.62734,31.77505],[35.61458,31.76407],[35.60182,31.75309],[35.58906,31.72016],[35.5763,31.63233],[35.5763,31.62135],[35.62734,31.51156],[35.65287,31.50058],[35.66563,31.51156],[35.76772,31.61037],[35.85706,31.75309],[35.86982,31.78603],[35.86982,31.79701],[35.8443,31.80798],[35.75496,31.81896],[35.7422,31.81896],[35.72944,31.81896],[35.71668,31.81896],[35.70392,31.81896],[35.69115,31.81896],[35.67839,31.81896],[35.66563,31.80798],[35.65287,31.79701]]],[[[35.62734,31.73113],[35.61458,31.72016],[35.60182,31.6982],[35.58906,31.67624],[35.58906,31.66526],[35.58906,31.65428],[35.61458,31.61037],[35.62734,31.61037],[35.64011,31.61037],[35.65287,31.61037],[35.67839,31.61037],[35.69115,31.61037],[35.70392,31.61037],[35.71668,31.61037],[35.78049,31.78603],[35.76772,31.79701],[35.75496,31.79701],[35.62734,31.73113]]],[[[35.69115,31.73113],[35.66563,31.6982],[35.65287,31.67624],[35.64011,31.65428],[35.64011,31.64331],[35.64011,31.63233],[35.65287,31.63233],[35.66563,31.63233],[35.67839,31.64331],[35.71668,31.6982],[35.72944,31.72016],[35.72944,31.73113],[35.72944,31.74211],[35.71668,31.74211],[35.70392,31.74211],[35.69115,31.73113]]],[[[35.70392,31.73113],[35.69115,31.73113],[35.67839,31.65428],[35.67839,31.64331],[35.69115,31.66526],[35.70392,31.68722],[35.72944,31.73113],[35.71668,31.73113],[35.70392,31.73113]]]],\"type\":\"MultiPolygon\"},\"properties\":{\"format\":\"isobands\",\"id\":\"g3d49f6.isobands\",\"land_or_water\":\"land\",\"max_confidence\":50,\"min_confidence\":10,\"role\":\"isobands\"},\"type\":\"Feature\"},{\"geometry\":{\"coordinates\":[[[35.725257,31.767932],[35.725154,31.767797],[35.725738,31.767476],[35.72584,31.767611],[35.725257,31.767932]]],\"type\":\"Polygon\"},\"properties\":{\"id\":\"g65cdce.geometry\",\"land_or_water\":\"land\"},\"type\":\"Feature\"},{\"geometry\":{\"coordinates\":[35.725556,31.767778],\"type\":\"Point\"},\"properties\":{\"id\":\"m07d05e.point\"},\"type\":\"Feature\"},{\"geometry\":{\"coordinates\":[35.7152,31.7539],\"type\":\"Point\"},\"properties\":{\"id\":\"m207993.point\"},\"type\":\"Feature\"},{\"geometry\":{\"coordinates\":[35.75,31.766667],\"type\":\"Point\"},\"properties\":{\"id\":\"m25a76c.point\"},\"type\":\"Feature\"},{\"geometry\":{\"coordinates\":[35.73394,31.77107],\"type\":\"Point\"},\"properties\":{\"id\":\"m6924bf.point\"},\"type\":\"Feature\"},{\"geometry\":{\"coordinates\":[35.708552,32.071536],\"type\":\"Point\"},\"properties\":{\"id\":\"m7aba95.point\"},\"type\":\"Feature\"}],\"metadata\":{\"geometry_credit\":\"Some data © OpenStreetMap contributors\",\"name\":\"Zophim\"},\"type\":\"FeatureCollection\"}",
      "koreanName": "소빔"
    },
    {
      "id": "a08174b",
      "name": "Zorah",
      "imageTitle": "m3c1506.id63ef4.jpg",
      "isModern": false,
      "stereo": "parent",
      "description": "A city in the Shephelah (lowlands) of Judah, originally allocated to the tribe of Dan (Joshua 15:33; 19:41). Zorah is most famous as the birthplace and home of the judge Samson (Judges 13:2, 25). His parents, Manoah and his wife, lived here, and Samson was a Nazirite dedicated to God from birth, whose destiny was to begin the deliverance of Israel from the Philistines. Samson was buried near here (Judges 16:31). Later, it was fortified by King Rehoboam (2 Chronicles 11:10) and re-inhabited after the Babylonian Exile (Nehemiah 11:29).",
      "koreanDescription": "유다의 평지(세펠라)에 있는 성읍으로, 원래 단 지파에게 할당된 땅이었습니다(여호수아 15:33; 19:41). 소라는 사사 삼손의 출생지이자 고향으로 가장 유명합니다(사사기 13:2, 25). 그의 부모인 마노아와 그의 아내는 이곳에 살았으며, 삼손은 태어날 때부터 하나님께 바쳐진 나실인으로, 블레셋으로부터 이스라엘을 구원하기 시작하는 운명을 지니고 있었습니다. 삼손은 이곳 근처에 묻혔습니다(사사기 16:31). 후에는 르호보암 왕에 의해 요새화되었고(역대하 11:10), 바벨론 포로기 이후 재건되어 사람들이 살았습니다(느헤미야 11:29).",
      "verses": [
        "Josh.15.33",
        "Josh.19.41",
        "Judg.13.2",
        "Judg.13.25",
        "Judg.16.31",
        "Judg.18.2",
        "Judg.18.8",
        "Judg.18.11",
        "1Chr.2.53",
        "2Chr.11.10",
        "Neh.11.29"
      ],
      "placeUrl": "/geo/ancient/a08174b/zorah",
      "identificationPaths": [
        "/geo/modern/m3c1506/tel-tzora"
      ],
      "types": [
        "settlement"
      ],
      "unknownPlacePossibility": null,
      "geojsonText": "{\"features\":[{\"geometry\":{\"coordinates\":[34.985289,31.773992],\"type\":\"Point\"},\"properties\":{\"id\":\"m3c1506.point\"},\"type\":\"Feature\"}],\"metadata\":{\"name\":\"Zorah\"},\"type\":\"FeatureCollection\"}",
      "koreanName": "소라"
    },
    {
      "id": "a4d0250",
      "name": "Zuph",
      "imageTitle": "m67501d.i016212.jpg",
      "isModern": false,
      "stereo": "parent",
      "description": "The 'Land of Zuph' is a region mentioned once in the Bible as the area where Saul and his servant were searching for lost donkeys, ultimately leading them to the prophet Samuel in a nearby city (1 Samuel 9:5). This region, probably named after an ancestor of Samuel's family, Zuph (1 Chronicles 6:26), contained the city of Ramathaim-Zophim, which was Samuel's home. It was located in the hill country of Ephraim, suggesting an area of high ground and possibly a significant border or lookout region, linking it contextually to Ramathaim-Zophim ('Ramathaim of the watchers').",
      "koreanDescription": "성경에 한 번 언급되는 지역으로, 사울과 그의 종이 잃어버린 암나귀들을 찾다가 선지자 사무엘을 만나게 된 곳입니다(사무엘상 9:5). 이 지역은 사무엘 가문의 조상인 숩(대상 6:26)의 이름을 따서 명명되었을 가능성이 있으며, 사무엘의 고향인 라마대임-소빔 성읍을 포함하고 있었습니다. 에브라임 산지에 위치하여 높은 지대였음을 시사하며, '파수꾼들의 라마대임'이라는 의미의 라마대임-소빔과 관련하여 중요한 경계 또는 전망대 지역이었을 수 있습니다.",
      "verses": [
        "1Sam.9.5"
      ],
      "placeUrl": "/geo/ancient/a4d0250/zuph",
      "identificationPaths": [
        "/geo/ancient/a54ef72/ramathaim-zophim"
      ],
      "types": [
        "region"
      ],
      "unknownPlacePossibility": null,
      "geojsonText": "{\"bbox\":[34.91337,31.64997,35.33749,32.12279],\"features\":[{\"geometry\":{\"coordinates\":[[[35.2169,31.82983],[35.20583,31.82934],[35.19489,31.82787],[35.18419,31.82543],[35.17385,31.82205],[35.16398,31.81777],[35.15469,31.81264],[35.14609,31.80671],[35.13826,31.80005],[35.1313,31.79273],[35.12527,31.78483],[35.12025,31.77644],[35.11629,31.76765],[35.11344,31.75856],[35.11172,31.74926],[35.11115,31.73986],[35.11174,31.73046],[35.11348,31.72116],[35.11635,31.71207],[35.12033,31.70329],[35.12536,31.6949],[35.13139,31.68701],[35.13836,31.6797],[35.14619,31.67305],[35.15479,31.66713],[35.16407,31.66201],[35.17392,31.65774],[35.18425,31.65437],[35.19493,31.65193],[35.20585,31.65046],[35.2169,31.64997],[35.22794,31.65046],[35.23886,31.65193],[35.24954,31.65437],[35.25987,31.65774],[35.26973,31.66201],[35.279,31.66713],[35.2876,31.67305],[35.29543,31.6797],[35.3024,31.68701],[35.30843,31.6949],[35.31346,31.70329],[35.31744,31.71207],[35.32031,31.72116],[35.32205,31.73046],[35.32264,31.73986],[35.32207,31.74926],[35.32035,31.75856],[35.3175,31.76765],[35.31354,31.77644],[35.30852,31.78483],[35.3025,31.79273],[35.29553,31.80005],[35.28771,31.80671],[35.2791,31.81264],[35.26981,31.81777],[35.25995,31.82205],[35.2496,31.82543],[35.2389,31.82787],[35.22796,31.82934],[35.2169,31.82983]]],\"type\":\"Polygon\"},\"properties\":{\"id\":\"g368292.geometry\",\"land_or_water\":\"land\"},\"type\":\"Feature\"},{\"geometry\":{\"coordinates\":[[[35.20167,31.98688],[35.19058,31.98638],[35.17962,31.98491],[35.1689,31.98247],[35.15854,31.97909],[35.14866,31.97482],[35.13936,31.96969],[35.13074,31.96376],[35.1229,31.9571],[35.11592,31.94978],[35.10989,31.94188],[35.10486,31.93349],[35.10089,31.92469],[35.09803,31.9156],[35.09631,31.9063],[35.09574,31.8969],[35.09633,31.8875],[35.09808,31.8782],[35.10095,31.86911],[35.10494,31.86033],[35.10998,31.85195],[35.11602,31.84405],[35.123,31.83674],[35.13084,31.83009],[35.13945,31.82417],[35.14875,31.81905],[35.15862,31.81478],[35.16896,31.81141],[35.17966,31.80898],[35.19061,31.8075],[35.20167,31.80701],[35.21273,31.8075],[35.22367,31.80898],[35.23437,31.81141],[35.24471,31.81478],[35.25459,31.81905],[35.26388,31.82417],[35.27249,31.83009],[35.28033,31.83674],[35.28731,31.84405],[35.29336,31.85195],[35.2984,31.86033],[35.30238,31.86911],[35.30526,31.8782],[35.307,31.8875],[35.30759,31.8969],[35.30702,31.9063],[35.3053,31.9156],[35.30244,31.92469],[35.29847,31.93349],[35.29345,31.94188],[35.28741,31.94978],[35.28044,31.9571],[35.2726,31.96376],[35.26398,31.96969],[35.25468,31.97482],[35.24479,31.97909],[35.23443,31.98247],[35.22371,31.98491],[35.21275,31.98638],[35.20167,31.98688]]],\"type\":\"Polygon\"},\"properties\":{\"id\":\"g3f0d1c.geometry\",\"land_or_water\":\"land\"},\"type\":\"Feature\"},{\"geometry\":{\"coordinates\":[[[35.18015,31.92267],[35.16907,31.92217],[35.15812,31.9207],[35.14741,31.91826],[35.13706,31.91488],[35.12718,31.91061],[35.11788,31.90547],[35.10927,31.89955],[35.10143,31.89289],[35.09446,31.88557],[35.08843,31.87767],[35.08341,31.86928],[35.07945,31.86048],[35.07659,31.85139],[35.07487,31.84209],[35.0743,31.83269],[35.07489,31.82329],[35.07663,31.81399],[35.07951,31.8049],[35.08349,31.79612],[35.08852,31.78773],[35.09456,31.77984],[35.10154,31.77253],[35.10937,31.76588],[35.11798,31.75996],[35.12727,31.75484],[35.13713,31.75057],[35.14747,31.7472],[35.15816,31.74476],[35.1691,31.74329],[35.18015,31.7428],[35.1912,31.74329],[35.20214,31.74476],[35.21283,31.7472],[35.22317,31.75057],[35.23303,31.75484],[35.24232,31.75996],[35.25093,31.76588],[35.25876,31.77253],[35.26574,31.77984],[35.27178,31.78773],[35.27681,31.79612],[35.28079,31.8049],[35.28367,31.81399],[35.28541,31.82329],[35.286,31.83269],[35.28543,31.84209],[35.28371,31.85139],[35.28085,31.86048],[35.27689,31.86928],[35.27187,31.87767],[35.26584,31.88557],[35.25887,31.89289],[35.25103,31.89955],[35.24242,31.90547],[35.23312,31.91061],[35.22324,31.91488],[35.21289,31.91826],[35.20218,31.9207],[35.19123,31.92217],[35.18015,31.92267]]],\"type\":\"Polygon\"},\"properties\":{\"id\":\"g64d134.geometry\",\"land_or_water\":\"land\"},\"type\":\"Feature\"},{\"geometry\":{\"coordinates\":[[[35.1025,32.12279],[35.0914,32.1223],[35.08042,32.12082],[35.06969,32.11839],[35.05931,32.11501],[35.04941,32.11073],[35.0401,32.1056],[35.03146,32.09967],[35.02361,32.09301],[35.01663,32.08569],[35.01058,32.07779],[35.00555,32.0694],[35.00158,32.06061],[34.99871,32.05152],[34.99699,32.04222],[34.99642,32.03282],[34.99701,32.02342],[34.99876,32.01412],[35.00164,32.00503],[35.00563,31.99624],[35.01067,31.98786],[35.01673,31.97997],[35.02372,31.97266],[35.03157,31.96601],[35.04019,31.96009],[35.0495,31.95497],[35.05939,31.9507],[35.06975,31.94733],[35.08047,31.94489],[35.09142,31.94342],[35.1025,31.94293],[35.11358,31.94342],[35.12453,31.94489],[35.13525,31.94733],[35.14561,31.9507],[35.1555,31.95497],[35.16481,31.96009],[35.17343,31.96601],[35.18128,31.97266],[35.18827,31.97997],[35.19433,31.98786],[35.19937,31.99624],[35.20336,32.00503],[35.20624,32.01412],[35.20799,32.02342],[35.20858,32.03282],[35.20801,32.04222],[35.20629,32.05152],[35.20342,32.06061],[35.19945,32.0694],[35.19442,32.07779],[35.18837,32.08569],[35.18139,32.09301],[35.17354,32.09967],[35.1649,32.1056],[35.15559,32.11073],[35.14569,32.11501],[35.13531,32.11839],[35.12458,32.12082],[35.1136,32.1223],[35.1025,32.12279]]],\"type\":\"Polygon\"},\"properties\":{\"id\":\"g6acff1.geometry\",\"land_or_water\":\"land\"},\"type\":\"Feature\"},{\"geometry\":{\"coordinates\":[[[35.21496,31.99507],[35.20387,31.99458],[35.19291,31.99311],[35.18219,31.99067],[35.17183,31.98729],[35.16194,31.98301],[35.15264,31.97788],[35.14402,31.97195],[35.13618,31.96529],[35.1292,31.95797],[35.12317,31.95008],[35.11814,31.94168],[35.11418,31.93289],[35.11132,31.9238],[35.10959,31.9145],[35.10902,31.9051],[35.10961,31.8957],[35.11136,31.8864],[35.11424,31.87731],[35.11822,31.86853],[35.12326,31.86014],[35.1293,31.85225],[35.13628,31.84494],[35.14412,31.83829],[35.15274,31.83237],[35.16203,31.82725],[35.17191,31.82298],[35.18225,31.81961],[35.19295,31.81717],[35.2039,31.8157],[35.21496,31.81521],[35.22602,31.8157],[35.23696,31.81717],[35.24766,31.81961],[35.25801,31.82298],[35.26788,31.82725],[35.27718,31.83237],[35.28579,31.83829],[35.29363,31.84494],[35.30061,31.85225],[35.30666,31.86014],[35.3117,31.86853],[35.31568,31.87731],[35.31856,31.8864],[35.3203,31.8957],[35.32089,31.9051],[35.32032,31.9145],[35.3186,31.9238],[35.31574,31.93289],[35.31177,31.94168],[35.30675,31.95008],[35.30071,31.95797],[35.29374,31.96529],[35.28589,31.97195],[35.27728,31.97788],[35.26797,31.98301],[35.25808,31.98729],[35.24772,31.99067],[35.237,31.99311],[35.22604,31.99458],[35.21496,31.99507]]],\"type\":\"Polygon\"},\"properties\":{\"id\":\"ga6d75e.geometry\",\"land_or_water\":\"land\"},\"type\":\"Feature\"},{\"geometry\":{\"coordinates\":[[[35.23161,31.94427],[35.22053,31.94378],[35.20958,31.9423],[35.19886,31.93987],[35.18851,31.93649],[35.17863,31.93221],[35.16933,31.92708],[35.16071,31.92115],[35.15288,31.91449],[35.1459,31.90717],[35.13987,31.89927],[35.13485,31.89088],[35.13088,31.88209],[35.12802,31.873],[35.1263,31.8637],[35.12573,31.8543],[35.12632,31.8449],[35.12807,31.8356],[35.13094,31.82651],[35.13492,31.81772],[35.13996,31.80934],[35.146,31.80145],[35.15298,31.79414],[35.16082,31.78749],[35.16943,31.78157],[35.17872,31.77645],[35.18858,31.77218],[35.19892,31.76881],[35.20962,31.76637],[35.22055,31.7649],[35.23161,31.76441],[35.24267,31.7649],[35.2536,31.76637],[35.2643,31.76881],[35.27464,31.77218],[35.2845,31.77645],[35.29379,31.78157],[35.3024,31.78749],[35.31024,31.79414],[35.31722,31.80145],[35.32326,31.80934],[35.3283,31.81772],[35.33228,31.82651],[35.33515,31.8356],[35.3369,31.8449],[35.33749,31.8543],[35.33692,31.8637],[35.3352,31.873],[35.33234,31.88209],[35.32837,31.89088],[35.32335,31.89927],[35.31732,31.90717],[35.31034,31.91449],[35.30251,31.92115],[35.29389,31.92708],[35.28459,31.93221],[35.27471,31.93649],[35.26436,31.93987],[35.25364,31.9423],[35.24269,31.94378],[35.23161,31.94427]]],\"type\":\"Polygon\"},\"properties\":{\"id\":\"ga81f57.geometry\",\"land_or_water\":\"land\"},\"type\":\"Feature\"},{\"geometry\":{\"coordinates\":[[[35.01944,32.11799],[35.00834,32.11749],[34.99737,32.11602],[34.98663,32.11358],[34.97626,32.11021],[34.96636,32.10593],[34.95704,32.1008],[34.94841,32.09487],[34.94056,32.08821],[34.93358,32.08089],[34.92753,32.07299],[34.9225,32.0646],[34.91853,32.05581],[34.91566,32.04671],[34.91394,32.03741],[34.91337,32.02801],[34.91396,32.01861],[34.9157,32.00932],[34.91859,32.00023],[34.92258,31.99144],[34.92762,31.98306],[34.93367,31.97517],[34.94066,31.96786],[34.94852,31.9612],[34.95714,31.95528],[34.96645,31.95016],[34.97634,31.94589],[34.98669,31.94252],[34.99741,31.94009],[35.00837,31.93862],[35.01944,31.93812],[35.03052,31.93862],[35.04148,31.94009],[35.05219,31.94252],[35.06255,31.94589],[35.07244,31.95016],[35.08175,31.95528],[35.09037,31.9612],[35.09822,31.96786],[35.10521,31.97517],[35.11127,31.98306],[35.11631,31.99144],[35.1203,32.00023],[35.12318,32.00932],[35.12493,32.01861],[35.12552,32.02801],[35.12495,32.03741],[35.12323,32.04671],[35.12036,32.05581],[35.11639,32.0646],[35.11136,32.07299],[35.10531,32.08089],[35.09833,32.08821],[35.09048,32.09487],[35.08184,32.1008],[35.07253,32.10593],[35.06263,32.11021],[35.05225,32.11358],[35.04152,32.11602],[35.03054,32.11749],[35.01944,32.11799]]],\"type\":\"Polygon\"},\"properties\":{\"id\":\"gae65fa.geometry\",\"land_or_water\":\"land\"},\"type\":\"Feature\"},{\"geometry\":{\"coordinates\":[35.201667,31.896944],\"type\":\"Point\"},\"properties\":{\"id\":\"m0d7bb1.10000m\"},\"type\":\"Feature\"},{\"geometry\":{\"coordinates\":[35.18015,31.832733],\"type\":\"Point\"},\"properties\":{\"id\":\"m17b4ff.10000m\"},\"type\":\"Feature\"},{\"geometry\":{\"coordinates\":[35.23161,31.85434],\"type\":\"Point\"},\"properties\":{\"id\":\"m67501d.10000m\"},\"type\":\"Feature\"},{\"geometry\":{\"coordinates\":[35.216896,31.739901],\"type\":\"Point\"},\"properties\":{\"id\":\"m77f703.10000m\"},\"type\":\"Feature\"},{\"geometry\":{\"coordinates\":[35.019444,32.028056],\"type\":\"Point\"},\"properties\":{\"id\":\"m960e84.10000m\"},\"type\":\"Feature\"},{\"geometry\":{\"coordinates\":[35.1025,32.03286],\"type\":\"Point\"},\"properties\":{\"id\":\"mcd60ca.10000m\"},\"type\":\"Feature\"},{\"geometry\":{\"coordinates\":[35.214958,31.905142],\"type\":\"Point\"},\"properties\":{\"id\":\"mebe332.10000m\"},\"type\":\"Feature\"}],\"metadata\":{\"name\":\"Zuph\"},\"type\":\"FeatureCollection\"}",
      "koreanName": "숩"
    },
    {
      "id": "mc013b6",
      "name": "tanis",
      "isModern": true,
      "stereo": "child",
      "description": "The modern name for the ancient city of Zoan. Today, Tanis is an archaeological site in the northeastern Nile Delta, in Egypt, known locally as San el-Hagar. Extensive ruins, including temples and royal tombs (especially from the 21st and 22nd dynasties), have been excavated here, confirming its historical status as a major political and religious center of ancient Egypt.",
      "koreanDescription": "고대 도시 소안의 현대 이름입니다. 오늘날 타니스는 이집트 나일강 삼각주 북동부에 위치한 고고학 유적지로, 현지에서는 산 엘-하가르(San el-Hagar)라고 불립니다. 이곳에서는 신전과 왕릉(특히 21, 22왕조 시대)을 포함한 광범위한 유적이 발굴되었으며, 고대 이집트의 주요 정치 및 종교 중심지였던 역사적 지위를 확인시켜 줍니다.",
      "types": [
        "settlement"
      ],
      "geojsonText": "{\"bbox\":[31.875361,30.960924,31.891574,30.98408],\"features\":[{\"geometry\":{\"coordinates\":[31.88,30.976944],\"type\":\"Point\"},\"properties\":{\"id\":\"mc013b6.point\",\"role\":\"point\"},\"type\":\"Feature\"},{\"geometry\":{\"coordinates\":[[[31.890838,30.971776],[31.891187,30.972366],[31.891259,30.972879],[31.891223,30.973555],[31.891141,30.973757],[31.891205,30.975054],[31.891486,30.977404],[31.891326,30.977893],[31.891045,30.978475],[31.890446,30.979819],[31.890283,30.980146],[31.890108,30.980462],[31.889583,30.981299],[31.889094,30.982072],[31.889066,30.982179],[31.889069,30.982389],[31.8891,30.982809],[31.889248,30.983173],[31.888567,30.983439],[31.888018,30.983481],[31.887993,30.98342],[31.887882,30.983417],[31.88779,30.983226],[31.887754,30.983137],[31.887221,30.983151],[31.887131,30.983092],[31.886929,30.983062],[31.886431,30.982998],[31.886366,30.982949],[31.886135,30.983055],[31.886023,30.982778],[31.885647,30.982771],[31.885967,30.983667],[31.882405,30.983645],[31.880859,30.98408],[31.880282,30.983241],[31.878826,30.981038],[31.878522,30.980756],[31.877523,30.980177],[31.876389,30.979224],[31.876006,30.978803],[31.876416,30.978341],[31.876402,30.977754],[31.876416,30.97704],[31.875698,30.975294],[31.875429,30.974991],[31.875361,30.974678],[31.875376,30.974552],[31.875587,30.974069],[31.876244,30.973756],[31.876291,30.973786],[31.876441,30.973674],[31.876398,30.973632],[31.877114,30.973028],[31.877374,30.972843],[31.8786,30.972366],[31.879592,30.972043],[31.879832,30.971904],[31.880251,30.971558],[31.880731,30.97102],[31.881161,30.970253],[31.882065,30.968859],[31.882601,30.968045],[31.882989,30.967435],[31.883987,30.965666],[31.884196,30.965334],[31.884372,30.965111],[31.884529,30.964938],[31.884776,30.964728],[31.885133,30.964439],[31.886526,30.963396],[31.889642,30.960924],[31.890517,30.9616],[31.891001,30.962089],[31.891574,30.962649],[31.890983,30.963115],[31.889727,30.964439],[31.888049,30.965463],[31.887714,30.96728],[31.887747,30.96732],[31.889003,30.968064],[31.889169,30.968206],[31.889243,30.968331],[31.889374,30.970125],[31.890838,30.971776]]],\"type\":\"Polygon\"},\"properties\":{\"id\":\"g16fceb.local\",\"land_or_water\":\"land\",\"role\":\"local\"},\"type\":\"Feature\"}],\"metadata\":{\"class\":\"human\",\"geometry_credit\":\"Some data © OpenStreetMap contributors\",\"land_or_water\":\"land\",\"name\":\"Tanis\",\"type\":\"settlement\"},\"type\":\"FeatureCollection\"}",
      "koreanName": "타니스"
    },
    {
      "id": "m28cd4b",
      "name": "al-safi",
      "isModern": true,
      "stereo": "child",
      "description": "A modern locality in Jordan, near the southern end of the Dead Sea, which is a suggested location for the biblical Zoar. The Madaba Mosaic Map depicts Byzantine Zoar (Zoora) in this general area, but archaeological evidence for the Middle Bronze Age Zoar (from the time of Lot) is not conclusive at the immediate site of Al-Safi.",
      "koreanDescription": "요르단의 현대 지명으로, 사해 남쪽 끝 근처에 위치하며 성경의 소알로 추정되는 장소 중 하나입니다. 마다바 모자이크 지도에는 비잔틴 시대의 소알(Zoora)이 이 근처에 표시되어 있지만, 롯 시대의 중기 청동기 시대 소알에 대한 고고학적 증거는 알-사피 현장에서 확실하게 입증되지 않고 있습니다.",
      "types": [
        "settlement"
      ],
      "geojsonText": "{\"bbox\":[35.48503,31.03466,35.49028,31.03915],\"features\":[{\"geometry\":{\"coordinates\":[35.487657,31.036904],\"type\":\"Point\"},\"properties\":{\"id\":\"m28cd4b.point\",\"role\":\"point\"},\"type\":\"Feature\"},{\"geometry\":{\"coordinates\":[[[35.48766,31.03915],[35.48738,31.03914],[35.48711,31.0391],[35.48685,31.03904],[35.48659,31.03896],[35.48634,31.03885],[35.48611,31.03872],[35.4859,31.03857],[35.48571,31.03841],[35.48553,31.03823],[35.48538,31.03803],[35.48526,31.03782],[35.48516,31.0376],[35.48509,31.03737],[35.48505,31.03714],[35.48503,31.0369],[35.48505,31.03667],[35.48509,31.03644],[35.48516,31.03621],[35.48526,31.03599],[35.48538,31.03578],[35.48553,31.03558],[35.48571,31.0354],[35.4859,31.03523],[35.48611,31.03509],[35.48635,31.03496],[35.48659,31.03485],[35.48685,31.03477],[35.48711,31.0347],[35.48738,31.03467],[35.48766,31.03466],[35.48793,31.03467],[35.4882,31.0347],[35.48847,31.03477],[35.48872,31.03485],[35.48897,31.03496],[35.4892,31.03509],[35.48941,31.03523],[35.48961,31.0354],[35.48978,31.03558],[35.48993,31.03578],[35.49005,31.03599],[35.49015,31.03621],[35.49022,31.03644],[35.49027,31.03667],[35.49028,31.0369],[35.49027,31.03714],[35.49022,31.03737],[35.49015,31.0376],[35.49005,31.03782],[35.48993,31.03803],[35.48978,31.03823],[35.48961,31.03841],[35.48941,31.03857],[35.4892,31.03872],[35.48897,31.03885],[35.48872,31.03896],[35.48847,31.03904],[35.4882,31.0391],[35.48793,31.03914],[35.48766,31.03915]]],\"type\":\"Polygon\"},\"properties\":{\"id\":\"gcb3e99.precision_radius\",\"land_or_water\":\"land\",\"role\":\"precision_radius\"},\"type\":\"Feature\"}],\"metadata\":{\"class\":\"human\",\"land_or_water\":\"land\",\"name\":\"Al Safi\",\"type\":\"settlement\"},\"type\":\"FeatureCollection\"}",
      "koreanName": "알-사피"
    },
    {
      "id": "a4a5cce",
      "name": "valley-of-siddim",
      "isModern": false,
      "stereo": "child",
      "description": "The valley where the coalition of Mesopotamian kings fought the kings of the 'Cities of the Plain,' which was 'full of bitumen pits' (Genesis 14:8-10). It is believed to be the area now covered by the southern basin of the Dead Sea, making it a key part of the geographic context for Zoar.",
      "koreanDescription": "메소포타미아 왕들의 연합군이 '평지 도시들'의 왕들과 싸웠던 골짜기로, '역청 구덩이'가 많았다고 기록되어 있습니다(창세기 14:8-10). 현재 사해 남쪽 분지에 잠겨 있는 지역으로 여겨지며, 소알의 지리적 배경에 있어 중요한 부분입니다.",
      "types": [
        "valley"
      ],
      "geojsonText": "{\"bbox\":[35.305248,30.90329,35.546828,31.314783],\"features\":[{\"geometry\":{\"coordinates\":[[[35.408824,31.314783],[35.305248,30.924507],[35.479241,30.90329],[35.546828,31.303317],[35.408824,31.314783]]],\"type\":\"Polygon\"},\"properties\":{\"id\":\"g9db00b.geometry\",\"land_or_water\":\"land\"},\"type\":\"Feature\"},{\"geometry\":{\"coordinates\":[35.449223,31.20849],\"type\":\"Point\"},\"properties\":{\"id\":\"m3edbe2.point\"},\"type\":\"Feature\"}],\"metadata\":{\"name\":\"Valley of Siddim\"},\"type\":\"FeatureCollection\"}",
      "koreanName": "싯딤 골짜기"
    },
    {
      "id": "m56a09d",
      "name": "north-of-the-dead-sea",
      "isModern": true,
      "stereo": "child",
      "description": "A general region used as an alternative identification possibility for the location of the biblical Zoar, suggesting a northern rather than a southern location near the Dead Sea.",
      "koreanDescription": "성경 속 소알의 위치에 대한 대안적인 가능성으로 사용되는 일반적인 지역으로, 사해 근처의 남쪽이 아닌 북쪽 위치를 제안하는 학설을 나타냅니다.",
      "types": [
        "region"
      ],
      "geojsonText": "{\"bbox\":[35.377756,31.738839,35.701387,32.0442],\"features\":[{\"geometry\":{\"coordinates\":[35.595278,31.795],\"type\":\"Point\"},\"properties\":{\"id\":\"m56a09d.representative_point\",\"role\":\"representative_point\"},\"type\":\"Feature\"},{\"geometry\":{\"coordinates\":[[[35.641497,31.738839],[35.701387,31.844513],[35.595213,31.965858],[35.605654,32.028979],[35.473661,32.0442],[35.447941,31.960009],[35.398864,31.951947],[35.377756,31.918242],[35.421166,31.893264],[35.430094,31.847714],[35.454051,31.779867],[35.494221,31.751456],[35.641497,31.738839]]],\"type\":\"Polygon\"},\"properties\":{\"id\":\"gfca720.geometry\",\"land_or_water\":\"land\",\"role\":\"geometry\"},\"type\":\"Feature\"}],\"metadata\":{\"class\":\"natural\",\"land_or_water\":\"land\",\"name\":\"north of the Dead Sea\",\"type\":\"region\"},\"type\":\"FeatureCollection\"}",
      "koreanName": "사해 북부"
    },
    {
      "id": "mb397de",
      "name": "tell-al-sheikh-isa",
      "isModern": true,
      "stereo": "child",
      "description": "A modern tell (archaeological mound) in the vicinity of the Dead Sea, listed as one of the many possible modern identifications for the ancient city of Zoar.",
      "koreanDescription": "사해 인근의 현대 텔(고고학적 언덕)로, 고대 도시 소알의 여러 추정 위치 중 하나로 나열됩니다.",
      "types": [
        "settlement"
      ],
      "geojsonText": "{\"bbox\":[35.47164,31.02252,35.47268,31.02342],\"features\":[{\"geometry\":{\"coordinates\":[35.47216,31.022968],\"type\":\"Point\"},\"properties\":{\"id\":\"mb397de.point\",\"role\":\"point\"},\"type\":\"Feature\"},{\"geometry\":{\"coordinates\":[[[35.47216,31.02342],[35.47211,31.02342],[35.47205,31.02341],[35.472,31.0234],[35.47195,31.02338],[35.4719,31.02336],[35.47185,31.02333],[35.47181,31.0233],[35.47177,31.02327],[35.47174,31.02323],[35.47171,31.02319],[35.47168,31.02315],[35.47166,31.02311],[35.47165,31.02306],[35.47164,31.02302],[35.47164,31.02297],[35.47164,31.02292],[35.47165,31.02287],[35.47166,31.02283],[35.47168,31.02279],[35.47171,31.02274],[35.47174,31.0227],[35.47177,31.02267],[35.47181,31.02263],[35.47185,31.0226],[35.4719,31.02258],[35.47195,31.02256],[35.472,31.02254],[35.47205,31.02253],[35.47211,31.02252],[35.47216,31.02252],[35.47221,31.02252],[35.47227,31.02253],[35.47232,31.02254],[35.47237,31.02256],[35.47242,31.02258],[35.47247,31.0226],[35.47251,31.02263],[35.47255,31.02267],[35.47258,31.0227],[35.47261,31.02274],[35.47264,31.02279],[35.47266,31.02283],[35.47267,31.02287],[35.47268,31.02292],[35.47268,31.02297],[35.47268,31.02302],[35.47267,31.02306],[35.47266,31.02311],[35.47264,31.02315],[35.47261,31.02319],[35.47258,31.02323],[35.47255,31.02327],[35.47251,31.0233],[35.47247,31.02333],[35.47242,31.02336],[35.47237,31.02338],[35.47232,31.0234],[35.47227,31.02341],[35.47221,31.02342],[35.47216,31.02342]]],\"type\":\"Polygon\"},\"properties\":{\"id\":\"g36803d.precision_radius\",\"land_or_water\":\"land\",\"role\":\"precision_radius\"},\"type\":\"Feature\"}],\"metadata\":{\"class\":\"human\",\"land_or_water\":\"land\",\"name\":\"Tell al Sheikh Isa\",\"type\":\"settlement\"},\"type\":\"FeatureCollection\"}",
      "koreanName": "텔 알-셰이크 이사"
    },
    {
      "id": "m63b310",
      "name": "mouth-of-wadi-mujib",
      "isModern": true,
      "stereo": "child",
      "description": "The modern location at the mouth of the Wadi Mujib (the biblical Arnon River), which is considered a possible candidate for the location of Zoar due to its geographical proximity to the Dead Sea.",
      "koreanDescription": "와디 무집(성경의 아르논 강)의 하구에 위치한 현대 지명으로, 사해와의 지리적 근접성 때문에 소알의 위치에 대한 가능한 후보지로 간주됩니다.",
      "types": [
        "settlement"
      ],
      "geojsonText": "{\"bbox\":[35.57228,31.46493,35.57439,31.46673],\"features\":[{\"geometry\":{\"coordinates\":[35.573333,31.465833],\"type\":\"Point\"},\"properties\":{\"id\":\"m63b310.point\",\"role\":\"point\"},\"type\":\"Feature\"},{\"geometry\":{\"coordinates\":[[[35.57333,31.46673],[35.57322,31.46673],[35.57311,31.46671],[35.57301,31.46669],[35.5729,31.46665],[35.57281,31.46661],[35.57271,31.46656],[35.57263,31.4665],[35.57255,31.46643],[35.57248,31.46636],[35.57242,31.46628],[35.57237,31.4662],[35.57233,31.46611],[35.5723,31.46602],[35.57228,31.46593],[35.57228,31.46583],[35.57228,31.46574],[35.5723,31.46565],[35.57233,31.46556],[35.57237,31.46547],[35.57242,31.46538],[35.57248,31.4653],[35.57255,31.46523],[35.57263,31.46516],[35.57271,31.46511],[35.57281,31.46505],[35.5729,31.46501],[35.57301,31.46498],[35.57311,31.46495],[35.57322,31.46494],[35.57333,31.46493],[35.57344,31.46494],[35.57355,31.46495],[35.57366,31.46498],[35.57376,31.46501],[35.57386,31.46505],[35.57395,31.46511],[35.57404,31.46516],[35.57412,31.46523],[35.57419,31.4653],[35.57425,31.46538],[35.5743,31.46547],[35.57434,31.46556],[35.57436,31.46565],[35.57438,31.46574],[35.57439,31.46583],[35.57438,31.46593],[35.57436,31.46602],[35.57434,31.46611],[35.5743,31.4662],[35.57425,31.46628],[35.57419,31.46636],[35.57412,31.46643],[35.57404,31.4665],[35.57395,31.46656],[35.57386,31.46661],[35.57376,31.46665],[35.57366,31.46669],[35.57355,31.46671],[35.57344,31.46673],[35.57333,31.46673]]],\"type\":\"Polygon\"},\"properties\":{\"id\":\"g6c8d3c.precision_radius\",\"land_or_water\":\"land\",\"role\":\"precision_radius\"},\"type\":\"Feature\"}],\"metadata\":{\"class\":\"human\",\"land_or_water\":\"land\",\"name\":\"mouth of Wadi Mujib\",\"type\":\"settlement\"},\"type\":\"FeatureCollection\"}",
      "koreanName": "와디 무집(아르논 강) 하구"
    },
    {
      "id": "mb58c5d",
      "name": "tawahin-el-sukkar",
      "isModern": true,
      "stereo": "child",
      "description": "A modern site near the Dead Sea, which is listed as one of the many possible modern identifications for the ancient city of Zoar.",
      "koreanDescription": "사해 근처의 현대 유적지로, 고대 도시 소알의 여러 추정 위치 중 하나로 나열됩니다.",
      "types": [
        "settlement"
      ],
      "geojsonText": "{\"bbox\":[35.47464,31.02116,35.47569,31.02206],\"features\":[{\"geometry\":{\"coordinates\":[35.475163,31.021611],\"type\":\"Point\"},\"properties\":{\"id\":\"mb58c5d.point\",\"role\":\"point\"},\"type\":\"Feature\"},{\"geometry\":{\"coordinates\":[[[35.47516,31.02206],[35.47511,31.02206],[35.47505,31.02205],[35.475,31.02204],[35.47495,31.02202],[35.4749,31.022],[35.47485,31.02197],[35.47481,31.02195],[35.47477,31.02191],[35.47474,31.02188],[35.47471,31.02184],[35.47468,31.02179],[35.47466,31.02175],[35.47465,31.0217],[35.47464,31.02166],[35.47464,31.02161],[35.47464,31.02156],[35.47465,31.02152],[35.47466,31.02147],[35.47468,31.02143],[35.47471,31.02139],[35.47474,31.02135],[35.47477,31.02131],[35.47481,31.02128],[35.47485,31.02125],[35.4749,31.02122],[35.47495,31.0212],[35.475,31.02118],[35.47505,31.02117],[35.47511,31.02116],[35.47516,31.02116],[35.47522,31.02116],[35.47527,31.02117],[35.47533,31.02118],[35.47538,31.0212],[35.47543,31.02122],[35.47547,31.02125],[35.47551,31.02128],[35.47555,31.02131],[35.47559,31.02135],[35.47562,31.02139],[35.47564,31.02143],[35.47566,31.02147],[35.47568,31.02152],[35.47568,31.02156],[35.47569,31.02161],[35.47568,31.02166],[35.47568,31.0217],[35.47566,31.02175],[35.47564,31.02179],[35.47562,31.02184],[35.47559,31.02188],[35.47555,31.02191],[35.47551,31.02195],[35.47547,31.02197],[35.47543,31.022],[35.47538,31.02202],[35.47533,31.02204],[35.47527,31.02205],[35.47522,31.02206],[35.47516,31.02206]]],\"type\":\"Polygon\"},\"properties\":{\"id\":\"gb1110e.precision_radius\",\"land_or_water\":\"land\",\"role\":\"precision_radius\"},\"type\":\"Feature\"}],\"metadata\":{\"class\":\"human\",\"land_or_water\":\"land\",\"name\":\"Tawahin el Sukkar\",\"type\":\"settlement\"},\"type\":\"FeatureCollection\"}",
      "koreanName": "타와힌 엘-수카르"
    },
    {
      "id": "ma45395",
      "name": "esh-shaghur",
      "isModern": true,
      "stereo": "child",
      "description": "A modern site listed as one of the possible modern identifications for the ancient city of Zoar.",
      "koreanDescription": "고대 도시 소알의 가능한 현대 추정 위치 중 하나로 나열되는 현대 유적지입니다.",
      "types": [
        "settlement"
      ],
      "geojsonText": "{\"bbox\":[35.64732,31.82728,35.65262,31.83178],\"features\":[{\"geometry\":{\"coordinates\":[35.649971,31.829531],\"type\":\"Point\"},\"properties\":{\"id\":\"ma45395.point\",\"role\":\"point\"},\"type\":\"Feature\"},{\"geometry\":{\"coordinates\":[[[35.64997,31.83178],[35.64969,31.83177],[35.64942,31.83173],[35.64915,31.83167],[35.64889,31.83158],[35.64865,31.83148],[35.64842,31.83135],[35.6482,31.8312],[35.648,31.83104],[35.64783,31.83085],[35.64768,31.83066],[35.64755,31.83045],[35.64745,31.83023],[35.64738,31.83],[35.64734,31.82977],[35.64732,31.82953],[35.64734,31.8293],[35.64738,31.82906],[35.64745,31.82884],[35.64755,31.82862],[35.64768,31.82841],[35.64783,31.82821],[35.648,31.82803],[35.6482,31.82786],[35.64842,31.82771],[35.64865,31.82758],[35.64889,31.82748],[35.64915,31.82739],[35.64942,31.82733],[35.64969,31.8273],[35.64997,31.82728],[35.65025,31.8273],[35.65052,31.82733],[35.65079,31.82739],[35.65105,31.82748],[35.65129,31.82758],[35.65153,31.82771],[35.65174,31.82786],[35.65194,31.82803],[35.65211,31.82821],[35.65226,31.82841],[35.65239,31.82862],[35.65249,31.82884],[35.65256,31.82906],[35.6526,31.8293],[35.65262,31.82953],[35.6526,31.82977],[35.65256,31.83],[35.65249,31.83023],[35.65239,31.83045],[35.65226,31.83066],[35.65211,31.83085],[35.65194,31.83104],[35.65174,31.8312],[35.65153,31.83135],[35.65129,31.83148],[35.65105,31.83158],[35.65079,31.83167],[35.65052,31.83173],[35.65025,31.83177],[35.64997,31.83178]]],\"type\":\"Polygon\"},\"properties\":{\"id\":\"g84881e.precision_radius\",\"land_or_water\":\"land\",\"role\":\"precision_radius\"},\"type\":\"Feature\"}],\"metadata\":{\"class\":\"human\",\"land_or_water\":\"land\",\"name\":\"Esh Shaghur\",\"type\":\"settlement\"},\"type\":\"FeatureCollection\"}",
      "koreanName": "에쉬-샤구르"
    },
    {
      "id": "m56a432",
      "name": "tall-iktanu",
      "isModern": true,
      "stereo": "child",
      "description": "A modern tell (archaeological mound) that is another possible location proposed for the biblical Zoar, especially in the northern Dead Sea area context.",
      "koreanDescription": "특히 사해 북부 지역의 문맥에서 성경의 소알에 대한 또 다른 가능한 위치로 제안되는 현대 텔(고고학적 언덕)입니다.",
      "types": [
        "settlement"
      ],
      "geojsonText": "{\"bbox\":[35.67135,31.81881,35.67241,31.81971],\"features\":[{\"geometry\":{\"coordinates\":[35.671878,31.819256],\"type\":\"Point\"},\"properties\":{\"id\":\"m56a432.point\",\"role\":\"point\"},\"type\":\"Feature\"},{\"geometry\":{\"coordinates\":[[[35.67188,31.81971],[35.67182,31.8197],[35.67177,31.8197],[35.67171,31.81968],[35.67166,31.81967],[35.67161,31.81965],[35.67157,31.81962],[35.67152,31.81959],[35.67148,31.81956],[35.67145,31.81952],[35.67142,31.81948],[35.67139,31.81944],[35.67137,31.81939],[35.67136,31.81935],[35.67135,31.8193],[35.67135,31.81926],[35.67135,31.81921],[35.67136,31.81916],[35.67137,31.81912],[35.67139,31.81907],[35.67142,31.81903],[35.67145,31.81899],[35.67148,31.81896],[35.67152,31.81892],[35.67157,31.81889],[35.67161,31.81887],[35.67166,31.81885],[35.67171,31.81883],[35.67177,31.81882],[35.67182,31.81881],[35.67188,31.81881],[35.67193,31.81881],[35.67199,31.81882],[35.67204,31.81883],[35.67209,31.81885],[35.67214,31.81887],[35.67219,31.81889],[35.67223,31.81892],[35.67227,31.81896],[35.67231,31.81899],[35.67234,31.81903],[35.67236,31.81907],[35.67238,31.81912],[35.6724,31.81916],[35.6724,31.81921],[35.67241,31.81926],[35.6724,31.8193],[35.6724,31.81935],[35.67238,31.81939],[35.67236,31.81944],[35.67234,31.81948],[35.67231,31.81952],[35.67227,31.81956],[35.67223,31.81959],[35.67219,31.81962],[35.67214,31.81965],[35.67209,31.81967],[35.67204,31.81968],[35.67199,31.8197],[35.67193,31.8197],[35.67188,31.81971]]],\"type\":\"Polygon\"},\"properties\":{\"id\":\"g839c50.precision_radius\",\"land_or_water\":\"land\",\"role\":\"precision_radius\"},\"type\":\"Feature\"}],\"metadata\":{\"class\":\"human\",\"land_or_water\":\"land\",\"name\":\"Tall Iktanu\",\"type\":\"settlement\"},\"type\":\"FeatureCollection\"}",
      "koreanName": "탈 이크타누"
    },
    {
      "id": "m713b74",
      "name": "bab-edh-dhra",
      "isModern": true,
      "stereo": "child",
      "description": "A major Early Bronze Age archaeological site near the Dead Sea. Although not definitively identified as Zoar, it is one of the sites in the vicinity of the 'Cities of the Plain' and is considered a possible candidate for one of the cities, or at least a key settlement in the region.",
      "koreanDescription": "사해 근처의 주요 초기 청동기 시대 고고학 유적지입니다. 소알로 확정적으로 식별되지는 않았지만, '평지 도시들' 주변 유적지 중 하나이며, 이들 도시 중 하나이거나 적어도 이 지역의 주요 정착지였을 가능성이 있는 후보지로 간주됩니다.",
      "types": [
        "settlement"
      ],
      "geojsonText": "{\"bbox\":[35.52248,31.24828,35.52353,31.24918],\"features\":[{\"geometry\":{\"coordinates\":[35.523005,31.248729],\"type\":\"Point\"},\"properties\":{\"id\":\"m713b74.point\",\"role\":\"point\"},\"type\":\"Feature\"},{\"geometry\":{\"coordinates\":[[[35.52301,31.24918],[35.52295,31.24918],[35.5229,31.24917],[35.52284,31.24916],[35.52279,31.24914],[35.52274,31.24912],[35.5227,31.24909],[35.52265,31.24906],[35.52261,31.24903],[35.52258,31.24899],[35.52255,31.24895],[35.52252,31.24891],[35.5225,31.24887],[35.52249,31.24882],[35.52248,31.24878],[35.52248,31.24873],[35.52248,31.24868],[35.52249,31.24864],[35.5225,31.24859],[35.52252,31.24855],[35.52255,31.2485],[35.52258,31.24846],[35.52261,31.24843],[35.52265,31.24839],[35.5227,31.24837],[35.52274,31.24834],[35.52279,31.24832],[35.52284,31.2483],[35.5229,31.24829],[35.52295,31.24828],[35.52301,31.24828],[35.52306,31.24828],[35.52311,31.24829],[35.52317,31.2483],[35.52322,31.24832],[35.52327,31.24834],[35.52331,31.24837],[35.52336,31.24839],[35.5234,31.24843],[35.52343,31.24846],[35.52346,31.2485],[35.52349,31.24855],[35.52351,31.24859],[35.52352,31.24864],[35.52353,31.24868],[35.52353,31.24873],[35.52353,31.24878],[35.52352,31.24882],[35.52351,31.24887],[35.52349,31.24891],[35.52346,31.24895],[35.52343,31.24899],[35.5234,31.24903],[35.52336,31.24906],[35.52331,31.24909],[35.52327,31.24912],[35.52322,31.24914],[35.52317,31.24916],[35.52311,31.24917],[35.52306,31.24918],[35.52301,31.24918]]],\"type\":\"Polygon\"},\"properties\":{\"id\":\"g369c51.precision_radius\",\"land_or_water\":\"land\",\"role\":\"precision_radius\"},\"type\":\"Feature\"}],\"metadata\":{\"class\":\"human\",\"land_or_water\":\"land\",\"name\":\"Bab edh Dhra\",\"type\":\"settlement\"},\"type\":\"FeatureCollection\"}",
      "koreanName": "바브 에드-드라"
    },
    {
      "id": "m6924bf",
      "name": "tila-as-safa",
      "isModern": true,
      "stereo": "child",
      "description": "A modern peak or area that is a possible candidate for the ancient 'Field of Zophim,' which was on the top of Pisgah.",
      "koreanDescription": "비스가 산꼭대기에 있던 고대 '소빔 들판'의 가능한 현대 후보지인 현대의 봉우리 또는 지역입니다.",
      "types": [
        "mountain"
      ],
      "geojsonText": "{\"bbox\":[35.72336,31.76208,35.74452,31.78006],\"features\":[{\"geometry\":{\"coordinates\":[35.73394,31.77107],\"type\":\"Point\"},\"properties\":{\"id\":\"m6924bf.point\",\"role\":\"point\"},\"type\":\"Feature\"},{\"geometry\":{\"coordinates\":[[[35.73394,31.78006],[35.73283,31.78001],[35.73174,31.77987],[35.73067,31.77962],[35.72964,31.77929],[35.72865,31.77886],[35.72772,31.77835],[35.72686,31.77775],[35.72608,31.77709],[35.72538,31.77636],[35.72478,31.77557],[35.72428,31.77473],[35.72388,31.77385],[35.72359,31.77294],[35.72342,31.77201],[35.72336,31.77107],[35.72342,31.77013],[35.72359,31.7692],[35.72388,31.76829],[35.72428,31.76741],[35.72478,31.76657],[35.72538,31.76578],[35.72608,31.76505],[35.72686,31.76439],[35.72772,31.76379],[35.72865,31.76328],[35.72964,31.76285],[35.73067,31.76252],[35.73174,31.76227],[35.73283,31.76213],[35.73394,31.76208],[35.73505,31.76213],[35.73614,31.76227],[35.73721,31.76252],[35.73824,31.76285],[35.73923,31.76328],[35.74016,31.76379],[35.74102,31.76439],[35.7418,31.76505],[35.7425,31.76578],[35.7431,31.76657],[35.7436,31.76741],[35.744,31.76829],[35.74429,31.7692],[35.74446,31.77013],[35.74452,31.77107],[35.74446,31.77201],[35.74429,31.77294],[35.744,31.77385],[35.7436,31.77473],[35.7431,31.77557],[35.7425,31.77636],[35.7418,31.77709],[35.74102,31.77775],[35.74016,31.77835],[35.73923,31.77886],[35.73824,31.77929],[35.73721,31.77962],[35.73614,31.77987],[35.73505,31.78001],[35.73394,31.78006]]],\"type\":\"Polygon\"},\"properties\":{\"id\":\"ga48573.precision_radius\",\"land_or_water\":\"land\",\"role\":\"precision_radius\"},\"type\":\"Feature\"}],\"metadata\":{\"class\":\"natural\",\"land_or_water\":\"land\",\"name\":\"Tila as Safa\",\"type\":\"mountain\"},\"type\":\"FeatureCollection\"}",
      "koreanName": "틸라 아스-사파"
    },
    {
      "id": "afd9259",
      "name": "pisgah",
      "isModern": false,
      "stereo": "child",
      "description": "A mountain range in Moab, east of the Jordan River, associated with Mount Nebo. It is the mountain range upon which the 'Field of Zophim' was located, from which Balaam viewed Israel (Numbers 23:14). It is also the location from which Moses viewed the Promised Land before his death (Deuteronomy 34:1).",
      "koreanDescription": "요단강 동쪽 모압에 있는 산맥으로, 느보 산과 관련이 있습니다. '소빔 들판'이 위치했던 산맥이며, 발람이 이곳에서 이스라엘을 보았습니다(민수기 23:14). 또한 모세가 죽기 전에 약속의 땅을 바라본 장소이기도 합니다(신명기 34:1).",
      "types": [
        "mountain",
        "mountain range"
      ],
      "geojsonText": "{\"bbox\":[35.56354,31.42373,35.86982,32.071536],\"features\":[{\"geometry\":{\"coordinates\":[[[[35.56354,31.56646],[35.56354,31.55548],[35.56354,31.5445],[35.5763,31.48961],[35.58906,31.47863],[35.60182,31.46765],[35.61458,31.45667],[35.67839,31.42373],[35.69115,31.42373],[35.85706,31.74211],[35.86982,31.77505],[35.86982,31.78603],[35.86982,31.79701],[35.85706,31.80798],[35.75496,31.81896],[35.7422,31.81896],[35.72944,31.81896],[35.71668,31.81896],[35.70392,31.81896],[35.69115,31.81896],[35.67839,31.81896],[35.61458,31.77505],[35.60182,31.76407],[35.58906,31.72016],[35.5763,31.65428],[35.56354,31.57743],[35.56354,31.56646]]],[[[35.65287,31.79701],[35.64011,31.78603],[35.62734,31.77505],[35.61458,31.76407],[35.60182,31.75309],[35.58906,31.72016],[35.5763,31.63233],[35.5763,31.62135],[35.62734,31.51156],[35.65287,31.50058],[35.66563,31.51156],[35.76772,31.61037],[35.85706,31.75309],[35.86982,31.78603],[35.86982,31.79701],[35.8443,31.80798],[35.75496,31.81896],[35.7422,31.81896],[35.72944,31.81896],[35.71668,31.81896],[35.70392,31.81896],[35.69115,31.81896],[35.67839,31.81896],[35.66563,31.80798],[35.65287,31.79701]]],[[[35.62734,31.73113],[35.61458,31.72016],[35.60182,31.6982],[35.58906,31.67624],[35.58906,31.66526],[35.58906,31.65428],[35.61458,31.61037],[35.62734,31.61037],[35.64011,31.61037],[35.65287,31.61037],[35.67839,31.61037],[35.69115,31.61037],[35.70392,31.61037],[35.71668,31.61037],[35.78049,31.78603],[35.76772,31.79701],[35.75496,31.79701],[35.62734,31.73113]]],[[[35.69115,31.73113],[35.66563,31.6982],[35.65287,31.67624],[35.64011,31.65428],[35.64011,31.64331],[35.64011,31.63233],[35.65287,31.63233],[35.66563,31.63233],[35.67839,31.64331],[35.71668,31.6982],[35.72944,31.72016],[35.72944,31.73113],[35.72944,31.74211],[35.71668,31.74211],[35.70392,31.74211],[35.69115,31.73113]]],[[[35.70392,31.73113],[35.69115,31.73113],[35.67839,31.65428],[35.67839,31.64331],[35.69115,31.66526],[35.70392,31.68722],[35.72944,31.73113],[35.71668,31.73113],[35.70392,31.73113]]]],\"type\":\"MultiPolygon\"},\"properties\":{\"format\":\"isobands\",\"id\":\"g3d49f6.isobands\",\"land_or_water\":\"land\",\"max_confidence\":50,\"min_confidence\":10,\"role\":\"isobands\"},\"type\":\"Feature\"},{\"geometry\":{\"coordinates\":[[[35.725257,31.767932],[35.725154,31.767797],[35.725738,31.767476],[35.72584,31.767611],[35.725257,31.767932]]],\"type\":\"Polygon\"},\"properties\":{\"id\":\"g65cdce.geometry\",\"land_or_water\":\"land\"},\"type\":\"Feature\"},{\"geometry\":{\"coordinates\":[35.725556,31.767778],\"type\":\"Point\"},\"properties\":{\"id\":\"m07d05e.point\"},\"type\":\"Feature\"},{\"geometry\":{\"coordinates\":[35.7152,31.7539],\"type\":\"Point\"},\"properties\":{\"id\":\"m207993.point\"},\"type\":\"Feature\"},{\"geometry\":{\"coordinates\":[35.75,31.766667],\"type\":\"Point\"},\"properties\":{\"id\":\"m25a76c.point\"},\"type\":\"Feature\"},{\"geometry\":{\"coordinates\":[35.708552,32.071536],\"type\":\"Point\"},\"properties\":{\"id\":\"m7aba95.point\"},\"type\":\"Feature\"}],\"metadata\":{\"geometry_credit\":\"Some data © OpenStreetMap contributors\",\"name\":\"Pisgah\"},\"type\":\"FeatureCollection\"}",
      "koreanName": "비스가"
    },
    {
      "id": "m3c1506",
      "name": "tel-tzora",
      "isModern": true,
      "stereo": "child",
      "description": "An archaeological tell (mound) in the Shephelah region of Israel, identified as the likely site of the biblical Zorah, the birthplace of Samson. Nearby is the modern Kibbutz Tzora.",
      "koreanDescription": "이스라엘 세펠라 지역에 있는 고고학적 텔(언덕)로, 사사 삼손의 출생지인 성경 속 소라의 유력한 위치로 식별됩니다. 근처에는 현대 키부츠 초라가 있습니다.",
      "types": [
        "settlement"
      ],
      "geojsonText": "{\"bbox\":[34.98476,31.77354,34.98582,31.77444],\"features\":[{\"geometry\":{\"coordinates\":[34.985289,31.773992],\"type\":\"Point\"},\"properties\":{\"id\":\"m3c1506.point\",\"role\":\"point\"},\"type\":\"Feature\"},{\"geometry\":{\"coordinates\":[[[34.98529,31.77444],[34.98523,31.77444],[34.98518,31.77443],[34.98513,31.77442],[34.98507,31.7744],[34.98502,31.77438],[34.98498,31.77436],[34.98494,31.77433],[34.9849,31.77429],[34.98486,31.77426],[34.98483,31.77422],[34.98481,31.77417],[34.98479,31.77413],[34.98477,31.77409],[34.98476,31.77404],[34.98476,31.77399],[34.98476,31.77394],[34.98477,31.7739],[34.98479,31.77385],[34.98481,31.77381],[34.98483,31.77377],[34.98486,31.77373],[34.9849,31.77369],[34.98494,31.77366],[34.98498,31.77363],[34.98502,31.7736],[34.98507,31.77358],[34.98513,31.77356],[34.98518,31.77355],[34.98523,31.77354],[34.98529,31.77354],[34.98534,31.77354],[34.9854,31.77355],[34.98545,31.77356],[34.9855,31.77358],[34.98555,31.7736],[34.9856,31.77363],[34.98564,31.77366],[34.98568,31.77369],[34.98572,31.77373],[34.98575,31.77377],[34.98577,31.77381],[34.98579,31.77385],[34.98581,31.7739],[34.98582,31.77394],[34.98582,31.77399],[34.98582,31.77404],[34.98581,31.77409],[34.98579,31.77413],[34.98577,31.77417],[34.98575,31.77422],[34.98572,31.77426],[34.98568,31.77429],[34.98564,31.77433],[34.9856,31.77436],[34.98555,31.77438],[34.9855,31.7744],[34.98545,31.77442],[34.9854,31.77443],[34.98534,31.77444],[34.98529,31.77444]]],\"type\":\"Polygon\"},\"properties\":{\"id\":\"g13fb92.precision_radius\",\"land_or_water\":\"land\",\"role\":\"precision_radius\"},\"type\":\"Feature\"}],\"metadata\":{\"class\":\"human\",\"land_or_water\":\"land\",\"name\":\"Tel Tzora\",\"type\":\"settlement\"},\"type\":\"FeatureCollection\"}",
      "koreanName": "텔 초라"
    },
    {
      "id": "a54ef72",
      "name": "ramathaim-zophim",
      "isModern": false,
      "stereo": "child",
      "description": "The home city of Samuel's parents, Elkanah and Hannah, and the birthplace of the prophet Samuel himself, located in the hill country of Ephraim (1 Samuel 1:1). The name may mean 'The two heights of the watchers' or 'Ramathaim of the Zuphites.' It is often identified as Ramah.",
      "koreanDescription": "선지자 사무엘의 부모인 엘가나와 한나의 고향이자 사무엘 자신이 태어난 성읍으로, 에브라임 산지에 위치했습니다(사무엘상 1:1). 이름의 뜻은 '파수꾼들의 두 언덕' 또는 '숩 사람들의 라마대임'일 수 있으며, 종종 라마(Ramah)와 동일시됩니다.",
      "types": [
        "settlement"
      ],
      "geojsonText": "{\"bbox\":[35.019444,31.739901,35.23161,32.03286],\"features\":[{\"geometry\":{\"coordinates\":[35.201667,31.896944],\"type\":\"Point\"},\"properties\":{\"id\":\"m0d7bb1.point\"},\"type\":\"Feature\"},{\"geometry\":{\"coordinates\":[35.18015,31.832733],\"type\":\"Point\"},\"properties\":{\"id\":\"m17b4ff.point\"},\"type\":\"Feature\"},{\"geometry\":{\"coordinates\":[35.23161,31.85434],\"type\":\"Point\"},\"properties\":{\"id\":\"m67501d.point\"},\"type\":\"Feature\"},{\"geometry\":{\"coordinates\":[35.216896,31.739901],\"type\":\"Point\"},\"properties\":{\"id\":\"m77f703.point\"},\"type\":\"Feature\"},{\"geometry\":{\"coordinates\":[35.019444,32.028056],\"type\":\"Point\"},\"properties\":{\"id\":\"m960e84.point\"},\"type\":\"Feature\"},{\"geometry\":{\"coordinates\":[35.1025,32.03286],\"type\":\"Point\"},\"properties\":{\"id\":\"mcd60ca.point\"},\"type\":\"Feature\"},{\"geometry\":{\"coordinates\":[35.214958,31.905142],\"type\":\"Point\"},\"properties\":{\"id\":\"mebe332.point\"},\"type\":\"Feature\"}],\"metadata\":{\"name\":\"Ramathaim-zophim\"},\"type\":\"FeatureCollection\"}",
      "koreanName": "라마대임-소빔"
    }
  ],
  "relations": [
    {
      "parentId": "ac31fee",
      "childId": "mc013b6",
      "possibility": 100
    },
    {
      "parentId": "a08174b",
      "childId": "m3c1506",
      "possibility": 85
    },
    {
      "parentId": "ae7f7b5",
      "childId": "m6924bf",
      "possibility": 50
    },
    {
      "parentId": "ae7f7b5",
      "childId": "afd9259",
      "possibility": 45
    },
    {
      "parentId": "aacfcda",
      "childId": "m28cd4b",
      "possibility": 35
    },
    {
      "parentId": "aacfcda",
      "childId": "a4a5cce",
      "possibility": 30
    },
    {
      "parentId": "aacfcda",
      "childId": "m56a09d",
      "possibility": 10
    },
    {
      "parentId": "aacfcda",
      "childId": "mb397de",
      "possibility": 10
    },
    {
      "parentId": "aacfcda",
      "childId": "m63b310",
      "possibility": 10
    },
    {
      "parentId": "aacfcda",
      "childId": "mb58c5d",
      "possibility": 10
    },
    {
      "parentId": "aacfcda",
      "childId": "ma45395",
      "possibility": 10
    },
    {
      "parentId": "aacfcda",
      "childId": "m56a432",
      "possibility": 10
    },
    {
      "parentId": "aacfcda",
      "childId": "m713b74",
      "possibility": 10
    },
    {
      "parentId": "a4d0250",
      "childId": "a54ef72",
      "possibility": 70
    }
  ],
  "total": 20
}
